record_id	record_kind	source_language	context	pointer_index	pointer_rom_offset	jp_pointer_cpu	en_pointer_cpu	jp_rom_offset	en_rom_offset	jp_window_end	en_window_end	jp_first_ff_end	en_first_ff_end	jp_raw_bytes	en_raw_bytes	jp_text	en_text	target_scope	target_references	structural_confidence	notes
JP-NAME-000	ff_delimited	japanese	Bank 1 name-table area					0x0561B		0x05620		0x05620		88 96 9F 8B FF		<88><96><9F><8B><FF>		pre-pointer block		medium	0xFF-delimited record; not paired because translated lengths differ
JP-NAME-001	ff_delimited	japanese	Bank 1 name-table area					0x05620		0x0562A		0x0562A		A8 87 0A AB 83 1C AE 0F 83 FF		<A8><87><0A><AB><83><1C><AE><0F><83><FF>		pre-pointer block		medium	0xFF-delimited record; not paired because translated lengths differ
JP-NAME-002	ff_delimited	japanese	Bank 1 name-table area					0x0562A		0x05634		0x05634		0C B6 83 87 91 90 92 82 91 FF		<0C><B6><83><87><91><90><92><82><91><FF>		pre-pointer block		medium	0xFF-delimited record; not paired because translated lengths differ
JP-NAME-003	ff_delimited	japanese	Bank 1 name-table area					0x05634		0x05638		0x05638		90 92 0C FF		<90><92><0C><FF>		pre-pointer block		medium	0xFF-delimited record; not paired because translated lengths differ
JP-NAME-004	ff_delimited	japanese	Bank 1 name-table area					0x05638		0x05639		0x05639		FF		<FF>		pre-pointer block		medium	0xFF-delimited record; not paired because translated lengths differ
JP-NAME-005	ff_delimited	japanese	Bank 1 name-table area					0x05639		0x0563E		0x0563E		A4 0A AB 83 FF		<A4><0A><AB><83><FF>		pre-pointer block		medium	0xFF-delimited record; not paired because translated lengths differ
JP-NAME-006	ff_delimited	japanese	Bank 1 name-table area					0x0563E		0x05643		0x05643		0C AE AB 88 FF		<0C><AE><AB><88><FF>		pre-pointer block		medium	0xFF-delimited record; not paired because translated lengths differ
JP-NAME-007	ff_delimited	japanese	Bank 1 name-table area					0x05643		0x05648		0x05648		9D 82 8C 91 FF		<9D><82><8C><91><FF>		pre-pointer block		medium	0xFF-delimited record; not paired because translated lengths differ
JP-NAME-008	ff_delimited	japanese	Bank 1 name-table area					0x05648		0x0564D		0x0564D		87 AE 8D 89 FF		<87><AE><8D><89><FF>		pre-pointer block		medium	0xFF-delimited record; not paired because translated lengths differ
JP-NAME-009	ff_delimited	japanese	Bank 1 name-table area					0x0564D		0x05652		0x05652		90 A2 87 91 FF		<90><A2><87><91><FF>		pre-pointer block		medium	0xFF-delimited record; not paired because translated lengths differ
JP-NAME-010	ff_delimited	japanese	Bank 1 name-table area					0x05652		0x05657		0x05657		0A AE 8B 88 FF		<0A><AE><8B><88><FF>		pre-pointer block		medium	0xFF-delimited record; not paired because translated lengths differ
JP-NAME-011	ff_delimited	japanese	Bank 1 name-table area					0x05657		0x0565C		0x0565C		07 AE 5A 91 FF		<07><AE><5A><91><FF>		pre-pointer block		medium	0xFF-delimited record; not paired because translated lengths differ
JP-NAME-012	ff_delimited	japanese	Bank 1 name-table area					0x0565C		0x05661		0x05661		82 91 1D 82 FF		<82><91><1D><82><FF>		pre-pointer block		medium	0xFF-delimited record; not paired because translated lengths differ
JP-NAME-013	ff_delimited	japanese	Bank 1 name-table area					0x05661		0x05666		0x05666		AB 88 1D 82 FF		<AB><88><1D><82><FF>		pre-pointer block		medium	0xFF-delimited record; not paired because translated lengths differ
JP-NAME-014	ff_delimited	japanese	Bank 1 name-table area					0x05666		0x0566B		0x0566B		92 A9 9F 92 FF		<92><A9><9F><92><FF>		pre-pointer block		medium	0xFF-delimited record; not paired because translated lengths differ
JP-NAME-015	ff_delimited	japanese	Bank 1 name-table area					0x0566B		0x05675		0x05675		81 8B 0C AB 83 A6 99 8D 89 FF		<81><8B><0C><AB><83><A6><99><8D><89><FF>		pre-pointer block		medium	0xFF-delimited record; not paired because translated lengths differ
JP-NAME-016	ff_delimited	japanese	Bank 1 name-table area					0x05675		0x0567A		0x0567A		94 A7 0F 83 FF		<94><A7><0F><83><FF>		pre-pointer block		medium	0xFF-delimited record; not paired because translated lengths differ
JP-NAME-017	ff_delimited	japanese	Bank 1 name-table area					0x0567A		0x0568D		0x0568D		9A AE 8C AB 83 96 0B 84 A3 AE 9D 82 A9 9F AE 95 AE 1A FF		<9A><AE><8C><AB><83><96><0B><84><A3><AE><9D><82><A9><9F><AE><95><AE><1A><FF>		pre-pointer block		medium	0xFF-delimited record; not paired because translated lengths differ
JP-NAME-018	ff_delimited	japanese	Bank 1 name-table area					0x0568D		0x05692		0x05692		85 1B 95 90 FF		<85><1B><95><90><FF>		pre-pointer block		medium	0xFF-delimited record; not paired because translated lengths differ
JP-NAME-019	ff_delimited	japanese	Bank 1 name-table area					0x05692		0x05697		0x05697		9F 92 A3 94 FF		<9F><92><A3><94><FF>		pre-pointer block		medium	0xFF-delimited record; not paired because translated lengths differ
JP-NAME-020	ff_delimited	japanese	Bank 1 name-table area					0x05697		0x0569B		0x0569B		85 8A 94 FF		<85><8A><94><FF>		pre-pointer block		medium	0xFF-delimited record; not paired because translated lengths differ
JP-NAME-021	ff_delimited	japanese	Bank 1 name-table area					0x0569B		0x0569C		0x0569C		FF		<FF>		pre-pointer block		medium	0xFF-delimited record; not paired because translated lengths differ
JP-NAME-022	ff_delimited	japanese	Bank 1 name-table area					0x0569C		0x056A0		0x056A0		85 A0 92 FF		<85><A0><92><FF>		pre-pointer block		medium	0xFF-delimited record; not paired because translated lengths differ
JP-NAME-023	ff_delimited	japanese	Bank 1 name-table area					0x056A0		0x056A1		0x056A1		FF		<FF>		pre-pointer block		medium	0xFF-delimited record; not paired because translated lengths differ
JP-NAME-024	ff_delimited	japanese	Bank 1 name-table area					0x056A1		0x056A5		0x056A5		85 A3 AE FF		<85><A3><AE><FF>		pre-pointer block		medium	0xFF-delimited record; not paired because translated lengths differ
JP-NAME-025	ff_delimited	japanese	Bank 1 name-table area					0x056A5		0x056A6		0x056A6		FF		<FF>		pre-pointer block		medium	0xFF-delimited record; not paired because translated lengths differ
JP-NAME-026	ff_delimited	japanese	Bank 1 name-table area					0x056A6		0x056B0		0x056B0		A7 85 91 B2 AE 8B AE 87 91 FF		<A7><85><91><B2><AE><8B><AE><87><91><FF>		pre-pointer block		medium	0xFF-delimited record; not paired because translated lengths differ
JP-NAME-027	ff_delimited	japanese	Bank 1 name-table area					0x056B0		0x056BC				05 7B 19 7B 0F 7B 14 7B 0A 7B AC 96		<05><7B><19><7B><0F><7B><14><7B><0A><7B><AC><96>		pre-pointer block		medium	unterminated tail record; not paired
EN-NAME-000	ff_delimited	english	Bank 1 name-table area						0x0561B		0x05625		0x05625		8B 95 8E 89 8F 92 89 8B 89 FF		KUNIORIKI<FF>	pre-pointer block		medium	0xFF-delimited record; not paired because translated lengths differ
EN-NAME-001	ff_delimited	english	Bank 1 name-table area						0x05625		0x05634		0x05634		82 95 8E 9A 8F 8A 95 95 8B 89 94 93 95 89 FF		BUNZOJUUKITSUI<FF>	pre-pointer block		medium	0xFF-delimited record; not paired because translated lengths differ
EN-NAME-002	ff_delimited	english	Bank 1 name-table area						0x05634		0x0563E		0x0563E		94 81 94 93 95 99 81 87 8F FF		TATSUYAGO<FF>	pre-pointer block		medium	0xFF-delimited record; not paired because translated lengths differ
EN-NAME-003	ff_delimited	english	Bank 1 name-table area						0x0563E		0x05652		0x05652		8A 89 8E 92 8F 88 85 89 93 89 8B 89 8E 93 95 94 81 8D 85 FF		JINROHEISIKINSUTAME<FF>	pre-pointer block		medium	0xFF-delimited record; not paired because translated lengths differ
EN-NAME-004	ff_delimited	english	Bank 1 name-table area						0x05652		0x05661		0x05661		87 8F 8E 93 81 87 89 8E 90 81 89 83 88 89 FF		GONSAGINPAICHI<FF>	pre-pointer block		medium	0xFF-delimited record; not paired because translated lengths differ
EN-NAME-005	ff_delimited	english	Bank 1 name-table area						0x05661		0x05666		0x05666		92 8F 8B 95 FF		ROKU<FF>	pre-pointer block		medium	0xFF-delimited record; not paired because translated lengths differ
EN-NAME-006	ff_delimited	english	Bank 1 name-table area						0x05666		0x0566B		0x0566B		94 93 95 95 FF		TSUU<FF>	pre-pointer block		medium	0xFF-delimited record; not paired because translated lengths differ
EN-NAME-007	ff_delimited	english	Bank 1 name-table area						0x0566B		0x05675		0x05675		81 93 81 8A 89 99 8F 8E 8F FF		ASAJIYONO<FF>	pre-pointer block		medium	0xFF-delimited record; not paired because translated lengths differ
EN-NAME-008	ff_delimited	english	Bank 1 name-table area						0x05675		0x0567A		0x0567A		94 8F 92 81 FF		TORA<FF>	pre-pointer block		medium	0xFF-delimited record; not paired because translated lengths differ
EN-NAME-009	ff_delimited	english	Bank 1 name-table area						0x0567A		0x0567E		0x0567E		88 81 8E FF		HAN<FF>	pre-pointer block		medium	0xFF-delimited record; not paired because translated lengths differ
EN-NAME-010	ff_delimited	english	Bank 1 name-table area						0x0567E		0x0567F		0x0567F		FF		<FF>	pre-pointer block		medium	0xFF-delimited record; not paired because translated lengths differ
EN-NAME-011	ff_delimited	english	Bank 1 name-table area						0x0567F		0x0568D		0x0568D		8E 89 9A 81 85 88 85 89 92 95 71 71 71 FF		NIZAEHEIRU<71><71><71><FF>	pre-pointer block		medium	0xFF-delimited record; not paired because translated lengths differ
EN-NAME-012	ff_delimited	english	Bank 1 name-table area						0x0568D		0x0569D		0x0569D		8F 82 89 8E 81 8D 81 94 93 95 8F 8B 8F 94 8F FF		OBINAMATSUOKOTO<FF>	pre-pointer block		medium	0xFF-delimited record; not paired because translated lengths differ
EN-NAME-013	ff_delimited	english	Bank 1 name-table area						0x0569D		0x0569E		0x0569E		FF		<FF>	pre-pointer block		medium	0xFF-delimited record; not paired because translated lengths differ
EN-NAME-014	ff_delimited	english	Bank 1 name-table area						0x0569E		0x0569F		0x0569F		FF		<FF>	pre-pointer block		medium	0xFF-delimited record; not paired because translated lengths differ
EN-NAME-015	ff_delimited	english	Bank 1 name-table area						0x0569F		0x056A0		0x056A0		FF		<FF>	pre-pointer block		medium	0xFF-delimited record; not paired because translated lengths differ
EN-NAME-016	ff_delimited	english	Bank 1 name-table area						0x056A0		0x056A1		0x056A1		FF		<FF>	pre-pointer block		medium	0xFF-delimited record; not paired because translated lengths differ
EN-NAME-017	ff_delimited	english	Bank 1 name-table area						0x056A1		0x056A6		0x056A6		8F 8D 8F 8E FF		OMON<FF>	pre-pointer block		medium	0xFF-delimited record; not paired because translated lengths differ
EN-NAME-018	ff_delimited	english	Bank 1 name-table area						0x056A6		0x056AA		0x056AA		92 81 8F FF		RAO<FF>	pre-pointer block		medium	0xFF-delimited record; not paired because translated lengths differ
EN-NAME-019	ff_delimited	english	Bank 1 name-table area						0x056AA		0x056AB		0x056AB		FF		<FF>	pre-pointer block		medium	0xFF-delimited record; not paired because translated lengths differ
EN-NAME-020	ff_delimited	english	Bank 1 name-table area						0x056AB		0x056BC				93 81 8E 8B 89 05 7B 19 7B 0F 7B 14 7B 0A 7B AC 96		SANKI<05><7B><19><7B><0F><7B><14><7B><0A><7B><AC>V	pre-pointer block		medium	unterminated tail record; not paired
JP-PRE-000	ff_delimited	japanese	Bank 1 pre-pointer text area					0x056BC		0x056C6		0x056C6		A5 87 0C AB 83 82 94 87 91 FF		<A5><87><0C><AB><83><82><94><87><91><FF>		pre-pointer block		medium	0xFF-delimited record; not paired because translated lengths differ
JP-PRE-001	ff_delimited	japanese	Bank 1 pre-pointer text area					0x056C6		0x056CB		0x056CB		9F 8B 87 91 FF		<9F><8B><87><91><FF>		pre-pointer block		medium	0xFF-delimited record; not paired because translated lengths differ
JP-PRE-002	ff_delimited	japanese	Bank 1 pre-pointer text area					0x056CB		0x056D0		0x056D0		90 A3 8D 89 FF		<90><A3><8D><89><FF>		pre-pointer block		medium	0xFF-delimited record; not paired because translated lengths differ
JP-PRE-003	ff_delimited	japanese	Bank 1 pre-pointer text area					0x056D0		0x056D5		0x056D5		8B 82 0F 83 FF		<8B><82><0F><83><FF>		pre-pointer block		medium	0xFF-delimited record; not paired because translated lengths differ
JP-PRE-004	ff_delimited	japanese	Bank 1 pre-pointer text area					0x056D5		0x056DF		0x056DF		9A 07 99 8D 89 9A 8C 0F 83 FF		<9A><07><99><8D><89><9A><8C><0F><83><FF>		pre-pointer block		medium	0xFF-delimited record; not paired because translated lengths differ
JP-PRE-005	ff_delimited	japanese	Bank 1 pre-pointer text area					0x056DF		0x056E3		0x056E3		8A 8D 89 FF		<8A><8D><89><FF>		pre-pointer block		medium	0xFF-delimited record; not paired because translated lengths differ
JP-PRE-006	ff_delimited	japanese	Bank 1 pre-pointer text area					0x056E3		0x056E4		0x056E4		FF		<FF>		pre-pointer block		medium	0xFF-delimited record; not paired because translated lengths differ
JP-PRE-007	ff_delimited	japanese	Bank 1 pre-pointer text area					0x056E4		0x056E9		0x056E9		9A AE 8D 89 FF		<9A><AE><8D><89><FF>		pre-pointer block		medium	0xFF-delimited record; not paired because translated lengths differ
JP-PRE-008	ff_delimited	japanese	Bank 1 pre-pointer text area					0x056E9		0x056F3		0x056F3		8A 83 84 A3 AE 9B A7 8B 88 FF		<8A><83><84><A3><AE><9B><A7><8B><88><FF>		pre-pointer block		medium	0xFF-delimited record; not paired because translated lengths differ
JP-PRE-009	ff_delimited	japanese	Bank 1 pre-pointer text area					0x056F3		0x056F8		0x056F8		9B 13 87 91 FF		<9B><13><87><91><FF>		pre-pointer block		medium	0xFF-delimited record; not paired because translated lengths differ
JP-PRE-010	ff_delimited	japanese	Bank 1 pre-pointer text area					0x056F8		0x056FD		0x056FD		81 8C 1D 84 FF		<81><8C><1D><84><FF>		pre-pointer block		medium	0xFF-delimited record; not paired because translated lengths differ
JP-PRE-011	ff_delimited	japanese	Bank 1 pre-pointer text area					0x056FD		0x05702		0x05702		1D AE 8C 91 FF		<1D><AE><8C><91><FF>		pre-pointer block		medium	0xFF-delimited record; not paired because translated lengths differ
JP-PRE-012	ff_delimited	japanese	Bank 1 pre-pointer text area					0x05702		0x0570C		0x0570C		8B 82 90 AB 83 A3 84 A3 AE FF		<8B><82><90><AB><83><A3><84><A3><AE><FF>		pre-pointer block		medium	0xFF-delimited record; not paired because translated lengths differ
JP-PRE-013	ff_delimited	japanese	Bank 1 pre-pointer text area					0x0570C		0x05716		0x05716		A1 A7 0A AB 83 8B 10 87 91 FF		<A1><A7><0A><AB><83><8B><10><87><91><FF>		pre-pointer block		medium	0xFF-delimited record; not paired because translated lengths differ
JP-PRE-014	ff_delimited	japanese	Bank 1 pre-pointer text area					0x05716		0x05725		0x05725		8E 87 0A AB 83 A6 92 84 A3 AE 94 A3 9F 92 FF		<8E><87><0A><AB><83><A6><92><84><A3><AE><94><A3><9F><92><FF>		pre-pointer block		medium	0xFF-delimited record; not paired because translated lengths differ
JP-PRE-015	ff_delimited	japanese	Bank 1 pre-pointer text area					0x05725		0x0572A		0x0572A		88 9F 9A 91 FF		<88><9F><9A><91><FF>		pre-pointer block		medium	0xFF-delimited record; not paired because translated lengths differ
JP-PRE-016	ff_delimited	japanese	Bank 1 pre-pointer text area					0x0572A		0x05739		0x05739		AC 90 0A AB 83 83 A7 84 A3 AE 94 A2 8B 88 FF		<AC><90><0A><AB><83><83><A7><84><A3><AE><94><A2><8B><88><FF>		pre-pointer block		medium	0xFF-delimited record; not paired because translated lengths differ
JP-PRE-017	ff_delimited	japanese	Bank 1 pre-pointer text area					0x05739		0x0573E		0x0573E		85 99 87 91 FF		<85><99><87><91><FF>		pre-pointer block		medium	0xFF-delimited record; not paired because translated lengths differ
JP-PRE-018	ff_delimited	japanese	Bank 1 pre-pointer text area					0x0573E		0x05743		0x05743		A4 90 87 91 FF		<A4><90><87><91><FF>		pre-pointer block		medium	0xFF-delimited record; not paired because translated lengths differ
JP-PRE-019	ff_delimited	japanese	Bank 1 pre-pointer text area					0x05743		0x05748		0x05748		82 8F AB 88 FF		<82><8F><AB><88><FF>		pre-pointer block		medium	0xFF-delimited record; not paired because translated lengths differ
JP-PRE-020	ff_delimited	japanese	Bank 1 pre-pointer text area					0x05748		0x0574C		0x0574C		A8 9D 82 FF		<A8><9D><82><FF>		pre-pointer block		medium	0xFF-delimited record; not paired because translated lengths differ
JP-PRE-021	ff_delimited	japanese	Bank 1 pre-pointer text area					0x0574C		0x0574D		0x0574D		FF		<FF>		pre-pointer block		medium	0xFF-delimited record; not paired because translated lengths differ
JP-PRE-022	ff_delimited	japanese	Bank 1 pre-pointer text area					0x0574D		0x05752		0x05752		91 84 0F 83 FF		<91><84><0F><83><FF>		pre-pointer block		medium	0xFF-delimited record; not paired because translated lengths differ
JP-PRE-023	ff_delimited	japanese	Bank 1 pre-pointer text area					0x05752		0x05757		0x05757		8D A0 8B 88 FF		<8D><A0><8B><88><FF>		pre-pointer block		medium	0xFF-delimited record; not paired because translated lengths differ
JP-PRE-024	ff_delimited	japanese	Bank 1 pre-pointer text area					0x05757		0x05761		0x05761		8C AE 99 8D 89 A1 98 9F 92 FF		<8C><AE><99><8D><89><A1><98><9F><92><FF>		pre-pointer block		medium	0xFF-delimited record; not paired because translated lengths differ
JP-PRE-025	ff_delimited	japanese	Bank 1 pre-pointer text area					0x05761		0x05766		0x05766		09 AE 8D 89 FF		<09><AE><8D><89><FF>		pre-pointer block		medium	0xFF-delimited record; not paired because translated lengths differ
JP-PRE-026	ff_delimited	japanese	Bank 1 pre-pointer text area					0x05766		0x0576B		0x0576B		85 82 8B 88 FF		<85><82><8B><88><FF>		pre-pointer block		medium	0xFF-delimited record; not paired because translated lengths differ
JP-PRE-027	ff_delimited	japanese	Bank 1 pre-pointer text area					0x0576B		0x05770		0x05770		9D A3 8D 89 FF		<9D><A3><8D><89><FF>		pre-pointer block		medium	0xFF-delimited record; not paired because translated lengths differ
JP-PRE-028	ff_delimited	japanese	Bank 1 pre-pointer text area					0x05770		0x05775		0x05775		A6 90 AB 83 FF		<A6><90><AB><83><FF>		pre-pointer block		medium	0xFF-delimited record; not paired because translated lengths differ
JP-PRE-029	ff_delimited	japanese	Bank 1 pre-pointer text area					0x05775		0x0577F		0x0577F		86 A2 0A AB 83 90 87 0F 83 FF		<86><A2><0A><AB><83><90><87><0F><83><FF>		pre-pointer block		medium	0xFF-delimited record; not paired because translated lengths differ
JP-PRE-030	ff_delimited	japanese	Bank 1 pre-pointer text area					0x0577F		0x05784		0x05784		9B 8B 9F 92 FF		<9B><8B><9F><92><FF>		pre-pointer block		medium	0xFF-delimited record; not paired because translated lengths differ
JP-PRE-031	ff_delimited	japanese	Bank 1 pre-pointer text area					0x05784		0x05788		0x05788		8B 9D 82 FF		<8B><9D><82><FF>		pre-pointer block		medium	0xFF-delimited record; not paired because translated lengths differ
JP-PRE-032	ff_delimited	japanese	Bank 1 pre-pointer text area					0x05788		0x05789		0x05789		FF		<FF>		pre-pointer block		medium	0xFF-delimited record; not paired because translated lengths differ
JP-PRE-033	ff_delimited	japanese	Bank 1 pre-pointer text area					0x05789		0x0578D		0x0578D		87 8D 89 FF		<87><8D><89><FF>		pre-pointer block		medium	0xFF-delimited record; not paired because translated lengths differ
JP-PRE-034	ff_delimited	japanese	Bank 1 pre-pointer text area					0x0578D		0x0578E		0x0578E		FF		<FF>		pre-pointer block		medium	0xFF-delimited record; not paired because translated lengths differ
JP-PRE-035	ff_delimited	japanese	Bank 1 pre-pointer text area					0x0578E		0x05793		0x05793		99 A8 9F 92 FF		<99><A8><9F><92><FF>		pre-pointer block		medium	0xFF-delimited record; not paired because translated lengths differ
JP-PRE-036	ff_delimited	japanese	Bank 1 pre-pointer text area					0x05793		0x05798		0x05798		8A 83 87 91 FF		<8A><83><87><91><FF>		pre-pointer block		medium	0xFF-delimited record; not paired because translated lengths differ
JP-PRE-037	ff_delimited	japanese	Bank 1 pre-pointer text area					0x05798		0x0579D		0x0579D		8D 84 9F 92 FF		<8D><84><9F><92><FF>		pre-pointer block		medium	0xFF-delimited record; not paired because translated lengths differ
JP-PRE-038	ff_delimited	japanese	Bank 1 pre-pointer text area					0x0579D		0x057A7		0x057A7		90 89 0C AB 83 83 A2 9F 92 FF		<90><89><0C><AB><83><83><A2><9F><92><FF>		pre-pointer block		medium	0xFF-delimited record; not paired because translated lengths differ
JP-PRE-039	ff_delimited	japanese	Bank 1 pre-pointer text area					0x057A7		0x057AC		0x057AC		1E 1C 9F 92 FF		<1E><1C><9F><92><FF>		pre-pointer block		medium	0xFF-delimited record; not paired because translated lengths differ
JP-PRE-040	ff_delimited	japanese	Bank 1 pre-pointer text area					0x057AC		0x057BB		0x057BB		A5 83 84 A3 AE A6 8C 0A AB 83 99 A8 9D 82 FF		<A5><83><84><A3><AE><A6><8C><0A><AB><83><99><A8><9D><82><FF>		pre-pointer block		medium	0xFF-delimited record; not paired because translated lengths differ
JP-PRE-041	ff_delimited	japanese	Bank 1 pre-pointer text area					0x057BB		0x057C5		0x057C5		9A 91 0A AB 83 9B 13 0F 83 FF		<9A><91><0A><AB><83><9B><13><0F><83><FF>		pre-pointer block		medium	0xFF-delimited record; not paired because translated lengths differ
JP-PRE-042	ff_delimited	japanese	Bank 1 pre-pointer text area					0x057C5		0x057CA		0x057CA		88 A0 0F 83 FF		<88><A0><0F><83><FF>		pre-pointer block		medium	0xFF-delimited record; not paired because translated lengths differ
JP-PRE-043	ff_delimited	japanese	Bank 1 pre-pointer text area					0x057CA		0x057CF		0x057CF		90 AB 1D 84 FF		<90><AB><1D><84><FF>		pre-pointer block		medium	0xFF-delimited record; not paired because translated lengths differ
JP-PRE-044	ff_delimited	japanese	Bank 1 pre-pointer text area					0x057CF		0x057D4		0x057D4		83 A7 8B 88 FF		<83><A7><8B><88><FF>		pre-pointer block		medium	0xFF-delimited record; not paired because translated lengths differ
JP-PRE-045	ff_delimited	japanese	Bank 1 pre-pointer text area					0x057D4		0x057D9		0x057D9		A6 98 8D 89 FF		<A6><98><8D><89><FF>		pre-pointer block		medium	0xFF-delimited record; not paired because translated lengths differ
JP-PRE-046	ff_delimited	japanese	Bank 1 pre-pointer text area					0x057D9		0x057DE		0x057DE		A6 8C 9F 92 FF		<A6><8C><9F><92><FF>		pre-pointer block		medium	0xFF-delimited record; not paired because translated lengths differ
JP-PRE-047	ff_delimited	japanese	Bank 1 pre-pointer text area					0x057DE		0x057E3		0x057E3		93 A9 0F 83 FF		<93><A9><0F><83><FF>		pre-pointer block		medium	0xFF-delimited record; not paired because translated lengths differ
JP-PRE-048	ff_delimited	japanese	Bank 1 pre-pointer text area					0x057E3		0x057E8		0x057E8		8D A4 87 91 FF		<8D><A4><87><91><FF>		pre-pointer block		medium	0xFF-delimited record; not paired because translated lengths differ
JP-PRE-049	ff_delimited	japanese	Bank 1 pre-pointer text area					0x057E8		0x057F7		0x057F7		A3 A8 99 8D 89 82 8C 0A AB 83 8B 88 1D 84 FF		<A3><A8><99><8D><89><82><8C><0A><AB><83><8B><88><1D><84><FF>		pre-pointer block		medium	0xFF-delimited record; not paired because translated lengths differ
JP-PRE-050	ff_delimited	japanese	Bank 1 pre-pointer text area					0x057F7		0x05801		0x05801		83 A7 0C AB 83 8C 1A 8B 88 FF		<83><A7><0C><AB><83><8C><1A><8B><88><FF>		pre-pointer block		medium	0xFF-delimited record; not paired because translated lengths differ
JP-PRE-051	ff_delimited	japanese	Bank 1 pre-pointer text area					0x05801		0x05806		0x05806		8A 8D 87 91 FF		<8A><8D><87><91><FF>		pre-pointer block		medium	0xFF-delimited record; not paired because translated lengths differ
JP-PRE-052	ff_delimited	japanese	Bank 1 pre-pointer text area					0x05806		0x0580B		0x0580B		8C AB 8D 89 FF		<8C><AB><8D><89><FF>		pre-pointer block		medium	0xFF-delimited record; not paired because translated lengths differ
JP-PRE-053	ff_delimited	japanese	Bank 1 pre-pointer text area					0x0580B		0x0581A		0x0581A		0C B6 AE 0F 83 82 98 90 AB 83 81 87 0F 83 FF		<0C><B6><AE><0F><83><82><98><90><AB><83><81><87><0F><83><FF>		pre-pointer block		medium	0xFF-delimited record; not paired because translated lengths differ
JP-PRE-054	ff_delimited	japanese	Bank 1 pre-pointer text area					0x0581A		0x0581F		0x0581F		A5 A8 0F 83 FF		<A5><A8><0F><83><FF>		pre-pointer block		medium	0xFF-delimited record; not paired because translated lengths differ
JP-PRE-055	ff_delimited	japanese	Bank 1 pre-pointer text area					0x0581F		0x0583D		0x0583D		8D 93 0C AB 83 8C B6 83 1D 84 84 1B 99 8D 89 87 91 0C AB 83 81 92 0A AB 83 86 95 87 91 FF		<8D><93><0C><AB><83><8C><B6><83><1D><84><84><1B><99><8D><89><87><91><0C><AB><83><81><92><0A><AB><83><86><95><87><91><FF>		pre-pointer block		medium	0xFF-delimited record; not paired because translated lengths differ
JP-PRE-056	ff_delimited	japanese	Bank 1 pre-pointer text area					0x0583D		0x05842		0x05842		8D 89 8B 88 FF		<8D><89><8B><88><FF>		pre-pointer block		medium	0xFF-delimited record; not paired because translated lengths differ
JP-PRE-057	ff_delimited	japanese	Bank 1 pre-pointer text area					0x05842		0x05846		0x05846		0A 8D 89 FF		<0A><8D><89><FF>		pre-pointer block		medium	0xFF-delimited record; not paired because translated lengths differ
JP-PRE-058	ff_delimited	japanese	Bank 1 pre-pointer text area					0x05846		0x05847		0x05847		FF		<FF>		pre-pointer block		medium	0xFF-delimited record; not paired because translated lengths differ
JP-PRE-059	ff_delimited	japanese	Bank 1 pre-pointer text area					0x05847		0x0584C		0x0584C		92 99 8D 89 FF		<92><99><8D><89><FF>		pre-pointer block		medium	0xFF-delimited record; not paired because translated lengths differ
JP-PRE-060	ff_delimited	japanese	Bank 1 pre-pointer text area					0x0584C		0x05856		0x05856		87 88 99 8D 89 94 8C 1D 84 FF		<87><88><99><8D><89><94><8C><1D><84><FF>		pre-pointer block		medium	0xFF-delimited record; not paired because translated lengths differ
JP-PRE-061	ff_delimited	japanese	Bank 1 pre-pointer text area					0x05856		0x0585B		0x0585B		9F 92 87 91 FF		<9F><92><87><91><FF>		pre-pointer block		medium	0xFF-delimited record; not paired because translated lengths differ
JP-PRE-062	ff_delimited	japanese	Bank 1 pre-pointer text area					0x0585B		0x05860		0x05860		85 1B 8B 88 FF		<85><1B><8B><88><FF>		pre-pointer block		medium	0xFF-delimited record; not paired because translated lengths differ
JP-PRE-063	ff_delimited	japanese	Bank 1 pre-pointer text area					0x05860		0x05865		0x05865		A4 8D 1D 84 FF		<A4><8D><1D><84><FF>		pre-pointer block		medium	0xFF-delimited record; not paired because translated lengths differ
JP-PRE-064	ff_delimited	japanese	Bank 1 pre-pointer text area					0x05865		0x0586F		0x0586F		89 AE 0A AB 83 9F AE 8C 91 FF		<89><AE><0A><AB><83><9F><AE><8C><91><FF>		pre-pointer block		medium	0xFF-delimited record; not paired because translated lengths differ
JP-PRE-065	ff_delimited	japanese	Bank 1 pre-pointer text area					0x0586F		0x05874		0x05874		86 92 1D 84 FF		<86><92><1D><84><FF>		pre-pointer block		medium	0xFF-delimited record; not paired because translated lengths differ
JP-PRE-066	ff_delimited	japanese	Bank 1 pre-pointer text area					0x05874		0x0587D		0x0587D		8F 99 90 AB 83 0A 8B 88 FF		<8F><99><90><AB><83><0A><8B><88><FF>		pre-pointer block		medium	0xFF-delimited record; not paired because translated lengths differ
JP-PRE-067	ff_delimited	japanese	Bank 1 pre-pointer text area					0x0587D		0x0587E		0x0587E		FF		<FF>		pre-pointer block		medium	0xFF-delimited record; not paired because translated lengths differ
JP-PRE-068	ff_delimited	japanese	Bank 1 pre-pointer text area					0x0587E		0x05883		0x05883		94 83 1D 84 FF		<94><83><1D><84><FF>		pre-pointer block		medium	0xFF-delimited record; not paired because translated lengths differ
JP-PRE-069	ff_delimited	japanese	Bank 1 pre-pointer text area					0x05883		0x05892		0x05892		0E AE 84 A3 AE 8F A2 99 8D 89 A3 91 1D 84 FF		<0E><AE><84><A3><AE><8F><A2><99><8D><89><A3><91><1D><84><FF>		pre-pointer block		medium	0xFF-delimited record; not paired because translated lengths differ
JP-PRE-070	ff_delimited	japanese	Bank 1 pre-pointer text area					0x05892		0x058A1		0x058A1		8C B7 83 9D 82 82 AE 0A AB 83 A6 98 9A 91 FF		<8C><B7><83><9D><82><82><AE><0A><AB><83><A6><98><9A><91><FF>		pre-pointer block		medium	0xFF-delimited record; not paired because translated lengths differ
JP-PRE-071	ff_delimited	japanese	Bank 1 pre-pointer text area					0x058A1		0x058A6		0x058A6		8D 93 9F 92 FF		<8D><93><9F><92><FF>		pre-pointer block		medium	0xFF-delimited record; not paired because translated lengths differ
JP-PRE-072	ff_delimited	japanese	Bank 1 pre-pointer text area					0x058A6		0x058AB		0x058AB		94 A3 9D 82 FF		<94><A3><9D><82><FF>		pre-pointer block		medium	0xFF-delimited record; not paired because translated lengths differ
JP-PRE-073	ff_delimited	japanese	Bank 1 pre-pointer text area					0x058AB		0x058B5		0x058B5		8F A2 90 AB 83 86 A3 8C 91 FF		<8F><A2><90><AB><83><86><A3><8C><91><FF>		pre-pointer block		medium	0xFF-delimited record; not paired because translated lengths differ
JP-PRE-074	ff_delimited	japanese	Bank 1 pre-pointer text area					0x058B5		0x058BE		0x058BE		9F 90 0C AB 83 83 87 91 FF		<9F><90><0C><AB><83><83><87><91><FF>		pre-pointer block		medium	0xFF-delimited record; not paired because translated lengths differ
JP-PRE-075	ff_delimited	japanese	Bank 1 pre-pointer text area					0x058BE		0x058BF		0x058BF		FF		<FF>		pre-pointer block		medium	0xFF-delimited record; not paired because translated lengths differ
JP-PRE-076	ff_delimited	japanese	Bank 1 pre-pointer text area					0x058BF		0x058C4		0x058C4		0A AB 9A 91 FF		<0A><AB><9A><91><FF>		pre-pointer block		medium	0xFF-delimited record; not paired because translated lengths differ
JP-PRE-077	ff_delimited	japanese	Bank 1 pre-pointer text area					0x058C4		0x058C9		0x058C9		8A 90 AB 83 FF		<8A><90><AB><83><FF>		pre-pointer block		medium	0xFF-delimited record; not paired because translated lengths differ
JP-PRE-078	ff_delimited	japanese	Bank 1 pre-pointer text area					0x058C9		0x058CE		0x058CE		92 10 8B 88 FF		<92><10><8B><88><FF>		pre-pointer block		medium	0xFF-delimited record; not paired because translated lengths differ
JP-PRE-079	ff_delimited	japanese	Bank 1 pre-pointer text area					0x058CE		0x058D3		0x058D3		82 99 8D 89 FF		<82><99><8D><89><FF>		pre-pointer block		medium	0xFF-delimited record; not paired because translated lengths differ
JP-PRE-080	ff_delimited	japanese	Bank 1 pre-pointer text area					0x058D3		0x058E7		0x058E7		83 A2 90 AB 83 8C B7 83 8D 89 9F AE 0A AB 83 98 AE 87 91 FF		<83><A2><90><AB><83><8C><B7><83><8D><89><9F><AE><0A><AB><83><98><AE><87><91><FF>		pre-pointer block		medium	0xFF-delimited record; not paired because translated lengths differ
JP-PRE-081	ff_delimited	japanese	Bank 1 pre-pointer text area					0x058E7		0x058EC		0x058EC		88 AB 9F 92 FF		<88><AB><9F><92><FF>		pre-pointer block		medium	0xFF-delimited record; not paired because translated lengths differ
JP-PRE-082	ff_delimited	japanese	Bank 1 pre-pointer text area					0x058EC		0x058F1		0x058F1		8D 93 9A 91 FF		<8D><93><9A><91><FF>		pre-pointer block		medium	0xFF-delimited record; not paired because translated lengths differ
JP-PRE-083	ff_delimited	japanese	Bank 1 pre-pointer text area					0x058F1		0x058F6		0x058F6		8E AE 1D 84 FF		<8E><AE><1D><84><FF>		pre-pointer block		medium	0xFF-delimited record; not paired because translated lengths differ
JP-PRE-084	ff_delimited	japanese	Bank 1 pre-pointer text area					0x058F6		0x058FB		0x058FB		8E AE 5A 91 FF		<8E><AE><5A><91><FF>		pre-pointer block		medium	0xFF-delimited record; not paired because translated lengths differ
JP-PRE-085	ff_delimited	japanese	Bank 1 pre-pointer text area					0x058FB		0x05900		0x05900		9E A2 8B 88 FF		<9E><A2><8B><88><FF>		pre-pointer block		medium	0xFF-delimited record; not paired because translated lengths differ
JP-PRE-086	ff_delimited	japanese	Bank 1 pre-pointer text area					0x05900		0x05905		0x05905		A6 90 9A 91 FF		<A6><90><9A><91><FF>		pre-pointer block		medium	0xFF-delimited record; not paired because translated lengths differ
JP-PRE-087	ff_delimited	japanese	Bank 1 pre-pointer text area					0x05905		0x05914		0x05914		87 91 84 A3 AE A6 98 90 AB 83 90 0A 9D 82 FF		<87><91><84><A3><AE><A6><98><90><AB><83><90><0A><9D><82><FF>		pre-pointer block		medium	0xFF-delimited record; not paired because translated lengths differ
JP-PRE-088	ff_delimited	japanese	Bank 1 pre-pointer text area					0x05914		0x05919		0x05919		9F AE 5D 82 FF		<9F><AE><5D><82><FF>		pre-pointer block		medium	0xFF-delimited record; not paired because translated lengths differ
JP-PRE-089	ff_delimited	japanese	Bank 1 pre-pointer text area					0x05919		0x05923		0x05923		8D 89 90 AB 83 88 AE 87 91 FF		<8D><89><90><AB><83><88><AE><87><91><FF>		pre-pointer block		medium	0xFF-delimited record; not paired because translated lengths differ
JP-PRE-090	ff_delimited	japanese	Bank 1 pre-pointer text area					0x05923		0x05928		0x05928		A3 A3 0F 83 FF		<A3><A3><0F><83><FF>		pre-pointer block		medium	0xFF-delimited record; not paired because translated lengths differ
JP-PRE-091	ff_delimited	japanese	Bank 1 pre-pointer text area					0x05928		0x05932		0x05932		90 98 0C AB 83 9D 8A 87 91 FF		<90><98><0C><AB><83><9D><8A><87><91><FF>		pre-pointer block		medium	0xFF-delimited record; not paired because translated lengths differ
JP-PRE-092	ff_delimited	japanese	Bank 1 pre-pointer text area					0x05932		0x05937		0x05937		9F 90 9A 91 FF		<9F><90><9A><91><FF>		pre-pointer block		medium	0xFF-delimited record; not paired because translated lengths differ
JP-PRE-093	ff_delimited	japanese	Bank 1 pre-pointer text area					0x05937		0x0593C		0x0593C		86 A2 9D 82 FF		<86><A2><9D><82><FF>		pre-pointer block		medium	0xFF-delimited record; not paired because translated lengths differ
JP-PRE-094	ff_delimited	japanese	Bank 1 pre-pointer text area					0x0593C		0x05941		0x05941		90 9F 8D 89 FF		<90><9F><8D><89><FF>		pre-pointer block		medium	0xFF-delimited record; not paired because translated lengths differ
JP-PRE-095	ff_delimited	japanese	Bank 1 pre-pointer text area					0x05941		0x05950		0x05950		83 AE 0C AB 83 86 A3 99 8D 89 13 AE 8D 89 FF		<83><AE><0C><AB><83><86><A3><99><8D><89><13><AE><8D><89><FF>		pre-pointer block		medium	0xFF-delimited record; not paired because translated lengths differ
JP-PRE-096	ff_delimited	japanese	Bank 1 pre-pointer text area					0x05950		0x05955		0x05955		83 A2 8C 91 FF		<83><A2><8C><91><FF>		pre-pointer block		medium	0xFF-delimited record; not paired because translated lengths differ
JP-PRE-097	ff_delimited	japanese	Bank 1 pre-pointer text area					0x05955		0x0595F		0x0595F		8C 9F 0A AB 83 A1 A7 9A 91 FF		<8C><9F><0A><AB><83><A1><A7><9A><91><FF>		pre-pointer block		medium	0xFF-delimited record; not paired because translated lengths differ
JP-PRE-098	ff_delimited	japanese	Bank 1 pre-pointer text area					0x0595F		0x05963		0x05963		A3 9D 82 FF		<A3><9D><82><FF>		pre-pointer block		medium	0xFF-delimited record; not paired because translated lengths differ
JP-PRE-099	ff_delimited	japanese	Bank 1 pre-pointer text area					0x05963		0x05964		0x05964		FF		<FF>		pre-pointer block		medium	0xFF-delimited record; not paired because translated lengths differ
JP-PRE-100	ff_delimited	japanese	Bank 1 pre-pointer text area					0x05964		0x05969		0x05969		8E AE AB 88 FF		<8E><AE><AB><88><FF>		pre-pointer block		medium	0xFF-delimited record; not paired because translated lengths differ
JP-PRE-101	ff_delimited	japanese	Bank 1 pre-pointer text area					0x05969		0x05973		0x05973		91 B7 83 8B 88 86 AE 8C 91 FF		<91><B7><83><8B><88><86><AE><8C><91><FF>		pre-pointer block		medium	0xFF-delimited record; not paired because translated lengths differ
JP-PRE-102	ff_delimited	japanese	Bank 1 pre-pointer text area					0x05973		0x05978		0x05978		86 AE 5A 91 FF		<86><AE><5A><91><FF>		pre-pointer block		medium	0xFF-delimited record; not paired because translated lengths differ
JP-PRE-103	ff_delimited	japanese	Bank 1 pre-pointer text area					0x05978		0x0597D		0x0597D		82 A3 9A 91 FF		<82><A3><9A><91><FF>		pre-pointer block		medium	0xFF-delimited record; not paired because translated lengths differ
JP-PRE-104	ff_delimited	japanese	Bank 1 pre-pointer text area					0x0597D		0x05982		0x05982		A0 99 8D 89 FF		<A0><99><8D><89><FF>		pre-pointer block		medium	0xFF-delimited record; not paired because translated lengths differ
JP-PRE-105	ff_delimited	japanese	Bank 1 pre-pointer text area					0x05982		0x0598C		0x0598C		86 AE 90 AB 83 9C 98 0F 83 FF		<86><AE><90><AB><83><9C><98><0F><83><FF>		pre-pointer block		medium	0xFF-delimited record; not paired because translated lengths differ
JP-PRE-106	ff_delimited	japanese	Bank 1 pre-pointer text area					0x0598C		0x05991		0x05991		86 AE 8D 89 FF		<86><AE><8D><89><FF>		pre-pointer block		medium	0xFF-delimited record; not paired because translated lengths differ
JP-PRE-107	ff_delimited	japanese	Bank 1 pre-pointer text area					0x05991		0x0599B		0x0599B		9F 8D 0C AB 83 8C 91 9F 92 FF		<9F><8D><0C><AB><83><8C><91><9F><92><FF>		pre-pointer block		medium	0xFF-delimited record; not paired because translated lengths differ
JP-PRE-108	ff_delimited	japanese	Bank 1 pre-pointer text area					0x0599B		0x059A5		0x059A5		91 B7 83 8C 91 90 AB 9D 82 FF		<91><B7><83><8C><91><90><AB><9D><82><FF>		pre-pointer block		medium	0xFF-delimited record; not paired because translated lengths differ
JP-PRE-109	ff_delimited	japanese	Bank 1 pre-pointer text area					0x059A5		0x059AF		0x059AF		8A A2 0C AB 83 9F 0A 1D 84 FF		<8A><A2><0C><AB><83><9F><0A><1D><84><FF>		pre-pointer block		medium	0xFF-delimited record; not paired because translated lengths differ
JP-PRE-110	ff_delimited	japanese	Bank 1 pre-pointer text area					0x059AF		0x059CD		0x059CD		0E AE 0C AB 83 8D 98 0C AB 83 87 98 0A AB 83 8D 0D 0A AB 83 82 AE 84 A3 AE 9A 90 1D 84 FF		<0E><AE><0C><AB><83><8D><98><0C><AB><83><87><98><0A><AB><83><8D><0D><0A><AB><83><82><AE><84><A3><AE><9A><90><1D><84><FF>		pre-pointer block		medium	0xFF-delimited record; not paired because translated lengths differ
JP-PRE-111	ff_delimited	japanese	Bank 1 pre-pointer text area					0x059CD		0x059D2		0x059D2		83 99 9F 92 FF		<83><99><9F><92><FF>		pre-pointer block		medium	0xFF-delimited record; not paired because translated lengths differ
JP-PRE-112	ff_delimited	japanese	Bank 1 pre-pointer text area					0x059D2		0x059DC		0x059DC		A4 84 99 8D 89 A6 98 87 91 FF		<A4><84><99><8D><89><A6><98><87><91><FF>		pre-pointer block		medium	0xFF-delimited record; not paired because translated lengths differ
JP-PRE-113	ff_delimited	japanese	Bank 1 pre-pointer text area					0x059DC		0x05A81		0x05A81		6A 9A 6A 9A 71 9A 78 9A 7F 9A 88 9A 90 9A 98 9A A0 9A A6 9A AE 9A B7 9A BE 9A C6 9A CF 9A D7 9A E0 9A E9 9A F1 9A F9 9A 00 9B 09 9B 10 9B 18 9B 1F 9B 27 9B 2F 9B 34 9B 37 9B 3A 9B 3E 9B 41 9B 44 9B 48 9B 4D 9B 51 9B 57 9B 5D 9B 60 9B 66 9B 6C 9B 72 9B 7A 9B 83 9B 8C 9B 95 9B 9C 9B A5 9B AE 9B B6 9B BD 9B C4 9B CD 9B D4 9B DC 9B E4 9B EB 9B F4 9B FD 9B 05 9C 0C 9C 14 9C 1C 9C 24 9C 2B 9C 32 9C 3A 9C 43 9C 4C 9C 54 9C 5D 9C 66 9C 6E 9C 77 9C 7F 9C 87 9C 8F 9C 97 9C A0 9C 9F B4 9A 5A AE 91 FF		<6A><9A><6A><9A><71><9A><78><9A><7F><9A><88><9A><90><9A><98><9A><A0><9A><A6><9A><AE><9A><B7><9A><BE><9A><C6><9A><CF><9A><D7><9A><E0><9A><E9><9A><F1><9A><F9><9A><00><9B><09><9B><10><9B><18><9B><1F><9B><27><9B><2F><9B><34><9B><37><9B><3A><9B><3E><9B><41><9B><44><9B><48><9B><4D><9B><51><9B><57><9B><5D><9B><60><9B><66><9B><6C><9B><72><9B><7A><9B><83><9B><8C><9B><95><9B><9C><9B><A5><9B><AE><9B><B6><9B><BD><9B><C4><9B><CD><9B><D4><9B><DC><9B><E4><9B><EB><9B><F4><9B><FD><9B><05><9C><0C><9C><14><9C><1C><9C><24><9C><2B><9C><32><9C><3A><9C><43><9C><4C><9C><54><9C><5D><9C><66><9C><6E><9C><77><9C><7F><9C><87><9C><8F><9C><97><9C><A0><9C><9F><B4><9A><5A><AE><91><FF>		pre-pointer block		medium	0xFF-delimited record; not paired because translated lengths differ
JP-PRE-114	ff_delimited	japanese	Bank 1 pre-pointer text area					0x05A81		0x05A88		0x05A88		9F B4 9A 87 B4 88 FF		<9F><B4><9A><87><B4><88><FF>		pre-pointer block		medium	0xFF-delimited record; not paired because translated lengths differ
JP-PRE-115	ff_delimited	japanese	Bank 1 pre-pointer text area					0x05A88		0x05A8F		0x05A8F		9F B4 9A 90 90 87 FF		<9F><B4><9A><90><90><87><FF>		pre-pointer block		medium	0xFF-delimited record; not paired because translated lengths differ
JP-PRE-116	ff_delimited	japanese	Bank 1 pre-pointer text area					0x05A8F		0x05A98		0x05A98		96 AE 09 AE 07 B7 A7 82 FF		<96><AE><09><AE><07><B7><A7><82><FF>		pre-pointer block		medium	0xFF-delimited record; not paired because translated lengths differ
JP-PRE-117	ff_delimited	japanese	Bank 1 pre-pointer text area					0x05A98		0x05AA0		0x05AA0		96 94 AB 81 90 B4 88 FF		<96><94><AB><81><90><B4><88><FF>		pre-pointer block		medium	0xFF-delimited record; not paired because translated lengths differ
JP-PRE-118	ff_delimited	japanese	Bank 1 pre-pointer text area					0x05AA0		0x05AA8		0x05AA8		9F B4 9A 9C A0 9C A0 FF		<9F><B4><9A><9C><A0><9C><A0><FF>		pre-pointer block		medium	0xFF-delimited record; not paired because translated lengths differ
JP-PRE-119	ff_delimited	japanese	Bank 1 pre-pointer text area					0x05AA8		0x05AB0		0x05AB0		9A 82 5A 71 06 71 14 FF		<9A><82><5A><71><06><71><14><FF>		pre-pointer block		medium	0xFF-delimited record; not paired because translated lengths differ
JP-PRE-120	ff_delimited	japanese	Bank 1 pre-pointer text area					0x05AB0		0x05AB6		0x05AB6		8D 88 A8 B6 83 FF		<8D><88><A8><B6><83><FF>		pre-pointer block		medium	0xFF-delimited record; not paired because translated lengths differ
JP-PRE-121	ff_delimited	japanese	Bank 1 pre-pointer text area					0x05AB6		0x05ABE		0x05ABE		8E AE 5C 83 87 B5 88 FF		<8E><AE><5C><83><87><B5><88><FF>		pre-pointer block		medium	0xFF-delimited record; not paired because translated lengths differ
JP-PRE-122	ff_delimited	japanese	Bank 1 pre-pointer text area					0x05ABE		0x05AC7		0x05AC7		96 AE 09 AE 07 B7 A7 82 FF		<96><AE><09><AE><07><B7><A7><82><FF>		pre-pointer block		medium	0xFF-delimited record; not paired because translated lengths differ
JP-PRE-123	ff_delimited	japanese	Bank 1 pre-pointer text area					0x05AC7		0x05ACE		0x05ACE		96 AE 09 AE 9D A8 FF		<96><AE><09><AE><9D><A8><FF>		pre-pointer block		medium	0xFF-delimited record; not paired because translated lengths differ
JP-PRE-124	ff_delimited	japanese	Bank 1 pre-pointer text area					0x05ACE		0x05AD6		0x05AD6		96 AE 09 AE 14 A8 A9 FF		<96><AE><09><AE><14><A8><A9><FF>		pre-pointer block		medium	0xFF-delimited record; not paired because translated lengths differ
JP-PRE-125	ff_delimited	japanese	Bank 1 pre-pointer text area					0x05AD6		0x05ADF		0x05ADF		9A A8 93 8D 5D 8C B5 A9 FF		<9A><A8><93><8D><5D><8C><B5><A9><FF>		pre-pointer block		medium	0xFF-delimited record; not paired because translated lengths differ
JP-PRE-126	ff_delimited	japanese	Bank 1 pre-pointer text area					0x05ADF		0x05AE7		0x05AE7		14 8D 8D 5D 8C B5 A9 FF		<14><8D><8D><5D><8C><B5><A9><FF>		pre-pointer block		medium	0xFF-delimited record; not paired because translated lengths differ
JP-PRE-127	ff_delimited	japanese	Bank 1 pre-pointer text area					0x05AE7		0x05AF0		0x05AF0		0D 92 87 8D 5D 8C B5 A9 FF		<0D><92><87><8D><5D><8C><B5><A9><FF>		pre-pointer block		medium	0xFF-delimited record; not paired because translated lengths differ
JP-PRE-128	ff_delimited	japanese	Bank 1 pre-pointer text area					0x05AF0		0x05AF9		0x05AF9		A4 9F 10 99 9F 87 A3 99 FF		<A4><9F><10><99><9F><87><A3><99><FF>		pre-pointer block		medium	0xFF-delimited record; not paired because translated lengths differ
JP-PRE-129	ff_delimited	japanese	Bank 1 pre-pointer text area					0x05AF9		0x05B01		0x05B01		9F B4 9A 5A AE 91 BC FF		<9F><B4><9A><5A><AE><91><BC><FF>		pre-pointer block		medium	0xFF-delimited record; not paired because translated lengths differ
JP-PRE-130	ff_delimited	japanese	Bank 1 pre-pointer text area					0x05B01		0x05B09		0x05B09		9F B4 9A 87 B4 88 BC FF		<9F><B4><9A><87><B4><88><BC><FF>		pre-pointer block		medium	0xFF-delimited record; not paired because translated lengths differ
JP-PRE-131	ff_delimited	japanese	Bank 1 pre-pointer text area					0x05B09		0x05B10		0x05B10		8D 88 A8 B6 83 BC FF		<8D><88><A8><B6><83><BC><FF>		pre-pointer block		medium	0xFF-delimited record; not paired because translated lengths differ
JP-PRE-132	ff_delimited	japanese	Bank 1 pre-pointer text area					0x05B10		0x05B19		0x05B19		81 AE 9F 8D 5D 8C B5 A9 FF		<81><AE><9F><8D><5D><8C><B5><A9><FF>		pre-pointer block		medium	0xFF-delimited record; not paired because translated lengths differ
JP-PRE-133	ff_delimited	japanese	Bank 1 pre-pointer text area					0x05B19		0x05B20		0x05B20		1B B4 88 1A AE 08 FF		<1B><B4><88><1A><AE><08><FF>		pre-pointer block		medium	0xFF-delimited record; not paired because translated lengths differ
JP-PRE-134	ff_delimited	japanese	Bank 1 pre-pointer text area					0x05B20		0x05B28		0x05B28		AC 71 5C 8C B6 71 94 FF		<AC><71><5C><8C><B6><71><94><FF>		pre-pointer block		medium	0xFF-delimited record; not paired because translated lengths differ
JP-PRE-135	ff_delimited	japanese	Bank 1 pre-pointer text area					0x05B28		0x05B2F		0x05B2F		9D AE 8C AE AC 0B FF		<9D><AE><8C><AE><AC><0B><FF>		pre-pointer block		medium	0xFF-delimited record; not paired because translated lengths differ
JP-PRE-136	ff_delimited	japanese	Bank 1 pre-pointer text area					0x05B2F		0x05B37		0x05B37		9F B4 9A 87 83 87 83 FF		<9F><B4><9A><87><83><87><83><FF>		pre-pointer block		medium	0xFF-delimited record; not paired because translated lengths differ
JP-PRE-137	ff_delimited	japanese	Bank 1 pre-pointer text area					0x05B37		0x05B3F		0x05B3F		9F B4 9A 8D 82 AE 08 FF		<9F><B4><9A><8D><82><AE><08><FF>		pre-pointer block		medium	0xFF-delimited record; not paired because translated lengths differ
JP-PRE-138	ff_delimited	japanese	Bank 1 pre-pointer text area					0x05B3F		0x05B44		0x05B44		92 89 A3 99 FF		<92><89><A3><99><FF>		pre-pointer block		medium	0xFF-delimited record; not paired because translated lengths differ
JP-PRE-139	ff_delimited	japanese	Bank 1 pre-pointer text area					0x05B44		0x05B47		0x05B47		A2 8C FF		<A2><8C><FF>		pre-pointer block		medium	0xFF-delimited record; not paired because translated lengths differ
JP-PRE-140	ff_delimited	japanese	Bank 1 pre-pointer text area					0x05B47		0x05B4A		0x05B4A		8F 1A FF		<8F><1A><FF>		pre-pointer block		medium	0xFF-delimited record; not paired because translated lengths differ
JP-PRE-141	ff_delimited	japanese	Bank 1 pre-pointer text area					0x05B4A		0x05B4E		0x05B4E		83 14 AE FF		<83><14><AE><FF>		pre-pointer block		medium	0xFF-delimited record; not paired because translated lengths differ
JP-PRE-142	ff_delimited	japanese	Bank 1 pre-pointer text area					0x05B4E		0x05B51		0x05B51		8C A9 FF		<8C><A9><FF>		pre-pointer block		medium	0xFF-delimited record; not paired because translated lengths differ
JP-PRE-143	ff_delimited	japanese	Bank 1 pre-pointer text area					0x05B51		0x05B54		0x05B54		82 A3 FF		<82><A3><FF>		pre-pointer block		medium	0xFF-delimited record; not paired because translated lengths differ
JP-PRE-144	ff_delimited	japanese	Bank 1 pre-pointer text area					0x05B54		0x05B58		0x05B58		8B 86 95 FF		<8B><86><95><FF>		pre-pointer block		medium	0xFF-delimited record; not paired because translated lengths differ
JP-PRE-145	ff_delimited	japanese	Bank 1 pre-pointer text area					0x05B58		0x05B5D		0x05B5D		93 AE 5C A7 FF		<93><AE><5C><A7><FF>		pre-pointer block		medium	0xFF-delimited record; not paired because translated lengths differ
JP-PRE-146	ff_delimited	japanese	Bank 1 pre-pointer text area					0x05B5D		0x05B61		0x05B61		10 AE 0A FF		<10><AE><0A><FF>		pre-pointer block		medium	0xFF-delimited record; not paired because translated lengths differ
JP-PRE-147	ff_delimited	japanese	Bank 1 pre-pointer text area					0x05B61		0x05B67		0x05B67		96 07 A8 A2 8C FF		<96><07><A8><A2><8C><FF>		pre-pointer block		medium	0xFF-delimited record; not paired because translated lengths differ
JP-PRE-148	ff_delimited	japanese	Bank 1 pre-pointer text area					0x05B67		0x05B6D		0x05B6D		9F AE 0C B6 83 FF		<9F><AE><0C><B6><83><FF>		pre-pointer block		medium	0xFF-delimited record; not paired because translated lengths differ
JP-PRE-149	ff_delimited	japanese	Bank 1 pre-pointer text area					0x05B6D		0x05B70		0x05B70		8D 8C FF		<8D><8C><FF>		pre-pointer block		medium	0xFF-delimited record; not paired because translated lengths differ
JP-PRE-150	ff_delimited	japanese	Bank 1 pre-pointer text area					0x05B70		0x05B76		0x05B76		97 A8 08 8D A8 FF		<97><A8><08><8D><A8><FF>		pre-pointer block		medium	0xFF-delimited record; not paired because translated lengths differ
JP-PRE-151	ff_delimited	japanese	Bank 1 pre-pointer text area					0x05B76		0x05B7C		0x05B7C		9A A8 08 8D A8 FF		<9A><A8><08><8D><A8><FF>		pre-pointer block		medium	0xFF-delimited record; not paired because translated lengths differ
JP-PRE-152	ff_delimited	japanese	Bank 1 pre-pointer text area					0x05B7C		0x05B82		0x05B82		99 A0 08 8D A8 FF		<99><A0><08><8D><A8><FF>		pre-pointer block		medium	0xFF-delimited record; not paired because translated lengths differ
JP-PRE-153	ff_delimited	japanese	Bank 1 pre-pointer text area					0x05B82		0x05B8A		0x05B8A		94 A4 9F 99 88 8D A8 FF		<94><A4><9F><99><88><8D><A8><FF>		pre-pointer block		medium	0xFF-delimited record; not paired because translated lengths differ
JP-PRE-154	ff_delimited	japanese	Bank 1 pre-pointer text area					0x05B8A		0x05B93		0x05B93		8A 71 A7 82 96 AE 0C AE FF		<8A><71><A7><82><96><AE><0C><AE><FF>		pre-pointer block		medium	0xFF-delimited record; not paired because translated lengths differ
JP-PRE-155	ff_delimited	japanese	Bank 1 pre-pointer text area					0x05B93		0x05B9C		0x05B9C		A3 A2 AE 99 93 B4 8A 83 FF		<A3><A2><AE><99><93><B4><8A><83><FF>		pre-pointer block		medium	0xFF-delimited record; not paired because translated lengths differ
JP-PRE-156	ff_delimited	japanese	Bank 1 pre-pointer text area					0x05B9C		0x05BA5		0x05BA5		A3 A2 AE 99 87 B5 9A AE FF		<A3><A2><AE><99><87><B5><9A><AE><FF>		pre-pointer block		medium	0xFF-delimited record; not paired because translated lengths differ
JP-PRE-157	ff_delimited	japanese	Bank 1 pre-pointer text area					0x05BA5		0x05BAC		0x05BAC		95 06 82 90 8D 87 FF		<95><06><82><90><8D><87><FF>		pre-pointer block		medium	0xFF-delimited record; not paired because translated lengths differ
JP-PRE-158	ff_delimited	japanese	Bank 1 pre-pointer text area					0x05BAC		0x05BB5		0x05BB5		84 B4 91 83 9C AE 14 8C FF		<84><B4><91><83><9C><AE><14><8C><FF>		pre-pointer block		medium	0xFF-delimited record; not paired because translated lengths differ
JP-PRE-159	ff_delimited	japanese	Bank 1 pre-pointer text area					0x05BB5		0x05BBE		0x05BBE		9C 92 83 99 85 9F A3 A8 FF		<9C><92><83><99><85><9F><A3><A8><FF>		pre-pointer block		medium	0xFF-delimited record; not paired because translated lengths differ
JP-PRE-160	ff_delimited	japanese	Bank 1 pre-pointer text area					0x05BBE		0x05BC6		0x05BC6		9A 1A 9B AB 8E B4 90 FF		<9A><1A><9B><AB><8E><B4><90><FF>		pre-pointer block		medium	0xFF-delimited record; not paired because translated lengths differ
JP-PRE-161	ff_delimited	japanese	Bank 1 pre-pointer text area					0x05BC6		0x05BCD		0x05BCD		81 92 13 99 90 1B FF		<81><92><13><99><90><1B><FF>		pre-pointer block		medium	0xFF-delimited record; not paired because translated lengths differ
JP-PRE-162	ff_delimited	japanese	Bank 1 pre-pointer text area					0x05BCD		0x05BD4		0x05BD4		8C AB 82 8B A7 8C FF		<8C><AB><82><8B><A7><8C><FF>		pre-pointer block		medium	0xFF-delimited record; not paired because translated lengths differ
JP-PRE-163	ff_delimited	japanese	Bank 1 pre-pointer text area					0x05BD4		0x05BDD		0x05BDD		9B 99 9F A9 9A 91 9F 87 FF		<9B><99><9F><A9><9A><91><9F><87><FF>		pre-pointer block		medium	0xFF-delimited record; not paired because translated lengths differ
JP-PRE-164	ff_delimited	japanese	Bank 1 pre-pointer text area					0x05BDD		0x05BE4		0x05BE4		90 86 82 87 A3 99 FF		<90><86><82><87><A3><99><FF>		pre-pointer block		medium	0xFF-delimited record; not paired because translated lengths differ
JP-PRE-165	ff_delimited	japanese	Bank 1 pre-pointer text area					0x05BE4		0x05BEC		0x05BEC		87 97 99 93 B4 8A 83 FF		<87><97><99><93><B4><8A><83><FF>		pre-pointer block		medium	0xFF-delimited record; not paired because translated lengths differ
JP-PRE-166	ff_delimited	japanese	Bank 1 pre-pointer text area					0x05BEC		0x05BF4		0x05BF4		87 97 99 87 B5 9A AE FF		<87><97><99><87><B5><9A><AE><FF>		pre-pointer block		medium	0xFF-delimited record; not paired because translated lengths differ
JP-PRE-167	ff_delimited	japanese	Bank 1 pre-pointer text area					0x05BF4		0x05BFB		0x05BFB		9C 94 82 90 8D 87 FF		<9C><94><82><90><8D><87><FF>		pre-pointer block		medium	0xFF-delimited record; not paired because translated lengths differ
JP-PRE-168	ff_delimited	japanese	Bank 1 pre-pointer text area					0x05BFB		0x05C04		0x05C04		0A 8C B5 88 9C AE 14 8C FF		<0A><8C><B5><88><9C><AE><14><8C><FF>		pre-pointer block		medium	0xFF-delimited record; not paired because translated lengths differ
JP-PRE-169	ff_delimited	japanese	Bank 1 pre-pointer text area					0x05C04		0x05C0D		0x05C0D		95 A8 90 99 85 9F A3 A8 FF		<95><A8><90><99><85><9F><A3><A8><FF>		pre-pointer block		medium	0xFF-delimited record; not paired because translated lengths differ
JP-PRE-170	ff_delimited	japanese	Bank 1 pre-pointer text area					0x05C0D		0x05C15		0x05C15		0C B2 B4 94 8E B4 90 FF		<0C><B2><B4><94><8E><B4><90><FF>		pre-pointer block		medium	0xFF-delimited record; not paired because translated lengths differ
JP-PRE-171	ff_delimited	japanese	Bank 1 pre-pointer text area					0x05C15		0x05C1C		0x05C1C		8F 9C 94 95 90 1B FF		<8F><9C><94><95><90><1B><FF>		pre-pointer block		medium	0xFF-delimited record; not paired because translated lengths differ
JP-PRE-172	ff_delimited	japanese	Bank 1 pre-pointer text area					0x05C1C		0x05C24		0x05C24		83 71 A9 99 8B A7 8C FF		<83><71><A9><99><8B><A7><8C><FF>		pre-pointer block		medium	0xFF-delimited record; not paired because translated lengths differ
JP-PRE-173	ff_delimited	japanese	Bank 1 pre-pointer text area					0x05C24		0x05C2C		0x05C2C		98 0C A8 9A 91 9F 87 FF		<98><0C><A8><9A><91><9F><87><FF>		pre-pointer block		medium	0xFF-delimited record; not paired because translated lengths differ
JP-PRE-174	ff_delimited	japanese	Bank 1 pre-pointer text area					0x05C2C		0x05C34		0x05C34		92 A1 07 99 87 A3 99 FF		<92><A1><07><99><87><A3><99><FF>		pre-pointer block		medium	0xFF-delimited record; not paired because translated lengths differ
JP-PRE-175	ff_delimited	japanese	Bank 1 pre-pointer text area					0x05C34		0x05C3B		0x05C3B		F5 F0 06 C2 1A 82 FF		<F5><F0><06><C2><1A><82><FF>		pre-pointer block		medium	0xFF-delimited record; not paired because translated lengths differ
JP-PRE-176	ff_delimited	japanese	Bank 1 pre-pointer text area					0x05C3B		0x05C42		0x05C42		8D 99 71 8E B4 90 FF		<8D><99><71><8E><B4><90><FF>		pre-pointer block		medium	0xFF-delimited record; not paired because translated lengths differ
JP-PRE-177	ff_delimited	japanese	Bank 1 pre-pointer text area					0x05C42		0x05C4A		0x05C4A		8D 5A 82 88 8E B4 90 FF		<8D><5A><82><88><8E><B4><90><FF>		pre-pointer block		medium	0xFF-delimited record; not paired because translated lengths differ
JP-PRE-178	ff_delimited	japanese	Bank 1 pre-pointer text area					0x05C4A		0x05C53		0x05C53		A7 88 10 99 87 B5 9A AE FF		<A7><88><10><99><87><B5><9A><AE><FF>		pre-pointer block		medium	0xFF-delimited record; not paired because translated lengths differ
JP-PRE-179	ff_delimited	japanese	Bank 1 pre-pointer text area					0x05C53		0x05C5C		0x05C5C		86 B4 5A 99 87 B5 9A AE FF		<86><B4><5A><99><87><B5><9A><AE><FF>		pre-pointer block		medium	0xFF-delimited record; not paired because translated lengths differ
JP-PRE-180	ff_delimited	japanese	Bank 1 pre-pointer text area					0x05C5C		0x05C64		0x05C64		9F 9E 83 99 87 A3 99 FF		<9F><9E><83><99><87><A3><99><FF>		pre-pointer block		medium	0xFF-delimited record; not paired because translated lengths differ
JP-PRE-181	ff_delimited	japanese	Bank 1 pre-pointer text area					0x05C64		0x05C6D		0x05C6D		8B AE 87 91 85 9F A3 A8 FF		<8B><AE><87><91><85><9F><A3><A8><FF>		pre-pointer block		medium	0xFF-delimited record; not paired because translated lengths differ
JP-PRE-182	ff_delimited	japanese	Bank 1 pre-pointer text area					0x05C6D		0x05C76		0x05C76		9F B4 5C 99 86 71 8F A9 FF		<9F><B4><5C><99><86><71><8F><A9><FF>		pre-pointer block		medium	0xFF-delimited record; not paired because translated lengths differ
JP-PRE-183	ff_delimited	japanese	Bank 1 pre-pointer text area					0x05C76		0x05C7E		0x05C7E		9C 8C 07 95 88 8D A8 FF		<9C><8C><07><95><88><8D><A8><FF>		pre-pointer block		medium	0xFF-delimited record; not paired because translated lengths differ
JP-PRE-184	ff_delimited	japanese	Bank 1 pre-pointer text area					0x05C7E		0x05C87		0x05C87		8D 93 87 95 9B 94 94 87 FF		<8D><93><87><95><9B><94><94><87><FF>		pre-pointer block		medium	0xFF-delimited record; not paired because translated lengths differ
JP-PRE-185	ff_delimited	japanese	Bank 1 pre-pointer text area					0x05C87		0x05C8F		0x05C8F		8A 83 86 06 C2 1A 82 FF		<8A><83><86><06><C2><1A><82><FF>		pre-pointer block		medium	0xFF-delimited record; not paired because translated lengths differ
JP-PRE-186	ff_delimited	japanese	Bank 1 pre-pointer text area					0x05C8F		0x05C97		0x05C97		90 92 0C AE A2 06 98 FF		<90><92><0C><AE><A2><06><98><FF>		pre-pointer block		medium	0xFF-delimited record; not paired because translated lengths differ
JP-PRE-187	ff_delimited	japanese	Bank 1 pre-pointer text area					0x05C97		0x05C9F		0x05C9F		8D 89 8D 89 99 90 1B FF		<8D><89><8D><89><99><90><1B><FF>		pre-pointer block		medium	0xFF-delimited record; not paired because translated lengths differ
JP-PRE-188	ff_delimited	japanese	Bank 1 pre-pointer text area					0x05C9F		0x05CA7		0x05CA7		8D 5A 82 88 AC A7 0C FF		<8D><5A><82><88><AC><A7><0C><FF>		pre-pointer block		medium	0xFF-delimited record; not paired because translated lengths differ
JP-PRE-189	ff_delimited	japanese	Bank 1 pre-pointer text area					0x05CA7		0x05CB0		0x05CB0		A7 88 10 99 87 B5 9A AE FF		<A7><88><10><99><87><B5><9A><AE><FF>		pre-pointer block		medium	0xFF-delimited record; not paired because translated lengths differ
JP-PRE-190	ff_delimited	japanese	Bank 1 pre-pointer text area					0x05CB0		0x05CB9		0x05CB9		8E AE 96 AE 99 86 B4 5A FF		<8E><AE><96><AE><99><86><B4><5A><FF>		pre-pointer block		medium	0xFF-delimited record; not paired because translated lengths differ
JP-PRE-191	ff_delimited	japanese	Bank 1 pre-pointer text area					0x05CB9		0x05CD7		0x05CD7		C1 9C C7 9C CC 9C D0 9C D4 9C D7 9C DC 9C E1 9C E6 9C E9 9C F0 9C F8 9C 90 82 A8 B7 88 FF		<C1><9C><C7><9C><CC><9C><D0><9C><D4><9C><D7><9C><DC><9C><E1><9C><E6><9C><E9><9C><F0><9C><F8><9C><90><82><A8><B7><88><FF>		pre-pointer block		medium	0xFF-delimited record; not paired because translated lengths differ
JP-PRE-192	ff_delimited	japanese	Bank 1 pre-pointer text area					0x05CD7		0x05CDC		0x05CDC		87 A8 B7 88 FF		<87><A8><B7><88><FF>		pre-pointer block		medium	0xFF-delimited record; not paired because translated lengths differ
JP-PRE-193	ff_delimited	japanese	Bank 1 pre-pointer text area					0x05CDC		0x05CE0		0x05CE0		5A AE 91 FF		<5A><AE><91><FF>		pre-pointer block		medium	0xFF-delimited record; not paired because translated lengths differ
JP-PRE-194	ff_delimited	japanese	Bank 1 pre-pointer text area					0x05CE0		0x05CE4		0x05CE4		87 B4 88 FF		<87><B4><88><FF>		pre-pointer block		medium	0xFF-delimited record; not paired because translated lengths differ
JP-PRE-195	ff_delimited	japanese	Bank 1 pre-pointer text area					0x05CE4		0x05CE7		0x05CE7		1C 87 FF		<1C><87><FF>		pre-pointer block		medium	0xFF-delimited record; not paired because translated lengths differ
JP-PRE-196	ff_delimited	japanese	Bank 1 pre-pointer text area					0x05CE7		0x05CEC		0x05CEC		1C 87 95 09 FF		<1C><87><95><09><FF>		pre-pointer block		medium	0xFF-delimited record; not paired because translated lengths differ
JP-PRE-197	ff_delimited	japanese	Bank 1 pre-pointer text area					0x05CEC		0x05CF1		0x05CF1		1E 83 07 B7 FF		<1E><83><07><B7><FF>		pre-pointer block		medium	0xFF-delimited record; not paired because translated lengths differ
JP-PRE-198	ff_delimited	japanese	Bank 1 pre-pointer text area					0x05CF1		0x05CF6		0x05CF6		8D 1A A4 8B FF		<8D><1A><A4><8B><FF>		pre-pointer block		medium	0xFF-delimited record; not paired because translated lengths differ
JP-PRE-199	ff_delimited	japanese	Bank 1 pre-pointer text area					0x05CF6		0x05CF9		0x05CF9		1A 98 FF		<1A><98><FF>		pre-pointer block		medium	0xFF-delimited record; not paired because translated lengths differ
JP-PRE-200	ff_delimited	japanese	Bank 1 pre-pointer text area					0x05CF9		0x05D00		0x05D00		83 90 AA 0D A6 8B FF		<83><90><AA><0D><A6><8B><FF>		pre-pointer block		medium	0xFF-delimited record; not paired because translated lengths differ
JP-PRE-201	ff_delimited	japanese	Bank 1 pre-pointer text area					0x05D00		0x05D08		0x05D08		87 A8 B7 88 ED E1 F8 FF		<87><A8><B7><88><ED><E1><F8><FF>		pre-pointer block		medium	0xFF-delimited record; not paired because translated lengths differ
JP-PRE-202	ff_delimited	japanese	Bank 1 pre-pointer text area					0x05D08		0x05D11		0x05D11		90 82 A8 B7 88 ED E1 F8 FF		<90><82><A8><B7><88><ED><E1><F8><FF>		pre-pointer block		medium	0xFF-delimited record; not paired because translated lengths differ
JP-PRE-203	ff_delimited	japanese	Bank 1 pre-pointer text area					0x05D11		0x05D15		0x05D15		8D A9 06 FF		<8D><A9><06><FF>		pre-pointer block		medium	0xFF-delimited record; not paired because translated lengths differ
JP-PRE-204	ff_delimited	japanese	Bank 1 pre-pointer text area					0x05D15		0x05D16		0x05D16		FF		<FF>		pre-pointer block		medium	0xFF-delimited record; not paired because translated lengths differ
JP-PRE-205	ff_delimited	japanese	Bank 1 pre-pointer text area					0x05D16		0x05D17		0x05D17		FF		<FF>		pre-pointer block		medium	0xFF-delimited record; not paired because translated lengths differ
JP-PRE-206	ff_delimited	japanese	Bank 1 pre-pointer text area					0x05D17		0x05D1A		0x05D1A		84 0F FF		<84><0F><FF>		pre-pointer block		medium	0xFF-delimited record; not paired because translated lengths differ
JP-PRE-207	ff_delimited	japanese	Bank 1 pre-pointer text area					0x05D1A		0x05D1B		0x05D1B		FF		<FF>		pre-pointer block		medium	0xFF-delimited record; not paired because translated lengths differ
JP-PRE-208	ff_delimited	japanese	Bank 1 pre-pointer text area					0x05D1B		0x05D1C		0x05D1C		FF		<FF>		pre-pointer block		medium	0xFF-delimited record; not paired because translated lengths differ
JP-PRE-209	ff_delimited	japanese	Bank 1 pre-pointer text area					0x05D1C		0x05D1D		0x05D1D		FF		<FF>		pre-pointer block		medium	0xFF-delimited record; not paired because translated lengths differ
JP-PRE-210	ff_delimited	japanese	Bank 1 pre-pointer text area					0x05D1D		0x05D22		0x05D22		8A 83 0D 89 FF		<8A><83><0D><89><FF>		pre-pointer block		medium	0xFF-delimited record; not paired because translated lengths differ
JP-PRE-211	ff_delimited	japanese	Bank 1 pre-pointer text area					0x05D22		0x05D23		0x05D23		FF		<FF>		pre-pointer block		medium	0xFF-delimited record; not paired because translated lengths differ
JP-PRE-212	ff_delimited	japanese	Bank 1 pre-pointer text area					0x05D23		0x05D29		0x05D29		A8 88 91 B6 83 FF		<A8><88><91><B6><83><FF>		pre-pointer block		medium	0xFF-delimited record; not paired because translated lengths differ
JP-PRE-213	ff_delimited	japanese	Bank 1 pre-pointer text area					0x05D29		0x05D2F		0x05D2F		84 B4 91 B6 83 FF		<84><B4><91><B6><83><FF>		pre-pointer block		medium	0xFF-delimited record; not paired because translated lengths differ
JP-PRE-214	ff_delimited	japanese	Bank 1 pre-pointer text area					0x05D2F		0x05D33		0x05D33		82 95 1A FF		<82><95><1A><FF>		pre-pointer block		medium	0xFF-delimited record; not paired because translated lengths differ
JP-PRE-215	ff_delimited	japanese	Bank 1 pre-pointer text area					0x05D33		0x05D34		0x05D34		FF		<FF>		pre-pointer block		medium	0xFF-delimited record; not paired because translated lengths differ
JP-PRE-216	ff_delimited	japanese	Bank 1 pre-pointer text area					0x05D34		0x05D35		0x05D35		FF		<FF>		pre-pointer block		medium	0xFF-delimited record; not paired because translated lengths differ
JP-PRE-217	ff_delimited	japanese	Bank 1 pre-pointer text area					0x05D35		0x05D39		0x05D39		86 AC 91 FF		<86><AC><91><FF>		pre-pointer block		medium	0xFF-delimited record; not paired because translated lengths differ
JP-PRE-218	ff_delimited	japanese	Bank 1 pre-pointer text area					0x05D39		0x05D3A		0x05D3A		FF		<FF>		pre-pointer block		medium	0xFF-delimited record; not paired because translated lengths differ
JP-PRE-219	ff_delimited	japanese	Bank 1 pre-pointer text area					0x05D3A		0x05D3B		0x05D3B		FF		<FF>		pre-pointer block		medium	0xFF-delimited record; not paired because translated lengths differ
JP-PRE-220	ff_delimited	japanese	Bank 1 pre-pointer text area					0x05D3B		0x05D3E		0x05D3E		94 8B FF		<94><8B><FF>		pre-pointer block		medium	0xFF-delimited record; not paired because translated lengths differ
JP-PRE-221	ff_delimited	japanese	Bank 1 pre-pointer text area					0x05D3E		0x05D3F		0x05D3F		FF		<FF>		pre-pointer block		medium	0xFF-delimited record; not paired because translated lengths differ
JP-PRE-222	ff_delimited	japanese	Bank 1 pre-pointer text area					0x05D3F		0x05D40		0x05D40		FF		<FF>		pre-pointer block		medium	0xFF-delimited record; not paired because translated lengths differ
JP-PRE-223	ff_delimited	japanese	Bank 1 pre-pointer text area					0x05D40		0x05D41		0x05D41		FF		<FF>		pre-pointer block		medium	0xFF-delimited record; not paired because translated lengths differ
JP-PRE-224	ff_delimited	japanese	Bank 1 pre-pointer text area					0x05D41		0x05D45		0x05D45		95 06 94 FF		<95><06><94><FF>		pre-pointer block		medium	0xFF-delimited record; not paired because translated lengths differ
JP-PRE-225	ff_delimited	japanese	Bank 1 pre-pointer text area					0x05D45		0x05D46		0x05D46		FF		<FF>		pre-pointer block		medium	0xFF-delimited record; not paired because translated lengths differ
JP-PRE-226	ff_delimited	japanese	Bank 1 pre-pointer text area					0x05D46		0x05D47		0x05D47		FF		<FF>		pre-pointer block		medium	0xFF-delimited record; not paired because translated lengths differ
JP-PRE-227	ff_delimited	japanese	Bank 1 pre-pointer text area					0x05D47		0x05D4B		0x05D4B		9B 0E AE FF		<9B><0E><AE><FF>		pre-pointer block		medium	0xFF-delimited record; not paired because translated lengths differ
JP-PRE-228	ff_delimited	japanese	Bank 1 pre-pointer text area					0x05D4B		0x05D4C		0x05D4C		FF		<FF>		pre-pointer block		medium	0xFF-delimited record; not paired because translated lengths differ
JP-PRE-229	ff_delimited	japanese	Bank 1 pre-pointer text area					0x05D4C		0x05D4D		0x05D4D		FF		<FF>		pre-pointer block		medium	0xFF-delimited record; not paired because translated lengths differ
JP-PRE-230	ff_delimited	japanese	Bank 1 pre-pointer text area					0x05D4D		0x05D51		0x05D51		91 B7 83 FF		<91><B7><83><FF>		pre-pointer block		medium	0xFF-delimited record; not paired because translated lengths differ
JP-PRE-231	ff_delimited	japanese	Bank 1 pre-pointer text area					0x05D51		0x05D54		0x05D54		9A AE FF		<9A><AE><FF>		pre-pointer block		medium	0xFF-delimited record; not paired because translated lengths differ
JP-PRE-232	ff_delimited	japanese	Bank 1 pre-pointer text area					0x05D54		0x05D55		0x05D55		FF		<FF>		pre-pointer block		medium	0xFF-delimited record; not paired because translated lengths differ
JP-PRE-233	ff_delimited	japanese	Bank 1 pre-pointer text area					0x05D55		0x05D57		0x05D57		C0 FF		<C0><FF>		pre-pointer block		medium	0xFF-delimited record; not paired because translated lengths differ
JP-PRE-234	ff_delimited	japanese	Bank 1 pre-pointer text area					0x05D57		0x05D59		0x05D59		C1 FF		<C1><FF>		pre-pointer block		medium	0xFF-delimited record; not paired because translated lengths differ
JP-PRE-235	ff_delimited	japanese	Bank 1 pre-pointer text area					0x05D59		0x05D5B		0x05D5B		C2 FF		<C2><FF>		pre-pointer block		medium	0xFF-delimited record; not paired because translated lengths differ
JP-PRE-236	ff_delimited	japanese	Bank 1 pre-pointer text area					0x05D5B		0x05D5D		0x05D5D		C3 FF		<C3><FF>		pre-pointer block		medium	0xFF-delimited record; not paired because translated lengths differ
JP-PRE-237	ff_delimited	japanese	Bank 1 pre-pointer text area					0x05D5D		0x05D5F		0x05D5F		C4 FF		<C4><FF>		pre-pointer block		medium	0xFF-delimited record; not paired because translated lengths differ
JP-PRE-238	ff_delimited	japanese	Bank 1 pre-pointer text area					0x05D5F		0x05D61		0x05D61		C5 FF		<C5><FF>		pre-pointer block		medium	0xFF-delimited record; not paired because translated lengths differ
JP-PRE-239	ff_delimited	japanese	Bank 1 pre-pointer text area					0x05D61		0x05D63		0x05D63		C6 FF		<C6><FF>		pre-pointer block		medium	0xFF-delimited record; not paired because translated lengths differ
JP-PRE-240	ff_delimited	japanese	Bank 1 pre-pointer text area					0x05D63		0x05DD4				AD 7F 70 C9 B6 90 1D C9 DB B0 19 C9 BC F0 15 38 E9 B6 A8 B9 9D 9D A8 B9 50 00 09 10 99 50 00 A9 00 99 69 00 60 AD 7F 70 C9 B6 90 1D C9 DB B0 19 C9 BC F0 F0 38 E9 B6 A8 B9 9D 9D A8 B9 50 00 29 EF 99 50 00 A9 00 99 69 00 60 01 01 02 00 02 03 00 03 00 03 03 03 03 00 03 03 03 03 03 03 02 03 03 03 00 00 03 03 03 00 03 02 02 00 00 00 00 B0 9F		<AD><7F><70><C9><B6><90><1D><C9><DB><B0><19><C9><BC><F0><15><38><E9><B6><A8><B9><9D><9D><A8><B9><50><00><09><10><99><50><00><A9><00><99><69><00><60><AD><7F><70><C9><B6><90><1D><C9><DB><B0><19><C9><BC><F0><F0><38><E9><B6><A8><B9><9D><9D><A8><B9><50><00><29><EF><99><50><00><A9><00><99><69><00><60><01><01><02><00><02><03><00><03><00><03><03><03><03><00><03><03><03><03><03><03><02><03><03><03><00><00><03><03><03><00><03><02><02><00><00><00><00><B0><9F>		pre-pointer block		medium	unterminated tail record; not paired
EN-PRE-000	ff_delimited	english	Bank 1 pre-pointer text area						0x056BC		0x056C1		0x056C1		99 95 8B 89 FF		YUKI<FF>	pre-pointer block		medium	0xFF-delimited record; not paired because translated lengths differ
EN-PRE-001	ff_delimited	english	Bank 1 pre-pointer text area						0x056C1		0x056CB		0x056CB		89 94 8F 8B 89 93 81 8B 89 FF		ITOKISAKI<FF>	pre-pointer block		medium	0xFF-delimited record; not paired because translated lengths differ
EN-PRE-002	ff_delimited	english	Bank 1 pre-pointer text area						0x056CB		0x056D0		0x056D0		94 81 8D 8F FF		TAMO<FF>	pre-pointer block		medium	0xFF-delimited record; not paired because translated lengths differ
EN-PRE-003	ff_delimited	english	Bank 1 pre-pointer text area						0x056D0		0x056DA		0x056DA		93 81 89 9A 8F 88 81 87 89 FF		SAIZOHAGI<FF>	pre-pointer block		medium	0xFF-delimited record; not paired because translated lengths differ
EN-PRE-004	ff_delimited	english	Bank 1 pre-pointer text area						0x056DA		0x056E4		0x056E4		88 81 93 88 89 8B 8F 93 95 FF		HASHIKOSU<FF>	pre-pointer block		medium	0xFF-delimited record; not paired because translated lengths differ
EN-PRE-005	ff_delimited	english	Bank 1 pre-pointer text area						0x056E4		0x056EE		0x056EE		88 81 8E 93 95 8B 8F 95 85 FF		HANSUKOUE<FF>	pre-pointer block		medium	0xFF-delimited record; not paired because translated lengths differ
EN-PRE-006	ff_delimited	english	Bank 1 pre-pointer text area						0x056EE		0x056F3		0x056F3		88 89 92 81 FF		HIRA<FF>	pre-pointer block		medium	0xFF-delimited record; not paired because translated lengths differ
EN-PRE-007	ff_delimited	english	Bank 1 pre-pointer text area						0x056F3		0x056F8		0x056F8		88 89 84 85 FF		HIDE<FF>	pre-pointer block		medium	0xFF-delimited record; not paired because translated lengths differ
EN-PRE-008	ff_delimited	english	Bank 1 pre-pointer text area						0x056F8		0x056FD		0x056FD		81 93 88 89 FF		ASHI<FF>	pre-pointer block		medium	0xFF-delimited record; not paired because translated lengths differ
EN-PRE-009	ff_delimited	english	Bank 1 pre-pointer text area						0x056FD		0x05701		0x05701		82 85 8E FF		BEN<FF>	pre-pointer block		medium	0xFF-delimited record; not paired because translated lengths differ
EN-PRE-010	ff_delimited	english	Bank 1 pre-pointer text area						0x05701		0x05702		0x05702		FF		<FF>	pre-pointer block		medium	0xFF-delimited record; not paired because translated lengths differ
EN-PRE-011	ff_delimited	english	Bank 1 pre-pointer text area						0x05702		0x05711		0x05711		93 81 89 94 81 8D 8F 85 8D 8F 8D 95 92 81 FF		SAITAMOEMOMURA<FF>	pre-pointer block		medium	0xFF-delimited record; not paired because translated lengths differ
EN-PRE-012	ff_delimited	english	Bank 1 pre-pointer text area						0x05711		0x05716		0x05716		93 81 84 81 FF		SADA<FF>	pre-pointer block		medium	0xFF-delimited record; not paired because translated lengths differ
EN-PRE-013	ff_delimited	english	Bank 1 pre-pointer text area						0x05716		0x0571B		0x0571B		93 85 8B 89 FF		SEKI<FF>	pre-pointer block		medium	0xFF-delimited record; not paired because translated lengths differ
EN-PRE-014	ff_delimited	english	Bank 1 pre-pointer text area						0x0571B		0x05725		0x05725		99 8F 94 93 95 94 8F 8D 8F FF		YOTSUTOMO<FF>	pre-pointer block		medium	0xFF-delimited record; not paired because translated lengths differ
EN-PRE-015	ff_delimited	english	Bank 1 pre-pointer text area						0x05725		0x0572A		0x0572A		8B 95 8D 81 FF		KUMA<FF>	pre-pointer block		medium	0xFF-delimited record; not paired because translated lengths differ
EN-PRE-016	ff_delimited	english	Bank 1 pre-pointer text area						0x0572A		0x0572F		0x0572F		97 81 94 81 FF		WATA<FF>	pre-pointer block		medium	0xFF-delimited record; not paired because translated lengths differ
EN-PRE-017	ff_delimited	english	Bank 1 pre-pointer text area						0x0572F		0x05734		0x05734		95 92 81 85 FF		URAE<FF>	pre-pointer block		medium	0xFF-delimited record; not paired because translated lengths differ
EN-PRE-018	ff_delimited	english	Bank 1 pre-pointer text area						0x05734		0x05739		0x05739		94 8F 8D 85 FF		TOME<FF>	pre-pointer block		medium	0xFF-delimited record; not paired because translated lengths differ
EN-PRE-019	ff_delimited	english	Bank 1 pre-pointer text area						0x05739		0x05743		0x05743		8F 8E 8F 8B 89 99 81 94 81 FF		ONOKIYATA<FF>	pre-pointer block		medium	0xFF-delimited record; not paired because translated lengths differ
EN-PRE-020	ff_delimited	english	Bank 1 pre-pointer text area						0x05743		0x05752		0x05752		89 93 8F 92 8F 92 89 88 85 89 83 88 89 85 FF		ISORORIHEICHIE<FF>	pre-pointer block		medium	0xFF-delimited record; not paired because translated lengths differ
EN-PRE-021	ff_delimited	english	Bank 1 pre-pointer text area						0x05752		0x05757		0x05757		93 95 8D 89 FF		SUMI<FF>	pre-pointer block		medium	0xFF-delimited record; not paired because translated lengths differ
EN-PRE-022	ff_delimited	english	Bank 1 pre-pointer text area						0x05757		0x0575C		0x0575C		93 88 89 8E FF		SHIN<FF>	pre-pointer block		medium	0xFF-delimited record; not paired because translated lengths differ
EN-PRE-023	ff_delimited	english	Bank 1 pre-pointer text area						0x0575C		0x05761		0x05761		8D 95 8E 85 FF		MUNE<FF>	pre-pointer block		medium	0xFF-delimited record; not paired because translated lengths differ
EN-PRE-024	ff_delimited	english	Bank 1 pre-pointer text area						0x05761		0x0576B		0x0576B		87 85 8E 93 95 8F 89 93 81 FF		GENSUOISA<FF>	pre-pointer block		medium	0xFF-delimited record; not paired because translated lengths differ
EN-PRE-025	ff_delimited	english	Bank 1 pre-pointer text area						0x0576B		0x05770		0x05770		88 85 8D 8F FF		HEMO<FF>	pre-pointer block		medium	0xFF-delimited record; not paired because translated lengths differ
EN-PRE-026	ff_delimited	english	Bank 1 pre-pointer text area						0x05770		0x05775		0x05775		99 8F 94 81 FF		YOTA<FF>	pre-pointer block		medium	0xFF-delimited record; not paired because translated lengths differ
EN-PRE-027	ff_delimited	english	Bank 1 pre-pointer text area						0x05775		0x0577A		0x0577A		8B 81 8D 85 FF		KAME<FF>	pre-pointer block		medium	0xFF-delimited record; not paired because translated lengths differ
EN-PRE-028	ff_delimited	english	Bank 1 pre-pointer text area						0x0577A		0x0577F		0x0577F		94 81 8B 89 FF		TAKI<FF>	pre-pointer block		medium	0xFF-delimited record; not paired because translated lengths differ
EN-PRE-029	ff_delimited	english	Bank 1 pre-pointer text area						0x0577F		0x05784		0x05784		88 89 93 81 FF		HISA<FF>	pre-pointer block		medium	0xFF-delimited record; not paired because translated lengths differ
EN-PRE-030	ff_delimited	english	Bank 1 pre-pointer text area						0x05784		0x0578E		0x0578E		93 81 88 85 89 8B 89 93 95 FF		SAHEIKISU<FF>	pre-pointer block		medium	0xFF-delimited record; not paired because translated lengths differ
EN-PRE-031	ff_delimited	english	Bank 1 pre-pointer text area						0x0578E		0x05793		0x05793		8E 8F 92 89 FF		NORI<FF>	pre-pointer block		medium	0xFF-delimited record; not paired because translated lengths differ
EN-PRE-032	ff_delimited	english	Bank 1 pre-pointer text area						0x05793		0x057A2		0x057A2		8B 8F 95 8B 89 93 95 85 8D 81 94 81 8B 85 FF		KOUKISUEMATAKE<FF>	pre-pointer block		medium	0xFF-delimited record; not paired because translated lengths differ
EN-PRE-033	ff_delimited	english	Bank 1 pre-pointer text area						0x057A2		0x057AC		0x057AC		95 8D 85 8D 81 82 8F 82 95 FF		UMEMABOBU<FF>	pre-pointer block		medium	0xFF-delimited record; not paired because translated lengths differ
EN-PRE-034	ff_delimited	english	Bank 1 pre-pointer text area						0x057AC		0x057B1		0x057B1		99 95 95 85 FF		YUUE<FF>	pre-pointer block		medium	0xFF-delimited record; not paired because translated lengths differ
EN-PRE-035	ff_delimited	english	Bank 1 pre-pointer text area						0x057B1		0x057BB		0x057BB		99 8F 93 88 89 92 89 88 85 FF		YOSHIRIHE<FF>	pre-pointer block		medium	0xFF-delimited record; not paired because translated lengths differ
EN-PRE-036	ff_delimited	english	Bank 1 pre-pointer text area						0x057BB		0x057CA		0x057CA		88 81 83 88 89 84 85 9A 8F 95 8B 95 8D 89 FF		HACHIDEZOUKUMI<FF>	pre-pointer block		medium	0xFF-delimited record; not paired because translated lengths differ
EN-PRE-037	ff_delimited	english	Bank 1 pre-pointer text area						0x057CA		0x057CF		0x057CF		94 81 92 8F FF		TARO<FF>	pre-pointer block		medium	0xFF-delimited record; not paired because translated lengths differ
EN-PRE-038	ff_delimited	english	Bank 1 pre-pointer text area						0x057CF		0x057D9		0x057D9		95 92 81 93 81 99 8F 8E 85 FF		URASAYONE<FF>	pre-pointer block		medium	0xFF-delimited record; not paired because translated lengths differ
EN-PRE-039	ff_delimited	english	Bank 1 pre-pointer text area						0x057D9		0x057E3		0x057E3		93 88 89 8D 81 94 85 92 95 FF		SHIMATERU<FF>	pre-pointer block		medium	0xFF-delimited record; not paired because translated lengths differ
EN-PRE-040	ff_delimited	english	Bank 1 pre-pointer text area						0x057E3		0x057E8		0x057E8		93 95 99 81 FF		SUYA<FF>	pre-pointer block		medium	0xFF-delimited record; not paired because translated lengths differ
EN-PRE-041	ff_delimited	english	Bank 1 pre-pointer text area						0x057E8		0x057ED		0x057ED		8D 8F 92 89 FF		MORI<FF>	pre-pointer block		medium	0xFF-delimited record; not paired because translated lengths differ
EN-PRE-042	ff_delimited	english	Bank 1 pre-pointer text area						0x057ED		0x057F2		0x057F2		89 93 88 89 FF		ISHI<FF>	pre-pointer block		medium	0xFF-delimited record; not paired because translated lengths differ
EN-PRE-043	ff_delimited	english	Bank 1 pre-pointer text area						0x057F2		0x057F7		0x057F7		93 81 8B 95 FF		SAKU<FF>	pre-pointer block		medium	0xFF-delimited record; not paired because translated lengths differ
EN-PRE-044	ff_delimited	english	Bank 1 pre-pointer text area						0x057F7		0x05806		0x05806		95 92 81 8A 89 93 88 89 82 81 8A 8D 87 91 FF		URAJISHIBAJMGQ<FF>	pre-pointer block		medium	0xFF-delimited record; not paired because translated lengths differ
EN-PRE-045	ff_delimited	english	Bank 1 pre-pointer text area						0x05806		0x0581F		0x0581F		93 88 89 92 8F 8A 95 8E 9A 8F 89 8E 85 94 81 81 8B 89 9A 8F 99 95 92 89 FF		SHIROJUNZOINETAAKIZOYURI<FF>	pre-pointer block		medium	0xFF-delimited record; not paired because translated lengths differ
EN-PRE-046	ff_delimited	english	Bank 1 pre-pointer text area						0x0581F		0x05824		0x05824		93 95 94 85 FF		SUTE<FF>	pre-pointer block		medium	0xFF-delimited record; not paired because translated lengths differ
EN-PRE-047	ff_delimited	english	Bank 1 pre-pointer text area						0x05824		0x05829		0x05829		93 88 95 95 FF		SHUU<FF>	pre-pointer block		medium	0xFF-delimited record; not paired because translated lengths differ
EN-PRE-048	ff_delimited	english	Bank 1 pre-pointer text area						0x05829		0x05838		0x05838		85 82 89 8E 8F 83 88 89 8A 89 81 94 93 95 FF		EBINOCHIJIATSU<FF>	pre-pointer block		medium	0xFF-delimited record; not paired because translated lengths differ
EN-PRE-049	ff_delimited	english	Bank 1 pre-pointer text area						0x05838		0x0583D		0x0583D		8B 81 8E 81 FF		KANA<FF>	pre-pointer block		medium	0xFF-delimited record; not paired because translated lengths differ
EN-PRE-050	ff_delimited	english	Bank 1 pre-pointer text area						0x0583D		0x05842		0x05842		93 95 8B 85 FF		SUKE<FF>	pre-pointer block		medium	0xFF-delimited record; not paired because translated lengths differ
EN-PRE-051	ff_delimited	english	Bank 1 pre-pointer text area						0x05842		0x05847		0x05847		87 8F 93 95 FF		GOSU<FF>	pre-pointer block		medium	0xFF-delimited record; not paired because translated lengths differ
EN-PRE-052	ff_delimited	english	Bank 1 pre-pointer text area						0x05847		0x05851		0x05851		94 93 95 8E 8F 8B 89 8B 95 FF		TSUNOKIKU<FF>	pre-pointer block		medium	0xFF-delimited record; not paired because translated lengths differ
EN-PRE-053	ff_delimited	english	Bank 1 pre-pointer text area						0x05851		0x05865		0x05865		94 8F 93 88 89 94 93 95 8B 89 8F 82 89 93 81 99 81 93 95 FF		TOSHITSUKIOBISAYASU<FF>	pre-pointer block		medium	0xFF-delimited record; not paired because translated lengths differ
EN-PRE-054	ff_delimited	english	Bank 1 pre-pointer text area						0x05865		0x05879		0x05879		8B 85 8E 87 8F 8D 81 8E 93 89 8B 81 94 93 95 93 8F 8E 8F FF		KENGOMANSIKATSUSONO<FF>	pre-pointer block		medium	0xFF-delimited record; not paired because translated lengths differ
EN-PRE-055	ff_delimited	english	Bank 1 pre-pointer text area						0x05879		0x0587E		0x0587E		87 8F 93 81 FF		GOSA<FF>	pre-pointer block		medium	0xFF-delimited record; not paired because translated lengths differ
EN-PRE-056	ff_delimited	english	Bank 1 pre-pointer text area						0x0587E		0x05888		0x05888		94 8F 95 82 85 9A 85 8E 85 FF		TOUBEZENE<FF>	pre-pointer block		medium	0xFF-delimited record; not paired because translated lengths differ
EN-PRE-057	ff_delimited	english	Bank 1 pre-pointer text area						0x05888		0x05897		0x05897		8F 8D 85 8E 8F 8D 8F 83 88 89 93 88 8F 95 FF		OMENOMOCHISHOU<FF>	pre-pointer block		medium	0xFF-delimited record; not paired because translated lengths differ
EN-PRE-058	ff_delimited	english	Bank 1 pre-pointer text area						0x05897		0x0589C		0x0589C		89 8E 87 8F FF		INGO<FF>	pre-pointer block		medium	0xFF-delimited record; not paired because translated lengths differ
EN-PRE-059	ff_delimited	english	Bank 1 pre-pointer text area						0x0589C		0x058A1		0x058A1		8E 85 88 81 FF		NEHA<FF>	pre-pointer block		medium	0xFF-delimited record; not paired because translated lengths differ
EN-PRE-060	ff_delimited	english	Bank 1 pre-pointer text area						0x058A1		0x058A6		0x058A6		94 85 8D 81 FF		TEMA<FF>	pre-pointer block		medium	0xFF-delimited record; not paired because translated lengths differ
EN-PRE-061	ff_delimited	english	Bank 1 pre-pointer text area						0x058A6		0x058AB		0x058AB		8D 8F 88 85 FF		MOHE<FF>	pre-pointer block		medium	0xFF-delimited record; not paired because translated lengths differ
EN-PRE-062	ff_delimited	english	Bank 1 pre-pointer text area						0x058AB		0x058B0		0x058B0		93 8F 8D 85 FF		SOME<FF>	pre-pointer block		medium	0xFF-delimited record; not paired because translated lengths differ
EN-PRE-063	ff_delimited	english	Bank 1 pre-pointer text area						0x058B0		0x058B5		0x058B5		8B 81 8D 8F FF		KAMO<FF>	pre-pointer block		medium	0xFF-delimited record; not paired because translated lengths differ
EN-PRE-064	ff_delimited	english	Bank 1 pre-pointer text area						0x058B5		0x058BA		0x058BA		8D 81 94 81 FF		MATA<FF>	pre-pointer block		medium	0xFF-delimited record; not paired because translated lengths differ
EN-PRE-065	ff_delimited	english	Bank 1 pre-pointer text area						0x058BA		0x058BE		0x058BE		95 8B 89 FF		UKI<FF>	pre-pointer block		medium	0xFF-delimited record; not paired because translated lengths differ
EN-PRE-066	ff_delimited	english	Bank 1 pre-pointer text area						0x058BE		0x058BF		0x058BF		FF		<FF>	pre-pointer block		medium	0xFF-delimited record; not paired because translated lengths differ
EN-PRE-067	ff_delimited	english	Bank 1 pre-pointer text area						0x058BF		0x058C4		0x058C4		87 8F 92 8F FF		GORO<FF>	pre-pointer block		medium	0xFF-delimited record; not paired because translated lengths differ
EN-PRE-068	ff_delimited	english	Bank 1 pre-pointer text area						0x058C4		0x058C9		0x058C9		8B 8F 94 81 FF		KOTA<FF>	pre-pointer block		medium	0xFF-delimited record; not paired because translated lengths differ
EN-PRE-069	ff_delimited	english	Bank 1 pre-pointer text area						0x058C9		0x058EC		0x058EC		94 93 95 84 81 89 8E 8F 93 95 95 8D 85 94 81 95 93 95 8B 85 8D 81 8E 87 8F 8E 85 8E 8B 89 8B 95 92 8F FF		TSUDAINOSUUMETAUSUKEMANGONENKIKURO<FF>	pre-pointer block		medium	0xFF-delimited record; not paired because translated lengths differ
EN-PRE-070	ff_delimited	english	Bank 1 pre-pointer text area						0x058EC		0x058F1		0x058F1		94 85 88 81 FF		TEHA<FF>	pre-pointer block		medium	0xFF-delimited record; not paired because translated lengths differ
EN-PRE-071	ff_delimited	english	Bank 1 pre-pointer text area						0x058F1		0x05900		0x05900		93 85 8E 82 85 93 85 8E 90 81 88 8F 8D 85 FF		SENBESENPAHOME<FF>	pre-pointer block		medium	0xFF-delimited record; not paired because translated lengths differ
EN-PRE-072	ff_delimited	english	Bank 1 pre-pointer text area						0x05900		0x05905		0x05905		94 81 88 81 FF		TAHA<FF>	pre-pointer block		medium	0xFF-delimited record; not paired because translated lengths differ
EN-PRE-073	ff_delimited	english	Bank 1 pre-pointer text area						0x05905		0x0590F		0x0590F		8B 89 83 88 89 8E 85 94 81 FF		KICHINETA<FF>	pre-pointer block		medium	0xFF-delimited record; not paired because translated lengths differ
EN-PRE-074	ff_delimited	english	Bank 1 pre-pointer text area						0x0590F		0x05914		0x05914		94 81 87 8F FF		TAGO<FF>	pre-pointer block		medium	0xFF-delimited record; not paired because translated lengths differ
EN-PRE-075	ff_delimited	english	Bank 1 pre-pointer text area						0x05914		0x0591E		0x0591E		8D 81 8E 90 85 8B 85 94 81 FF		MANPEKETA<FF>	pre-pointer block		medium	0xFF-delimited record; not paired because translated lengths differ
EN-PRE-076	ff_delimited	english	Bank 1 pre-pointer text area						0x0591E		0x05928		0x05928		8B 95 8E 8B 89 8D 8F 8D 8F FF		KUNKIMOMO<FF>	pre-pointer block		medium	0xFF-delimited record; not paired because translated lengths differ
EN-PRE-077	ff_delimited	english	Bank 1 pre-pointer text area						0x05928		0x0592D		0x0592D		94 81 8E 85 FF		TANE<FF>	pre-pointer block		medium	0xFF-delimited record; not paired because translated lengths differ
EN-PRE-078	ff_delimited	english	Bank 1 pre-pointer text area						0x0592D		0x05932		0x05932		88 85 8B 8F FF		HEKO<FF>	pre-pointer block		medium	0xFF-delimited record; not paired because translated lengths differ
EN-PRE-079	ff_delimited	english	Bank 1 pre-pointer text area						0x05932		0x05941		0x05941		8D 81 94 81 81 8D 85 88 85 89 8D 81 93 95 FF		MATAAMEHEIMASU<FF>	pre-pointer block		medium	0xFF-delimited record; not paired because translated lengths differ
EN-PRE-080	ff_delimited	english	Bank 1 pre-pointer text area						0x05941		0x05946		0x05946		95 8E 8A 89 FF		UNJI<FF>	pre-pointer block		medium	0xFF-delimited record; not paired because translated lengths differ
EN-PRE-081	ff_delimited	english	Bank 1 pre-pointer text area						0x05946		0x0594B		0x0594B		8D 8F 8E 8F FF		MONO<FF>	pre-pointer block		medium	0xFF-delimited record; not paired because translated lengths differ
EN-PRE-082	ff_delimited	english	Bank 1 pre-pointer text area						0x0594B		0x0595A		0x0595A		84 85 8E 93 95 95 8D 85 93 89 8D 81 87 8F FF		DENSUUMESIMAGO<FF>	pre-pointer block		medium	0xFF-delimited record; not paired because translated lengths differ
EN-PRE-083	ff_delimited	english	Bank 1 pre-pointer text area						0x0595A		0x0595F		0x0595F		92 81 88 81 FF		RAHA<FF>	pre-pointer block		medium	0xFF-delimited record; not paired because translated lengths differ
EN-PRE-084	ff_delimited	english	Bank 1 pre-pointer text area						0x0595F		0x0596E		0x0596E		8D 8F 88 85 89 93 85 8E 92 8F 83 88 8F 95 FF		MOHEISENROCHOU<FF>	pre-pointer block		medium	0xFF-delimited record; not paired because translated lengths differ
EN-PRE-085	ff_delimited	english	Bank 1 pre-pointer text area						0x0596E		0x05972		0x05972		8B 81 8E FF		KAN<FF>	pre-pointer block		medium	0xFF-delimited record; not paired because translated lengths differ
EN-PRE-086	ff_delimited	english	Bank 1 pre-pointer text area						0x05972		0x05973		0x05973		FF		<FF>	pre-pointer block		medium	0xFF-delimited record; not paired because translated lengths differ
EN-PRE-087	ff_delimited	english	Bank 1 pre-pointer text area						0x05973		0x05982		0x05982		8B 81 8E 90 81 89 8D 8F 88 81 8D 89 8E 8F FF		KANPAIMOHAMINO<FF>	pre-pointer block		medium	0xFF-delimited record; not paired because translated lengths differ
EN-PRE-088	ff_delimited	english	Bank 1 pre-pointer text area						0x05982		0x0598C		0x0598C		8B 81 8E 94 81 86 95 8E 85 FF		KANTAFUNE<FF>	pre-pointer block		medium	0xFF-delimited record; not paired because translated lengths differ
EN-PRE-089	ff_delimited	english	Bank 1 pre-pointer text area						0x0598C		0x05996		0x05996		8B 81 8E 93 95 93 95 8A 89 FF		KANSUSUJI<FF>	pre-pointer block		medium	0xFF-delimited record; not paired because translated lengths differ
EN-PRE-090	ff_delimited	english	Bank 1 pre-pointer text area						0x05996		0x059A0		0x059A0		93 89 83 88 89 95 93 88 89 FF		SICHIUSHI<FF>	pre-pointer block		medium	0xFF-delimited record; not paired because translated lengths differ
EN-PRE-091	ff_delimited	english	Bank 1 pre-pointer text area						0x059A0		0x059AA		0x059AA		92 8F 88 85 89 8B 8F 8D 85 FF		ROHEIKOME<FF>	pre-pointer block		medium	0xFF-delimited record; not paired because translated lengths differ
EN-PRE-092	ff_delimited	english	Bank 1 pre-pointer text area						0x059AA		0x059B9		0x059B9		87 8F 82 85 85 9A 85 8E 8A 89 93 95 8E 85 FF		GOBEEZENJISUNE<FF>	pre-pointer block		medium	0xFF-delimited record; not paired because translated lengths differ
EN-PRE-093	ff_delimited	english	Bank 1 pre-pointer text area						0x059B9		0x059BE		0x059BE		8B 89 8E 85 FF		KINE<FF>	pre-pointer block		medium	0xFF-delimited record; not paired because translated lengths differ
EN-PRE-094	ff_delimited	english	Bank 1 pre-pointer text area						0x059BE		0x059C3		0x059C3		93 95 9A 95 FF		SUZU<FF>	pre-pointer block		medium	0xFF-delimited record; not paired because translated lengths differ
EN-PRE-095	ff_delimited	english	Bank 1 pre-pointer text area						0x059C3		0x059CD		0x059CD		89 8E 85 8D 8F 88 81 94 81 FF		INEMOHATA<FF>	pre-pointer block		medium	0xFF-delimited record; not paired because translated lengths differ
EN-PRE-096	ff_delimited	english	Bank 1 pre-pointer text area						0x059CD		0x059DC		0x059DC		95 8E 8F 8D 81 99 81 85 8E 8F 8E 85 8B 89 FF		UNOMAYAENONEKI<FF>	pre-pointer block		medium	0xFF-delimited record; not paired because translated lengths differ
EN-PRE-097	ff_delimited	english	Bank 1 pre-pointer text area						0x059DC		0x05A81		0x05A81		6A 9A 6A 9A 71 9A 78 9A 7E 9A 85 9A 8E 9A 95 9A 9D 9A A3 9A AB 9A B2 9A BB 9A C1 9A C9 9A D2 9A DB 9A E4 9A EC 9A F4 9A FB 9A 03 9B 0B 9B 14 9B 1C 9B 25 9B 2D 9B 34 9B 39 9B 3E 9B 43 9B 48 9B 4C 9B 51 9B 59 9B 5F 9B 68 9B 6F 9B 75 9B 7B 9B 84 9B 8A 9B 92 9B 99 9B A1 9B A9 9B AF 9B B8 9B C0 9B C6 9B CD 9B D4 9B D9 9B E1 9B E7 9B EE 9B F5 9B FC 9B 04 9C 09 9C 0F 9C 15 9C 1E 9C 26 9C 2F 9C 35 9C 3D 9C 44 9C 4B 9C 52 9C 59 9C 62 9C 6B 9C 74 9C 7D 9C 85 9C 8C 9C 95 9C 9C 9C 8D BA 86 89 93 94 FF		<6A>Z<6A>Z<71>Z<78>Z<7E>ZEZNZUZ<9D>Z<A3>Z<AB>Z<B2>Z<BB>Z<C1>Z<C9>Z<D2>Z<DB>Z<E4>Z<EC>Z<F4>Z<FB>Z<03><9B><0B><9B><14><9B><1C><9B><25><9B><2D><9B><34><9B><39><9B><3E><9B><43><9B><48><9B><4C><9B><51><9B><59><9B><5F><9B><68><9B><6F><9B><75><9B><7B><9B>D<9B>J<9B>R<9B>Y<9B><A1><9B><A9><9B><AF><9B><B8><9B><C0><9B><C6><9B><CD><9B><D4><9B><D9><9B><E1><9B><E7><9B><EE><9B><F5><9B><FC><9B><04><9C><09><9C><0F><9C><15><9C><1E><9C><26><9C><2F><9C><35><9C><3D><9C><44><9C><4B><9C><52><9C><59><9C><62><9C><6B><9C><74><9C><7D><9C>E<9C>L<9C>U<9C><9C><9C>M<BA>FIST<FF>	pre-pointer block		medium	0xFF-delimited record; not paired because translated lengths differ
EN-PRE-098	ff_delimited	english	Bank 1 pre-pointer text area						0x05A81		0x05A88		0x05A88		8D BA 8B 89 83 8B FF		M<BA>KICK<FF>	pre-pointer block		medium	0xFF-delimited record; not paired because translated lengths differ
EN-PRE-099	ff_delimited	english	Bank 1 pre-pointer text area						0x05A88		0x05A8E		0x05A8E		8D BA 97 90 8E FF		M<BA>WPN<FF>	pre-pointer block		medium	0xFF-delimited record; not paired because translated lengths differ
EN-PRE-100	ff_delimited	english	Bank 1 pre-pointer text area						0x05A8E		0x05A95		0x05A95		85 BA 94 8F 92 90 FF		E<BA>TORP<FF>	pre-pointer block		medium	0xFF-delimited record; not paired because translated lengths differ
EN-PRE-101	ff_delimited	english	Bank 1 pre-pointer text area						0x05A95		0x05A9E		0x05A9E		8E BA 81 94 94 81 83 8B FF		N<BA>ATTACK<FF>	pre-pointer block		medium	0xFF-delimited record; not paired because translated lengths differ
EN-PRE-102	ff_delimited	english	Bank 1 pre-pointer text area						0x05A9E		0x05AA5		0x05AA5		8D BA 86 95 8D 89 FF		M<BA>FUMI<FF>	pre-pointer block		medium	0xFF-delimited record; not paired because translated lengths differ
EN-PRE-103	ff_delimited	english	Bank 1 pre-pointer text area						0x05AA5		0x05AAD		0x05AAD		88 BA 87 95 81 92 84 FF		H<BA>GUARD<FF>	pre-pointer block		medium	0xFF-delimited record; not paired because translated lengths differ
EN-PRE-104	ff_delimited	english	Bank 1 pre-pointer text area						0x05AAD		0x05AB3		0x05AB3		93 83 92 85 97 FF		SCREW<FF>	pre-pointer block		medium	0xFF-delimited record; not paired because translated lengths differ
EN-PRE-105	ff_delimited	english	Bank 1 pre-pointer text area						0x05AB3		0x05ABB		0x05ABB		94 8F 92 8E 81 84 8F FF		TORNADO<FF>	pre-pointer block		medium	0xFF-delimited record; not paired because translated lengths differ
EN-PRE-106	ff_delimited	english	Bank 1 pre-pointer text area						0x05ABB		0x05AC2		0x05AC2		93 BA 94 8F 92 90 FF		S<BA>TORP<FF>	pre-pointer block		medium	0xFF-delimited record; not paired because translated lengths differ
EN-PRE-107	ff_delimited	english	Bank 1 pre-pointer text area						0x05AC2		0x05ACB		0x05ACB		88 85 8C 89 83 90 94 92 FF		HELICPTR<FF>	pre-pointer block		medium	0xFF-delimited record; not paired because translated lengths differ
EN-PRE-108	ff_delimited	english	Bank 1 pre-pointer text area						0x05ACB		0x05AD1		0x05AD1		84 92 89 8C 8C FF		DRILL<FF>	pre-pointer block		medium	0xFF-delimited record; not paired because translated lengths differ
EN-PRE-109	ff_delimited	english	Bank 1 pre-pointer text area						0x05AD1		0x05AD9		0x05AD9		93 8C 81 90 B8 93 90 FF		SLAP<B8>SP<FF>	pre-pointer block		medium	0xFF-delimited record; not paired because translated lengths differ
EN-PRE-110	ff_delimited	english	Bank 1 pre-pointer text area						0x05AD9		0x05AE2		0x05AE2		84 81 87 87 92 B8 93 90 FF		DAGGR<B8>SP<FF>	pre-pointer block		medium	0xFF-delimited record; not paired because translated lengths differ
EN-PRE-111	ff_delimited	english	Bank 1 pre-pointer text area						0x05AE2		0x05AEB		0x05AEB		88 85 81 84 82 95 94 94 FF		HEADBUTT<FF>	pre-pointer block		medium	0xFF-delimited record; not paired because translated lengths differ
EN-PRE-112	ff_delimited	english	Bank 1 pre-pointer text area						0x05AEB		0x05AF4		0x05AF4		82 8D 90 8B 8E 81 92 94 FF		BMPKNART<FF>	pre-pointer block		medium	0xFF-delimited record; not paired because translated lengths differ
EN-PRE-113	ff_delimited	english	Bank 1 pre-pointer text area						0x05AF4		0x05AFC		0x05AFC		8D BA 86 89 93 94 BC FF		M<BA>FIST<BC><FF>	pre-pointer block		medium	0xFF-delimited record; not paired because translated lengths differ
EN-PRE-114	ff_delimited	english	Bank 1 pre-pointer text area						0x05AFC		0x05B04		0x05B04		8D BA 8B 89 83 8B BC FF		M<BA>KICK<BC><FF>	pre-pointer block		medium	0xFF-delimited record; not paired because translated lengths differ
EN-PRE-115	ff_delimited	english	Bank 1 pre-pointer text area						0x05B04		0x05B0B		0x05B0B		93 83 92 85 97 BC FF		SCREW<BC><FF>	pre-pointer block		medium	0xFF-delimited record; not paired because translated lengths differ
EN-PRE-116	ff_delimited	english	Bank 1 pre-pointer text area						0x05B0B		0x05B13		0x05B13		8D 81 93 93 81 87 85 FF		MASSAGE<FF>	pre-pointer block		medium	0xFF-delimited record; not paired because translated lengths differ
EN-PRE-117	ff_delimited	english	Bank 1 pre-pointer text area						0x05B13		0x05B1B		0x05B1B		82 89 87 82 81 8E 87 FF		BIGBANG<FF>	pre-pointer block		medium	0xFF-delimited record; not paired because translated lengths differ
EN-PRE-118	ff_delimited	english	Bank 1 pre-pointer text area						0x05B1B		0x05B24		0x05B24		97 81 92 90 93 88 8F 94 FF		WARPSHOT<FF>	pre-pointer block		medium	0xFF-delimited record; not paired because translated lengths differ
EN-PRE-119	ff_delimited	english	Bank 1 pre-pointer text area						0x05B24		0x05B2C		0x05B2C		84 85 86 8C 85 83 94 FF		DEFLECT<FF>	pre-pointer block		medium	0xFF-delimited record; not paired because translated lengths differ
EN-PRE-120	ff_delimited	english	Bank 1 pre-pointer text area						0x05B2C		0x05B35		0x05B35		8D BA 8B 89 95 8B 89 95 FF		M<BA>KIUKIU<FF>	pre-pointer block		medium	0xFF-delimited record; not paired because translated lengths differ
EN-PRE-121	ff_delimited	english	Bank 1 pre-pointer text area						0x05B35		0x05B3D		0x05B3D		8D BA 93 97 89 8E 87 FF		M<BA>SWING<FF>	pre-pointer block		medium	0xFF-delimited record; not paired because translated lengths differ
EN-PRE-122	ff_delimited	english	Bank 1 pre-pointer text area						0x05B3D		0x05B44		0x05B44		90 89 83 8B 8C 85 FF		PICKLE<FF>	pre-pointer block		medium	0xFF-delimited record; not paired because translated lengths differ
EN-PRE-123	ff_delimited	english	Bank 1 pre-pointer text area						0x05B44		0x05B49		0x05B49		8D 85 81 8C FF		MEAL<FF>	pre-pointer block		medium	0xFF-delimited record; not paired because translated lengths differ
EN-PRE-124	ff_delimited	english	Bank 1 pre-pointer text area						0x05B49		0x05B4E		0x05B4E		93 8F 82 81 FF		SOBA<FF>	pre-pointer block		medium	0xFF-delimited record; not paired because translated lengths differ
EN-PRE-125	ff_delimited	english	Bank 1 pre-pointer text area						0x05B4E		0x05B53		0x05B53		95 84 8F 8E FF		UDON<FF>	pre-pointer block		medium	0xFF-delimited record; not paired because translated lengths differ
EN-PRE-126	ff_delimited	english	Bank 1 pre-pointer text area						0x05B53		0x05B58		0x05B58		93 8F 95 90 FF		SOUP<FF>	pre-pointer block		medium	0xFF-delimited record; not paired because translated lengths differ
EN-PRE-127	ff_delimited	english	Bank 1 pre-pointer text area						0x05B58		0x05B5C		0x05B5C		89 8D 8F FF		IMO<FF>	pre-pointer block		medium	0xFF-delimited record; not paired because translated lengths differ
EN-PRE-128	ff_delimited	english	Bank 1 pre-pointer text area						0x05B5C		0x05B61		0x05B61		86 89 93 88 FF		FISH<FF>	pre-pointer block		medium	0xFF-delimited record; not paired because translated lengths differ
EN-PRE-129	ff_delimited	english	Bank 1 pre-pointer text area						0x05B61		0x05B69		0x05B69		94 85 8E 90 95 92 81 FF		TENPURA<FF>	pre-pointer block		medium	0xFF-delimited record; not paired because translated lengths differ
EN-PRE-130	ff_delimited	english	Bank 1 pre-pointer text area						0x05B69		0x05B6F		0x05B6F		84 81 8E 87 8F FF		DANGO<FF>	pre-pointer block		medium	0xFF-delimited record; not paired because translated lengths differ
EN-PRE-131	ff_delimited	english	Bank 1 pre-pointer text area						0x05B6F		0x05B78		0x05B78		92 89 83 85 82 81 8C 8C FF		RICEBALL<FF>	pre-pointer block		medium	0xFF-delimited record; not paired because translated lengths differ
EN-PRE-132	ff_delimited	english	Bank 1 pre-pointer text area						0x05B78		0x05B7F		0x05B7F		8D 81 8E 8A 95 95 FF		MANJUU<FF>	pre-pointer block		medium	0xFF-delimited record; not paired because translated lengths differ
EN-PRE-133	ff_delimited	english	Bank 1 pre-pointer text area						0x05B7F		0x05B85		0x05B85		93 95 93 88 89 FF		SUSHI<FF>	pre-pointer block		medium	0xFF-delimited record; not paired because translated lengths differ
EN-PRE-134	ff_delimited	english	Bank 1 pre-pointer text area						0x05B85		0x05B8B		0x05B8B		93 81 8C 96 85 FF		SALVE<FF>	pre-pointer block		medium	0xFF-delimited record; not paired because translated lengths differ
EN-PRE-135	ff_delimited	english	Bank 1 pre-pointer text area						0x05B8B		0x05B94		0x05B94		90 8F 95 8C 94 89 83 85 FF		POULTICE<FF>	pre-pointer block		medium	0xFF-delimited record; not paired because translated lengths differ
EN-PRE-136	ff_delimited	english	Bank 1 pre-pointer text area						0x05B94		0x05B9A		0x05B9A		94 8F 8E 89 83 FF		TONIC<FF>	pre-pointer block		medium	0xFF-delimited record; not paired because translated lengths differ
EN-PRE-137	ff_delimited	english	Bank 1 pre-pointer text area						0x05B9A		0x05BA2		0x05BA2		26 94 8F 99 81 8D 81 FF		<26>TOYAMA<FF>	pre-pointer block		medium	0xFF-delimited record; not paired because translated lengths differ
EN-PRE-138	ff_delimited	english	Bank 1 pre-pointer text area						0x05BA2		0x05BA9		0x05BA9		85 8C 89 98 89 92 FF		ELIXIR<FF>	pre-pointer block		medium	0xFF-delimited record; not paired because translated lengths differ
EN-PRE-139	ff_delimited	english	Bank 1 pre-pointer text area						0x05BA9		0x05BB1		0x05BB1		2A 83 8F 94 94 8F 8E FF		<2A>COTTON<FF>	pre-pointer block		medium	0xFF-delimited record; not paired because translated lengths differ
EN-PRE-140	ff_delimited	english	Bank 1 pre-pointer text area						0x05BB1		0x05BB9		0x05BB9		27 83 8F 94 94 8F 8E FF		<27>COTTON<FF>	pre-pointer block		medium	0xFF-delimited record; not paired because translated lengths differ
EN-PRE-141	ff_delimited	english	Bank 1 pre-pointer text area						0x05BB9		0x05BBF		0x05BBF		24 8C 8F 8E 87 FF		<24>LONG<FF>	pre-pointer block		medium	0xFF-delimited record; not paired because translated lengths differ
EN-PRE-142	ff_delimited	english	Bank 1 pre-pointer text area						0x05BBF		0x05BC8		0x05BC8		28 8F 82 93 83 85 8E 85 FF		<28>OBSCENE<FF>	pre-pointer block		medium	0xFF-delimited record; not paired because translated lengths differ
EN-PRE-143	ff_delimited	english	Bank 1 pre-pointer text area						0x05BC8		0x05BD0		0x05BD0		25 83 8F 8D 8D 8F 8E FF		<25>COMMON<FF>	pre-pointer block		medium	0xFF-delimited record; not paired because translated lengths differ
EN-PRE-144	ff_delimited	english	Bank 1 pre-pointer text area						0x05BD0		0x05BD6		0x05BD6		20 97 89 84 85 FF		<20>WIDE<FF>	pre-pointer block		medium	0xFF-delimited record; not paired because translated lengths differ
EN-PRE-145	ff_delimited	english	Bank 1 pre-pointer text area						0x05BD6		0x05BDD		0x05BDD		21 94 88 89 83 8B FF		<21>THICK<FF>	pre-pointer block		medium	0xFF-delimited record; not paired because translated lengths differ
EN-PRE-146	ff_delimited	english	Bank 1 pre-pointer text area						0x05BDD		0x05BE4		0x05BE4		2B 97 88 89 94 85 FF		<2B>WHITE<FF>	pre-pointer block		medium	0xFF-delimited record; not paired because translated lengths differ
EN-PRE-147	ff_delimited	english	Bank 1 pre-pointer text area						0x05BE4		0x05BE9		0x05BE9		29 93 95 8E FF		<29>SUN<FF>	pre-pointer block		medium	0xFF-delimited record; not paired because translated lengths differ
EN-PRE-148	ff_delimited	english	Bank 1 pre-pointer text area						0x05BE9		0x05BF1		0x05BF1		23 90 92 89 83 85 99 FF		<23>PRICEY<FF>	pre-pointer block		medium	0xFF-delimited record; not paired because translated lengths differ
EN-PRE-149	ff_delimited	english	Bank 1 pre-pointer text area						0x05BF1		0x05BF7		0x05BF7		2A 93 89 8C 8B FF		<2A>SILK<FF>	pre-pointer block		medium	0xFF-delimited record; not paired because translated lengths differ
EN-PRE-150	ff_delimited	english	Bank 1 pre-pointer text area						0x05BF7		0x05BFD		0x05BFD		27 93 89 8C 8B FF		<27>SILK<FF>	pre-pointer block		medium	0xFF-delimited record; not paired because translated lengths differ
EN-PRE-151	ff_delimited	english	Bank 1 pre-pointer text area						0x05BFD		0x05BFE		0x05BFE		FF		<FF>	pre-pointer block		medium	0xFF-delimited record; not paired because translated lengths differ
EN-PRE-152	ff_delimited	english	Bank 1 pre-pointer text area						0x05BFE		0x05C05		0x05C05		24 94 88 89 83 8B FF		<24>THICK<FF>	pre-pointer block		medium	0xFF-delimited record; not paired because translated lengths differ
EN-PRE-153	ff_delimited	english	Bank 1 pre-pointer text area						0x05C05		0x05C0C		0x05C0C		28 93 81 95 83 99 FF		<28>SAUCY<FF>	pre-pointer block		medium	0xFF-delimited record; not paired because translated lengths differ
EN-PRE-154	ff_delimited	english	Bank 1 pre-pointer text area						0x05C0C		0x05C14		0x05C14		25 8E 81 92 89 94 81 FF		<25>NARITA<FF>	pre-pointer block		medium	0xFF-delimited record; not paired because translated lengths differ
EN-PRE-155	ff_delimited	english	Bank 1 pre-pointer text area						0x05C14		0x05C19		0x05C19		20 8A 85 94 FF		<20>JET<FF>	pre-pointer block		medium	0xFF-delimited record; not paired because translated lengths differ
EN-PRE-156	ff_delimited	english	Bank 1 pre-pointer text area						0x05C19		0x05C1F		0x05C1F		20 93 8F 86 94 FF		<20>SOFT<FF>	pre-pointer block		medium	0xFF-delimited record; not paired because translated lengths differ
EN-PRE-157	ff_delimited	english	Bank 1 pre-pointer text area						0x05C1F		0x05C25		0x05C25		2B 97 8F 8F 8C FF		<2B>WOOL<FF>	pre-pointer block		medium	0xFF-delimited record; not paired because translated lengths differ
EN-PRE-158	ff_delimited	english	Bank 1 pre-pointer text area						0x05C25		0x05C2E		0x05C2E		29 94 97 89 93 94 85 84 FF		<29>TWISTED<FF>	pre-pointer block		medium	0xFF-delimited record; not paired because translated lengths differ
EN-PRE-159	ff_delimited	english	Bank 1 pre-pointer text area						0x05C2E		0x05C36		0x05C36		23 90 8F 8E 87 85 85 FF		<23>PONGEE<FF>	pre-pointer block		medium	0xFF-delimited record; not paired because translated lengths differ
EN-PRE-160	ff_delimited	english	Bank 1 pre-pointer text area						0x05C36		0x05C3F		0x05C3F		84 8F 95 82 8C 85 95 90 FF		DOUBLEUP<FF>	pre-pointer block		medium	0xFF-delimited record; not paired because translated lengths differ
EN-PRE-161	ff_delimited	english	Bank 1 pre-pointer text area						0x05C3F		0x05C45		0x05C45		20 93 8E 8F 97 FF		<20>SNOW<FF>	pre-pointer block		medium	0xFF-delimited record; not paired because translated lengths differ
EN-PRE-162	ff_delimited	english	Bank 1 pre-pointer text area						0x05C45		0x05C4D		0x05C4D		20 93 90 89 8B 85 84 FF		<20>SPIKED<FF>	pre-pointer block		medium	0xFF-delimited record; not paired because translated lengths differ
EN-PRE-163	ff_delimited	english	Bank 1 pre-pointer text area						0x05C4D		0x05C54		0x05C54		27 83 81 8D 85 8C FF		<27>CAMEL<FF>	pre-pointer block		medium	0xFF-delimited record; not paired because translated lengths differ
EN-PRE-164	ff_delimited	english	Bank 1 pre-pointer text area						0x05C54		0x05C5B		0x05C5B		27 8B 81 90 90 81 FF		<27>KAPPA<FF>	pre-pointer block		medium	0xFF-delimited record; not paired because translated lengths differ
EN-PRE-165	ff_delimited	english	Bank 1 pre-pointer text area						0x05C5B		0x05C62		0x05C62		23 8D 81 87 89 83 FF		<23>MAGIC<FF>	pre-pointer block		medium	0xFF-delimited record; not paired because translated lengths differ
EN-PRE-166	ff_delimited	english	Bank 1 pre-pointer text area						0x05C62		0x05C69		0x05C69		25 93 81 8E 8B 89 FF		<25>SANKI<FF>	pre-pointer block		medium	0xFF-delimited record; not paired because translated lengths differ
EN-PRE-167	ff_delimited	english	Bank 1 pre-pointer text area						0x05C69		0x05C72		0x05C72		8D 81 90 38 83 92 93 92 FF		MAP<38>CRSR<FF>	pre-pointer block		medium	0xFF-delimited record; not paired because translated lengths differ
EN-PRE-168	ff_delimited	english	Bank 1 pre-pointer text area						0x05C72		0x05C7B		0x05C7B		26 8D 99 93 94 85 92 99 FF		<26>MYSTERY<FF>	pre-pointer block		medium	0xFF-delimited record; not paired because translated lengths differ
EN-PRE-169	ff_delimited	english	Bank 1 pre-pointer text area						0x05C7B		0x05C84		0x05C84		87 8F 8F 84 94 89 8D 85 FF		GOODTIME<FF>	pre-pointer block		medium	0xFF-delimited record; not paired because translated lengths differ
EN-PRE-170	ff_delimited	english	Bank 1 pre-pointer text area						0x05C84		0x05C8D		0x05C8D		C2 30 85 86 86 85 83 94 FF		<C2><30>EFFECT<FF>	pre-pointer block		medium	0xFF-delimited record; not paired because translated lengths differ
EN-PRE-171	ff_delimited	english	Bank 1 pre-pointer text area						0x05C8D		0x05C95		0x05C95		2C 8D 81 93 94 85 92 FF		<2C>MASTER<FF>	pre-pointer block		medium	0xFF-delimited record; not paired because translated lengths differ
EN-PRE-172	ff_delimited	english	Bank 1 pre-pointer text area						0x05C95		0x05C9C		0x05C9C		21 8A 95 8D 90 00 FF		<21>JUMP<00><FF>	pre-pointer block		medium	0xFF-delimited record; not paired because translated lengths differ
EN-PRE-173	ff_delimited	english	Bank 1 pre-pointer text area						0x05C9C		0x05CA3		0x05CA3		20 8B 81 90 90 81 FF		<20>KAPPA<FF>	pre-pointer block		medium	0xFF-delimited record; not paired because translated lengths differ
EN-PRE-174	ff_delimited	english	Bank 1 pre-pointer text area						0x05CA3		0x05CA4		0x05CA4		FF		<FF>	pre-pointer block		medium	0xFF-delimited record; not paired because translated lengths differ
EN-PRE-175	ff_delimited	english	Bank 1 pre-pointer text area						0x05CA4		0x05CA5		0x05CA5		FF		<FF>	pre-pointer block		medium	0xFF-delimited record; not paired because translated lengths differ
EN-PRE-176	ff_delimited	english	Bank 1 pre-pointer text area						0x05CA5		0x05CAC		0x05CAC		27 83 81 8D 85 8C FF		<27>CAMEL<FF>	pre-pointer block		medium	0xFF-delimited record; not paired because translated lengths differ
EN-PRE-177	ff_delimited	english	Bank 1 pre-pointer text area						0x05CAC		0x05CB5		0x05CB5		92 81 89 8E 83 8F 81 94 FF		RAINCOAT<FF>	pre-pointer block		medium	0xFF-delimited record; not paired because translated lengths differ
EN-PRE-178	ff_delimited	english	Bank 1 pre-pointer text area						0x05CB5		0x05CB6		0x05CB6		FF		<FF>	pre-pointer block		medium	0xFF-delimited record; not paired because translated lengths differ
EN-PRE-179	ff_delimited	english	Bank 1 pre-pointer text area						0x05CB6		0x05CB7		0x05CB7		FF		<FF>	pre-pointer block		medium	0xFF-delimited record; not paired because translated lengths differ
EN-PRE-180	ff_delimited	english	Bank 1 pre-pointer text area						0x05CB7		0x05CB8		0x05CB8		FF		<FF>	pre-pointer block		medium	0xFF-delimited record; not paired because translated lengths differ
EN-PRE-181	ff_delimited	english	Bank 1 pre-pointer text area						0x05CB8		0x05CB9		0x05CB9		FF		<FF>	pre-pointer block		medium	0xFF-delimited record; not paired because translated lengths differ
EN-PRE-182	ff_delimited	english	Bank 1 pre-pointer text area						0x05CB9		0x05CD6		0x05CD6		C1 9C C6 9C CA 9C D0 9C D5 9C D9 9C DF 9C E3 9C E8 9C EC 9C F0 9C F8 9C 93 94 81 8D FF		<C1><9C><C6><9C><CA><9C><D0><9C><D5><9C><D9><9C><DF><9C><E3><9C><E8><9C><EC><9C><F0><9C><F8><9C>STAM<FF>	pre-pointer block		medium	0xFF-delimited record; not paired because translated lengths differ
EN-PRE-183	ff_delimited	english	Bank 1 pre-pointer text area						0x05CD6		0x05CDA		0x05CDA		96 89 94 FF		VIT<FF>	pre-pointer block		medium	0xFF-delimited record; not paired because translated lengths differ
EN-PRE-184	ff_delimited	english	Bank 1 pre-pointer text area						0x05CDA		0x05CE0		0x05CE0		90 95 8E 83 88 FF		PUNCH<FF>	pre-pointer block		medium	0xFF-delimited record; not paired because translated lengths differ
EN-PRE-185	ff_delimited	english	Bank 1 pre-pointer text area						0x05CE0		0x05CE5		0x05CE5		8B 89 83 8B FF		KICK<FF>	pre-pointer block		medium	0xFF-delimited record; not paired because translated lengths differ
EN-PRE-186	ff_delimited	english	Bank 1 pre-pointer text area						0x05CE5		0x05CE9		0x05CE9		97 90 8E FF		WPN<FF>	pre-pointer block		medium	0xFF-delimited record; not paired because translated lengths differ
EN-PRE-187	ff_delimited	english	Bank 1 pre-pointer text area						0x05CE9		0x05CEF		0x05CEF		94 88 92 8F 97 FF		THROW<FF>	pre-pointer block		medium	0xFF-delimited record; not paired because translated lengths differ
EN-PRE-188	ff_delimited	english	Bank 1 pre-pointer text area						0x05CEF		0x05CF3		0x05CF3		81 87 89 FF		AGI<FF>	pre-pointer block		medium	0xFF-delimited record; not paired because translated lengths differ
EN-PRE-189	ff_delimited	english	Bank 1 pre-pointer text area						0x05CF3		0x05CF8		0x05CF8		97 89 8C 8C FF		WILL<FF>	pre-pointer block		medium	0xFF-delimited record; not paired because translated lengths differ
EN-PRE-190	ff_delimited	english	Bank 1 pre-pointer text area						0x05CF8		0x05CFC		0x05CFC		84 85 86 FF		DEF<FF>	pre-pointer block		medium	0xFF-delimited record; not paired because translated lengths differ
EN-PRE-191	ff_delimited	english	Bank 1 pre-pointer text area						0x05CFC		0x05D00		0x05D00		93 94 92 FF		STR<FF>	pre-pointer block		medium	0xFF-delimited record; not paired because translated lengths differ
EN-PRE-192	ff_delimited	english	Bank 1 pre-pointer text area						0x05D00		0x05D08		0x05D08		8D 81 98 00 96 89 94 FF		MAX<00>VIT<FF>	pre-pointer block		medium	0xFF-delimited record; not paired because translated lengths differ
EN-PRE-193	ff_delimited	english	Bank 1 pre-pointer text area						0x05D08		0x05D11		0x05D11		8D 81 98 00 93 94 81 8D FF		MAX<00>STAM<FF>	pre-pointer block		medium	0xFF-delimited record; not paired because translated lengths differ
EN-PRE-194	ff_delimited	english	Bank 1 pre-pointer text area						0x05D11		0x05D18		0x05D18		93 95 92 95 87 81 FF		SURUGA<FF>	pre-pointer block		medium	0xFF-delimited record; not paired because translated lengths differ
EN-PRE-195	ff_delimited	english	Bank 1 pre-pointer text area						0x05D18		0x05D1A		0x05D1A		9A FF		Z<FF>	pre-pointer block		medium	0xFF-delimited record; not paired because translated lengths differ
EN-PRE-196	ff_delimited	english	Bank 1 pre-pointer text area						0x05D1A		0x05D1B		0x05D1B		FF		<FF>	pre-pointer block		medium	0xFF-delimited record; not paired because translated lengths differ
EN-PRE-197	ff_delimited	english	Bank 1 pre-pointer text area						0x05D1B		0x05D1C		0x05D1C		FF		<FF>	pre-pointer block		medium	0xFF-delimited record; not paired because translated lengths differ
EN-PRE-198	ff_delimited	english	Bank 1 pre-pointer text area						0x05D1C		0x05D1D		0x05D1D		FF		<FF>	pre-pointer block		medium	0xFF-delimited record; not paired because translated lengths differ
EN-PRE-199	ff_delimited	english	Bank 1 pre-pointer text area						0x05D1D		0x05D22		0x05D22		8B 8F 95 9A FF		KOUZ<FF>	pre-pointer block		medium	0xFF-delimited record; not paired because translated lengths differ
EN-PRE-200	ff_delimited	english	Bank 1 pre-pointer text area						0x05D22		0x05D23		0x05D23		FF		<FF>	pre-pointer block		medium	0xFF-delimited record; not paired because translated lengths differ
EN-PRE-201	ff_delimited	english	Bank 1 pre-pointer text area						0x05D23		0x05D29		0x05D29		92 89 8B 95 83 FF		RIKUC<FF>	pre-pointer block		medium	0xFF-delimited record; not paired because translated lengths differ
EN-PRE-202	ff_delimited	english	Bank 1 pre-pointer text area						0x05D29		0x05D2F		0x05D2F		85 83 83 88 95 FF		ECCHU<FF>	pre-pointer block		medium	0xFF-delimited record; not paired because translated lengths differ
EN-PRE-203	ff_delimited	english	Bank 1 pre-pointer text area						0x05D2F		0x05D33		0x05D33		89 8E 81 FF		INA<FF>	pre-pointer block		medium	0xFF-delimited record; not paired because translated lengths differ
EN-PRE-204	ff_delimited	english	Bank 1 pre-pointer text area						0x05D33		0x05D34		0x05D34		FF		<FF>	pre-pointer block		medium	0xFF-delimited record; not paired because translated lengths differ
EN-PRE-205	ff_delimited	english	Bank 1 pre-pointer text area						0x05D34		0x05D35		0x05D35		FF		<FF>	pre-pointer block		medium	0xFF-delimited record; not paired because translated lengths differ
EN-PRE-206	ff_delimited	english	Bank 1 pre-pointer text area						0x05D35		0x05D39		0x05D39		8B 81 97 FF		KAW<FF>	pre-pointer block		medium	0xFF-delimited record; not paired because translated lengths differ
EN-PRE-207	ff_delimited	english	Bank 1 pre-pointer text area						0x05D39		0x05D3A		0x05D3A		FF		<FF>	pre-pointer block		medium	0xFF-delimited record; not paired because translated lengths differ
EN-PRE-208	ff_delimited	english	Bank 1 pre-pointer text area						0x05D3A		0x05D3B		0x05D3B		FF		<FF>	pre-pointer block		medium	0xFF-delimited record; not paired because translated lengths differ
EN-PRE-209	ff_delimited	english	Bank 1 pre-pointer text area						0x05D3B		0x05D3E		0x05D3E		94 8F FF		TO<FF>	pre-pointer block		medium	0xFF-delimited record; not paired because translated lengths differ
EN-PRE-210	ff_delimited	english	Bank 1 pre-pointer text area						0x05D3E		0x05D3F		0x05D3F		FF		<FF>	pre-pointer block		medium	0xFF-delimited record; not paired because translated lengths differ
EN-PRE-211	ff_delimited	english	Bank 1 pre-pointer text area						0x05D3F		0x05D40		0x05D40		FF		<FF>	pre-pointer block		medium	0xFF-delimited record; not paired because translated lengths differ
EN-PRE-212	ff_delimited	english	Bank 1 pre-pointer text area						0x05D40		0x05D41		0x05D41		FF		<FF>	pre-pointer block		medium	0xFF-delimited record; not paired because translated lengths differ
EN-PRE-213	ff_delimited	english	Bank 1 pre-pointer text area						0x05D41		0x05D45		0x05D45		8E 81 87 FF		NAG<FF>	pre-pointer block		medium	0xFF-delimited record; not paired because translated lengths differ
EN-PRE-214	ff_delimited	english	Bank 1 pre-pointer text area						0x05D45		0x05D46		0x05D46		FF		<FF>	pre-pointer block		medium	0xFF-delimited record; not paired because translated lengths differ
EN-PRE-215	ff_delimited	english	Bank 1 pre-pointer text area						0x05D46		0x05D47		0x05D47		FF		<FF>	pre-pointer block		medium	0xFF-delimited record; not paired because translated lengths differ
EN-PRE-216	ff_delimited	english	Bank 1 pre-pointer text area						0x05D47		0x05D4B		0x05D4B		88 89 9A FF		HIZ<FF>	pre-pointer block		medium	0xFF-delimited record; not paired because translated lengths differ
EN-PRE-217	ff_delimited	english	Bank 1 pre-pointer text area						0x05D4B		0x05D4C		0x05D4C		FF		<FF>	pre-pointer block		medium	0xFF-delimited record; not paired because translated lengths differ
EN-PRE-218	ff_delimited	english	Bank 1 pre-pointer text area						0x05D4C		0x05D4D		0x05D4D		FF		<FF>	pre-pointer block		medium	0xFF-delimited record; not paired because translated lengths differ
EN-PRE-219	ff_delimited	english	Bank 1 pre-pointer text area						0x05D4D		0x05D51		0x05D51		B3 B4 B5 FF		<B3><B4><B5><FF>	pre-pointer block		medium	0xFF-delimited record; not paired because translated lengths differ
EN-PRE-220	ff_delimited	english	Bank 1 pre-pointer text area						0x05D51		0x05D55		0x05D55		8F 84 84 FF		ODD<FF>	pre-pointer block		medium	0xFF-delimited record; not paired because translated lengths differ
EN-PRE-221	ff_delimited	english	Bank 1 pre-pointer text area						0x05D55		0x05D57		0x05D57		C0 FF		<C0><FF>	pre-pointer block		medium	0xFF-delimited record; not paired because translated lengths differ
EN-PRE-222	ff_delimited	english	Bank 1 pre-pointer text area						0x05D57		0x05D59		0x05D59		C1 FF		<C1><FF>	pre-pointer block		medium	0xFF-delimited record; not paired because translated lengths differ
EN-PRE-223	ff_delimited	english	Bank 1 pre-pointer text area						0x05D59		0x05D5B		0x05D5B		C2 FF		<C2><FF>	pre-pointer block		medium	0xFF-delimited record; not paired because translated lengths differ
EN-PRE-224	ff_delimited	english	Bank 1 pre-pointer text area						0x05D5B		0x05D5D		0x05D5D		C3 FF		<C3><FF>	pre-pointer block		medium	0xFF-delimited record; not paired because translated lengths differ
EN-PRE-225	ff_delimited	english	Bank 1 pre-pointer text area						0x05D5D		0x05D5F		0x05D5F		C4 FF		<C4><FF>	pre-pointer block		medium	0xFF-delimited record; not paired because translated lengths differ
EN-PRE-226	ff_delimited	english	Bank 1 pre-pointer text area						0x05D5F		0x05D61		0x05D61		C5 FF		<C5><FF>	pre-pointer block		medium	0xFF-delimited record; not paired because translated lengths differ
EN-PRE-227	ff_delimited	english	Bank 1 pre-pointer text area						0x05D61		0x05D63		0x05D63		C6 FF		<C6><FF>	pre-pointer block		medium	0xFF-delimited record; not paired because translated lengths differ
EN-PRE-228	ff_delimited	english	Bank 1 pre-pointer text area						0x05D63		0x05DD4				AD 7F 70 C9 B6 90 1D C9 DB B0 19 C9 BC F0 15 38 E9 B6 A8 B9 9D 9D A8 B9 50 00 09 10 99 50 00 A9 00 99 69 00 60 AD 7F 70 C9 B6 90 1D C9 DB B0 19 C9 BC F0 F0 38 E9 B6 A8 B9 9D 9D A8 B9 50 00 29 EF 99 50 00 A9 00 99 69 00 60 01 01 02 00 02 03 00 03 00 03 03 03 03 00 03 03 03 03 03 03 02 03 03 03 00 00 03 03 03 00 03 02 02 00 00 00 00 B0 9F		<AD><7F><70><C9><B6>P<1D><C9><DB><B0><19><C9><BC><F0><15><38><E9><B6><A8><B9><9D><9D><A8><B9><50><00><09><10>Y<50><00><A9><00>Y<69><00><60><AD><7F><70><C9><B6>P<1D><C9><DB><B0><19><C9><BC><F0><F0><38><E9><B6><A8><B9><9D><9D><A8><B9><50><00><29><EF>Y<50><00><A9><00>Y<69><00><60><01><01><02><00><02><03><00><03><00><03><03><03><03><00><03><03><03><03><03><03><02><03><03><03><00><00><03><03><03><00><03><02><02><00><00><00><00><B0><9F>	pre-pointer block		medium	unterminated tail record; not paired
PTR-000	pointer_pair	paired	Bank 1 pointer-driven text	0	0x05DD4	0x9FD7	0x9FD6	0x05FE7	0x05FE6	0x06009	0x06012	0x06009	0x06012	F0 BB 8A 8A AD 00 94 85 AE 95 8D B4 90 86 A7 96 AF F8 F9 00 8C B7 83 1C 8C 93 A3 A7 82 A4 8D 0E CA FF	F0 BB 00 93 8F 00 86 89 87 88 94 00 8D 85 00 8F 92 00 89 00 81 89 8E B6 94 F8 8C 85 94 94 89 8E 87 00 99 8F 95 00 90 81 93 93 CA FF	<F0><BB><8A><8A><AD><00><94><85><AE><95><8D><B4><90><86><A7><96><AF><F8><F9><00><8C><B7><83><1C><8C><93><A3><A7><82><A4><8D><0E><CA><FF>	<F0><BB><00>SO<00>FIGHT<00>ME<00>OR<00>I<00>AIN<B6>T<F8>LETTING<00>YOU<00>PASS<CA><FF>	bank1_after_pointer_table	1	high	none
PTR-001	pointer_pair	paired	Bank 1 pointer-driven text	1	0x05DD6	0x9FF9	0xA002	0x06009	0x06012	0x06014	0x06020	0x06014	0x06020	F0 BB A6 00 A6 AC 8D 07 A9 CB FF	F0 BB 00 88 8F 8C 99 00 93 88 89 94 CA FF	<F0><BB><A6><00><A6><AC><8D><07><A9><CB><FF>	<F0><BB><00>HOLY<00>SHIT<CA><FF>	bank1_after_pointer_table	1	high	none
PTR-002	pointer_pair	paired	Bank 1 pointer-driven text	2	0x05DD8	0xA004	0xA010	0x06014	0x06020	0x06022	0x06039	0x06022	0x06039	F0 BB 9F 90 00 81 82 8C A4 8C 90 98 CD FF	F0 BB 00 81 88 71 93 8F CA 00 97 85 00 8D 85 85 94 00 81 87 81 89 8E BA FF	<F0><BB><9F><90><00><81><82><8C><A4><8C><90><98><CD><FF>	<F0><BB><00>AH<71>SO<CA><00>WE<00>MEET<00>AGAIN<BA><FF>	bank1_after_pointer_table	1	high	none
PTR-003	pointer_pair	paired	Bank 1 pointer-driven text	3	0x05DDA	0xA012	0xA029	0x06022	0x06039	0x06054	0x06064	0x06054	0x06064	F0 BB 8F 85 82 A4 AF 00 A0 B7 83 95 9C 90 A8 08 A0 06 82 A4 8C 90 98 F8 F9 00 85 A2 B2 8B AE 06 00 8B 06 8C 93 A9 A4 92 A7 96 00 91 09 B2 98 B2 A6 FF	F0 BB 00 92 85 8D 85 8D 82 85 92 00 94 88 8F 93 85 00 84 95 84 85 93 CC F8 94 88 85 99 B6 92 85 00 94 88 85 00 8F 8E 85 93 CA FF	<F0><BB><8F><85><82><A4><AF><00><A0><B7><83><95><9C><90><A8><08><A0><06><82><A4><8C><90><98><F8><F9><00><85><A2><B2><8B><AE><06><00><8B><06><8C><93><A9><A4><92><A7><96><00><91><09><B2><98><B2><A6><FF>	<F0><BB><00>REMEMBER<00>THOSE<00>DUDES<CC><F8>THEY<B6>RE<00>THE<00>ONES<CA><FF>	bank1_after_pointer_table	1	high	none
PTR-004	pointer_pair	paired	Bank 1 pointer-driven text	4	0x05DDC	0xA044	0xA054	0x06054	0x06064	0x0607E	0x06081	0x0607E	0x06081	F0 BB 85 A2 B2 8B AE 06 90 00 A6 8F A3 AE 99 88 8E 96 F8 F9 00 A2 B4 5E 83 00 92 84 B2 B4 93 9A 95 8C 0C B5 98 B2 86 82 CC FF	F0 BB 00 88 8F 97 00 84 89 84 00 99 8F 95 00 82 85 81 94 F8 8D 99 00 82 8F 99 93 CC FF	<F0><BB><85><A2><B2><8B><AE><06><90><00><A6><8F><A3><AE><99><88><8E><96><F8><F9><00><A2><B4><5E><83><00><92><84><B2><B4><93><9A><95><8C><0C><B5><98><B2><86><82><CC><FF>	<F0><BB><00>HOW<00>DID<00>YOU<00>BEAT<F8>MY<00>BOYS<CC><FF>	bank1_after_pointer_table	1	high	none
PTR-005	pointer_pair	paired	Bank 1 pointer-driven text	5	0x05DDE	0xA06E	0xA071	0x0607E	0x06081	0x06089	0x0609A	0x06089	0x0609A	F0 BB 92 A6 88 98 B2 86 82 CC FF	F0 BB 00 99 8F 95 00 86 89 87 88 94 00 8C 89 8B 85 00 81 00 97 95 93 CA FF	<F0><BB><92><A6><88><98><B2><86><82><CC><FF>	<F0><BB><00>YOU<00>FIGHT<00>LIKE<00>A<00>WUS<CA><FF>	bank1_after_pointer_table	1	high	none
PTR-006	pointer_pair	paired	Bank 1 pointer-driven text	6	0x05DE0	0xA079	0xA08A	0x06089	0x0609A	0x060A2	0x060B5	0x060A2	0x060B5	F0 BB 85 A0 8F AA 8C A4 8C 90 B4 00 95 86 9F 96 8C 93 85 88 AE 95 8E B2 FF	F0 BB 00 90 8C 85 81 93 85 00 8C 85 94 00 8D 85 00 8A 8F 89 8E 00 99 8F 95 CA FF	<F0><BB><85><A0><8F><AA><8C><A4><8C><90><B4><00><95><86><9F><96><8C><93><85><88><AE><95><8E><B2><FF>	<F0><BB><00>PLEASE<00>LET<00>ME<00>JOIN<00>YOU<CA><FF>	bank1_after_pointer_table	5	high	duplicate English target
PTR-007	pointer_pair	paired	Bank 1 pointer-driven text	7	0x05DE2	0xA092	0xA0A5	0x060A2	0x060B5	0x060AD	0x060C9	0x060AD		F0 BB A6 AC 88 98 B2 86 82 CC FF	F0 BB 00 88 85 00 81 89 8E B6 94 00 8E 8F 94 88 89 8E B6 CB	<F0><BB><A6><AC><88><98><B2><86><82><CC><FF>	<F0><BB><00>HE<00>AIN<B6>T<00>NOTHIN<B6><CB>	bank1_after_pointer_table	1	high	none
PTR-008	pointer_pair	paired	Bank 1 pointer-driven text	8	0x05DE4	0xA09D	0xA0B9	0x060AD	0x060C9	0x060C3	0x060DE	0x060C3	0x060CA	F0 BB 81 B4 8C A3 92 AA 93 82 B4 93 85 88 AE 95 8B 82 A6 B3 CA FF	FF F0 BB 00 8C 85 94 00 8D 85 00 83 8F 8D 85 00 94 8F 8F CA FF	<F0><BB><81><B4><8C><A3><92><AA><93><82><B4><93><85><88><AE><95><8B><82><A6><B3><CA><FF>	<FF><F0><BB><00>LET<00>ME<00>COME<00>TOO<CA><FF>	bank1_after_pointer_table	1	high	none
PTR-009	pointer_pair	paired	Bank 1 pointer-driven text	9	0x05DE6	0xA0B3	0xB0DF	0x060C3	0x070EF	0x060D3	0x0712C	0x060D3	0x07106	F0 BB FA 8B AE 13 CC 00 85 93 81 AC 8E AD CA FF	F0 BB 00 8F 8B B9 00 FA B9 00 8C 85 94 B6 93 00 86 89 87 88 94 CA FF	<F0><BB><FA><8B><AE><13><CC><00><85><93><81><AC><8E><AD><CA><FF>	<F0><BB><00>OK<B9><00><FA><B9><00>LET<B6>S<00>FIGHT<CA><FF>	bank1_after_pointer_table	1	high	none
PTR-010	pointer_pair	paired	Bank 1 pointer-driven text	10	0x05DE8	0xA0C3	0xA0E3	0x060D3	0x060F3	0x06102	0x06112	0x06102	0x06112	F0 BB A2 84 A8 A4 8C 90 CA 00 8B 8D 06 CB 00 A4 92 99 82 B4 90 94 85 A8 10 F8 F9 00 81 B4 8C A3 00 95 96 86 00 91 86 A7 96 95 A8 A4 8D A6 FF	F0 BB 00 89 80 87 89 96 85 80 95 90 CA F8 99 8F 95 B6 92 85 80 94 8F 8F 80 87 8F 8F 84 CA FF	<F0><BB><A2><84><A8><A4><8C><90><CA><00><8B><8D><06><CB><00><A4><92><99><82><B4><90><94><85><A8><10><F8><F9><00><81><B4><8C><A3><00><95><96><86><00><91><86><A7><96><95><A8><A4><8D><A6><FF>	<F0><BB><00>I GIVE UP<CA><F8>YOU<B6>RE TOO GOOD<CA><FF>	bank1_after_pointer_table	1	high	none
PTR-011	pointer_pair	paired	Bank 1 pointer-driven text	11	0x05DEA	0xA0F2	0xA119	0x06102	0x06129	0x0611B	0x06147	0x0611B	0x06147	F0 BB 93 84 8C 90 8A 94 81 A8 A4 8E AE 98 CB 00 8A AE 95 9A 0D 13 9A CB FF	F0 BB 00 99 8F 95 00 81 89 8E B6 94 00 93 85 85 8E 00 8E 8F 94 88 89 8E F8 99 85 94 CA FF	<F0><BB><93><84><8C><90><8A><94><81><A8><A4><8E><AE><98><CB><00><8A><AE><95><9A><0D><13><9A><CB><FF>	<F0><BB><00>YOU<00>AIN<B6>T<00>SEEN<00>NOTHIN<F8>YET<CA><FF>	bank1_after_pointer_table	1	high	none
PTR-012	pointer_pair	paired	Bank 1 pointer-driven text	12	0x05DEC	0xA10B	0xA137	0x0611B	0x06147	0x06123	0x0614E	0x06123	0x0614E	F0 BB 8F AA 13 9A CA FF	F0 BB 00 8F 8B CA FF	<F0><BB><8F><AA><13><9A><CA><FF>	<F0><BB><00>OK<CA><FF>	bank1_after_pointer_table	2	high	duplicate English target
PTR-013	pointer_pair	paired	Bank 1 pointer-driven text	13	0x05DEE	0xA113	0xA13E	0x06123	0x0614E	0x06132	0x06161	0x06132	0x06161	F0 BB 8D 89 10 91 00 82 90 8C A4 8D CA CA FF	F0 BB 00 8C 85 8D 8D 85 00 8B 89 83 8B 00 88 89 8D CA FF	<F0><BB><8D><89><10><91><00><82><90><8C><A4><8D><CA><CA><FF>	<F0><BB><00>LEMME<00>KICK<00>HIM<CA><FF>	bank1_after_pointer_table	1	high	none
PTR-014	pointer_pair	paired	Bank 1 pointer-driven text	14	0x05DF0	0xA122	0xA151	0x06132	0x06161	0x06158	0x06172	0x06158	0x06172	F0 BB 8A 9F 89 84 8A 94 9A 00 82 82 B4 8A 95 8C 10 F8 F9 00 85 A2 84 8B AE 96 B5 AF 00 8E AC AE 95 B4 90 0E CA FF	F0 BB 00 94 88 81 8E 8B 93 00 81 00 8C 8F 94 CA FF	<F0><BB><8A><9F><89><84><8A><94><9A><00><82><82><B4><8A><95><8C><10><F8><F9><00><85><A2><84><8B><AE><96><B5><AF><00><8E><AC><AE><95><B4><90><0E><CA><FF>	<F0><BB><00>THANKS<00>A<00>LOT<CA><FF>	bank1_after_pointer_table	1	high	none
PTR-015	pointer_pair	paired	Bank 1 pointer-driven text	15	0x05DF2	0xA148	0xA162	0x06158	0x06172	0x06168	0x06192	0x06168	0x06192	82 91 1D 84 BB 95 AE 13 84 00 85 A2 84 A7 CA FF	89 83 88 89 BB 00 97 88 8F 00 81 92 85 00 99 8F 95 00 87 95 99 93 B9 F8 81 8E 99 97 81 99 CC FF	<82><91><1D><84><BB><95><AE><13><84><00><85><A2><84><A7><CA><FF>	ICHI<BB><00>WHO<00>ARE<00>YOU<00>GUYS<B9><F8>ANYWAY<CC><FF>	bank1_after_pointer_table	1	high	none
PTR-016	pointer_pair	paired	Bank 1 pointer-driven text	16	0x05DF4	0xA158	0xA182	0x06168	0x06192	0x0617B	0x061A1	0x0617B	0x061A1	AB 88 1D 84 BB 86 9F AC 98 84 00 A4 B4 91 A2 B2 B4 CA FF	92 8F 8B 95 BB 00 87 85 94 00 B6 85 8D CB FF	<AB><88><1D><84><BB><86><9F><AC><98><84><00><A4><B4><91><A2><B2><B4><CA><FF>	ROKU<BB><00>GET<00><B6>EM<CB><FF>	bank1_after_pointer_table	1	high	none
PTR-017	pointer_pair	paired	Bank 1 pointer-driven text	17	0x05DF6	0xA16B	0xA191	0x0617B	0x061A1	0x06188	0x061B6	0x06188	0x061B6	AB 88 1D 84 BB 9F 82 A8 A4 8C 90 CA FF	92 8F 8B 95 BB 00 81 81 92 87 88 CB 00 89 00 8C 8F 93 94 CA FF	<AB><88><1D><84><BB><9F><82><A8><A4><8C><90><CA><FF>	ROKU<BB><00>AARGH<CB><00>I<00>LOST<CA><FF>	bank1_after_pointer_table	1	high	none
PTR-018	pointer_pair	paired	Bank 1 pointer-driven text	18	0x05DF8	0xA178	0xA1A6	0x06188	0x061B6	0x061AD	0x061E1	0x061AD	0x061E1	F0 BB 81 B4 8C A7 9A 00 81 88 94 83 10 06 F8 F9 00 85 AE 95 9A 00 8B A7 AC 98 B2 95 AF CB AB 88 1D 84 99 CA FF	F0 BB 00 97 85 00 8D 81 99 00 82 85 00 82 81 84 B9 00 82 95 94 00 97 85 F8 84 8F 8E B6 94 00 88 95 92 94 00 97 8F 8D 85 8E CA FF	<F0><BB><81><B4><8C><A7><9A><00><81><88><94><83><10><06><F8><F9><00><85><AE><95><9A><00><8B><A7><AC><98><B2><95><AF><CB><AB><88><1D><84><99><CA><FF>	<F0><BB><00>WE<00>MAY<00>BE<00>BAD<B9><00>BUT<00>WE<F8>DON<B6>T<00>HURT<00>WOMEN<CA><FF>	bank1_after_pointer_table	1	high	none
PTR-019	pointer_pair	paired	Bank 1 pointer-driven text	19	0x05DFA	0xA19D	0xA1D1	0x061AD	0x061E1	0x061BC	0x061F7	0x061BC	0x061F7	F0 BB 95 AE 13 B2 00 86 B4 91 9F B4 90 CA FF	F0 BB 00 97 88 81 94 CB CB 89 00 82 85 81 94 00 94 88 85 8D CA FF	<F0><BB><95><AE><13><B2><00><86><B4><91><9F><B4><90><CA><FF>	<F0><BB><00>WHAT<CB><CB>I<00>BEAT<00>THEM<CA><FF>	bank1_after_pointer_table	1	high	none
PTR-020	pointer_pair	paired	Bank 1 pointer-driven text	20	0x05DFC	0xA1AC	0xA1E7	0x061BC	0x061F7	0x061E7	0x06226	0x061E7	0x06226	F0 BB 1B 71 B4 08 1E 8D 00 0C AE AB 88 96 90 99 9F AA 93 F8 F9 00 81 95 90 06 90 AD 00 90 85 8C 9F 71 8D 98 00 85 71 89 71 CC FF	F0 BB 00 82 85 85 87 00 82 8F 93 93 00 8A 89 8E 92 8F 00 93 85 8E 94 F8 8D 85 00 94 8F 00 8B 89 83 8B 00 99 8F 95 92 00 82 95 94 94 93 CA FF	<F0><BB><1B><71><B4><08><1E><8D><00><0C><AE><AB><88><96><90><99><9F><AA><93><F8><F9><00><81><95><90><06><90><AD><00><90><85><8C><9F><71><8D><98><00><85><71><89><71><CC><FF>	<F0><BB><00>BEEG<00>BOSS<00>JINRO<00>SENT<F8>ME<00>TO<00>KICK<00>YOUR<00>BUTTS<CA><FF>	bank1_after_pointer_table	1	high	none
PTR-021	pointer_pair	paired	Bank 1 pointer-driven text	21	0x05DFE	0xA1D7	0xA216	0x061E7	0x06226	0x06214	0x06259	0x06214	0x06259	F0 BB 8D 93 87 95 00 91 B6 83 0A 88 0C AE 00 8C B7 83 86 82 8C 9F 71 8D F8 F9 00 A8 88 91 B6 83 99 00 85 AE 8E AE 96 00 82 9F 71 8D FF	F0 BB 00 89 B6 8D 00 87 8F 8E 8E 81 00 8B 89 83 8B 00 99 8F 95 92 F8 81 93 93 85 93 00 81 8C 8C 00 94 88 85 00 97 81 99 00 94 8F 00 83 88 89 8E 81 CA FF	<F0><BB><8D><93><87><95><00><91><B6><83><0A><88><0C><AE><00><8C><B7><83><86><82><8C><9F><71><8D><F8><F9><00><A8><88><91><B6><83><99><00><85><AE><8E><AE><96><00><82><9F><71><8D><FF>	<F0><BB><00>I<B6>M<00>GONNA<00>KICK<00>YOUR<F8>ASSES<00>ALL<00>THE<00>WAY<00>TO<00>CHINA<CA><FF>	bank1_after_pointer_table	1	high	none
PTR-022	pointer_pair	paired	Bank 1 pointer-driven text	22	0x05E00	0xA204	0xA137	0x06214	0x06147	0x06221	0x0614E	0x06221	0x0614E	F0 BB 8A AA 13 00 85 71 89 71 98 CD FF	F0 BB 00 8F 8B CA FF	<F0><BB><8A><AA><13><00><85><71><89><71><98><CD><FF>	<F0><BB><00>OK<CA><FF>	bank1_after_pointer_table	2	high	duplicate English target
PTR-023	pointer_pair	paired	Bank 1 pointer-driven text	23	0x05E02	0xA211	0xA249	0x06221	0x06259	0x06238	0x06273	0x06238	0x06273	F0 BB 1B 71 B4 08 1E 8D 00 0C AE AB 88 96 00 8C 86 A7 AA 9F 71 8D FF	F0 BB 00 8A 89 8E 92 8F 00 97 89 8C 8C 00 93 85 85 00 99 81 00 8E 8F 97 CA FF	<F0><BB><1B><71><B4><08><1E><8D><00><0C><AE><AB><88><96><00><8C><86><A7><AA><9F><71><8D><FF>	<F0><BB><00>JINRO<00>WILL<00>SEE<00>YA<00>NOW<CA><FF>	bank1_after_pointer_table	1	high	none
PTR-024	pointer_pair	paired	Bank 1 pointer-driven text	24	0x05E04	0xA228	0xA263	0x06238	0x06273	0x0624D	0x0628C	0x0624D	0x0628C	F0 BB 81 95 90 06 81 90 A7 8C 82 00 1B 71 B4 08 1E 8D 98 CD FF	F0 BB 00 93 8F B9 00 99 8F 95 B6 92 85 00 82 85 85 87 00 82 8F 93 93 CB FF	<F0><BB><81><95><90><06><81><90><A7><8C><82><00><1B><71><B4><08><1E><8D><98><CD><FF>	<F0><BB><00>SO<B9><00>YOU<B6>RE<00>BEEG<00>BOSS<CB><FF>	bank1_after_pointer_table	1	high	none
PTR-025	pointer_pair	paired	Bank 1 pointer-driven text	25	0x05E06	0xA23D	0xA27C	0x0624D	0x0628C	0x0627A	0x062B6	0x0627A	0x062B6	F0 BB 81 88 94 83 95 AE 0B 00 8C B7 8E AE 90 82 8C 90 8A 90 AF 95 82 A4 95 F8 F9 00 81 B4 8C 9B 94 A8 13 00 0C B6 83 1C AE 13 B2 CA FF	F0 BB 00 89 B6 8C 8C 00 93 88 8F 97 00 94 88 85 93 85 00 8C 8F 93 85 92 93 F8 81 00 94 88 89 8E 87 00 8F 92 00 94 97 8F CA FF	<F0><BB><81><88><94><83><95><AE><0B><00><8C><B7><8E><AE><90><82><8C><90><8A><90><AF><95><82><A4><95><F8><F9><00><81><B4><8C><9B><94><A8><13><00><0C><B6><83><1C><AE><13><B2><CA><FF>	<F0><BB><00>I<B6>LL<00>SHOW<00>THESE<00>LOSERS<F8>A<00>THING<00>OR<00>TWO<CA><FF>	bank1_after_pointer_table	1	high	none
PTR-026	pointer_pair	paired	Bank 1 pointer-driven text	26	0x05E08	0xA26A	0xA2A6	0x0627A	0x062B6	0x062A6	0x062E8	0x062A6	0x062E8	F0 BB 85 A2 B2 90 91 06 00 8A AE 95 96 92 84 B2 90 AF 95 CB F8 F9 00 10 06 00 9D 82 8C 91 99 81 96 87 96 B5 00 86 95 83 A2 B2 CA FF	F0 BB 00 8A 85 85 9A B9 00 99 8F 95 B6 92 85 00 94 8F 95 87 88 B9 00 82 95 94 F8 88 85 89 93 89 00 97 89 8C 8C 00 83 92 95 93 88 00 99 8F 95 CA CA FF	<F0><BB><85><A2><B2><90><91><06><00><8A><AE><95><96><92><84><B2><90><AF><95><CB><F8><F9><00><10><06><00><9D><82><8C><91><99><81><96><87><96><B5><00><86><95><83><A2><B2><CA><FF>	<F0><BB><00>JEEZ<B9><00>YOU<B6>RE<00>TOUGH<B9><00>BUT<F8>HEISI<00>WILL<00>CRUSH<00>YOU<CA><CA><FF>	bank1_after_pointer_table	1	high	none
PTR-027	pointer_pair	paired	Bank 1 pointer-driven text	27	0x05E0A	0xA296	0xA2D8	0x062A6	0x062E8	0x062BD	0x062F8	0x062BD	0x062F8	F0 BB 9A B4 00 9A B4 00 9A B4 00 81 1A A6 B4 CA 00 81 88 94 83 CA FF	F0 BB 00 8E 99 81 88 CA 00 8C 81 94 85 92 CB FF	<F0><BB><9A><B4><00><9A><B4><00><9A><B4><00><81><1A><A6><B4><CA><00><81><88><94><83><CA><FF>	<F0><BB><00>NYAH<CA><00>LATER<CB><FF>	bank1_after_pointer_table	1	high	none
PTR-028	pointer_pair	paired	Bank 1 pointer-driven text	28	0x05E0C	0xA2AD	0xA2E8	0x062BD	0x062F8	0x062D1	0x0631C	0x062D1	0x0631C	F0 BB 85 A2 B2 90 91 86 82 CA 00 81 88 94 83 93 B2 99 9A FF	F0 BB 00 88 85 99 CA 00 99 8F 95 B6 92 85 00 94 88 8F 93 85 F8 94 97 8F 00 82 81 84 71 81 93 93 85 93 CC FF	<F0><BB><85><A2><B2><90><91><86><82><CA><00><81><88><94><83><93><B2><99><9A><FF>	<F0><BB><00>HEY<CA><00>YOU<B6>RE<00>THOSE<F8>TWO<00>BAD<71>ASSES<CC><FF>	bank1_after_pointer_table	1	high	none
PTR-029	pointer_pair	paired	Bank 1 pointer-driven text	29	0x05E0E	0xA2C1	0xA30C	0x062D1	0x0631C	0x062EB	0x06338	0x062EB	0x06338	F0 BB 82 10 93 AE 99 F0 8B AE 06 F8 F9 00 81 82 93 96 95 B4 93 A4 A9 0E CA FF	F0 BB 00 89 B6 8D 00 8B 89 8E 93 95 CB 00 8C 85 94 B6 93 F8 82 8F 8F 87 89 85 CA FF	<F0><BB><82><10><93><AE><99><F0><8B><AE><06><F8><F9><00><81><82><93><96><95><B4><93><A4><A9><0E><CA><FF>	<F0><BB><00>I<B6>M<00>KINSU<CB><00>LET<B6>S<F8>BOOGIE<CA><FF>	bank1_after_pointer_table	1	high	none
PTR-030	pointer_pair	paired	Bank 1 pointer-driven text	30	0x05E10	0xA2DB	0xA328	0x062EB	0x06338	0x06319	0x06363	0x06319	0x06363	F0 BB 90 8C 86 96 92 84 B2 CB 00 81 B4 8C 99 9F 89 B4 8D A6 F8 F9 00 81 88 94 83 96 8C 94 88 95 AF 00 A3 B4 93 B2 98 B2 9A 95 8C 10 CA FF	F0 BB 00 84 81 8D 8E CA 00 94 8F 8F 00 82 81 84 00 99 8F 95 B6 92 85 F8 8F 8E 00 94 88 85 00 97 92 8F 8E 87 00 93 89 84 85 BA FF	<F0><BB><90><8C><86><96><92><84><B2><CB><00><81><B4><8C><99><9F><89><B4><8D><A6><F8><F9><00><81><88><94><83><96><8C><94><88><95><AF><00><A3><B4><93><B2><98><B2><9A><95><8C><10><CA><FF>	<F0><BB><00>DAMN<CA><00>TOO<00>BAD<00>YOU<B6>RE<F8>ON<00>THE<00>WRONG<00>SIDE<BA><FF>	bank1_after_pointer_table	1	high	none
PTR-031	pointer_pair	paired	Bank 1 pointer-driven text	31	0x05E12	0xA309	0xA353	0x06319	0x06363	0x06332	0x06388	0x06332	0x06388	F0 BB 9D 82 8C 91 99 81 96 87 96 00 A6 B3 88 92 90 84 94 82 93 A4 A9 0E FF	F0 BB 00 89 B6 8D 00 87 8F 8E 8E 81 00 94 85 8C 8C 00 8D 99 F8 82 92 8F 94 88 85 92 B9 00 88 85 89 93 89 CA FF	<F0><BB><9D><82><8C><91><99><81><96><87><96><00><A6><B3><88><92><90><84><94><82><93><A4><A9><0E><FF>	<F0><BB><00>I<B6>M<00>GONNA<00>TELL<00>MY<F8>BROTHER<B9><00>HEISI<CA><FF>	bank1_after_pointer_table	1	high	none
PTR-032	pointer_pair	paired	Bank 1 pointer-driven text	32	0x05E14	0xA322	0xA378	0x06332	0x06388	0x06352	0x063A0	0x06352	0x063A0	F0 BB 14 83 13 B2 CC 00 81 B4 8C 99 00 9A A4 8B 96 B5 AF F8 F9 00 92 82 93 8A A7 AA A2 B2 CA FF	F0 BB 00 83 81 94 83 88 00 8D 85 00 89 86 00 99 8F 95 00 83 81 8E CA FF	<F0><BB><14><83><13><B2><CC><00><81><B4><8C><99><00><9A><A4><8B><96><B5><AF><F8><F9><00><92><82><93><8A><A7><AA><A2><B2><CA><FF>	<F0><BB><00>CATCH<00>ME<00>IF<00>YOU<00>CAN<CA><FF>	bank1_after_pointer_table	1	high	none
PTR-033	pointer_pair	paired	Bank 1 pointer-driven text	33	0x05E16	0xA342	0xA390	0x06352	0x063A0	0x06363	0x063B3	0x06363	0x063B3	F0 BB 81 B4 8C 06 00 9D 82 8C 91 13 0A 0B AE 8D FF	F0 BB 00 88 85 99 CA 00 89 B6 8D 00 88 85 89 93 89 CB FF	<F0><BB><81><B4><8C><06><00><9D><82><8C><91><13><0A><0B><AE><8D><FF>	<F0><BB><00>HEY<CA><00>I<B6>M<00>HEISI<CB><FF>	bank1_after_pointer_table	1	high	none
PTR-034	pointer_pair	paired	Bank 1 pointer-driven text	34	0x05E18	0xA353	0xA3A3	0x06363	0x063B3	0x06383	0x063CA	0x06383	0x063CA	F0 BB 92 A6 82 CB 00 85 A2 B2 8B AE 90 91 B5 82 B4 90 82 F8 F9 00 95 96 A3 AE 95 AE 13 B2 CA FF	F0 BB 00 87 81 97 84 B9 00 99 8F 95 B6 92 85 00 94 8F 95 87 88 CA FF	<F0><BB><92><A6><82><CB><00><85><A2><B2><8B><AE><90><91><B5><82><B4><90><82><F8><F9><00><95><96><A3><AE><95><AE><13><B2><CA><FF>	<F0><BB><00>GAWD<B9><00>YOU<B6>RE<00>TOUGH<CA><FF>	bank1_after_pointer_table	1	high	none
PTR-035	pointer_pair	paired	Bank 1 pointer-driven text	35	0x05E1A	0xA373	0xA3BA	0x06383	0x063CA	0x063AA	0x063EB	0x063AA	0x063EB	F0 BB 10 06 00 0C AE AB 88 99 00 85 85 85 A4 1C AE 9A F8 F9 00 85 A2 B2 8B AE 90 91 90 AF 91 B0 94 91 06 83 0E CA FF	F0 BB 00 82 85 85 87 00 82 8F 93 93 00 8A 89 8E 92 8F F8 97 89 8C 8C 00 86 89 98 00 99 8F 95 CA FF	<F0><BB><10><06><00><0C><AE><AB><88><99><00><85><85><85><A4><1C><AE><9A><F8><F9><00><85><A2><B2><8B><AE><90><91><90><AF><91><B0><94><91><06><83><0E><CA><FF>	<F0><BB><00>BEEG<00>BOSS<00>JINRO<F8>WILL<00>FIX<00>YOU<CA><FF>	bank1_after_pointer_table	1	high	none
PTR-036	pointer_pair	paired	Bank 1 pointer-driven text	36	0x05E1C	0xA39A	0xA3DB	0x063AA	0x063EB	0x063C0	0x063FA	0x063C0	0x063FA	F0 BB 81 B4 8C 9A 00 96 09 A3 86 88 AA A3 00 8C A4 8E AE 0E CA FF	F0 BB 00 89 00 97 8F 8E B6 94 00 92 95 8E FF	<F0><BB><81><B4><8C><9A><00><96><09><A3><86><88><AA><A3><00><8C><A4><8E><AE><0E><CA><FF>	<F0><BB><00>I<00>WON<B6>T<00>RUN<FF>	bank1_after_pointer_table	1	high	none
PTR-037	pointer_pair	paired	Bank 1 pointer-driven text	37	0x05E1E	0xA3B0	0xA3EA	0x063C0	0x063FA	0x063D3	0x0640B	0x063D3	0x0640B	F0 BB 81 B4 8C 06 00 81 82 93 96 95 A8 A4 8C B7 83 CB FF	F0 BB 00 86 89 87 88 94 00 8D 85 00 8E 8F 97 CA FF	<F0><BB><81><B4><8C><06><00><81><82><93><96><95><A8><A4><8C><B7><83><CB><FF>	<F0><BB><00>FIGHT<00>ME<00>NOW<CA><FF>	bank1_after_pointer_table	1	high	none
PTR-038	pointer_pair	paired	Bank 1 pointer-driven text	38	0x05E20	0xA3C3	0xA3FB	0x063D3	0x0640B	0x06401	0x0643A	0x06401	0x0643A	F0 BB 95 AE 94 CA 00 85 A2 B2 8B AE 90 91 B5 00 FB 00 8B AE 99 CC F8 F9 00 94 A7 0F 83 99 00 82 91 A0 0C B5 00 98 B2 AE 13 8D 86 82 CC FF	F0 BB 00 99 8F 95 00 97 8F 92 8B 00 86 8F 92 00 FB 00 CC F8 89 00 94 88 8F 95 87 88 94 00 99 8F 95 00 93 85 92 96 85 84 00 94 8F 92 81 CA FF	<F0><BB><95><AE><94><CA><00><85><A2><B2><8B><AE><90><91><B5><00><FB><00><8B><AE><99><CC><F8><F9><00><94><A7><0F><83><99><00><82><91><A0><0C><B5><00><98><B2><AE><13><8D><86><82><CC><FF>	<F0><BB><00>YOU<00>WORK<00>FOR<00><FB><00><CC><F8>I<00>THOUGHT<00>YOU<00>SERVED<00>TORA<CA><FF>	bank1_after_pointer_table	1	high	none
PTR-039	pointer_pair	paired	Bank 1 pointer-driven text	39	0x05E22	0xA3F1	0xA42A	0x06401	0x0643A	0x0642C	0x0645C	0x0642C	0x0645C	F0 BB A3 83 8C AC 89 98 B2 00 8A 8A 9A 9B 94 92 F8 F9 00 8A 99 0C AE AB 88 96 00 9B 94 9A 10 97 06 8B 8C 93 85 88 AE 95 8E B2 FF	F0 BB 00 93 8F 92 92 99 B9 00 90 81 8C CB 88 85 99 B9 F8 87 89 8D 8D 85 00 81 00 82 92 85 81 8B CA FF	<F0><BB><A3><83><8C><AC><89><98><B2><00><8A><8A><9A><9B><94><92><F8><F9><00><8A><99><0C><AE><AB><88><96><00><9B><94><9A><10><97><06><8B><8C><93><85><88><AE><95><8E><B2><FF>	<F0><BB><00>SORRY<B9><00>PAL<CB>HEY<B9><F8>GIMME<00>A<00>BREAK<CA><FF>	bank1_after_pointer_table	1	high	none
PTR-040	pointer_pair	paired	Bank 1 pointer-driven text	40	0x05E24	0xA41C	0xA44C	0x0642C	0x0645C	0x06442	0x06471	0x06442	0x06471	F0 BB 83 91 99 00 FB 01 AD 00 8D 89 B4 94 96 00 14 B3 13 B2 CC FF	F0 BB 00 94 81 8B 85 00 FB 01 00 97 89 94 88 00 99 8F 95 CA FF	<F0><BB><83><91><99><00><FB><01><AD><00><8D><89><B4><94><96><00><14><B3><13><B2><CC><FF>	<F0><BB><00>TAKE<00><FB><01><00>WITH<00>YOU<CA><FF>	bank1_after_pointer_table	1	high	none
PTR-041	pointer_pair	paired	Bank 1 pointer-driven text	41	0x05E26	0xA432	0xA461	0x06442	0x06471	0x06457	0x0648B	0x06457	0x0648B	F0 BB 86 85 13 A3 81 A7 B4 93 00 13 95 85 8C 93 87 95 8E B2 FF	F0 BB 00 90 88 85 97 CB 00 99 8F 95 00 8E 85 85 84 00 81 F8 82 81 94 88 CA FF	<F0><BB><86><85><13><A3><81><A7><B4><93><00><13><95><85><8C><93><87><95><8E><B2><FF>	<F0><BB><00>PHEW<CB><00>YOU<00>NEED<00>A<F8>BATH<CA><FF>	bank1_after_pointer_table	1	high	none
PTR-042	pointer_pair	paired	Bank 1 pointer-driven text	42	0x05E28	0xA447	0xA47B	0x06457	0x0648B	0x06461	0x0649C	0x06461	0x0649C	F0 BB 85 AE 96 87 A9 0E CA FF	F0 BB 00 89 00 8F 97 85 00 99 81 00 8F 8E 85 CA FF	<F0><BB><85><AE><96><87><A9><0E><CA><FF>	<F0><BB><00>I<00>OWE<00>YA<00>ONE<CA><FF>	bank1_after_pointer_table	1	high	none
PTR-043	pointer_pair	paired	Bank 1 pointer-driven text	43	0x05E2A	0xA451	0xA48C	0x06461	0x0649C	0x0648E	0x064BA	0x0648E	0x064BA	F0 BB FA 8B AE 00 82 82 A3 99 AD 00 A3 B4 93 87 A4 8C 90 CA F8 F9 00 9A A4 A8 A4 9F 82 96 87 88 00 86 AE 5E 83 A4 88 10 8F 83 13 CB FF	F0 BB 00 88 85 92 85 B9 00 FA B9 00 94 81 8B 85 F8 94 88 89 93 00 8B 81 8E 90 8F 95 BA FF	<F0><BB><FA><8B><AE><00><82><82><A3><99><AD><00><A3><B4><93><87><A4><8C><90><CA><F8><F9><00><9A><A4><A8><A4><9F><82><96><87><88><00><86><AE><5E><83><A4><88><10><8F><83><13><CB><FF>	<F0><BB><00>HERE<B9><00><FA><B9><00>TAKE<F8>THIS<00>KANPOU<BA><FF>	bank1_after_pointer_table	1	high	none
PTR-044	pointer_pair	paired	Bank 1 pointer-driven text	44	0x05E2C	0xA47E	0xA4AA	0x0648E	0x064BA	0x064A1	0x064D0	0x064A1	0x064D0	F0 BB FB 00 8B AE 96 00 AC 90 8C 93 85 87 A4 8C 90 A6 FF	F0 BB 00 95 93 85 00 89 94 00 94 8F 00 83 95 92 85 00 FB 00 CA FF	<F0><BB><FB><00><8B><AE><96><00><AC><90><8C><93><85><87><A4><8C><90><A6><FF>	<F0><BB><00>USE<00>IT<00>TO<00>CURE<00><FB><00><CA><FF>	bank1_after_pointer_table	1	high	none
PTR-045	pointer_pair	paired	Bank 1 pointer-driven text	45	0x05E2E	0xA491	0xA4C0	0x064A1	0x064D0	0x064D3	0x06509	0x064D3	0x06506	F0 BB 5C 5C B4 CB 00 8E B4 8C B5 9A 00 94 A7 0F 83 82 B4 86 99 00 A3 99 F8 F9 00 83 87 A6 99 85 96 A2 00 93 AE 96 86 AC B4 93 8E 82 1A 82 82 90 8D FF	F0 BB 00 89 B6 8D 00 94 8F 92 81 B6 93 00 88 8F 8C 99 00 87 95 81 92 84 BA F8 90 92 85 90 81 92 85 00 86 8F 92 00 88 85 81 96 85 8E B6 93 00 97 92 81 94 88 CA FF	<F0><BB><5C><5C><B4><CB><00><8E><B4><8C><B5><9A><00><94><A7><0F><83><82><B4><86><99><00><A3><99><F8><F9><00><83><87><A6><99><85><96><A2><00><93><AE><96><86><AC><B4><93><8E><82><1A><82><82><90><8D><FF>	<F0><BB><00>I<B6>M<00>TORA<B6>S<00>HOLY<00>GUARD<BA><F8>PREPARE<00>FOR<00>HEAVEN<B6>S<00>WRATH<CA><FF>	bank1_after_pointer_table	1	high	none
PTR-046	pointer_pair	paired	Bank 1 pointer-driven text	46	0x05E30	0xA4C3	0xA4F9	0x064D3	0x06509	0x064DF	0x06516	0x064DF	0x06516	F0 BB 5C 5C B4 CB 00 95 AE 94 CC FF	F0 BB 00 88 85 88 CB 97 88 81 94 CC FF	<F0><BB><5C><5C><B4><CB><00><95><AE><94><CC><FF>	<F0><BB><00>HEH<CB>WHAT<CC><FF>	bank1_after_pointer_table	1	high	none
PTR-047	pointer_pair	paired	Bank 1 pointer-driven text	47	0x05E32	0xA4CF	0xA506	0x064DF	0x06516	0x06502	0x0653F	0x06502	0x0653F	F0 BB 9C A7 91 95 00 81 88 94 83 A2 F8 F9 00 85 97 8C A7 99 A3 83 8D 8A 94 9A 00 A6 88 AC 86 A7 AE CB FF	F0 BB 00 8C 8F 95 93 99 00 86 8F 92 85 89 87 8E 85 92 93 CB F8 99 8F 95 92 00 85 8E 87 8C 89 93 88 00 93 95 83 8B 93 CA FF	<F0><BB><9C><A7><91><95><00><81><88><94><83><A2><F8><F9><00><85><97><8C><A7><99><A3><83><8D><8A><94><9A><00><A6><88><AC><86><A7><AE><CB><FF>	<F0><BB><00>LOUSY<00>FOREIGNERS<CB><F8>YOUR<00>ENGLISH<00>SUCKS<CA><FF>	bank1_after_pointer_table	1	high	none
PTR-048	pointer_pair	paired	Bank 1 pointer-driven text	48	0x05E34	0xA4F2	0xA52F	0x06502	0x0653F	0x06528	0x0656E	0x06528	0x0656E	F0 BB 5C 5C B4 CB 00 82 92 0F A4 9A 00 8D 9F 97 8A 94 AD CB F8 F9 00 8E B4 8C B5 99 00 9C 86 88 13 0A 0B B4 90 FF	F0 BB 00 88 85 99 CA 00 87 89 8D 8D 85 00 81 00 82 92 85 81 8B BA F8 8C 85 94 00 82 99 87 8F 8E 85 93 00 82 85 00 82 99 87 8F 8E 85 93 CB FF	<F0><BB><5C><5C><B4><CB><00><82><92><0F><A4><9A><00><8D><9F><97><8A><94><AD><CB><F8><F9><00><8E><B4><8C><B5><99><00><9C><86><88><13><0A><0B><B4><90><FF>	<F0><BB><00>HEY<CA><00>GIMME<00>A<00>BREAK<BA><F8>LET<00>BYGONES<00>BE<00>BYGONES<CB><FF>	bank1_after_pointer_table	1	high	none
PTR-049	pointer_pair	paired	Bank 1 pointer-driven text	49	0x05E36	0xA518	0xA08A	0x06528	0x0609A	0x0653D	0x060B5	0x0653D	0x060B5	F0 BB 85 97 8C A7 96 00 86 8E 82 8B 8E 93 9A 88 AA 97 86 CC FF	F0 BB 00 90 8C 85 81 93 85 00 8C 85 94 00 8D 85 00 8A 8F 89 8E 00 99 8F 95 CA FF	<F0><BB><85><97><8C><A7><96><00><86><8E><82><8B><8E><93><9A><88><AA><97><86><CC><FF>	<F0><BB><00>PLEASE<00>LET<00>ME<00>JOIN<00>YOU<CA><FF>	bank1_after_pointer_table	5	high	duplicate English target
PTR-050	pointer_pair	paired	Bank 1 pointer-driven text	50	0x05E38	0xA52D	0xA55E	0x0653D	0x0656E	0x0654C	0x0657D	0x0654C	0x0657D	F0 BB 5C 5C B4 CB 00 86 90 0C 89 95 82 CB FF	F0 BB 00 8C 81 94 85 92 B9 00 82 95 84 CB FF	<F0><BB><5C><5C><B4><CB><00><86><90><0C><89><95><82><CB><FF>	<F0><BB><00>LATER<B9><00>BUD<CB><FF>	bank1_after_pointer_table	1	high	none
PTR-051	pointer_pair	paired	Bank 1 pointer-driven text	51	0x05E3A	0xA53C	0xA56D	0x0654C	0x0657D	0x0655F	0x06589	0x0655F	0x06589	F0 BB 5C 5C 5C B4 CB 00 8C 92 AA 82 92 86 9F 92 A9 CA FF	F0 BB 00 88 85 85 88 85 85 CB CB FF	<F0><BB><5C><5C><5C><B4><CB><00><8C><92><AA><82><92><86><9F><92><A9><CA><FF>	<F0><BB><00>HEEHEE<CB><CB><FF>	bank1_after_pointer_table	1	high	none
PTR-052	pointer_pair	paired	Bank 1 pointer-driven text	52	0x05E3C	0xA54F	0xA579	0x0655F	0x06589	0x0658A	0x065A5	0x0658A	0x065A5	F0 BB 95 AE 99 83 A7 A0 A3 81 A8 A4 8E AE 06 CB F8 F9 00 8A AA A3 00 94 8E 82 99 07 A8 96 0A 0B AE 8D 00 0A A2 AE 95 8D B4 93 FF	F0 BB 00 8E 8F 94 88 89 8E 87 00 90 85 92 93 8F 8E 81 8C CB F8 93 8F 92 92 99 CA FF	<F0><BB><95><AE><99><83><A7><A0><A3><81><A8><A4><8E><AE><06><CB><F8><F9><00><8A><AA><A3><00><94><8E><82><99><07><A8><96><0A><0B><AE><8D><00><0A><A2><AE><95><8D><B4><93><FF>	<F0><BB><00>NOTHING<00>PERSONAL<CB><F8>SORRY<CA><FF>	bank1_after_pointer_table	1	high	none
PTR-053	pointer_pair	paired	Bank 1 pointer-driven text	53	0x05E3E	0xA57A	0xA595	0x0658A	0x065A5	0x065B7	0x065D1	0x065B7	0x065D1	F0 BB 85 A2 B2 8B AE 9A 00 FB 00 8B AE 99 00 87 B5 88 0C AE 86 82 F8 F9 00 95 A9 9E 14 00 9B 13 B2 9A 95 8C 10 00 A5 A9 8E 98 B2 CA FF	F0 BB 00 99 8F 95 00 97 8F 92 8B 00 86 8F 92 00 FB 00 CC F8 97 85 8C 8C B9 00 89 00 88 81 96 85 00 93 8F 8D 85 00 8E 85 97 93 CB FF	<F0><BB><85><A2><B2><8B><AE><9A><00><FB><00><8B><AE><99><00><87><B5><88><0C><AE><86><82><F8><F9><00><95><A9><9E><14><00><9B><13><B2><9A><95><8C><10><00><A5><A9><8E><98><B2><CA><FF>	<F0><BB><00>YOU<00>WORK<00>FOR<00><FB><00><CC><F8>WELL<B9><00>I<00>HAVE<00>SOME<00>NEWS<CB><FF>	bank1_after_pointer_table	1	high	none
PTR-054	pointer_pair	paired	Bank 1 pointer-driven text	54	0x05E40	0xA5A7	0xA5C1	0x065B7	0x065D1	0x065CF	0x065E8	0x065CF	0x065E8	F0 BB A1 8D A2 AD 8B A7 B4 90 99 9A 00 94 A7 0F 83 96 91 09 B2 98 B2 FF	F0 BB 00 94 8F 92 81 00 94 8F 8F 8B 00 94 88 85 00 87 89 92 8C CA FF	<F0><BB><A1><8D><A2><AD><8B><A7><B4><90><99><9A><00><94><A7><0F><83><96><91><09><B2><98><B2><FF>	<F0><BB><00>TORA<00>TOOK<00>THE<00>GIRL<CA><FF>	bank1_after_pointer_table	1	high	none
PTR-055	pointer_pair	paired	Bank 1 pointer-driven text	55	0x05E42	0xA5BF	0xA5D8	0x065CF	0x065E8	0x065F9	0x0661E	0x065F9	0x0661E	F0 BB 8D 89 B4 94 8C 93 B2 99 9A 00 A4 9F A4 9F 10 06 00 07 A8 06 81 A9 F8 F9 00 86 AC A8 94 82 B4 91 B5 AF 95 AE 10 06 CB FF	F0 BB 00 89 00 83 81 8E B6 94 00 87 8F 00 97 89 94 88 00 99 8F 95 B9 00 93 8F B9 F8 89 8E 93 94 85 81 84 CB 00 8C 85 94 00 8D 85 00 94 85 81 83 88 00 99 8F 95 FF	<F0><BB><8D><89><B4><94><8C><93><B2><99><9A><00><A4><9F><A4><9F><10><06><00><07><A8><06><81><A9><F8><F9><00><86><AC><A8><94><82><B4><91><B5><AF><95><AE><10><06><CB><FF>	<F0><BB><00>I<00>CAN<B6>T<00>GO<00>WITH<00>YOU<B9><00>SO<B9><F8>INSTEAD<CB><00>LET<00>ME<00>TEACH<00>YOU<FF>	bank1_after_pointer_table	1	high	none
PTR-056	pointer_pair	paired	Bank 1 pointer-driven text	56	0x05E44	0xA5E9	0xA60E	0x065F9	0x0661E	0x06613	0x0663A	0x06613	0x0663A	F0 BB 8A 99 00 14 8D AD 83 89 94 B4 93 88 AA 00 81 B4 8C 99 00 82 99 91 10 FF	F0 BB 00 8D 99 00 86 81 8D 8F 95 93 00 84 81 87 87 85 92 00 81 94 94 81 83 8B CA FF	<F0><BB><8A><99><00><14><8D><AD><83><89><94><B4><93><88><AA><00><81><B4><8C><99><00><82><99><91><10><FF>	<F0><BB><00>MY<00>FAMOUS<00>DAGGER<00>ATTACK<CA><FF>	bank1_after_pointer_table	1	high	none
PTR-057	pointer_pair	paired	Bank 1 pointer-driven text	57	0x05E46	0xA603	0xB05F	0x06613	0x0706F	0x0662B	0x07084	0x0662B	0x07084	F0 BB A3 83 8C AC 89 0A 0B AE 8E AE 06 00 8A AA A3 00 94 8E 82 10 CB FF	F0 BB 00 89 00 8D 95 93 94 00 8C 85 81 96 85 00 8E 8F 97 CB FF	<F0><BB><A3><83><8C><AC><89><0A><0B><AE><8E><AE><06><00><8A><AA><A3><00><94><8E><82><10><CB><FF>	<F0><BB><00>I<00>MUST<00>LEAVE<00>NOW<CB><FF>	bank1_after_pointer_table	1	high	none
PTR-058	pointer_pair	paired	Bank 1 pointer-driven text	58	0x05E48	0xA61B	0xA62A	0x0662B	0x0663A	0x06640	0x0664D	0x06640	0x0664D	F0 BB 84 AE 06 81 B4 90 A7 00 9F 90 85 81 82 8C A4 8C B7 83 FF	F0 BB 00 83 81 94 83 88 00 99 81 00 8C 81 94 85 92 CB FF	<F0><BB><84><AE><06><81><B4><90><A7><00><9F><90><85><81><82><8C><A4><8C><B7><83><FF>	<F0><BB><00>CATCH<00>YA<00>LATER<CB><FF>	bank1_after_pointer_table	1	high	none
PTR-059	pointer_pair	paired	Bank 1 pointer-driven text	59	0x05E4A	0xA630	0xA63D	0x06640	0x0664D	0x0666E	0x0666E	0x0666E	0x0666E	F0 BB 94 A7 0F 83 8B AE AD 00 8B 06 8C 93 A9 B4 93 B2 99 9A F8 F9 00 85 A2 B2 90 91 86 B0 00 A4 A2 94 87 95 00 AB 88 95 8A 94 06 98 B2 FF	F0 BB 00 8C 8F 8F 8B 89 8E 87 00 86 8F 92 00 94 8F 92 81 CC F8 82 85 00 83 81 92 85 86 95 8C CA FF	<F0><BB><94><A7><0F><83><8B><AE><AD><00><8B><06><8C><93><A9><B4><93><B2><99><9A><F8><F9><00><85><A2><B2><90><91><86><B0><00><A4><A2><94><87><95><00><AB><88><95><8A><94><06><98><B2><FF>	<F0><BB><00>LOOKING<00>FOR<00>TORA<CC><F8>BE<00>CAREFUL<CA><FF>	bank1_after_pointer_table	1	high	none
PTR-060	pointer_pair	paired	Bank 1 pointer-driven text	60	0x05E4C	0xA65E	0xA65E	0x0666E	0x0666E	0x06690	0x06698	0x06690	0x06698	F0 BB 94 A7 0F 83 8B AE 9A 00 85 AE 95 AD 8B A7 83 9E 14 F8 F9 00 85 91 1C AA 91 B5 AF 82 98 B2 A6 FF	F0 BB 00 94 8F 92 81 00 97 8F 95 8C 84 8E B6 94 00 8B 89 84 8E 81 90 F8 81 00 87 89 92 8C B9 00 97 8F 95 8C 84 00 88 85 CC FF	<F0><BB><94><A7><0F><83><8B><AE><9A><00><85><AE><95><AD><8B><A7><83><9E><14><F8><F9><00><85><91><1C><AA><91><B5><AF><82><98><B2><A6><FF>	<F0><BB><00>TORA<00>WOULDN<B6>T<00>KIDNAP<F8>A<00>GIRL<B9><00>WOULD<00>HE<CC><FF>	bank1_after_pointer_table	1	high	none
PTR-061	pointer_pair	paired	Bank 1 pointer-driven text	61	0x05E4E	0xA680	0xA688	0x06690	0x06698	0x066AF	0x066C2	0x066AF	0x066C2	F0 BB 85 AE 95 AD 8B A7 B4 90 99 9A F8 F9 00 FB 02 00 94 00 FB 03 00 B4 93 B2 A4 92 A7 10 FF	F0 BB 00 89 B6 8D 00 94 85 8C 8C 89 8E 87 00 99 81 B9 00 FB 02 F8 81 8E 84 00 FB 03 00 87 92 81 82 82 85 84 00 88 85 92 CA FF	<F0><BB><85><AE><95><AD><8B><A7><B4><90><99><9A><F8><F9><00><FB><02><00><94><00><FB><03><00><B4><93><B2><A4><92><A7><10><FF>	<F0><BB><00>I<B6>M<00>TELLING<00>YA<B9><00><FB><02><F8>AND<00><FB><03><00>GRABBED<00>HER<CA><FF>	bank1_after_pointer_table	1	high	none
PTR-062	pointer_pair	paired	Bank 1 pointer-driven text	62	0x05E50	0xA69F	0xA6B2	0x066AF	0x066C2	0x066C1	0x066D7	0x066C1	0x066D7	F0 BB AB 88 95 8A 94 06 98 B2 B4 93 00 82 B4 90 AB FF	F0 BB 00 94 88 85 99 B6 92 85 00 84 81 8E 87 85 92 8F 95 93 FF	<F0><BB><AB><88><95><8A><94><06><98><B2><B4><93><00><82><B4><90><AB><FF>	<F0><BB><00>THEY<B6>RE<00>DANGEROUS<FF>	bank1_after_pointer_table	1	high	none
PTR-063	pointer_pair	paired	Bank 1 pointer-driven text	63	0x05E52	0xA6B1	0xA6C7	0x066C1	0x066D7	0x066EA	0x06701	0x066EA	0x06701	F0 BB FA B4 93 B2 99 9A 00 85 A2 B2 8B AE 86 82 CC F8 F9 00 83 13 06 90 92 B4 93 B2 00 93 B2 8C 90 00 83 AC 8B 10 0E CA FF	F0 BB 00 99 8F 95 B6 92 85 00 FA CC 00 89 00 88 85 81 92 84 F8 99 8F 95 B6 92 85 00 90 92 85 94 94 99 00 94 8F 95 87 88 CA FF	<F0><BB><FA><B4><93><B2><99><9A><00><85><A2><B2><8B><AE><86><82><CC><F8><F9><00><83><13><06><90><92><B4><93><B2><00><93><B2><8C><90><00><83><AC><8B><10><0E><CA><FF>	<F0><BB><00>YOU<B6>RE<00><FA><CC><00>I<00>HEARD<F8>YOU<B6>RE<00>PRETTY<00>TOUGH<CA><FF>	bank1_after_pointer_table	1	high	none
PTR-064	pointer_pair	paired	Bank 1 pointer-driven text	64	0x05E54	0xA6DA	0xA08A	0x066EA	0x0609A	0x06703	0x060B5	0x06703	0x060B5	F0 BB 85 A2 B2 8B AE 99 95 86 9F 94 A4 A7 96 00 8C 93 88 AA 98 B2 86 B0 FF	F0 BB 00 90 8C 85 81 93 85 00 8C 85 94 00 8D 85 00 8A 8F 89 8E 00 99 8F 95 CA FF	<F0><BB><85><A2><B2><8B><AE><99><95><86><9F><94><A4><A7><96><00><8C><93><88><AA><98><B2><86><B0><FF>	<F0><BB><00>PLEASE<00>LET<00>ME<00>JOIN<00>YOU<CA><FF>	bank1_after_pointer_table	5	high	duplicate English target
PTR-065	pointer_pair	paired	Bank 1 pointer-driven text	65	0x05E56	0xA6F3	0xA6F1	0x06703	0x06701	0x0670F	0x0670C	0x0670F	0x0670C	F0 BB 8F 8A AD 00 95 AE 94 86 CA FF	F0 BB 00 90 8C 85 81 93 85 CA FF	<F0><BB><8F><8A><AD><00><95><AE><94><86><CA><FF>	<F0><BB><00>PLEASE<CA><FF>	bank1_after_pointer_table	1	high	none
PTR-066	pointer_pair	paired	Bank 1 pointer-driven text	66	0x05E58	0xA6FF	0xA6FC	0x0670F	0x0670C	0x0671B	0x0671D	0x0671B	0x0671D	F0 BB 13 95 85 8C 93 88 A9 0E CA FF	F0 BB 00 89 B6 8C 8C 00 82 85 00 82 81 83 8B CA FF	<F0><BB><13><95><85><8C><93><88><A9><0E><CA><FF>	<F0><BB><00>I<B6>LL<00>BE<00>BACK<CA><FF>	bank1_after_pointer_table	1	high	none
PTR-067	pointer_pair	paired	Bank 1 pointer-driven text	67	0x05E5A	0xA70B	0xA70D	0x0671B	0x0671D	0x06747	0x0674D	0x06747	0x0674D	FB 02 BB A1 8D A2 AD 8B A7 B4 90 99 9A 90 8C 86 96 00 81 B4 8C A7 10 F8 F9 00 81 A9 9B 94 96 00 90 99 9F AA 90 B4 93 B2 AC 89 10 FF	FB 02 BB 00 99 85 81 88 B9 00 97 85 00 87 92 81 82 82 85 84 00 94 88 85 F8 87 89 92 8C CB 86 8F 92 00 94 88 85 00 87 92 85 81 94 00 8F 8E 85 FF	<FB><02><BB><A1><8D><A2><AD><8B><A7><B4><90><99><9A><90><8C><86><96><00><81><B4><8C><A7><10><F8><F9><00><81><A9><9B><94><96><00><90><99><9F><AA><90><B4><93><B2><AC><89><10><FF>	<FB><02><BB><00>YEAH<B9><00>WE<00>GRABBED<00>THE<F8>GIRL<CB>FOR<00>THE<00>GREAT<00>ONE<FF>	bank1_after_pointer_table	1	high	none
PTR-068	pointer_pair	paired	Bank 1 pointer-driven text	68	0x05E5C	0xA737	0xA73D	0x06747	0x0674D	0x0676D	0x06773	0x0676D	0x06773	FB 03 BB 86 84 8C 93 9E 8C 89 AA 1A 00 81 B4 8C A7 96 86 92 8A 94 10 F8 F9 00 86 93 AA 1A 99 9A 95 8C 10 06 95 FF	F0 BB 00 87 8F 94 94 81 00 82 85 81 94 00 95 93 00 89 86 F8 99 81 00 97 81 8E 94 00 88 85 92 00 82 81 83 8B CA FF	<FB><03><BB><86><84><8C><93><9E><8C><89><AA><1A><00><81><B4><8C><A7><96><86><92><8A><94><10><F8><F9><00><86><93><AA><1A><99><9A><95><8C><10><06><95><FF>	<F0><BB><00>GOTTA<00>BEAT<00>US<00>IF<F8>YA<00>WANT<00>HER<00>BACK<CA><FF>	bank1_after_pointer_table	1	high	none
PTR-069	pointer_pair	paired	Bank 1 pointer-driven text	69	0x05E5E	0xA75D	0xA763	0x0676D	0x06773	0x0678E	0x06798	0x0678E	0x06798	F0 BB 9B 13 B2 CA 00 81 99 A4 AB 83 00 96 09 A4 06 B4 90 0E CA F8 F9 00 8C AE 0C A7 AA 98 B2 CB FF	F0 BB 00 94 88 81 94 00 82 8F 9A 8F 00 92 81 8E 00 81 97 81 99 CA F8 95 8E 82 85 8C 89 85 96 81 82 8C 85 CA FF	<F0><BB><9B><13><B2><CA><00><81><99><A4><AB><83><00><96><09><A4><06><B4><90><0E><CA><F8><F9><00><8C><AE><0C><A7><AA><98><B2><CB><FF>	<F0><BB><00>THAT<00>BOZO<00>RAN<00>AWAY<CA><F8>UNBELIEVABLE<CA><FF>	bank1_after_pointer_table	1	high	none
PTR-070	pointer_pair	paired	Bank 1 pointer-driven text	70	0x05E60	0xA77E	0xA788	0x0678E	0x06798	0x067A5	0x067B0	0x067A5	0x067B0	F0 BB 84 B2 82 00 8B B4 8B 94 00 94 14 A2 AD 8B 8C A4 06 AA 82 CA FF	F0 BB 00 86 89 8E 89 93 88 00 89 94 B9 00 84 81 8D 8E 00 99 8F 95 CA FF	<F0><BB><84><B2><82><00><8B><B4><8B><94><00><94><14><A2><AD><8B><8C><A4><06><AA><82><CA><FF>	<F0><BB><00>FINISH<00>IT<B9><00>DAMN<00>YOU<CA><FF>	bank1_after_pointer_table	1	high	none
PTR-071	pointer_pair	paired	Bank 1 pointer-driven text	71	0x05E62	0xA795	0xA7A0	0x067A5	0x067B0	0x067BE	0x067D0	0x067BE	0x067D0	F0 BB 81 B4 8C AD 00 A0 99 06 8D B4 93 B2 CC 00 CB 8A 83 86 82 8D A9 0E FF	F0 BB 00 99 8F 95 B6 8C 8C 00 92 85 87 92 85 94 00 8C 85 94 94 89 8E 87 F8 8D 85 00 87 8F CB FF	<F0><BB><81><B4><8C><AD><00><A0><99><06><8D><B4><93><B2><CC><00><CB><8A><83><86><82><8D><A9><0E><FF>	<F0><BB><00>YOU<B6>LL<00>REGRET<00>LETTING<F8>ME<00>GO<CB><FF>	bank1_after_pointer_table	1	high	none
PTR-072	pointer_pair	paired	Bank 1 pointer-driven text	72	0x05E64	0xA7AE	0xA7C0	0x067BE	0x067D0	0x067E2	0x067F4	0x067E2	0x067F4	F0 BB 8A 99 93 84 14 99 83 13 13 00 81 B4 8C A7 96 90 93 92 8A 83 90 AF F8 F9 00 1A 86 95 9A 95 8C A6 CB FF	F0 BB 00 99 8F 95 00 81 8E 84 00 97 88 8F B6 93 00 81 92 8D 99 F8 97 89 8C 8C 00 93 94 8F 90 00 95 93 CC FF	<F0><BB><8A><99><93><84><14><99><83><13><13><00><81><B4><8C><A7><96><90><93><92><8A><83><90><AF><F8><F9><00><1A><86><95><9A><95><8C><A6><CB><FF>	<F0><BB><00>YOU<00>AND<00>WHO<B6>S<00>ARMY<F8>WILL<00>STOP<00>US<CC><FF>	bank1_after_pointer_table	1	high	none
PTR-073	pointer_pair	paired	Bank 1 pointer-driven text	73	0x05E66	0xA7D2	0xA7E4	0x067E2	0x067F4	0x067FA	0x0680A	0x067FA	0x0680A	F0 BB 83 0A 89 A9 83 91 96 00 8B B4 8B 94 96 09 91 9F 83 8A 94 10 CA FF	F0 BB 00 92 95 8E 00 97 88 89 8C 85 00 99 8F 95 00 83 81 8E CA FF	<F0><BB><83><0A><89><A9><83><91><96><00><8B><B4><8B><94><96><09><91><9F><83><8A><94><10><CA><FF>	<F0><BB><00>RUN<00>WHILE<00>YOU<00>CAN<CA><FF>	bank1_after_pointer_table	1	high	none
PTR-074	pointer_pair	paired	Bank 1 pointer-driven text	74	0x05E68	0xA7EA	0xA7FA	0x067FA	0x0680A	0x06808	0x0681D	0x06808	0x0681D	F0 BB 85 A2 B2 A7 86 82 00 88 8F 83 CB FF	F0 BB 00 99 8F 95 00 81 87 81 89 8E CB 84 81 8D 8E CA FF	<F0><BB><85><A2><B2><A7><86><82><00><88><8F><83><CB><FF>	<F0><BB><00>YOU<00>AGAIN<CB>DAMN<CA><FF>	bank1_after_pointer_table	1	high	none
PTR-075	pointer_pair	paired	Bank 1 pointer-driven text	75	0x05E6A	0xA7F8	0xA80D	0x06808	0x0681D	0x0681B	0x06833	0x0681B	0x06833	F0 BB 90 82 8C 90 8A 94 00 98 B2 0C B5 AF 98 B2 86 82 FF	F0 BB 00 99 8F 95 B6 92 85 00 81 00 82 89 87 00 8A 8F 8B 85 CA FF	<F0><BB><90><82><8C><90><8A><94><00><98><B2><0C><B5><AF><98><B2><86><82><FF>	<F0><BB><00>YOU<B6>RE<00>A<00>BIG<00>JOKE<CA><FF>	bank1_after_pointer_table	1	high	none
PTR-076	pointer_pair	paired	Bank 1 pointer-driven text	76	0x05E6C	0xA80B	0xA08A	0x0681B	0x0609A	0x06849	0x060B5	0x06849	0x060B5	F0 BB 9E AA 90 0E CA 00 85 A2 B2 99 00 85 94 8A 07 96 A6 CA F8 F9 00 8D 89 10 91 8B 8C 93 A3 A7 83 0E 00 81 B4 8C 96 9F 86 8C 93 88 AA FF	F0 BB 00 90 8C 85 81 93 85 00 8C 85 94 00 8D 85 00 8A 8F 89 8E 00 99 8F 95 CA FF	<F0><BB><9E><AA><90><0E><CA><00><85><A2><B2><99><00><85><94><8A><07><96><A6><CA><F8><F9><00><8D><89><10><91><8B><8C><93><A3><A7><83><0E><00><81><B4><8C><96><9F><86><8C><93><88><AA><FF>	<F0><BB><00>PLEASE<00>LET<00>ME<00>JOIN<00>YOU<CA><FF>	bank1_after_pointer_table	5	high	duplicate English target
PTR-077	pointer_pair	paired	Bank 1 pointer-driven text	77	0x05E6E	0xA839	0xA823	0x06849	0x06833	0x0685F	0x0685B	0x0685F	0x0685B	F0 BB FA 8B AE 00 85 85 85 A4 1C AE 86 A7 00 8A 94 0D 89 13 B2 FF	F0 BB 00 8D 92 BA 00 FA B9 00 94 88 85 00 82 85 85 87 F8 82 8F 93 93 00 89 93 00 82 85 88 89 8E 84 00 94 88 89 93 CA FF	<F0><BB><FA><8B><AE><00><85><85><85><A4><1C><AE><86><A7><00><8A><94><0D><89><13><B2><FF>	<F0><BB><00>MR<BA><00><FA><B9><00>THE<00>BEEG<F8>BOSS<00>IS<00>BEHIND<00>THIS<CA><FF>	bank1_after_pointer_table	1	high	none
PTR-078	pointer_pair	paired	Bank 1 pointer-driven text	78	0x05E70	0xA84F	0xA84B	0x0685F	0x0685B	0x0688F	0x0688C	0x0688F	0x0688C	F0 BB 94 A7 0F 83 9A 00 81 8B 0C AB 83 B4 93 A4 92 94 00 08 A9 10 8F 83 13 F8 F9 00 87 82 92 89 90 9E 83 06 00 82 82 B4 93 B2 9A 95 8C 13 CA FF	F0 BB 00 82 85 00 83 81 92 85 86 95 8C CA 00 94 8F 92 81 00 88 89 92 85 84 F8 93 8F 8D 85 00 87 8F 8F 8E 00 83 81 8C 8C 85 84 00 81 93 81 8A 89 FF	<F0><BB><94><A7><0F><83><9A><00><81><8B><0C><AB><83><B4><93><A4><92><94><00><08><A9><10><8F><83><13><F8><F9><00><87><82><92><89><90><9E><83><06><00><82><82><B4><93><B2><9A><95><8C><13><CA><FF>	<F0><BB><00>BE<00>CAREFUL<CA><00>TORA<00>HIRED<F8>SOME<00>GOON<00>CALLED<00>ASAJI<FF>	bank1_after_pointer_table	1	high	none
PTR-079	pointer_pair	paired	Bank 1 pointer-driven text	79	0x05E72	0xA87F	0xA87C	0x0688F	0x0688C	0x068B9	0x068A6	0x068B9	0x068A6	F0 BB 85 85 85 A4 1C AE 06 00 A6 AB 8C 88 82 B4 93 A4 8C 90 0E F8 F9 00 81 B4 8C AF 8A AA 13 00 8C 92 AA 82 82 90 8C A4 8D FF	F0 BB 00 82 85 85 87 00 82 8F 93 93 00 93 81 99 93 00 94 88 81 8E 8B 93 CB FF	<F0><BB><85><85><85><A4><1C><AE><06><00><A6><AB><8C><88><82><B4><93><A4><8C><90><0E><F8><F9><00><81><B4><8C><AF><8A><AA><13><00><8C><92><AA><82><82><90><8C><A4><8D><FF>	<F0><BB><00>BEEG<00>BOSS<00>SAYS<00>THANKS<CB><FF>	bank1_after_pointer_table	1	high	none
PTR-080	pointer_pair	paired	Bank 1 pointer-driven text	80	0x05E74	0xA8A9	0xA896	0x068B9	0x068A6	0x068EB	0x068D7	0x068EB	0x068D7	F0 BB 81 8B 0C AB 83 99 83 A7 96 9A 00 10 AA 86 82 A9 B4 93 B2 9A 95 8C 13 F8 F9 00 10 AA 10 86 92 87 94 A2 A9 B4 93 B2 00 82 B4 93 A4 8C 90 0E CA FF	F0 BB 00 97 85 00 8D 95 93 94 00 86 89 8E 84 00 8F 95 94 00 97 88 8F 00 F8 81 93 81 8A 89 00 92 85 81 8C 8C 99 00 97 8F 92 8B 93 00 86 8F 92 BA FF	<F0><BB><81><8B><0C><AB><83><99><83><A7><96><9A><00><10><AA><86><82><A9><B4><93><B2><9A><95><8C><13><F8><F9><00><10><AA><10><86><92><87><94><A2><A9><B4><93><B2><00><82><B4><93><A4><8C><90><0E><CA><FF>	<F0><BB><00>WE<00>MUST<00>FIND<00>OUT<00>WHO<00><F8>ASAJI<00>REALLY<00>WORKS<00>FOR<BA><FF>	bank1_after_pointer_table	1	high	none
PTR-081	pointer_pair	paired	Bank 1 pointer-driven text	81	0x05E76	0xA8DB	0xA8C7	0x068EB	0x068D7	0x0690B	0x06905	0x0690B	0x06905	F0 BB 81 B4 8C AF 00 81 88 99 00 85 85 85 A4 1C AE 13 B2 CA F8 F9 00 AE 71 00 92 84 B2 A6 CA FF	F0 BB 00 89 B6 8D 00 94 88 85 00 82 85 85 87 00 82 8F 93 93 CB F8 89 B6 8D 00 82 81 84 00 81 8E 84 00 89 B6 8D 00 93 94 92 8F 8E 87 CA FF	<F0><BB><81><B4><8C><AF><00><81><88><99><00><85><85><85><A4><1C><AE><13><B2><CA><F8><F9><00><AE><71><00><92><84><B2><A6><CA><FF>	<F0><BB><00>I<B6>M<00>THE<00>BEEG<00>BOSS<CB><F8>I<B6>M<00>BAD<00>AND<00>I<B6>M<00>STRONG<CA><FF>	bank1_after_pointer_table	1	high	none
PTR-082	pointer_pair	paired	Bank 1 pointer-driven text	82	0x05E78	0xA8FB	0xA8F5	0x0690B	0x06905	0x06924	0x06920	0x06924	0x06920	F0 BB 8A 8A 9A 14 8A CC 00 CB 9B B0 B0 00 81 96 87 CA 00 A5 A9 8C 93 CA FF	F0 BB 00 86 8F 92 87 89 96 85 00 8D 85 B9 00 82 92 8F B9 00 89 00 97 81 93 CB FF	<F0><BB><8A><8A><9A><14><8A><CC><00><CB><9B><B0><B0><00><81><96><87><CA><00><A5><A9><8C><93><CA><FF>	<F0><BB><00>FORGIVE<00>ME<B9><00>BRO<B9><00>I<00>WAS<CB><FF>	bank1_after_pointer_table	1	high	none
PTR-083	pointer_pair	paired	Bank 1 pointer-driven text	83	0x05E7A	0xA914	0xA910	0x06924	0x06920	0x0692C	0x0692D	0x0692C	0x0692D	F0 BB 81 96 87 B0 CD FF	F0 BB 00 82 92 8F 94 88 85 92 CB CA FF	<F0><BB><81><96><87><B0><CD><FF>	<F0><BB><00>BROTHER<CB><CA><FF>	bank1_after_pointer_table	1	high	none
PTR-084	pointer_pair	paired	Bank 1 pointer-driven text	84	0x05E7C	0xA91C	0xA91D	0x0692C	0x0692D	0x06959	0x0695E	0x06959	0x0695E	F0 BB 9C B4 9C B4 9C B4 CB 00 1A AA 91 9F B4 91 B5 AF 00 8C 86 90 98 B2 F8 F9 00 8D 1D 93 9A 00 81 B4 8C 99 90 88 A7 AE 10 8A 94 CB FF	F0 BB 00 88 85 88 CB 88 8F 97 00 84 8F 00 99 8F 95 00 8C 89 8B 85 F8 8D 99 00 89 8E 87 85 8E 89 8F 95 93 00 8D 81 93 94 85 92 00 90 8C 81 8E CC FF	<F0><BB><9C><B4><9C><B4><9C><B4><CB><00><1A><AA><91><9F><B4><91><B5><AF><00><8C><86><90><98><B2><F8><F9><00><8D><1D><93><9A><00><81><B4><8C><99><90><88><A7><AE><10><8A><94><CB><FF>	<F0><BB><00>HEH<CB>HOW<00>DO<00>YOU<00>LIKE<F8>MY<00>INGENIOUS<00>MASTER<00>PLAN<CC><FF>	bank1_after_pointer_table	1	high	none
PTR-085	pointer_pair	paired	Bank 1 pointer-driven text	85	0x05E7E	0xA949	0xA94E	0x06959	0x0695E	0x06988	0x06984	0x06988	0x06984	F0 BB FB 00 82 B4 86 8B 84 00 95 88 95 A8 B5 AF 00 81 94 9A A6 F8 F9 00 93 9A 0D 14 85 A8 96 00 8A 94 06 9A 8A 1C B4 93 B2 8D AE 5E 83 10 FF	F0 BB 00 81 8C 8C 00 97 85 00 8E 85 85 84 00 94 8F 00 84 8F F8 89 93 00 85 8C 89 8D 89 8E 81 94 85 00 FB 00 BA FF	<F0><BB><FB><00><82><B4><86><8B><84><00><95><88><95><A8><B5><AF><00><81><94><9A><A6><F8><F9><00><93><9A><0D><14><85><A8><96><00><8A><94><06><9A><8A><1C><B4><93><B2><8D><AE><5E><83><10><FF>	<F0><BB><00>ALL<00>WE<00>NEED<00>TO<00>DO<F8>IS<00>ELIMINATE<00><FB><00><BA><FF>	bank1_after_pointer_table	1	high	none
PTR-086	pointer_pair	paired	Bank 1 pointer-driven text	86	0x05E80	0xA978	0xA974	0x06988	0x06984	0x0699D	0x069A1	0x0699D	0x069A1	F0 BB 82 9F 96 A0 93 82 A4 06 AA CA 00 9C B4 9C B4 9C B4 CB FF	F0 BB 00 97 81 94 83 88 00 99 8F 95 92 00 82 81 83 8B 93 CA F8 88 85 85 88 85 85 CB FF	<F0><BB><82><9F><96><A0><93><82><A4><06><AA><CA><00><9C><B4><9C><B4><9C><B4><CB><FF>	<F0><BB><00>WATCH<00>YOUR<00>BACKS<CA><F8>HEEHEE<CB><FF>	bank1_after_pointer_table	1	high	none
PTR-087	pointer_pair	paired	Bank 1 pointer-driven text	87	0x05E82	0xA98D	0xA991	0x0699D	0x069A1	0x069CD	0x069D0	0x069CD	0x069D0	94 A7 0F 83 BB A6 88 00 8A 8A 9F 13 8A AA 90 95 AF 00 95 06 AA A3 AE 96 8C 91 B5 AF F8 F9 00 93 84 8C 90 A4 AB 83 10 00 9E A2 93 A4 A9 0E CA FF	94 8F 92 81 BB 00 89 00 83 81 8E B6 94 00 82 85 8C 89 85 96 85 00 99 8F 95 F8 89 84 89 8F 94 93 00 87 8F 94 00 94 88 89 93 00 86 81 92 CA FF	<94><A7><0F><83><BB><A6><88><00><8A><8A><9F><13><8A><AA><90><95><AF><00><95><06><AA><A3><AE><96><8C><91><B5><AF><F8><F9><00><93><84><8C><90><A4><AB><83><10><00><9E><A2><93><A4><A9><0E><CA><FF>	TORA<BB><00>I<00>CAN<B6>T<00>BELIEVE<00>YOU<F8>IDIOTS<00>GOT<00>THIS<00>FAR<CA><FF>	bank1_after_pointer_table	1	high	none
PTR-088	pointer_pair	paired	Bank 1 pointer-driven text	88	0x05E84	0xA9BD	0xA9C0	0x069CD	0x069D0	0x069FE	0x069F8	0x069FE	0x069F8	81 8B 0C AB 83 BB 9C B4 CB 00 81 B4 8C A7 99 00 89 82 86 88 96 B5 81 F8 F9 00 85 A2 B2 90 91 06 00 0C B5 9F 95 AE 10 A6 00 86 88 0A 8C A4 06 AA FF	81 93 81 8A 89 BB 00 99 8F 95 00 94 97 8F 00 81 92 85 F8 82 85 83 8F 8D 89 8E 87 00 81 00 8E 95 89 93 81 8E 83 85 CA FF	<81><8B><0C><AB><83><BB><9C><B4><CB><00><81><B4><8C><A7><99><00><89><82><86><88><96><B5><81><F8><F9><00><85><A2><B2><90><91><06><00><0C><B5><9F><95><AE><10><A6><00><86><88><0A><8C><A4><06><AA><FF>	ASAJI<BB><00>YOU<00>TWO<00>ARE<F8>BECOMING<00>A<00>NUISANCE<CA><FF>	bank1_after_pointer_table	1	high	none
PTR-089	pointer_pair	paired	Bank 1 pointer-driven text	89	0x05E86	0xA9EE	0xA9E8	0x069FE	0x069F8	0x06A15	0x06A20	0x06A15	0x06A20	81 8B 0C AB 83 BB 94 A7 0F 83 99 B4 00 81 94 9A 90 99 AE 10 0E CA FF	81 93 81 8A 89 BB 00 97 88 81 94 00 84 8F 00 99 8F 95 00 97 81 8E 94 F8 84 8F 8E 85 00 97 89 94 88 00 94 88 85 8D CC FF	<81><8B><0C><AB><83><BB><94><A7><0F><83><99><B4><00><81><94><9A><90><99><AE><10><0E><CA><FF>	ASAJI<BB><00>WHAT<00>DO<00>YOU<00>WANT<F8>DONE<00>WITH<00>THEM<CC><FF>	bank1_after_pointer_table	1	high	none
PTR-090	pointer_pair	paired	Bank 1 pointer-driven text	90	0x05E88	0xAA05	0xAA10	0x06A15	0x06A20	0x06A32	0x06A49	0x06A32	0x06A49	94 A7 0F 83 BB 85 83 B4 CA 00 9F 86 8C 94 87 95 00 8D 9F 87 96 8C 93 A4 A9 0E B4 CA FF	94 8F 92 81 BB 00 89 B6 8C 8C 00 94 81 8B 85 00 83 81 92 85 00 8F 86 F8 94 88 85 8D 00 90 85 92 93 8F 8E 81 8C 8C 99 CB FF	<94><A7><0F><83><BB><85><83><B4><CA><00><9F><86><8C><94><87><95><00><8D><9F><87><96><8C><93><A4><A9><0E><B4><CA><FF>	TORA<BB><00>I<B6>LL<00>TAKE<00>CARE<00>OF<F8>THEM<00>PERSONALLY<CB><FF>	bank1_after_pointer_table	1	high	none
PTR-091	pointer_pair	paired	Bank 1 pointer-driven text	91	0x05E8A	0xAA22	0xAA39	0x06A32	0x06A49	0x06A5C	0x06A64	0x06A5C	0x06A64	F0 BB 95 AE 93 B2 A4 AB 83 10 00 9E A2 93 A4 A9 0E CB F8 F9 00 A6 99 95 86 00 AC A9 82 8A 90 AF 00 13 87 98 B2 A3 AE 10 CB FF	F0 BB 00 87 81 97 84 B9 00 99 8F 95 00 87 95 99 93 00 81 92 85 F8 82 81 84 CA FF	<F0><BB><95><AE><93><B2><A4><AB><83><10><00><9E><A2><93><A4><A9><0E><CB><F8><F9><00><A6><99><95><86><00><AC><A9><82><8A><90><AF><00><13><87><98><B2><A3><AE><10><CB><FF>	<F0><BB><00>GAWD<B9><00>YOU<00>GUYS<00>ARE<F8>BAD<CA><FF>	bank1_after_pointer_table	1	high	none
PTR-092	pointer_pair	paired	Bank 1 pointer-driven text	92	0x05E8C	0xAA4C	0xAA54	0x06A5C	0x06A64	0x06A6E	0x06A75	0x06A6E	0x06A75	F0 BB 14 87 B7 83 10 89 9A 00 9E A2 93 A4 A9 0E CA FF	F0 BB 00 99 81 00 87 8F 94 00 82 81 8C 8C 93 CA FF	<F0><BB><14><87><B7><83><10><89><9A><00><9E><A2><93><A4><A9><0E><CA><FF>	<F0><BB><00>YA<00>GOT<00>BALLS<CA><FF>	bank1_after_pointer_table	1	high	none
PTR-093	pointer_pair	paired	Bank 1 pointer-driven text	93	0x05E8E	0xAA5E	0xAA65	0x06A6E	0x06A75	0x06A7C	0x06A8C	0x06A7C	0x06A8C	F0 BB 9F 10 00 8A A8 98 B2 99 86 82 CC FF	F0 BB 00 99 8F 95 B6 92 85 00 93 94 89 8C 8C 00 81 8C 89 96 85 CC FF	<F0><BB><9F><10><00><8A><A8><98><B2><99><86><82><CC><FF>	<F0><BB><00>YOU<B6>RE<00>STILL<00>ALIVE<CC><FF>	bank1_after_pointer_table	1	high	none
PTR-094	pointer_pair	paired	Bank 1 pointer-driven text	94	0x05E90	0xAA6C	0xAA7C	0x06A7C	0x06A8C	0x06A91	0x06AAC	0x06A91	0x06AAC	81 8B 0C AB 83 BB 9C B4 CB 00 8A 99 00 A4 88 90 90 0D A2 CB FF	81 93 81 8A 89 BB 00 99 8F 95 00 93 8F 92 92 99 00 90 89 85 83 85 F8 8F 86 00 93 88 89 94 CA FF	<81><8B><0C><AB><83><BB><9C><B4><CB><00><8A><99><00><A4><88><90><90><0D><A2><CB><FF>	ASAJI<BB><00>YOU<00>SORRY<00>PIECE<F8>OF<00>SHIT<CA><FF>	bank1_after_pointer_table	1	high	none
PTR-095	pointer_pair	paired	Bank 1 pointer-driven text	95	0x05E92	0xAA81	0xAA9C	0x06A91	0x06AAC	0x06ABD	0x06AD6	0x06ABD	0x06AD6	F0 BB 14 83 A4 A7 00 84 AE 06 00 81 A8 A4 8C 90 98 F8 F9 00 94 A7 0F 83 AD 00 90 85 8C 95 8D B4 90 B4 93 00 93 B2 8C 90 A3 AE 10 FF	F0 BB 00 93 8F B9 00 97 85 00 8D 85 85 94 00 81 87 81 89 8E BA 00 99 8F 95 F8 82 85 81 94 00 94 8F 92 81 CC 00 97 8F 97 CA FF	<F0><BB><14><83><A4><A7><00><84><AE><06><00><81><A8><A4><8C><90><98><F8><F9><00><94><A7><0F><83><AD><00><90><85><8C><95><8D><B4><90><B4><93><00><93><B2><8C><90><A3><AE><10><FF>	<F0><BB><00>SO<B9><00>WE<00>MEET<00>AGAIN<BA><00>YOU<F8>BEAT<00>TORA<CC><00>WOW<CA><FF>	bank1_after_pointer_table	1	high	none
PTR-096	pointer_pair	paired	Bank 1 pointer-driven text	96	0x05E94	0xAAAD	0xAAC6	0x06ABD	0x06AD6	0x06AD2	0x06AF0	0x06AD2	0x06AF0	F0 BB 8A 82 92 AD CB 00 81 B4 8C 86 A7 99 8E AE 1D 92 13 B2 FF	F0 BB 00 88 85 92 85 B9 00 94 81 8B 85 00 94 88 89 93 00 83 88 81 92 8D BA FF	<F0><BB><8A><82><92><AD><CB><00><81><B4><8C><86><A7><99><8E><AE><1D><92><13><B2><FF>	<F0><BB><00>HERE<B9><00>TAKE<00>THIS<00>CHARM<BA><FF>	bank1_after_pointer_table	1	high	none
PTR-097	pointer_pair	paired	Bank 1 pointer-driven text	97	0x05E96	0xAAC2	0xAAE0	0x06AD2	0x06AF0	0x06AEA	0x06B08	0x06AEA	0x06B08	F0 BB 9F 0C 13 82 B4 93 AE 13 8D 86 82 CC 00 0C B7 83 10 AE 97 87 CC FF	F0 BB 00 81 92 85 00 99 8F 95 00 93 88 89 94 94 89 8E 87 00 8D 85 CC FF	<F0><BB><9F><0C><13><82><B4><93><AE><13><8D><86><82><CC><00><0C><B7><83><10><AE><97><87><CC><FF>	<F0><BB><00>ARE<00>YOU<00>SHITTING<00>ME<CC><FF>	bank1_after_pointer_table	1	high	none
PTR-098	pointer_pair	paired	Bank 1 pointer-driven text	98	0x05E98	0xAADA	0xAAF8	0x06AEA	0x06B08	0x06B02	0x06B27	0x06B02	0x06B27	F0 BB 85 A2 B2 8B AE 95 A7 00 A4 92 96 00 86 93 A9 86 A3 8C AA 98 B2 FF	F0 BB 00 8D 81 99 82 85 00 99 8F 95 00 83 81 8E 00 82 85 81 94 F8 88 89 8D 00 8E 8F 97 BA FF	<F0><BB><85><A2><B2><8B><AE><95><A7><00><A4><92><96><00><86><93><A9><86><A3><8C><AA><98><B2><FF>	<F0><BB><00>MAYBE<00>YOU<00>CAN<00>BEAT<F8>HIM<00>NOW<BA><FF>	bank1_after_pointer_table	1	high	none
PTR-099	pointer_pair	paired	Bank 1 pointer-driven text	99	0x05E9A	0xAAF2	0xAB17	0x06B02	0x06B27	0x06B3B	0x06B50	0x06B3B	0x06B50	89 AE 86 0C B7 83 CA 00 9C B4 CB 00 85 A2 B2 90 91 99 9A 86 AD 87 A2 93 A4 B4 90 0E F8 88 A4 8C 86 B4 90 A7 00 87 95 8B 82 CA 00 9C B4 9C B4 9C B4 CB 00 81 8B 0C AB 83 FF	F0 BB 00 86 89 87 88 94 00 8D 85 00 89 86 00 99 8F 95 00 87 8F 94 F8 94 88 85 00 82 81 8C 8C 93 CA 00 71 81 93 81 8A 89 FF	<89><AE><86><0C><B7><83><CA><00><9C><B4><CB><00><85><A2><B2><90><91><99><9A><86><AD><87><A2><93><A4><B4><90><0E><F8><88><A4><8C><86><B4><90><A7><00><87><95><8B><82><CA><00><9C><B4><9C><B4><9C><B4><CB><00><81><8B><0C><AB><83><FF>	<F0><BB><00>FIGHT<00>ME<00>IF<00>YOU<00>GOT<F8>THE<00>BALLS<CA><00><71>ASAJI<FF>	bank1_after_pointer_table	1	high	none
PTR-100	pointer_pair	paired	Bank 1 pointer-driven text	100	0x05E9C	0xAB2B	0xA08A	0x06B3B	0x0609A	0x06B50	0x060B5	0x06B50	0x060B5	F0 BB FA 8B AE CA 00 81 B4 8C AD 92 AA 93 B4 93 88 AA B4 CA FF	F0 BB 00 90 8C 85 81 93 85 00 8C 85 94 00 8D 85 00 8A 8F 89 8E 00 99 8F 95 CA FF	<F0><BB><FA><8B><AE><CA><00><81><B4><8C><AD><92><AA><93><B4><93><88><AA><B4><CA><FF>	<F0><BB><00>PLEASE<00>LET<00>ME<00>JOIN<00>YOU<CA><FF>	bank1_after_pointer_table	5	high	duplicate English target
PTR-101	pointer_pair	paired	Bank 1 pointer-driven text	101	0x05E9E	0xAB40	0xAB40	0x06B50	0x06B50	0x06B65	0x06B6B	0x06B65	0x06B6B	F0 BB FA 8B AE CA CA 00 85 85 85 A4 1C AE 06 00 8A AA AD CB FF	F0 BB 00 82 85 85 87 00 82 8F 93 93 00 87 81 96 85 00 8D 85 F8 94 88 89 93 CB FF	<F0><BB><FA><8B><AE><CA><CA><00><85><85><85><A4><1C><AE><06><00><8A><AA><AD><CB><FF>	<F0><BB><00>BEEG<00>BOSS<00>GAVE<00>ME<F8>THIS<CB><FF>	bank1_after_pointer_table	1	high	none
PTR-102	pointer_pair	paired	Bank 1 pointer-driven text	102	0x05EA0	0xAB55	0xAB5B	0x06B65	0x06B6B	0x06B79	0x06B80	0x06B79	0x06B80	F0 BB 85 85 85 A4 1C AE 06 CB 00 85 85 85 A4 1C AE 06 CB FF	F0 BB 00 8F 88 00 8E 8F CA 00 82 85 85 87 00 82 8F 93 93 CB FF	<F0><BB><85><85><85><A4><1C><AE><06><CB><00><85><85><85><A4><1C><AE><06><CB><FF>	<F0><BB><00>OH<00>NO<CA><00>BEEG<00>BOSS<CB><FF>	bank1_after_pointer_table	1	high	none
PTR-103	pointer_pair	paired	Bank 1 pointer-driven text	103	0x05EA2	0xAB69	0xAB70	0x06B79	0x06B80	0x06B91	0x06B9C	0x06B91	0x06B9C	F0 BB 86 95 A7 0D CB 00 86 95 A7 0D 86 90 87 AD 94 B4 93 A4 A9 0E CB FF	F0 BB 00 97 85 B6 8C 8C 00 93 85 94 94 8C 85 00 94 88 89 93 F8 8C 81 94 85 92 BA FF	<F0><BB><86><95><A7><0D><CB><00><86><95><A7><0D><86><90><87><AD><94><B4><93><A4><A9><0E><CB><FF>	<F0><BB><00>WE<B6>LL<00>SETTLE<00>THIS<F8>LATER<BA><FF>	bank1_after_pointer_table	1	high	none
PTR-104	pointer_pair	paired	Bank 1 pointer-driven text	104	0x05EA4	0xAB81	0xAB8C	0x06B91	0x06B9C	0x06BBF	0x06BC1	0x06BBF	0x06BC1	81 8B 0C AB 83 BB 9C B4 CB 00 A4 A7 AA 96 87 A4 06 B4 90 95 00 1A 86 95 A4 92 A2 CA F8 F9 00 FB 04 99 00 0A 88 AB 83 10 B4 90 95 AF CA FF	81 93 81 8A 89 BB 00 FA B9 00 97 85 B6 92 85 00 87 8F 8E 8E 81 F8 8B 89 83 8B 00 99 8F 95 92 00 81 93 93 CA FF	<81><8B><0C><AB><83><BB><9C><B4><CB><00><A4><A7><AA><96><87><A4><06><B4><90><95><00><1A><86><95><A4><92><A2><CA><F8><F9><00><FB><04><99><00><0A><88><AB><83><10><B4><90><95><AF><CA><FF>	ASAJI<BB><00><FA><B9><00>WE<B6>RE<00>GONNA<F8>KICK<00>YOUR<00>ASS<CA><FF>	bank1_after_pointer_table	1	high	none
PTR-105	pointer_pair	paired	Bank 1 pointer-driven text	105	0x05EA6	0xABAF	0xABB1	0x06BBF	0x06BC1	0x06BED	0x06BE4	0x06BED	0x06BE4	FB 04 BB A2 84 14 99 A0 A4 09 96 00 87 86 8C 93 A4 A7 AF CA F8 F9 00 8D 1D 93 9A 00 81 B4 8C A7 9C 90 A8 06 00 90 88 A7 AE 10 8A 94 CB FF	FB 04 BB 00 82 95 94 00 86 89 92 93 94 B9 00 8C 85 94 F8 8D 85 00 83 8C 95 85 00 99 8F 95 00 89 8E CB FF	<FB><04><BB><A2><84><14><99><A0><A4><09><96><00><87><86><8C><93><A4><A7><AF><CA><F8><F9><00><8D><1D><93><9A><00><81><B4><8C><A7><9C><90><A8><06><00><90><88><A7><AE><10><8A><94><CB><FF>	<FB><04><BB><00>BUT<00>FIRST<B9><00>LET<F8>ME<00>CLUE<00>YOU<00>IN<CB><FF>	bank1_after_pointer_table	1	high	none
PTR-106	pointer_pair	paired	Bank 1 pointer-driven text	106	0x05EA8	0xABDD	0xABD4	0x06BED	0x06BE4	0x06C07	0x06BFE	0x06C07	0x06BFE	FB 04 BB 85 A2 84 90 91 B5 00 9F AE 9F 94 10 9F 8B AA 90 B4 93 B2 AC 89 10 FF	FB 04 BB 00 99 8F 95 00 97 85 92 85 00 8A 95 93 94 00 81 00 90 81 97 8E CB FF	<FB><04><BB><85><A2><84><90><91><B5><00><9F><AE><9F><94><10><9F><8B><AA><90><B4><93><B2><AC><89><10><FF>	<FB><04><BB><00>YOU<00>WERE<00>JUST<00>A<00>PAWN<CB><FF>	bank1_after_pointer_table	1	high	none
PTR-107	pointer_pair	paired	Bank 1 pointer-driven text	107	0x05EAA	0xABF7	0xABEE	0x06C07	0x06BFE	0x06C24	0x06C1D	0x06C24	0x06C1D	81 8B 0C AB 83 BB 9C B4 9C B4 9C B4 CB 00 98 AE 1C 92 13 A3 00 94 95 84 94 87 95 CA FF	81 93 81 8A 89 BB 00 93 8F B9 00 90 92 81 99 00 97 88 89 8C 85 00 99 8F 95 00 83 81 8E CA FF	<81><8B><0C><AB><83><BB><9C><B4><9C><B4><9C><B4><CB><00><98><AE><1C><92><13><A3><00><94><95><84><94><87><95><CA><FF>	ASAJI<BB><00>SO<B9><00>PRAY<00>WHILE<00>YOU<00>CAN<CA><FF>	bank1_after_pointer_table	1	high	none
PTR-108	pointer_pair	paired	Bank 1 pointer-driven text	108	0x05EAC	0xAC14	0xAC0D	0x06C24	0x06C1D	0x06C35	0x06C35	0x06C35	0x06C35	F0 BB 9C B4 9C B4 9C B4 CB 00 1A 86 95 A4 92 CA FF	F0 BB 00 88 85 88 CB 93 94 95 90 89 84 00 82 81 93 94 81 92 84 93 CA FF	<F0><BB><9C><B4><9C><B4><9C><B4><CB><00><1A><86><95><A4><92><CA><FF>	<F0><BB><00>HEH<CB>STUPID<00>BASTARDS<CA><FF>	bank1_after_pointer_table	1	high	none
PTR-109	pointer_pair	paired	Bank 1 pointer-driven text	109	0x05EAE	0xAC25	0xAC25	0x06C35	0x06C35	0x06C4F	0x06C63	0x06C4F	0x06C63	F0 BB 92 07 99 09 71 A1 9A 00 94 83 14 83 88 AE 94 00 A4 9F 10 88 AE 10 0E FF	F0 BB 00 89 93 8E B6 94 00 94 88 85 00 8D 95 93 89 83 00 89 8E 00 94 88 89 93 F8 96 89 84 85 8F 00 87 81 8D 85 00 87 92 85 81 94 CA CC FF	<F0><BB><92><07><99><09><71><A1><9A><00><94><83><14><83><88><AE><94><00><A4><9F><10><88><AE><10><0E><FF>	<F0><BB><00>ISN<B6>T<00>THE<00>MUSIC<00>IN<00>THIS<F8>VIDEO<00>GAME<00>GREAT<CA><CC><FF>	bank1_after_pointer_table	1	high	none
PTR-110	pointer_pair	paired	Bank 1 pointer-driven text	110	0x05EB0	0xAC3F	0xB074	0x06C4F	0x07084	0x06C60	0x070B6	0x06C60	0x070B6	F0 BB 9F 90 00 A4 A7 AA 96 87 A4 06 B4 90 0E CA FF	F0 BB 00 94 88 85 99 B6 92 85 00 82 81 83 8B 00 94 8F 00 88 81 96 85 F8 94 88 85 89 92 00 81 93 93 85 93 00 8B 89 83 8B 85 84 00 81 87 81 89 8E CA FF	<F0><BB><9F><90><00><A4><A7><AA><96><87><A4><06><B4><90><0E><CA><FF>	<F0><BB><00>THEY<B6>RE<00>BACK<00>TO<00>HAVE<F8>THEIR<00>ASSES<00>KICKED<00>AGAIN<CA><FF>	bank1_after_pointer_table	1	high	none
PTR-111	pointer_pair	paired	Bank 1 pointer-driven text	111	0x05EB2	0xAC50	0xBFC3	0x06C60	0x07FD3	0x06C65	0x07FDC	0x06C65	0x07FD4	F0 BB 84 CC FF	FF F0 BB 00 88 95 88 CC FF	<F0><BB><84><CC><FF>	<FF><F0><BB><00>HUH<CC><FF>	bank1_after_pointer_table	1	high	none
PTR-112	pointer_pair	paired	Bank 1 pointer-driven text	112	0x05EB4	0xAC55	0xAC53	0x06C65	0x06C63	0x06C71	0x06C77	0x06C71	0x06C77	F0 BB 83 B4 00 9C B4 00 9C B4 CD FF	F0 BB 00 94 81 8B 85 00 94 88 81 94 CB 00 97 88 81 CB CC FF	<F0><BB><83><B4><00><9C><B4><00><9C><B4><CD><FF>	<F0><BB><00>TAKE<00>THAT<CB><00>WHA<CB><CC><FF>	bank1_after_pointer_table	1	high	none
PTR-113	pointer_pair	paired	Bank 1 pointer-driven text	113	0x05EB6	0xAC61	0xAC67	0x06C71	0x06C77	0x06C88	0x06C91	0x06C88	0x06C91	F0 BB 91 B7 B4 94 00 81 90 9F 96 87 91 B5 B4 90 13 0A 0B AE 8D A6 FF	F0 BB 00 8E 8F 97 00 89 B6 8D 00 92 85 81 8C 8C 99 00 90 89 93 93 85 84 CA FF	<F0><BB><91><B7><B4><94><00><81><90><9F><96><87><91><B5><B4><90><13><0A><0B><AE><8D><A6><FF>	<F0><BB><00>NOW<00>I<B6>M<00>REALLY<00>PISSED<CA><FF>	bank1_after_pointer_table	1	high	none
PTR-114	pointer_pair	paired	Bank 1 pointer-driven text	114	0x05EB8	0xAC78	0xAC81	0x06C88	0x06C91	0x06C8F	0x06C9B	0x06C8F	0x06C9B	F0 BB 87 71 B4 CA FF	F0 BB 00 81 89 99 85 85 CA FF	<F0><BB><87><71><B4><CA><FF>	<F0><BB><00>AIYEE<CA><FF>	bank1_after_pointer_table	2	high	duplicate English target
PTR-115	pointer_pair	paired	Bank 1 pointer-driven text	115	0x05EBA	0xAC7F	0xAC8B	0x06C8F	0x06C9B	0x06C9D	0x06CAA	0x06C9D	0x06CAA	F0 BB 07 AE 07 AE 07 AE 07 AE 07 AE B4 FF	F0 BB 00 84 95 8D 71 84 85 85 71 84 95 8D FF	<F0><BB><07><AE><07><AE><07><AE><07><AE><07><AE><B4><FF>	<F0><BB><00>DUM<71>DEE<71>DUM<FF>	bank1_after_pointer_table	1	high	none
PTR-116	pointer_pair	paired	Bank 1 pointer-driven text	116	0x05EBC	0xAC8D	0xAC9A	0x06C9D	0x06CAA	0x06CB0	0x06CB8	0x06CB0	0x06CB8	F0 BB 95 AE 13 B2 00 8A 99 8D B4 94 8A 14 B4 8A 82 CA FF	F0 BB 00 88 85 99 B9 94 97 85 92 90 CA FF	<F0><BB><95><AE><13><B2><00><8A><99><8D><B4><94><8A><14><B4><8A><82><CA><FF>	<F0><BB><00>HEY<B9>TWERP<CA><FF>	bank1_after_pointer_table	1	high	none
PTR-117	pointer_pair	paired	Bank 1 pointer-driven text	117	0x05EBE	0xACA0	0xACA8	0x06CB0	0x06CB8	0x06CC0	0x06CC8	0x06CC0	0x06CC8	F0 BB A3 83 82 B4 86 82 13 0A 0B AE 8D B4 CA FF	F0 BB 00 8F 8E 85 00 8D 8F B6 94 89 8D 85 CA FF	<F0><BB><A3><83><82><B4><86><82><13><0A><0B><AE><8D><B4><CA><FF>	<F0><BB><00>ONE<00>MO<B6>TIME<CA><FF>	bank1_after_pointer_table	1	high	none
PTR-118	pointer_pair	paired	Bank 1 pointer-driven text	118	0x05EC0	0xACB0	0xACB8	0x06CC0	0x06CC8	0x06CD2	0x06CD9	0x06CD2	0x06CD9	F0 BB 82 92 13 A3 00 81 82 93 96 95 A8 A4 8D 0E CA FF	F0 BB 00 92 8F 83 8B 00 8E B6 00 92 8F 8C 8C CA FF	<F0><BB><82><92><13><A3><00><81><82><93><96><95><A8><A4><8D><0E><CA><FF>	<F0><BB><00>ROCK<00>N<B6><00>ROLL<CA><FF>	bank1_after_pointer_table	1	high	none
PTR-119	pointer_pair	paired	Bank 1 pointer-driven text	119	0x05EC2	0xACC2	0xACC9	0x06CD2	0x06CD9	0x06CE3	0x06CEE	0x06CE3	0x06CEE	F0 BB 81 B4 8C AF 00 89 AE 86 AF 87 AA 84 10 CA FF	F0 BB 00 8A 85 85 9A B9 00 94 88 89 93 00 93 95 83 8B 93 CA FF	<F0><BB><81><B4><8C><AF><00><89><AE><86><AF><87><AA><84><10><CA><FF>	<F0><BB><00>JEEZ<B9><00>THIS<00>SUCKS<CA><FF>	bank1_after_pointer_table	1	high	none
PTR-120	pointer_pair	paired	Bank 1 pointer-driven text	120	0x05EC4	0xACD3	0xACDE	0x06CE3	0x06CEE	0x06CF0	0x06CF9	0x06CF0	0x06CF9	F0 BB 85 85 B4 94 00 82 89 98 B2 CA FF	F0 BB 00 97 88 8F 8F 90 93 CA FF	<F0><BB><85><85><B4><94><00><82><89><98><B2><CA><FF>	<F0><BB><00>WHOOPS<CA><FF>	bank1_after_pointer_table	1	high	none
PTR-121	pointer_pair	paired	Bank 1 pointer-driven text	121	0x05EC6	0xACE0	0xACE9	0x06CF0	0x06CF9	0x06D06	0x06D0B	0x06D06	0x06D0B	F0 BB 8F 82 92 AF 00 85 A3 82 A3 A6 A7 98 B2 8A B4 93 8D A6 CA FF	F0 BB 00 97 88 81 94 00 94 88 85 00 B1 AD CA B2 CC FF	<F0><BB><8F><82><92><AF><00><85><A3><82><A3><A6><A7><98><B2><8A><B4><93><8D><A6><CA><FF>	<F0><BB><00>WHAT<00>THE<00><B1><AD><CA><B2><CC><FF>	bank1_after_pointer_table	1	high	none
PTR-122	pointer_pair	paired	Bank 1 pointer-driven text	122	0x05EC8	0xACF6	0xACFB	0x06D06	0x06D0B	0x06D19	0x06D1D	0x06D19	0x06D1D	F0 BB 81 B4 8C 96 A3 00 A4 A7 8C 93 85 88 AE 98 B2 CA FF	F0 BB 00 8C 85 8D 8D 85 00 88 89 94 00 B6 85 8D CA FF	<F0><BB><81><B4><8C><96><A3><00><A4><A7><8C><93><85><88><AE><98><B2><CA><FF>	<F0><BB><00>LEMME<00>HIT<00><B6>EM<CA><FF>	bank1_after_pointer_table	1	high	none
PTR-123	pointer_pair	paired	Bank 1 pointer-driven text	123	0x05ECA	0xAD09	0xAD0D	0x06D19	0x06D1D	0x06D2B	0x06D39	0x06D2B	0x06D39	F0 BB A5 A9 8C 93 A4 B4 93 00 85 88 AE 95 8E B2 CA FF	F0 BB 00 89 B6 8D 00 87 8F 8E 8E 81 00 8B 89 83 8B F8 99 8F 95 92 00 81 93 93 CA FF	<F0><BB><A5><A9><8C><93><A4><B4><93><00><85><88><AE><95><8E><B2><CA><FF>	<F0><BB><00>I<B6>M<00>GONNA<00>KICK<F8>YOUR<00>ASS<CA><FF>	bank1_after_pointer_table	1	high	none
PTR-124	pointer_pair	paired	Bank 1 pointer-driven text	124	0x05ECC	0xAD1B	0xAD29	0x06D2B	0x06D39	0x06D36	0x06D45	0x06D36	0x06D45	F0 BB 89 AE 86 13 8D 86 B2 CA FF	F0 BB 00 99 81 00 97 89 8D 90 CA FF	<F0><BB><89><AE><86><13><8D><86><B2><CA><FF>	<F0><BB><00>YA<00>WIMP<CA><FF>	bank1_after_pointer_table	1	high	none
PTR-125	pointer_pair	paired	Bank 1 pointer-driven text	125	0x05ECE	0xAD26	0xAD35	0x06D36	0x06D45	0x06D42	0x06D52	0x06D42	0x06D52	F0 BB 82 86 06 13 0A 0B AE 8D CA FF	F0 BB 00 85 81 94 00 94 88 89 93 CA FF	<F0><BB><82><86><06><13><0A><0B><AE><8D><CA><FF>	<F0><BB><00>EAT<00>THIS<CA><FF>	bank1_after_pointer_table	1	high	none
PTR-126	pointer_pair	paired	Bank 1 pointer-driven text	126	0x05ED0	0xAD32	0xAD42	0x06D42	0x06D52	0x06D51	0x06D68	0x06D51	0x06D68	F0 BB 81 A8 06 94 8B AE 13 0A 0B AE 8D CD FF	F0 BB 00 89 B6 8C 8C 00 92 85 8D 85 8D 82 85 92 00 99 8F 95 CA FF	<F0><BB><81><A8><06><94><8B><AE><13><0A><0B><AE><8D><CD><FF>	<F0><BB><00>I<B6>LL<00>REMEMBER<00>YOU<CA><FF>	bank1_after_pointer_table	1	high	none
PTR-127	pointer_pair	paired	Bank 1 pointer-driven text	127	0x05ED2	0xAD41	0xAD58	0x06D51	0x06D68	0x06D5E	0x06D70	0x06D5E	0x06D70	F0 BB 88 A8 00 88 A8 00 88 A8 B4 CB FF	F0 BB 00 85 85 85 CB FF	<F0><BB><88><A8><00><88><A8><00><88><A8><B4><CB><FF>	<F0><BB><00>EEE<CB><FF>	bank1_after_pointer_table	1	high	none
PTR-128	pointer_pair	paired	Bank 1 pointer-driven text	128	0x05ED4	0xAD4E	0xAD60	0x06D5E	0x06D70	0x06D66	0x06D79	0x06D66	0x06D79	F0 BB 9B B2 B2 CB CD FF	F0 BB 00 81 92 87 88 CB FF	<F0><BB><9B><B2><B2><CB><CD><FF>	<F0><BB><00>ARGH<CB><FF>	bank1_after_pointer_table	2	high	duplicate English target
PTR-129	pointer_pair	paired	Bank 1 pointer-driven text	129	0x05ED6	0xAD56	0xAD69	0x06D66	0x06D79	0x06D71	0x06D86	0x06D71	0x06D86	F0 BB 92 00 92 A6 8D 07 A9 CB FF	F0 BB 00 84 89 83 8B 97 85 85 84 CA FF	<F0><BB><92><00><92><A6><8D><07><A9><CB><FF>	<F0><BB><00>DICKWEED<CA><FF>	bank1_after_pointer_table	1	high	none
PTR-130	pointer_pair	paired	Bank 1 pointer-driven text	130	0x05ED8	0xAD61	0xAD76	0x06D71	0x06D86	0x06D7D	0x06D8E	0x06D7D	0x06D8E	F0 BB 8C 88 00 8C 88 00 8C 88 CB FF	F0 BB 00 97 81 88 CA FF	<F0><BB><8C><88><00><8C><88><00><8C><88><CB><FF>	<F0><BB><00>WAH<CA><FF>	bank1_after_pointer_table	1	high	none
PTR-131	pointer_pair	paired	Bank 1 pointer-driven text	131	0x05EDA	0xAD6D	0xAD7E	0x06D7D	0x06D8E	0x06D85	0x06D96	0x06D85	0x06D96	F0 BB 08 85 71 B4 CA FF	F0 BB 00 87 97 81 CA FF	<F0><BB><08><85><71><B4><CA><FF>	<F0><BB><00>GWA<CA><FF>	bank1_after_pointer_table	1	high	none
PTR-132	pointer_pair	paired	Bank 1 pointer-driven text	132	0x05EDC	0xAD75	0xAC81	0x06D85	0x06C91	0x06D8C	0x06C9B	0x06D8C	0x06C9B	F0 BB 09 71 B4 CA FF	F0 BB 00 81 89 99 85 85 CA FF	<F0><BB><09><71><B4><CA><FF>	<F0><BB><00>AIYEE<CA><FF>	bank1_after_pointer_table	2	high	duplicate English target
PTR-133	pointer_pair	paired	Bank 1 pointer-driven text	133	0x05EDE	0xAD7C	0xAD60	0x06D8C	0x06D70	0x06D94	0x06D79	0x06D94	0x06D79	F0 BB 06 88 B4 CB CD FF	F0 BB 00 81 92 87 88 CB FF	<F0><BB><06><88><B4><CB><CD><FF>	<F0><BB><00>ARGH<CB><FF>	bank1_after_pointer_table	2	high	duplicate English target
PTR-134	pointer_pair	paired	Bank 1 pointer-driven text	134	0x05EE0	0xAD84	0xAD86	0x06D94	0x06D96	0x06D9E	0x06DA5	0x06D9E	0x06DA5	F0 BB 9B B0 B0 B0 71 B4 CA FF	F0 BB 00 81 89 71 99 81 89 71 99 81 89 CA FF	<F0><BB><9B><B0><B0><B0><71><B4><CA><FF>	<F0><BB><00>AI<71>YAI<71>YAI<CA><FF>	bank1_after_pointer_table	1	high	none
PTR-135	pointer_pair	paired	Bank 1 pointer-driven text	135	0x05EE2	0xAD8E	0xAD95	0x06D9E	0x06DA5	0x06DAA	0x06DAE	0x06DAA	0x06DAE	F0 BB 82 A7 B4 8C B5 82 9F 8E CD FF	97 85 8C 83 8F 8D 85 CA FF	<F0><BB><82><A7><B4><8C><B5><82><9F><8E><CD><FF>	WELCOME<CA><FF>	bank1_after_pointer_table	1	high	none
PTR-136	pointer_pair	paired	Bank 1 pointer-driven text	136	0x05EE4	0xAD9A	0xAD9E	0x06DAA	0x06DAE	0x06DC2	0x06DC3	0x06DC2	0x06DC3	F0 BB 85 87 9F A8 13 8D 86 CC 00 0A 91 B6 83 A3 AE AD 00 14 83 0F CD FF	97 88 81 94 00 97 8F 95 8C 84 00 99 8F 95 00 8C 89 8B 85 CC FF	<F0><BB><85><87><9F><A8><13><8D><86><CC><00><0A><91><B6><83><A3><AE><AD><00><14><83><0F><CD><FF>	WHAT<00>WOULD<00>YOU<00>LIKE<CC><FF>	bank1_after_pointer_table	1	high	none
PTR-137	pointer_pair	paired	Bank 1 pointer-driven text	137	0x05EE6	0xADB2	0xADB3	0x06DC2	0x06DC3	0x06DE1	0x06DDB	0x06DE1	0x06DDB	F0 BB A3 91 A3 99 06 00 82 B4 5A 82 13 8D 98 F8 F9 00 8A AA 82 0C B7 83 A3 93 9F 8E AE CB FF	99 8F 95 92 00 89 8E 96 85 8E 94 8F 92 99 00 89 93 00 86 95 8C 8C BA FF	<F0><BB><A3><91><A3><99><06><00><82><B4><5A><82><13><8D><98><F8><F9><00><8A><AA><82><0C><B7><83><A3><93><9F><8E><AE><CB><FF>	YOUR<00>INVENTORY<00>IS<00>FULL<BA><FF>	bank1_after_pointer_table	1	high	none
PTR-138	pointer_pair	paired	Bank 1 pointer-driven text	138	0x05EE8	0xADD1	0xADCB	0x06DE1	0x06DDB	0x06DF3	0x06DF8	0x06DF3	0x06DF8	F0 BB 85 86 98 06 00 90 A8 95 82 A6 83 13 8D 06 CB FF	99 8F 95 00 84 8F 8E B6 94 00 88 81 96 85 00 85 8E 8F 95 87 88 F8 8D 8F 8E 85 99 BA FF	<F0><BB><85><86><98><06><00><90><A8><95><82><A6><83><13><8D><06><CB><FF>	YOU<00>DON<B6>T<00>HAVE<00>ENOUGH<F8>MONEY<BA><FF>	bank1_after_pointer_table	1	high	none
PTR-139	pointer_pair	paired	Bank 1 pointer-driven text	139	0x05EEA	0xADE3	0xADE8	0x06DF3	0x06DF8	0x06E03	0x06E06	0x06E03	0x06E06	F0 BB 8A 91 A7 13 00 A6 AB 8C 82 13 8D 86 CC FF	81 92 85 00 99 8F 95 00 93 95 92 85 CC FF	<F0><BB><8A><91><A7><13><00><A6><AB><8C><82><13><8D><86><CC><FF>	ARE<00>YOU<00>SURE<CC><FF>	bank1_after_pointer_table	1	high	none
PTR-140	pointer_pair	paired	Bank 1 pointer-driven text	140	0x05EEC	0xADF3	0xBFCC	0x06E03	0x07FDC	0x06E0D	0x07FE4	0x06E0D	0x07FE4	F0 BB 9F 82 14 14 83 A3 CD FF	94 88 81 8E 8B 93 CA FF	<F0><BB><9F><82><14><14><83><A3><CD><FF>	THANKS<CA><FF>	bank1_after_pointer_table	1	high	none
PTR-141	pointer_pair	paired	Bank 1 pointer-driven text	141	0x05EEE	0xADFD	0xADF6	0x06E0D	0x06E06	0x06E17	0x06E0E	0x06E17	0x06E0E	F0 9A 00 F1 AD 00 90 1D 90 FF	F0 00 81 94 85 00 F1 FF	<F0><9A><00><F1><AD><00><90><1D><90><FF>	<F0><00>ATE<00><F1><FF>	bank1_after_pointer_table	1	high	none
PTR-142	pointer_pair	paired	Bank 1 pointer-driven text	142	0x05EF0	0xAE07	0xADFE	0x06E17	0x06E0E	0x06E21	0x06E18	0x06E21	0x06E18	F0 9A 00 F1 AD 00 99 AE 10 FF	F0 00 84 92 81 8E 8B 00 F1 FF	<F0><9A><00><F1><AD><00><99><AE><10><FF>	<F0><00>DRANK<00><F1><FF>	bank1_after_pointer_table	1	high	none
PTR-143	pointer_pair	paired	Bank 1 pointer-driven text	143	0x05EF2	0xAE11	0xAE08	0x06E21	0x06E18	0x06E2D	0x06E20	0x06E2D	0x06E20	F0 9A 00 F1 AD 00 83 89 94 B4 90 FF	F0 00 87 8F 94 00 F1 FF	<F0><9A><00><F1><AD><00><83><89><94><B4><90><FF>	<F0><00>GOT<00><F1><FF>	bank1_after_pointer_table	1	high	none
PTR-144	pointer_pair	paired	Bank 1 pointer-driven text	144	0x05EF4	0xAE1D	0xAE10	0x06E2D	0x06E20	0x06E39	0x06E2D	0x06E39	0x06E2D	F0 9A 00 F1 AD 00 A0 96 92 89 90 FF	F0 00 85 91 95 89 90 90 85 84 00 F1 FF	<F0><9A><00><F1><AD><00><A0><96><92><89><90><FF>	<F0><00>EQUIPPED<00><F1><FF>	bank1_after_pointer_table	1	high	none
PTR-145	pointer_pair	paired	Bank 1 pointer-driven text	145	0x05EF6	0xAE29	0xAE1D	0x06E39	0x06E2D	0x06E48	0x06E3C	0x06E48	0x06E3C	F0 BB 9E 86 96 00 0A 91 B6 83 A3 AE 9A CC FF	81 8E 99 94 88 89 8E 87 00 85 8C 93 85 CC FF	<F0><BB><9E><86><96><00><0A><91><B6><83><A3><AE><9A><CC><FF>	ANYTHING<00>ELSE<CC><FF>	bank1_after_pointer_table	1	high	none
PTR-146	pointer_pair	paired	Bank 1 pointer-driven text	146	0x05EF8	0xAE38	0xAE2C	0x06E48	0x06E3C	0x06E66	0x06E4F	0x06E66	0x06E4F	F0 BB 9F 90 00 85 8A 8C 88 10 8B 82 9F 8E F8 F9 00 81 A8 06 94 83 0A 0B 82 9F 8C 90 CD FF	94 88 81 8E 8B 93 CA 00 83 8F 8D 85 00 81 87 81 89 8E FF	<F0><BB><9F><90><00><85><8A><8C><88><10><8B><82><9F><8E><F8><F9><00><81><A8><06><94><83><0A><0B><82><9F><8C><90><CD><FF>	THANKS<CA><00>COME<00>AGAIN<FF>	bank1_after_pointer_table	1	high	none
PTR-147	pointer_pair	paired	Bank 1 pointer-driven text	147	0x05EFA	0xAE56	0xAE3F	0x06E66	0x06E4F	0x06E71	0x06E5E	0x06E71	0x06E5E	F0 BB 85 94 9F A8 13 8D 86 CC FF	97 89 8C 8C 00 99 8F 95 00 93 94 81 99 CC FF	<F0><BB><85><94><9F><A8><13><8D><86><CC><FF>	WILL<00>YOU<00>STAY<CC><FF>	bank1_after_pointer_table	1	high	none
PTR-148	pointer_pair	paired	Bank 1 pointer-driven text	148	0x05EFC	0xAE61	0xAE4E	0x06E71	0x06E5E	0x06E80	0x06E6B	0x06E80	0x06E6B	F0 BB 85 88 92 AB 07 88 10 8B 82 9F 8E CD FF	90 8C 85 81 93 85 00 92 85 8C 81 98 FF	<F0><BB><85><88><92><AB><07><88><10><8B><82><9F><8E><CD><FF>	PLEASE<00>RELAX<FF>	bank1_after_pointer_table	1	high	none
PTR-149	pointer_pair	paired	Bank 1 pointer-driven text	149	0x05EFE	0xAE70	0xAE5B	0x06E80	0x06E6B	0x06E88	0x06E73	0x06E88	0x06E73	F0 9A 00 98 90 B4 CA FF	92 85 93 94 85 84 CA FF	<F0><9A><00><98><90><B4><CA><FF>	RESTED<CA><FF>	bank1_after_pointer_table	1	high	none
PTR-150	pointer_pair	paired	Bank 1 pointer-driven text	150	0x05F00	0xAE78	0xAE63	0x06E88	0x06E73	0x06E97	0x06E81	0x06E97	0x06E81	F0 BB 8C B7 83 1C 00 95 8B 82 9F 8D 86 CC FF	97 81 8E 8E 81 00 87 81 8D 82 8C 85 CC FF	<F0><BB><8C><B7><83><1C><00><95><8B><82><9F><8D><86><CC><FF>	WANNA<00>GAMBLE<CC><FF>	bank1_after_pointer_table	1	high	none
PTR-151	pointer_pair	paired	Bank 1 pointer-driven text	151	0x05F02	0xAE87	0xAE71	0x06E97	0x06E81	0x06EA8	0x06E88	0x06EA8	0x06E88	F0 BB A6 0A 0B AE 8D 98 CC 00 9A 82 A8 9F 8D CD FF	92 85 81 84 99 CC FF	<F0><BB><A6><0A><0B><AE><8D><98><CC><00><9A><82><A8><9F><8D><CD><FF>	READY<CC><FF>	bank1_after_pointer_table	1	high	none
PTR-152	pointer_pair	paired	Bank 1 pointer-driven text	152	0x05F04	0xAE98	0xAE78	0x06EA8	0x06E88	0x06EB7	0x06E90	0x06EB7	0x06E90	F0 BB 8F AA 13 9A CB 00 8C B7 83 1C B4 CA FF	87 8F 00 8E 8F 97 CA FF	<F0><BB><8F><AA><13><9A><CB><00><8C><B7><83><1C><B4><CA><FF>	GO<00>NOW<CA><FF>	bank1_after_pointer_table	1	high	none
PTR-153	pointer_pair	paired	Bank 1 pointer-driven text	153	0x05F06	0xAEA7	0xAE80	0x06EB7	0x06E90	0x06EC7	0x06EA4	0x06EC7	0x06EA4	F0 BB FD 00 FE 99 00 FC 00 94 13 9F 8C 90 CB FF	97 85 00 88 81 96 85 00 FD 00 81 8E 84 00 FE CB CB FC CA FF	<F0><BB><FD><00><FE><99><00><FC><00><94><13><9F><8C><90><CB><FF>	WE<00>HAVE<00><FD><00>AND<00><FE><CB><CB><FC><CA><FF>	bank1_after_pointer_table	1	high	none
PTR-154	pointer_pair	paired	Bank 1 pointer-driven text	154	0x05F08	0xAEB7	0xAE94	0x06EC7	0x06EA4	0x06EDC	0x06EAD	0x06EDC	0x06EAD	F0 BB 85 87 B5 88 8B 9F 99 00 86 91 00 99 A6 83 13 8D 98 CD FF	99 8F 95 00 97 8F 8E CA FF	<F0><BB><85><87><B5><88><8B><9F><99><00><86><91><00><99><A6><83><13><8D><98><CD><FF>	YOU<00>WON<CA><FF>	bank1_after_pointer_table	1	high	none
PTR-155	pointer_pair	paired	Bank 1 pointer-driven text	155	0x05F0A	0xAECC	0xAE9D	0x06EDC	0x06EAD	0x06EF1	0x06EB7	0x06EF1	0x06EB7	F0 BB 85 87 B5 88 8B 9F 99 00 9F 89 00 99 A6 83 13 8D 98 CD FF	99 8F 95 00 8C 8F 93 94 CB FF	<F0><BB><85><87><B5><88><8B><9F><99><00><9F><89><00><99><A6><83><13><8D><98><CD><FF>	YOU<00>LOST<CB><FF>	bank1_after_pointer_table	1	high	none
PTR-156	pointer_pair	paired	Bank 1 pointer-driven text	156	0x05F0C	0xAEE1	0xAEA7	0x06EF1	0x06EB7	0x06EFF	0x06EBD	0x06EFF	0x06EBD	F0 BB 82 86 06 00 95 8B 82 9F 8D 86 CC FF	97 85 8C 8C CC FF	<F0><BB><82><86><06><00><95><8B><82><9F><8D><86><CC><FF>	WELL<CC><FF>	bank1_after_pointer_table	1	high	none
PTR-157	pointer_pair	paired	Bank 1 pointer-driven text	157	0x05F0E	0xAEEF	0xAEAD	0x06EFF	0x06EBD	0x06F0F	0x06ED2	0x06F0F	0x06ED2	8B AE 87 91 BB 85 86 84 A8 95 8E B2 A4 8C CA FF	93 81 8E 8B 89 BB 00 97 85 8C 83 8F 8D 85 00 82 81 83 8B CA FF	<8B><AE><87><91><BB><85><86><84><A8><95><8E><B2><A4><8C><CA><FF>	SANKI<BB><00>WELCOME<00>BACK<CA><FF>	bank1_after_pointer_table	1	high	none
PTR-158	pointer_pair	paired	Bank 1 pointer-driven text	158	0x05F10	0xAEFF	0xAEC2	0x06F0F	0x06ED2	0x06F1E	0x06EE4	0x06F1E		F0 BB 0A A6 83 9A 00 81 A8 A4 8E AE 86 CC FF	F0 BB 00 8E 85 85 84 00 93 8F 8D 85 94 88 89 8E 87 CC	<F0><BB><0A><A6><83><9A><00><81><A8><A4><8E><AE><86><CC><FF>	<F0><BB><00>NEED<00>SOMETHING<CC>	bank1_after_pointer_table	2	high	duplicate English target
PTR-159	pointer_pair	paired	Bank 1 pointer-driven text	159	0x05F12	0xAF0E	0xB749	0x06F1E	0x07759	0x06F2D	0x07C00	0x06F2D	0x07769	F0 BB 9D 82 B4 CA 00 A6 AB 8A AE 13 CA CA FF	F0 BB 00 8D 99 00 90 8C 85 81 93 95 92 85 CA FF	<F0><BB><9D><82><B4><CA><00><A6><AB><8A><AE><13><CA><CA><FF>	<F0><BB><00>MY<00>PLEASURE<CA><FF>	bank1_after_pointer_table	1	high	none
PTR-160	pointer_pair	paired	Bank 1 pointer-driven text	160	0x05F14	0xAF1D	0xAEC2	0x06F2D	0x06ED2	0x06F3C	0x06EE4	0x06F3C		F0 BB 0A A6 83 9A 00 81 A8 A4 8E AE 86 CC FF	F0 BB 00 8E 85 85 84 00 93 8F 8D 85 94 88 89 8E 87 CC	<F0><BB><0A><A6><83><9A><00><81><A8><A4><8E><AE><86><CC><FF>	<F0><BB><00>NEED<00>SOMETHING<CC>	bank1_after_pointer_table	2	high	duplicate English target
PTR-161	pointer_pair	paired	Bank 1 pointer-driven text	161	0x05F16	0xAF2C	0xAED5	0x06F3C	0x06EE5	0x06F4A	0x06EF4	0x06F4A	0x06EF4	F0 BB 8F AA 13 9A 85 87 AD 92 89 93 CB FF	F0 BB 00 82 85 00 83 81 92 85 86 95 8C CA FF	<F0><BB><8F><AA><13><9A><85><87><AD><92><89><93><CB><FF>	<F0><BB><00>BE<00>CAREFUL<CA><FF>	bank1_after_pointer_table	1	high	none
PTR-162	pointer_pair	paired	Bank 1 pointer-driven text	162	0x05F18	0xAF3A	0xAED4	0x06F4A	0x06EE4	0x06F59	0x06EE5	0x06F59	0x06EE5	F0 BB 82 B4 93 A7 B4 8C B5 82 A4 8C CA CA FF	FF	<F0><BB><82><B4><93><A7><B4><8C><B5><82><A4><8C><CA><CA><FF>	<FF>	bank1_after_pointer_table	1	high	shared leading 0xFF or empty record
PTR-163	pointer_pair	paired	Bank 1 pointer-driven text	163	0x05F1A	0xAF49	0xAEE4	0x06F59	0x06EF4	0x06F70	0x06F00	0x06F70	0x06F00	82 B4 8C B7 96 82 88 00 95 86 9F AD 00 84 A7 AE 13 88 10 8B 82 CD FF	83 88 8F 8F 93 85 00 81 8C 8C 99 FF	<82><B4><8C><B7><96><82><88><00><95><86><9F><AD><00><84><A7><AE><13><88><10><8B><82><CD><FF>	CHOOSE<00>ALLY<FF>	bank1_after_pointer_table	1	high	none
PTR-164	pointer_pair	paired	Bank 1 pointer-driven text	164	0x05F1C	0xAF60	0xAEF0	0x06F70	0x06F00	0x06F93	0x06F16	0x06F93	0x06F16	8B AE 87 91 BB FA 8B AE B4 CA 00 93 84 9D AE 10 00 93 84 9D AE 10 A6 F8 F9 00 85 8A 94 8B AE 06 CA CA FF	93 81 8E 8B 89 BB 00 FA CA 00 8F 8B 8F 94 8F 00 88 81 93 CB CA FF	<8B><AE><87><91><BB><FA><8B><AE><B4><CA><00><93><84><9D><AE><10><00><93><84><9D><AE><10><A6><F8><F9><00><85><8A><94><8B><AE><06><CA><CA><FF>	SANKI<BB><00><FA><CA><00>OKOTO<00>HAS<CB><CA><FF>	bank1_after_pointer_table	1	high	none
PTR-165	pointer_pair	paired	Bank 1 pointer-driven text	165	0x05F1E	0xAF83	0xAF06	0x06F93	0x06F16	0x06FB8	0x06F3D	0x06FB8	0x06F3D	8B AE 87 91 BB 8B A7 B4 93 B4 90 99 9A 00 9C 90 A8 08 A0 13 CB F8 F9 00 83 0A 87 99 9A 84 B2 A4 92 A7 13 CB FF	93 81 8E 8B 89 BB 00 94 97 8F 00 87 95 99 93 CB 93 94 92 95 83 8B F8 8C 89 8B 85 00 8C 89 87 88 94 8E 89 8E 87 CB FF	<8B><AE><87><91><BB><8B><A7><B4><93><B4><90><99><9A><00><9C><90><A8><08><A0><13><CB><F8><F9><00><83><0A><87><99><9A><84><B2><A4><92><A7><13><CB><FF>	SANKI<BB><00>TWO<00>GUYS<CB>STRUCK<F8>LIKE<00>LIGHTNING<CB><FF>	bank1_after_pointer_table	1	high	none
PTR-166	pointer_pair	paired	Bank 1 pointer-driven text	166	0x05F20	0xAFA8	0xAF2D	0x06FB8	0x06F3D	0x06FD4	0x06F59	0x06FD4	0x06F59	8B AE 87 91 BB 81 B4 8C 06 82 95 06 A7 CB 00 A3 83 8C AC 89 81 A8 A4 8E AE CA CA FF	93 81 8E 8B 89 BB 00 89 00 97 81 93 00 88 85 8C 90 8C 85 93 93 CB 93 8F 92 92 99 FF	<8B><AE><87><91><BB><81><B4><8C><06><82><95><06><A7><CB><00><A3><83><8C><AC><89><81><A8><A4><8E><AE><CA><CA><FF>	SANKI<BB><00>I<00>WAS<00>HELPLESS<CB>SORRY<FF>	bank1_after_pointer_table	1	high	none
PTR-167	pointer_pair	paired	Bank 1 pointer-driven text	167	0x05F22	0xAFC4	0xAF49	0x06FD4	0x06F59	0x06FE6	0x06F75	0x06FE6	0x06F75	FA BB 9B 13 B2 A4 92 A7 10 00 A5 A9 8E 98 B2 CA CA FF	FA BB 00 89 84 89 8F 94 93 CA 00 97 85 B6 8C 8C F8 86 89 8E 84 00 94 88 85 8D BA FF	<FA><BB><9B><13><B2><A4><92><A7><10><00><A5><A9><8E><98><B2><CA><CA><FF>	<FA><BB><00>IDIOTS<CA><00>WE<B6>LL<F8>FIND<00>THEM<BA><FF>	bank1_after_pointer_table	1	high	none
PTR-168	pointer_pair	paired	Bank 1 pointer-driven text	168	0x05F24	0xAFD6	0xB01F	0x06FE6	0x0702F	0x07007	0x07050	0x07007	0x07050	F0 BB 86 AE 5E 83 13 00 9C B4 86 92 CA CA F8 F9 00 85 86 09 13 00 83 0A 89 A9 A6 83 96 95 B4 90 FF	F0 BB 00 94 88 85 00 8B 81 8E 90 8F 95 00 97 8F 92 8B 85 84 CA F8 89 B6 8D 00 83 95 92 85 84 CA FF	<F0><BB><86><AE><5E><83><13><00><9C><B4><86><92><CA><CA><F8><F9><00><85><86><09><13><00><83><0A><89><A9><A6><83><96><95><B4><90><FF>	<F0><BB><00>THE<00>KANPOU<00>WORKED<CA><F8>I<B6>M<00>CURED<CA><FF>	bank1_after_pointer_table	1	high	none
PTR-169	pointer_pair	paired	Bank 1 pointer-driven text	169	0x05F26	0xAFF7	0xAF65	0x07007	0x06F75	0x0702D	0x06FA2	0x0702D	0x06FA2	F0 BB 85 A2 B2 8B AE 9B 94 A8 96 00 88 AB 83 9A 86 89 A7 AA 98 84 CA F8 F9 00 8C 90 88 9A 13 87 93 A9 0E CA CA FF	F0 BB 00 81 94 00 8C 81 93 94 CA 00 89 00 83 81 8E 00 8A 8F 89 8E F8 94 88 85 00 97 81 92 00 81 87 81 89 8E 93 94 00 94 8F 92 81 CA FF	<F0><BB><85><A2><B2><8B><AE><9B><94><A8><96><00><88><AB><83><9A><86><89><A7><AA><98><84><CA><F8><F9><00><8C><90><88><9A><13><87><93><A9><0E><CA><CA><FF>	<F0><BB><00>AT<00>LAST<CA><00>I<00>CAN<00>JOIN<F8>THE<00>WAR<00>AGAINST<00>TORA<CA><FF>	bank1_after_pointer_table	1	high	none
PTR-170	pointer_pair	paired	Bank 1 pointer-driven text	170	0x05F28	0xB01D	0xAF92	0x0702D	0x06FA2	0x0705D	0x06FC5	0x0705D	0x06FC5	F0 BB FA 8B AE 00 8A AA AD CB 00 A3 B4 93 B4 93 88 10 8E B2 CA F8 F9 00 85 9C 88 AB 06 88 AA 90 00 85 9F A3 A8 13 00 A6 88 87 88 AE 13 8D 0E FF	F0 BB 00 FA B9 00 94 88 89 93 00 83 88 81 92 8D F8 97 89 8C 8C 00 90 92 8F 94 85 83 94 00 99 8F 95 BA FF	<F0><BB><FA><8B><AE><00><8A><AA><AD><CB><00><A3><B4><93><B4><93><88><10><8E><B2><CA><F8><F9><00><85><9C><88><AB><06><88><AA><90><00><85><9F><A3><A8><13><00><A6><88><87><88><AE><13><8D><0E><FF>	<F0><BB><00><FA><B9><00>THIS<00>CHARM<F8>WILL<00>PROTECT<00>YOU<BA><FF>	bank1_after_pointer_table	1	high	none
PTR-171	pointer_pair	paired	Bank 1 pointer-driven text	171	0x05F2A	0xB04D	0xAFB5	0x0705D	0x06FC5	0x07088	0x06FE7	0x07088	0x06FE7	F0 BB 81 B4 8C 9A 00 95 AE 96 A3 13 87 98 B2 86 A7 00 8E A2 93 CB F8 F9 00 85 8A 94 8B AE CB 00 87 B4 94 00 1C 0C 13 8D A6 98 FF	F0 BB 00 89 B6 8C 8C 00 97 81 89 94 00 88 85 92 85 CB F8 87 8F 00 93 81 96 85 00 8F 8B 8F 94 8F CA FF	<F0><BB><81><B4><8C><9A><00><95><AE><96><A3><13><87><98><B2><86><A7><00><8E><A2><93><CB><F8><F9><00><85><8A><94><8B><AE><CB><00><87><B4><94><00><1C><0C><13><8D><A6><98><FF>	<F0><BB><00>I<B6>LL<00>WAIT<00>HERE<CB><F8>GO<00>SAVE<00>OKOTO<CA><FF>	bank1_after_pointer_table	1	high	none
PTR-172	pointer_pair	paired	Bank 1 pointer-driven text	172	0x05F2C	0xB078	0xAFD7	0x07088	0x06FE7	0x0708E	0x06FF0	0x0708E	0x06FF0	F0 BB 81 81 CB FF	F0 BB 00 99 85 81 88 CB FF	<F0><BB><81><81><CB><FF>	<F0><BB><00>YEAH<CB><FF>	bank1_after_pointer_table	1	high	none
PTR-173	pointer_pair	paired	Bank 1 pointer-driven text	173	0x05F2E	0xB07E	0xAFE0	0x0708E	0x06FF0	0x070AF	0x07008	0x070AF	0x07008	81 8B 0C AB 83 BB F4 99 9E 83 9D 00 13 86 89 93 A0 91 B5 AF F8 F9 00 82 86 06 13 0A 0B AE 8D CC FF	81 93 81 8A 89 BB 00 97 88 99 00 8E 8F 94 00 87 8F 00 94 8F 00 F4 CC FF	<81><8B><0C><AB><83><BB><F4><99><9E><83><9D><00><13><86><89><93><A0><91><B5><AF><F8><F9><00><82><86><06><13><0A><0B><AE><8D><CC><FF>	ASAJI<BB><00>WHY<00>NOT<00>GO<00>TO<00><F4><CC><FF>	bank1_after_pointer_table	1	high	none
PTR-174	pointer_pair	paired	Bank 1 pointer-driven text	174	0x05F30	0xB09F	0xAFF8	0x070AF	0x07008	0x070D9	0x0702F	0x070D9	0x0702F	F0 BB 85 85 85 A4 1C AE 99 8A 94 06 00 87 96 95 B4 93 8C B7 83 06 98 B2 F8 F9 00 A6 83 8D AD 00 A0 96 82 87 93 B2 AE 13 CB FF	F0 BB 00 89 B6 84 00 82 85 94 94 85 92 00 87 8F F8 83 88 85 83 8B 00 97 89 94 88 00 82 85 85 87 00 82 8F 93 93 CB FF	<F0><BB><85><85><85><A4><1C><AE><99><8A><94><06><00><87><96><95><B4><93><8C><B7><83><06><98><B2><F8><F9><00><A6><83><8D><AD><00><A0><96><82><87><93><B2><AE><13><CB><FF>	<F0><BB><00>I<B6>D<00>BETTER<00>GO<F8>CHECK<00>WITH<00>BEEG<00>BOSS<CB><FF>	bank1_after_pointer_table	1	high	none
PTR-175	pointer_pair	paired	Bank 1 pointer-driven text	175	0x05F32	0xB0C9	0xB11C	0x070D9	0x0712C	0x070EA	0x07144	0x070EA	0x07144	F0 BB 82 86 8C 93 85 88 AE 95 8E B2 00 FA 8B AE FF	F0 BB 00 90 8C 85 81 93 85 B9 00 8C 85 94 00 8D 85 F8 87 8F B9 00 FA FF	<F0><BB><82><86><8C><93><85><88><AE><95><8E><B2><00><FA><8B><AE><FF>	<F0><BB><00>PLEASE<B9><00>LET<00>ME<F8>GO<B9><00><FA><FF>	bank1_after_pointer_table	1	high	none
PTR-176	pointer_pair	paired	Bank 1 pointer-driven text	176	0x05F34	0xB0DA	0xB134	0x070EA	0x07144	0x07101	0x07169	0x07101	0x07169	F0 BB 81 B4 00 FA 8B AE CA 00 09 AE 86 AE 8B 87 96 00 8A AA 06 CB FF	F0 BB 00 FA B9 00 93 8F 8D 85 8F 8E 85 F8 8C 85 86 94 00 94 88 89 93 00 81 94 00 94 88 85 00 84 8F 8F 92 BA FF	<F0><BB><81><B4><00><FA><8B><AE><CA><00><09><AE><86><AE><8B><87><96><00><8A><AA><06><CB><FF>	<F0><BB><00><FA><B9><00>SOMEONE<F8>LEFT<00>THIS<00>AT<00>THE<00>DOOR<BA><FF>	bank1_after_pointer_table	1	high	none
PTR-177	pointer_pair	paired	Bank 1 pointer-driven text	177	0x05F36	0xB0F1	0xB159	0x07101	0x07169	0x07133	0x07189	0x07133	0x07189	85 8A 94 BB F0 8B AE CA 00 F0 8B AE CA CB 00 8C 88 8C 88 8C 88 CB F8 F9 00 AC 90 8C AD 8B A7 AC 8E 90 99 9A 00 CB 81 8B 0C AB 83 8B AE 95 AE 13 8D FF	8F 8B 8F 94 8F BB 00 97 81 88 CA 00 81 93 81 8A 89 00 8B 89 84 8E 81 90 90 85 84 F8 8D 85 CA FF	<85><8A><94><BB><F0><8B><AE><CA><00><F0><8B><AE><CA><CB><00><8C><88><8C><88><8C><88><CB><F8><F9><00><AC><90><8C><AD><8B><A7><AC><8E><90><99><9A><00><CB><81><8B><0C><AB><83><8B><AE><95><AE><13><8D><FF>	OKOTO<BB><00>WAH<CA><00>ASAJI<00>KIDNAPPED<F8>ME<CA><FF>	bank1_after_pointer_table	1	high	none
PTR-178	pointer_pair	paired	Bank 1 pointer-driven text	178	0x05F38	0xB123	0xB179	0x07133	0x07189	0x07153	0x071A8	0x07153	0x071A8	F0 BB CB 00 9A A4 88 85 86 84 AE 95 8B 82 F8 F9 00 A0 AE 95 00 8C AE 5A 82 8C 93 82 95 8B A9 FF	F0 BB 00 87 8F 00 88 8F 8D 85 CB F8 85 96 85 92 99 8F 8E 85 B6 93 00 97 8F 92 92 89 85 84 FF	<F0><BB><CB><00><9A><A4><88><85><86><84><AE><95><8B><82><F8><F9><00><A0><AE><95><00><8C><AE><5A><82><8C><93><82><95><8B><A9><FF>	<F0><BB><00>GO<00>HOME<CB><F8>EVERYONE<B6>S<00>WORRIED<FF>	bank1_after_pointer_table	1	high	none
PTR-179	pointer_pair	paired	Bank 1 pointer-driven text	179	0x05F3A	0xB143	0xB198	0x07153	0x071A8	0x0717D	0x071D2	0x0717D	0x071D2	85 8A 94 BB 88 8D AE CB 00 81 A8 06 94 83 0A 0B 82 9F 8D CD F8 F9 00 81 00 81 99 CB 00 14 83 86 CB 00 85 87 AD 92 89 93 CB FF	8F 8B 8F 94 8F BB 00 CB 93 8F 82 CB 94 88 81 8E 8B 00 99 8F 95 BA F8 90 8C 85 81 93 85 CB 82 85 00 83 81 92 85 86 95 8C CB FF	<85><8A><94><BB><88><8D><AE><CB><00><81><A8><06><94><83><0A><0B><82><9F><8D><CD><F8><F9><00><81><00><81><99><CB><00><14><83><86><CB><00><85><87><AD><92><89><93><CB><FF>	OKOTO<BB><00><CB>SOB<CB>THANK<00>YOU<BA><F8>PLEASE<CB>BE<00>CAREFUL<CB><FF>	bank1_after_pointer_table	1	high	none
PTR-180	pointer_pair	paired	Bank 1 pointer-driven text	180	0x05F3C	0xB16D	0xB1C2	0x0717D	0x071D2	0x07198	0x071EF	0x07198	0x071EF	F0 BB FA 8B AE 00 81 8B 0C AB 83 8B AE 06 CB F8 F9 00 82 95 88 95 A8 A4 8C 90 FF	F0 BB 00 FA B9 00 81 93 81 8A 89 00 88 81 93 F8 84 89 93 81 90 90 85 81 92 85 84 CB FF	<F0><BB><FA><8B><AE><00><81><8B><0C><AB><83><8B><AE><06><CB><F8><F9><00><82><95><88><95><A8><A4><8C><90><FF>	<F0><BB><00><FA><B9><00>ASAJI<00>HAS<F8>DISAPPEARED<CB><FF>	bank1_after_pointer_table	1	high	none
PTR-181	pointer_pair	paired	Bank 1 pointer-driven text	181	0x05F3E	0xB188	0xB1DF	0x07198	0x071EF	0x071B6	0x07204	0x071B6	0x07204	92 A9 9F 92 BB 81 96 87 82 00 9F B4 93 88 AA A6 83 CA F8 F9 00 81 96 87 B4 93 1A 81 CA FF	94 93 95 95 BB 00 82 92 8F 94 88 85 92 CA 00 97 81 89 94 CA FF	<92><A9><9F><92><BB><81><96><87><82><00><9F><B4><93><88><AA><A6><83><CA><F8><F9><00><81><96><87><B4><93><1A><81><CA><FF>	TSUU<BB><00>BROTHER<CA><00>WAIT<CA><FF>	bank1_after_pointer_table	1	high	none
PTR-182	pointer_pair	paired	Bank 1 pointer-driven text	182	0x05F40	0xB1A6	0xB1F4	0x071B6	0x07204	0x071DB	0x07230	0x071DB	0x07230	88 96 9F 8B BB 9A A4 88 8C 98 B2 86 82 CA F8 F9 00 1C AE 0F 83 85 A4 1C AE 06 00 93 B2 9D AE 95 AE 13 84 CA FF	8B 95 8E 89 8F BB 00 88 95 92 92 99 B9 00 93 8C 95 87 CA F8 8D 92 BA 00 82 95 8E 9A 8F B6 93 00 89 8E 00 94 92 8F 95 82 8C 85 CA FF	<88><96><9F><8B><BB><9A><A4><88><8C><98><B2><86><82><CA><F8><F9><00><1C><AE><0F><83><85><A4><1C><AE><06><00><93><B2><9D><AE><95><AE><13><84><CA><FF>	KUNIO<BB><00>HURRY<B9><00>SLUG<CA><F8>MR<BA><00>BUNZO<B6>S<00>IN<00>TROUBLE<CA><FF>	bank1_after_pointer_table	1	high	none
PTR-183	pointer_pair	paired	Bank 1 pointer-driven text	183	0x05F42	0xB1CB	0xB220	0x071DB	0x07230	0x071F0	0x0723E	0x071F0	0x0723E	85 8A 94 BB 88 96 9F 8B 8B AE CA 85 9F 91 8C 93 9F 8C 90 CA FF	8F 8B 8F 94 8F BB 00 8B 95 8E 89 8F CA FF	<85><8A><94><BB><88><96><9F><8B><8B><AE><CA><85><9F><91><8C><93><9F><8C><90><CA><FF>	OKOTO<BB><00>KUNIO<CA><FF>	bank1_after_pointer_table	1	high	none
PTR-184	pointer_pair	paired	Bank 1 pointer-driven text	184	0x05F44	0xB1E0	0xB22E	0x071F0	0x0723E	0x07208	0x0725C	0x07208	0x0725C	88 96 9F 8B BB 85 8A 94 8B AE CB F8 F9 00 85 9B 8B 8C 1C A8 13 B2 CA FF	8B 95 8E 89 8F BB 00 89 00 94 92 89 85 84 00 94 8F 00 88 95 92 92 99 00 82 81 83 8B CA FF	<88><96><9F><8B><BB><85><8A><94><8B><AE><CB><F8><F9><00><85><9B><8B><8C><1C><A8><13><B2><CA><FF>	KUNIO<BB><00>I<00>TRIED<00>TO<00>HURRY<00>BACK<CA><FF>	bank1_after_pointer_table	1	high	none
PTR-185	pointer_pair	paired	Bank 1 pointer-driven text	185	0x05F46	0xB1F8	0xB24C	0x07208	0x0725C	0x07217	0x07270	0x07217	0x07270	85 8A 94 BB 81 B4 CA 00 8A 99 9B 94 9A CB FF	8F 8B 8F 94 8F BB 00 94 88 89 93 00 8D 81 8E 00 89 93 CB FF	<85><8A><94><BB><81><B4><CA><00><8A><99><9B><94><9A><CB><FF>	OKOTO<BB><00>THIS<00>MAN<00>IS<CB><FF>	bank1_after_pointer_table	1	high	none
PTR-186	pointer_pair	paired	Bank 1 pointer-driven text	186	0x05F48	0xB207	0xB260	0x07217	0x07270	0x07242	0x0728F	0x07242	0x0728F	81 8B 0C AB 83 BB 9C B4 CB 00 81 B4 8C AF 00 85 8A 94 99 00 82 82 95 0D 89 13 F8 F9 00 81 8B 0C AB 83 94 00 A3 83 8C A4 8D CB FF	81 93 81 8A 89 BB 00 88 85 88 CB 89 B6 8D 00 8F 8B 8F 94 8F B6 93 F8 86 89 81 8E 83 85 BA FF	<81><8B><0C><AB><83><BB><9C><B4><CB><00><81><B4><8C><AF><00><85><8A><94><99><00><82><82><95><0D><89><13><F8><F9><00><81><8B><0C><AB><83><94><00><A3><83><8C><A4><8D><CB><FF>	ASAJI<BB><00>HEH<CB>I<B6>M<00>OKOTO<B6>S<F8>FIANCE<BA><FF>	bank1_after_pointer_table	1	high	none
PTR-187	pointer_pair	paired	Bank 1 pointer-driven text	187	0x05F4A	0xB232	0xB27F	0x07242	0x0728F	0x07249	0x072AC	0x07249	0x072AC	88 96 9F 8B BB CB FF	8B 95 8E 89 8F BB 00 97 85 B6 8C 8C 00 93 85 85 00 81 82 8F 95 94 00 94 88 81 94 CA FF	<88><96><9F><8B><BB><CB><FF>	KUNIO<BB><00>WE<B6>LL<00>SEE<00>ABOUT<00>THAT<CA><FF>	bank1_after_pointer_table	1	high	none
PTR-188	pointer_pair	paired	Bank 1 pointer-driven text	188	0x05F4C	0xB239	0xB29C	0x07249	0x072AC	0x07267	0x072D8	0x07267	0x072D8	81 8B 0C AB 83 BB 8B B4 00 95 86 9D CB F8 F9 00 85 A4 1C AE 06 00 85 9F 91 86 98 13 CB FF	81 93 81 8A 89 BB 00 93 88 95 94 00 95 90 B9 00 8C 8F 93 85 92 CA 00 94 88 85 F8 82 8F 93 93 00 89 93 00 97 81 89 94 89 8E 87 CB FF	<81><8B><0C><AB><83><BB><8B><B4><00><95><86><9D><CB><F8><F9><00><85><A4><1C><AE><06><00><85><9F><91><86><98><13><CB><FF>	ASAJI<BB><00>SHUT<00>UP<B9><00>LOSER<CA><00>THE<F8>BOSS<00>IS<00>WAITING<CB><FF>	bank1_after_pointer_table	1	high	none
PTR-189	pointer_pair	paired	Bank 1 pointer-driven text	189	0x05F4E	0xB257	0xB2C8	0x07267	0x072D8	0x07280	0x072FD	0x07280	0x072FD	88 96 9F 8B BB 81 81 00 85 A4 1C AE CA 00 CB 85 8F 88 95 A8 A4 8C 90 CA FF	8B 95 8E 89 8F BB 00 8F 88 B9 00 8D 81 93 94 85 92 CA F8 86 8F 92 87 89 96 85 00 8D 99 00 84 85 8C 81 99 CA FF	<88><96><9F><8B><BB><81><81><00><85><A4><1C><AE><CA><00><CB><85><8F><88><95><A8><A4><8C><90><CA><FF>	KUNIO<BB><00>OH<B9><00>MASTER<CA><F8>FORGIVE<00>MY<00>DELAY<CA><FF>	bank1_after_pointer_table	1	high	none
PTR-190	pointer_pair	paired	Bank 1 pointer-driven text	190	0x05F50	0xB270	0xB2ED	0x07280	0x072FD	0x072AC	0x07325	0x072AC	0x07325	1C AE 0F 83 BB 85 85 00 88 96 9F 8B 8B AE 86 82 CA 00 85 A2 B2 8B AE 96 F8 F9 00 8A AE 95 86 90 91 13 00 81 85 83 90 AF 95 AF CB FF	82 95 8E 9A 8F BB 00 81 88 B9 00 8B 95 8E 89 8F CA F8 99 8F 95 00 86 89 8E 81 8C 8C 99 00 87 8F 94 00 88 85 92 85 CA FF	<1C><AE><0F><83><BB><85><85><00><88><96><9F><8B><8B><AE><86><82><CA><00><85><A2><B2><8B><AE><96><F8><F9><00><8A><AE><95><86><90><91><13><00><81><85><83><90><AF><95><AF><CB><FF>	BUNZO<BB><00>AH<B9><00>KUNIO<CA><F8>YOU<00>FINALLY<00>GOT<00>HERE<CA><FF>	bank1_after_pointer_table	1	high	none
PTR-191	pointer_pair	paired	Bank 1 pointer-driven text	191	0x05F52	0xB29C	0xB315	0x072AC	0x07325	0x072C6	0x07340	0x072C6	0x07340	1C AE 0F 83 BB 8A AE 95 13 B2 0C 95 94 87 96 CB 00 8A 99 94 85 A8 13 B2 CA FF	82 95 8E 9A 8F BB 00 94 8F 92 81 00 88 81 93 00 83 95 92 93 85 84 00 8D 85 CA FF	<1C><AE><0F><83><BB><8A><AE><95><13><B2><0C><95><94><87><96><CB><00><8A><99><94><85><A8><13><B2><CA><FF>	BUNZO<BB><00>TORA<00>HAS<00>CURSED<00>ME<CA><FF>	bank1_after_pointer_table	1	high	none
PTR-192	pointer_pair	paired	Bank 1 pointer-driven text	192	0x05F54	0xB2B6	0xB330	0x072C6	0x07340	0x072DC	0x07359	0x072DC	0x07359	1C AE 0F 83 BB 94 A7 0F 83 99 00 8C AC 0B 96 91 09 B2 98 B2 CB FF	82 95 8E 9A 8F BB 00 87 8F 00 86 89 8E 84 00 81 00 88 85 81 8C 85 92 CB FF	<1C><AE><0F><83><BB><94><A7><0F><83><99><00><8C><AC><0B><96><91><09><B2><98><B2><CB><FF>	BUNZO<BB><00>GO<00>FIND<00>A<00>HEALER<CB><FF>	bank1_after_pointer_table	1	high	none
PTR-193	pointer_pair	paired	Bank 1 pointer-driven text	193	0x05F56	0xB2CC	0xB349	0x072DC	0x07359	0x072F7	0x07371	0x072F7	0x07371	1C AE 0F 83 BB 88 71 B4 00 9F B4 90 88 00 A2 AE 1E 88 99 98 B2 9A 95 8C 10 CA FF	82 95 8E 9A 8F BB 00 CB 97 88 8F 00 88 81 93 00 8B 81 8E 90 8F 95 CA FF	<1C><AE><0F><83><BB><88><71><B4><00><9F><B4><90><88><00><A2><AE><1E><88><99><98><B2><9A><95><8C><10><CA><FF>	BUNZO<BB><00><CB>WHO<00>HAS<00>KANPOU<CA><FF>	bank1_after_pointer_table	1	high	none
PTR-194	pointer_pair	paired	Bank 1 pointer-driven text	194	0x05F58	0xB2E7	0xB361	0x072F7	0x07371	0x07320	0x0738D	0x07320	0x0738D	88 96 9F 8B BB 85 9A 95 8C AF 00 87 82 93 85 A8 A4 8D CB F8 F9 00 81 B4 8C 96 00 9F 86 8C 94 82 93 85 88 AE 95 8E B2 CA FF	8B 95 8E 89 8F BB 00 99 8F 95 00 83 81 8E 00 83 8F 95 8E 94 00 8F 8E 00 8D 85 CA FF	<88><96><9F><8B><BB><85><9A><95><8C><AF><00><87><82><93><85><A8><A4><8D><CB><F8><F9><00><81><B4><8C><96><00><9F><86><8C><94><82><93><85><88><AE><95><8E><B2><CA><FF>	KUNIO<BB><00>YOU<00>CAN<00>COUNT<00>ON<00>ME<CA><FF>	bank1_after_pointer_table	1	high	none
PTR-195	pointer_pair	paired	Bank 1 pointer-driven text	195	0x05F5A	0xB310	0xA0CE	0x07320	0x060DE	0x07334	0x060F3	0x07334	0x060F3	1C AE 0F 83 BB 81 A8 06 93 B2 CB 00 85 AE 96 87 A9 0E CB FF	82 95 8E 9A 8F BB 00 90 8C 85 81 93 85 00 88 95 92 92 99 CA FF	<1C><AE><0F><83><BB><81><A8><06><93><B2><CB><00><85><AE><96><87><A9><0E><CB><FF>	BUNZO<BB><00>PLEASE<00>HURRY<CA><FF>	bank1_after_pointer_table	1	high	none
PTR-196	pointer_pair	paired	Bank 1 pointer-driven text	196	0x05F5C	0xB324	0xB6F6	0x07334	0x07706	0x07341	0x0771A	0x07341	0x07713	F0 BB 0A 88 AB 83 10 B4 90 95 AF CB FF	F0 BB 00 87 8F 8F 84 00 8A 8F 82 CA FF	<F0><BB><0A><88><AB><83><10><B4><90><95><AF><CB><FF>	<F0><BB><00>GOOD<00>JOB<CA><FF>	bank1_after_pointer_table	1	high	none
PTR-197	pointer_pair	paired	Bank 1 pointer-driven text	197	0x05F5E	0xB331	0xB37D	0x07341	0x0738D	0x07369	0x073A3	0x07369	0x073A3	F0 BB 95 96 A3 86 A3 00 85 A2 B2 8B AE 99 85 86 09 10 AF CA F8 F9 00 8A AA 9E 14 00 83 AA 8C 82 8A 90 AF 98 B2 A6 CA FF	F0 BB 00 99 8F 95 00 93 81 96 85 84 00 94 88 85 00 84 81 99 CA FF	<F0><BB><95><96><A3><86><A3><00><85><A2><B2><8B><AE><99><85><86><09><10><AF><CA><F8><F9><00><8A><AA><9E><14><00><83><AA><8C><82><8A><90><AF><98><B2><A6><CA><FF>	<F0><BB><00>YOU<00>SAVED<00>THE<00>DAY<CA><FF>	bank1_after_pointer_table	1	high	none
PTR-198	pointer_pair	paired	Bank 1 pointer-driven text	198	0x05F60	0xB359	0xB393	0x07369	0x073A3	0x07375	0x073B5	0x07375	0x073B5	F0 BB 95 AF CB 00 FA 8B AE A6 CB FF	F0 BB 00 82 99 00 94 88 85 00 97 81 99 B9 00 FA CB FF	<F0><BB><95><AF><CB><00><FA><8B><AE><A6><CB><FF>	<F0><BB><00>BY<00>THE<00>WAY<B9><00><FA><CB><FF>	bank1_after_pointer_table	1	high	none
PTR-199	pointer_pair	paired	Bank 1 pointer-driven text	199	0x05F62	0xB365	0xB3A5	0x07375	0x073B5	0x0739C	0x073DF	0x0739C	0x073DF	F0 BB 8A 99 00 85 8A 94 94 00 82 B4 8C B7 AE 95 B4 93 F8 F9 00 82 B4 86 AD 00 92 82 0C B5 AF 88 AA 98 B2 86 82 CC FF	F0 BB 00 8F 8B 8F 94 8F 00 81 8E 84 00 99 8F 95 F8 97 89 8C 8C 00 8D 81 8B 85 00 81 00 86 89 8E 85 00 86 81 8D 89 8C 99 BA FF	<F0><BB><8A><99><00><85><8A><94><94><00><82><B4><8C><B7><AE><95><B4><93><F8><F9><00><82><B4><86><AD><00><92><82><0C><B5><AF><88><AA><98><B2><86><82><CC><FF>	<F0><BB><00>OKOTO<00>AND<00>YOU<F8>WILL<00>MAKE<00>A<00>FINE<00>FAMILY<BA><FF>	bank1_after_pointer_table	1	high	none
PTR-200	pointer_pair	paired	Bank 1 pointer-driven text	200	0x05F64	0xB38C	0xB3CF	0x0739C	0x073DF	0x073A7	0x073F0	0x073A7	0x073F0	F0 BB 95 AF CA 00 85 8A 94 CA FF	F0 BB 00 92 89 87 88 94 B9 00 8F 8B 8F 94 8F CC FF	<F0><BB><95><AF><CA><00><85><8A><94><CA><FF>	<F0><BB><00>RIGHT<B9><00>OKOTO<CC><FF>	bank1_after_pointer_table	1	high	none
PTR-201	pointer_pair	paired	Bank 1 pointer-driven text	201	0x05F66	0xB397	0xB3E0	0x073A7	0x073F0	0x073AF	0x07401	0x073AF	0x07400	85 8A 94 BB 9A 82 CD FF	8F 8B 8F 94 8F BB 00 8F 88 B9 00 99 85 93 CA FF	<85><8A><94><BB><9A><82><CD><FF>	OKOTO<BB><00>OH<B9><00>YES<CA><FF>	bank1_after_pointer_table	1	high	none
PTR-202	pointer_pair	paired	Bank 1 pointer-driven text	202	0x05F68	0xB39F	0xB3F1	0x073AF	0x07401	0x073C4	0x07413	0x073C4	0x07413	F0 BB FB 00 00 82 B4 8E 82 82 91 13 B2 99 00 90 99 A0 10 CA FF	F0 BB 00 FA B9 00 89 00 82 85 87 00 99 8F 95 CA 00 FF	<F0><BB><FB><00><00><82><B4><8E><82><82><91><13><B2><99><00><90><99><A0><10><CA><FF>	<F0><BB><00><FA><B9><00>I<00>BEG<00>YOU<CA><00><FF>	bank1_after_pointer_table	1	high	none
PTR-203	pointer_pair	paired	Bank 1 pointer-driven text	203	0x05F6A	0xB3B4	0xB403	0x073C4	0x07413	0x073E1	0x0743D	0x073E1	0x0743D	F0 BB 8F 83 86 82 CA CA F8 F9 00 8A AA 9E 14 00 83 AA 8C 82 8A 90 AF 98 B2 A6 CA CA FF	F0 BB 00 87 92 85 81 94 CA 00 81 00 8D 8F 8D 85 8E 94 F8 8F 86 00 95 8C 94 89 8D 81 94 85 00 88 81 90 90 89 8E 85 93 93 CA FF	<F0><BB><8F><83><86><82><CA><CA><F8><F9><00><8A><AA><9E><14><00><83><AA><8C><82><8A><90><AF><98><B2><A6><CA><CA><FF>	<F0><BB><00>GREAT<CA><00>A<00>MOMENT<F8>OF<00>ULTIMATE<00>HAPPINESS<CA><FF>	bank1_after_pointer_table	1	high	none
PTR-204	pointer_pair	paired	Bank 1 pointer-driven text	204	0x05F6C	0xB3D1	0xB42D	0x073E1	0x0743D	0x07404	0x0745E	0x07404	0x0745E	F0 BB 85 71 82 00 82 AC 82 0B 89 10 CA A2 13 93 B2 0F CA CA F8 F9 00 A2 13 93 B2 CA 00 A2 13 93 B2 CA FF	F0 BB 00 89 B6 8C 8C 00 8F 92 84 85 92 00 93 81 8B 85 F8 94 8F 00 83 85 8C 85 82 92 81 94 85 CA FF	<F0><BB><85><71><82><00><82><AC><82><0B><89><10><CA><A2><13><93><B2><0F><CA><CA><F8><F9><00><A2><13><93><B2><CA><00><A2><13><93><B2><CA><FF>	<F0><BB><00>I<B6>LL<00>ORDER<00>SAKE<F8>TO<00>CELEBRATE<CA><FF>	bank1_after_pointer_table	1	high	none
PTR-205	pointer_pair	paired	Bank 1 pointer-driven text	205	0x05F6E	0xB3F4	0xB44E	0x07404	0x0745E	0x0742E	0x0748D	0x0742E	0x0748D	FA BB 81 B4 8C AF 00 8A 99 94 85 A8 CB 00 90 1B 86 A7 00 90 1B 9D 99 F8 F9 00 8C 06 98 B2 95 06 AA A3 AE 13 0A 0B 82 A4 8D FF	FA BB 00 89 B6 8D 00 81 00 96 81 87 81 82 8F 8E 84 CB F8 84 92 89 86 94 89 8E 87 00 86 92 8F 8D 00 94 8F 97 8E 00 94 8F 00 94 8F 97 8E CB FF	<FA><BB><81><B4><8C><AF><00><8A><99><94><85><A8><CB><00><90><1B><86><A7><00><90><1B><9D><99><F8><F9><00><8C><06><98><B2><95><06><AA><A3><AE><13><0A><0B><82><A4><8D><FF>	<FA><BB><00>I<B6>M<00>A<00>VAGABOND<CB><F8>DRIFTING<00>FROM<00>TOWN<00>TO<00>TOWN<CB><FF>	bank1_after_pointer_table	1	high	none
PTR-206	pointer_pair	paired	Bank 1 pointer-driven text	206	0x05F70	0xB41E	0xB47D	0x0742E	0x0748D	0x07457	0x074B6	0x07457	0x074B6	FA BB A3 B4 94 00 A8 B4 5A 95 85 86 90 06 85 96 81 82 10 F8 F9 00 85 8A 94 1A 10 89 CB 00 82 90 10 82 93 85 87 A4 8D A6 FF	FA BB 00 8F 8B 8F 94 8F 00 84 85 93 85 92 96 85 93 F8 93 8F 8D 85 94 88 89 8E 87 00 8D 95 83 88 00 82 85 94 94 85 92 BA FF	<FA><BB><A3><B4><94><00><A8><B4><5A><95><85><86><90><06><85><96><81><82><10><F8><F9><00><85><8A><94><1A><10><89><CB><00><82><90><10><82><93><85><87><A4><8D><A6><FF>	<FA><BB><00>OKOTO<00>DESERVES<F8>SOMETHING<00>MUCH<00>BETTER<BA><FF>	bank1_after_pointer_table	1	high	none
PTR-207	pointer_pair	paired	Bank 1 pointer-driven text	207	0x05F72	0xB447	0xB4A6	0x07457	0x074B6	0x07481	0x074D7	0x07481	0x074D7	F0 BB 8F 83 86 82 CB 00 0B AE 98 AE 10 06 A6 F8 F9 00 85 A2 B2 8B AE 96 B5 AF 00 85 A2 B2 8B AE 99 00 82 87 86 90 06 81 A9 FF	F0 BB 00 93 8F 92 92 99 00 99 8F 95 00 86 85 85 8C 00 94 88 81 94 F8 97 81 99 CB 00 82 95 94 CB FF	<F0><BB><8F><83><86><82><CB><00><0B><AE><98><AE><10><06><A6><F8><F9><00><85><A2><B2><8B><AE><96><B5><AF><00><85><A2><B2><8B><AE><99><00><82><87><86><90><06><81><A9><FF>	<F0><BB><00>SORRY<00>YOU<00>FEEL<00>THAT<F8>WAY<CB><00>BUT<CB><FF>	bank1_after_pointer_table	1	high	none
PTR-208	pointer_pair	paired	Bank 1 pointer-driven text	208	0x05F74	0xB471	0xB4C7	0x07481	0x074D7	0x0749B	0x074E7	0x0749B	0x074E7	F0 BB FA 8B AE CB F8 F9 00 8A AE 14 00 8D A9 06 96 00 87 90 94 87 B5 AF A6 FF	F0 BB 00 83 8F 8D 85 00 93 85 85 00 95 93 CB FF	<F0><BB><FA><8B><AE><CB><F8><F9><00><8A><AE><14><00><8D><A9><06><96><00><87><90><94><87><B5><AF><A6><FF>	<F0><BB><00>COME<00>SEE<00>US<CB><FF>	bank1_after_pointer_table	1	high	none
PTR-209	pointer_pair	paired	Bank 1 pointer-driven text	209	0x05F76	0xB48B	0xB4D7	0x0749B	0x074E7	0x074B8	0x07503	0x074B8	0x07503	F0 BB 87 B4 94 8A 99 00 F0 82 B4 86 AD F8 F9 00 90 0D 98 93 85 88 AE 95 8E B2 A6 CB FF	F0 BB 00 97 88 85 8E 85 96 85 92 00 99 8F 95 B6 92 85 00 89 8E F8 94 8F 97 8E BA FF	<F0><BB><87><B4><94><8A><99><00><F0><82><B4><86><AD><F8><F9><00><90><0D><98><93><85><88><AE><95><8E><B2><A6><CB><FF>	<F0><BB><00>WHENEVER<00>YOU<B6>RE<00>IN<F8>TOWN<BA><FF>	bank1_after_pointer_table	1	high	none
PTR-210	pointer_pair	paired	Bank 1 pointer-driven text	210	0x05F78	0xB4A8	0xB040	0x074B8	0x07050	0x074D3	0x0706F	0x074D3	0x0706F	FA BB A6 AB 8A AE 13 CA CA F8 F9 00 8F AA 0C B5 AF 00 81 B4 8C AF 8A AA 13 CB FF	FA BB 00 99 8F 95 00 87 8F 94 00 89 94 CA F8 8E 8F 97 B9 00 89 00 8D 95 93 94 00 87 8F BA FF	<FA><BB><A6><AB><8A><AE><13><CA><CA><F8><F9><00><8F><AA><0C><B5><AF><00><81><B4><8C><AF><8A><AA><13><CB><FF>	<FA><BB><00>YOU<00>GOT<00>IT<CA><F8>NOW<B9><00>I<00>MUST<00>GO<BA><FF>	bank1_after_pointer_table	1	high	none
PTR-211	pointer_pair	paired	Bank 1 pointer-driven text	211	0x05F7A	0xB4C3	0xB4F3	0x074D3	0x07503	0x074DD	0x07510	0x074DD	0x07510	F0 BB 90 B4 8C B5 13 95 CB FF	F0 BB 00 86 81 92 85 97 85 8C 8C CB FF	<F0><BB><90><B4><8C><B5><13><95><CB><FF>	<F0><BB><00>FAREWELL<CB><FF>	bank1_after_pointer_table	1	high	none
PTR-212	pointer_pair	paired	Bank 1 pointer-driven text	212	0x05F7C	0xB4CD	0xB500	0x074DD	0x07510	0x074E7	0x0751A	0x074E7	0x0751A	85 8A 94 BB CB FA 8B AE CB FF	8F 8B 8F 94 8F BB 00 FA CB FF	<85><8A><94><BB><CB><FA><8B><AE><CB><FF>	OKOTO<BB><00><FA><CB><FF>	bank1_after_pointer_table	1	high	none
PTR-213	pointer_pair	paired	Bank 1 pointer-driven text	213	0x05F7E	0xB4D7	0xB50A	0x074E7	0x0751A	0x074F5	0x0752A	0x074F5	0x0752A	85 8A 94 BB FA 8B 71 AE 00 FA 8B 71 AE FF	8F 8B 8F 94 8F BB 00 FA CB FA CB 93 8F 82 CB FF	<85><8A><94><BB><FA><8B><71><AE><00><FA><8B><71><AE><FF>	OKOTO<BB><00><FA><CB><FA><CB>SOB<CB><FF>	bank1_after_pointer_table	1	high	none
PTR-214	pointer_pair	paired	Bank 1 pointer-driven text	214	0x05F80	0xB4E5	0xB51A	0x074F5	0x0752A	0x07515	0x07552	0x07515	0x07552	5D 5D AE 00 5D AE 5D AE CB F8 91 B7 83 14 B3 00 0C 86 AE 94 B3 AE 00 81 82 95 A8 9F 8C 90 AF FF	84 95 8D 71 84 85 71 84 95 8D CB 84 8F 85 93 8E B6 94 F8 94 88 89 93 00 93 94 8F 92 99 00 87 92 81 82 00 99 8F 95 CC FF	<5D><5D><AE><00><5D><AE><5D><AE><CB><F8><91><B7><83><14><B3><00><0C><86><AE><94><B3><AE><00><81><82><95><A8><9F><8C><90><AF><FF>	DUM<71>DE<71>DUM<CB>DOESN<B6>T<F8>THIS<00>STORY<00>GRAB<00>YOU<CC><FF>	bank1_after_pointer_table	1	high	none
PTR-215	pointer_pair	paired	Bank 1 pointer-driven text	215	0x05F82	0xB505	0xB542	0x07515	0x07552	0x07541	0x0757A	0x07541	0x0757A	A6 83 8A 8F B3 00 0A 8C AE 1E 00 82 90 10 AF 87 9F AF 8C 90 AF AE F8 9F 0D 9A AF 8A 8A A7 13 B2 00 10 AE 87 A8 9F 8D A9 06 AF AE FF	99 8F 95 00 86 89 8E 89 93 88 85 84 00 89 94 CC F8 84 8F 8E B6 94 00 99 8F 95 00 88 81 96 85 00 81 00 8C 89 86 85 CC FF	<A6><83><8A><8F><B3><00><0A><8C><AE><1E><00><82><90><10><AF><87><9F><AF><8C><90><AF><AE><F8><9F><0D><9A><AF><8A><8A><A7><13><B2><00><10><AE><87><A8><9F><8D><A9><06><AF><AE><FF>	YOU<00>FINISHED<00>IT<CC><F8>DON<B6>T<00>YOU<00>HAVE<00>A<00>LIFE<CC><FF>	bank1_after_pointer_table	1	high	none
PTR-216	pointer_pair	paired	Bank 1 pointer-driven text	216	0x05F84	0xB531	0xB56A	0x07541	0x0757A	0x0756B	0x075AA	0x0756B	0x075A5	9F 90 99 81 83 9B AD B4 00 90 99 B3 71 8C B0 71 A0 B0 71 96 B0 71 AE F8 82 A6 B3 B4 00 5D 5D AE 00 5D AE 5D AE 00 5D AE CA FF	8D 81 99 82 85 00 97 85 B6 8C 8C 00 8D 85 85 94 00 81 87 81 89 8E CB F8 81 8E 84 00 8B 89 83 8B 00 99 8F 95 92 00 81 93 93 CA FF	<9F><90><99><81><83><9B><AD><B4><00><90><99><B3><71><8C><B0><71><A0><B0><71><96><B0><71><AE><F8><82><A6><B3><B4><00><5D><5D><AE><00><5D><AE><5D><AE><00><5D><AE><CA><FF>	MAYBE<00>WE<B6>LL<00>MEET<00>AGAIN<CB><F8>AND<00>KICK<00>YOUR<00>ASS<CA><FF>	bank1_after_pointer_table	1	high	none
PTR-217	pointer_pair	paired	Bank 1 pointer-driven text	217	0x05F86	0xB55B	0xB59A	0x0756B	0x075AA	0x07573	0x075B3	0x07573	0x075B3	85 8F 9F 92 B4 CA CA FF	94 88 85 00 85 8E 84 CA FF	<85><8F><9F><92><B4><CA><CA><FF>	THE<00>END<CA><FF>	bank1_after_pointer_table	1	high	none
PTR-218	pointer_pair	paired	Bank 1 pointer-driven text	218	0x05F88	0xB563	0xB5A3	0x07573	0x075B3	0x07584	0x075CC	0x07584	0x075CC	F0 99 00 81 A7 90 95 90 1B 06 00 9A 0C 9F A9 CB FF	B6 93 00 81 84 96 85 8E 94 95 92 85 00 82 85 87 89 8E 93 00 8E 8F 97 CB FF	<F0><99><00><81><A7><90><95><90><1B><06><00><9A><0C><9F><A9><CB><FF>	<B6>S<00>ADVENTURE<00>BEGINS<00>NOW<CB><FF>	bank1_after_pointer_table	1	high	none
PTR-219	pointer_pair	paired	Bank 1 pointer-driven text	219	0x05F8A	0xB574	0xB5BC	0x07584	0x075CC	0x07592	0x075D7	0x07592	0x075D7	10 83 AE 90 83 AE 00 8D 5D 8C B5 A9 CD FF	97 85 8C 83 8F 8D 85 00 94 8F FF	<10><83><AE><90><83><AE><00><8D><5D><8C><B5><A9><CD><FF>	WELCOME<00>TO<FF>	bank1_after_pointer_table	1	high	none
PTR-220	pointer_pair	paired	Bank 1 pointer-driven text	220	0x05F8C	0xB582	0xB5C7	0x07592	0x075D7	0x075AC	0x075F9	0x075AC	0x075F9	88 96 85 88 AE 99 00 0C 10 82 09 87 10 A6 F8 0E AE 82 AE 8C B6 83 0A 83 CA FF	84 8F 97 8E 94 8F 97 8E 00 93 90 85 83 89 81 8C CB F8 88 81 89 8C B9 00 86 89 87 88 94 85 92 93 CA FF	<88><96><85><88><AE><99><00><0C><10><82><09><87><10><A6><F8><0E><AE><82><AE><8C><B6><83><0A><83><CA><FF>	DOWNTOWN<00>SPECIAL<CB><F8>HAIL<B9><00>FIGHTERS<CA><FF>	bank1_after_pointer_table	1	high	none
PTR-221	pointer_pair	paired	Bank 1 pointer-driven text	221	0x05F8E	0xB59C	0xB5E9	0x075AC	0x075F9	0x075B4	0x07605	0x075B4	0x07605	5D AE 5D AE 5D AE CB FF	8D 85 85 94 00 95 93 00 89 8E CB FF	<5D><AE><5D><AE><5D><AE><CB><FF>	MEET<00>US<00>IN<CB><FF>	bank1_after_pointer_table	1	high	none
PTR-222	pointer_pair	paired	Bank 1 pointer-driven text	222	0x05F90	0xB5A4	0xB5F5	0x075B4	0x07605	0x075DA	0x0762F	0x075DA	0x0762F	8D A9 06 0C A4 00 8B AE 0A 88 B1 00 82 91 99 B3 AE F8 9C 0C 99 B3 00 A4 9F B4 00 CB 82 A6 B3 B4 00 5D AE 5D AE FF	93 95 92 95 87 81 CB 8C 81 8E 84 00 8F 86 00 8D 99 93 94 85 92 99 CB F8 88 8F 8D 85 00 8F 86 00 8D 94 BA 00 86 95 8A 89 BA FF	<8D><A9><06><0C><A4><00><8B><AE><0A><88><B1><00><82><91><99><B3><AE><F8><9C><0C><99><B3><00><A4><9F><B4><00><CB><82><A6><B3><B4><00><5D><AE><5D><AE><FF>	SURUGA<CB>LAND<00>OF<00>MYSTERY<CB><F8>HOME<00>OF<00>MT<BA><00>FUJI<BA><FF>	bank1_after_pointer_table	1	high	none
PTR-223	pointer_pair	paired	Bank 1 pointer-driven text	223	0x05F92	0xB5CA	0xB61F	0x075DA	0x0762F	0x075F1	0x07646	0x075F1	0x07646	83 8C 85 00 81 A7 95 A0 B0 00 14 87 B7 83 13 B2 00 AC 90 AF A9 B4 FF	81 83 92 8F 93 93 00 94 88 85 00 92 81 87 89 8E 87 00 93 85 81 CB FF	<83><8C><85><00><81><A7><95><A0><B0><00><14><87><B7><83><13><B2><00><AC><90><AF><A9><B4><FF>	ACROSS<00>THE<00>RAGING<00>SEA<CB><FF>	bank1_after_pointer_table	1	high	none
PTR-224	pointer_pair	paired	Bank 1 pointer-driven text	224	0x05F94	0xB5E1	0xB636	0x075F1	0x07646	0x07610	0x0765F	0x07610	0x0765F	07 A8 96 B5 AF 00 92 A6 82 06 AF AE F8 95 8B 89 96 B5 AF 00 A6 AC 82 B4 00 CB 5D AE 5D AE FF	84 95 94 99 00 83 81 8C 8C 93 CB F8 81 8E 84 00 92 8F 8D 81 8E 83 85 CB FF	<07><A8><96><B5><AF><00><92><A6><82><06><AF><AE><F8><95><8B><89><96><B5><AF><00><A6><AC><82><B4><00><CB><5D><AE><5D><AE><FF>	DUTY<00>CALLS<CB><F8>AND<00>ROMANCE<CB><FF>	bank1_after_pointer_table	1	high	none
PTR-225	pointer_pair	paired	Bank 1 pointer-driven text	225	0x05F96	0xB600	0xB64F	0x07610	0x0765F	0x07620	0x07674	0x07620	0x07674	91 B7 82 94 B3 00 8A 82 87 95 AF AE 00 81 B4 FF	8B 95 8E 89 8F B6 93 00 8C 8F 96 85 00 81 97 81 89 94 93 CB FF	<91><B7><82><94><B3><00><8A><82><87><95><AF><AE><00><81><B4><FF>	KUNIO<B6>S<00>LOVE<00>AWAITS<CB><FF>	bank1_after_pointer_table	1	high	none
PTR-226	pointer_pair	paired	Bank 1 pointer-driven text	226	0x05F98	0xB610	0xB664	0x07620	0x07674	0x0763C	0x07681	0x0763C	0x07681	10 93 B2 71 85 B3 71 94 B3 71 8A B3 71 AE F8 5D 5D AE 00 5D AE 5D AE 00 5D AE CA FF	8F 92 00 84 8F 85 93 00 93 88 85 CC FF	<10><93><B2><71><85><B3><71><94><B3><71><8A><B3><71><AE><F8><5D><5D><AE><00><5D><AE><5D><AE><00><5D><AE><CA><FF>	OR<00>DOES<00>SHE<CC><FF>	bank1_after_pointer_table	1	high	none
PTR-227	pointer_pair	paired	Bank 1 pointer-driven text	227	0x05F9A	0xB62C	0xB671	0x0763C	0x07681	0x07647	0x07689	0x07647	0x07689	F0 9A 00 F1 AD 00 92 86 B4 90 FF	95 93 85 84 00 F1 BA FF	<F0><9A><00><F1><AD><00><92><86><B4><90><FF>	USED<00><F1><BA><FF>	bank1_after_pointer_table	1	high	none
PTR-228	pointer_pair	paired	Bank 1 pointer-driven text	228	0x05F9C	0xB637	0xB679	0x07647	0x07689	0x07666	0x076B0	0x07666	0x076B0	A4 B4 93 B2 AE 00 87 9F 8C 90 AF 00 F4 99 00 88 96 B4 CA F8 82 B7 B3 B4 00 5D AE 5D AE CB FF	81 92 85 00 99 8F 95 00 92 85 81 84 99 00 86 8F 92 F8 94 88 89 93 00 8E 85 97 00 81 92 85 81 CC 00 99 85 81 88 CA FF	<A4><B4><93><B2><AE><00><87><9F><8C><90><AF><00><F4><99><00><88><96><B4><CA><F8><82><B7><B3><B4><00><5D><AE><5D><AE><CB><FF>	ARE<00>YOU<00>READY<00>FOR<F8>THIS<00>NEW<00>AREA<CC><00>YEAH<CA><FF>	bank1_after_pointer_table	1	high	none
PTR-229	pointer_pair	paired	Bank 1 pointer-driven text	229	0x05F9E	0xB656	0xB6A0	0x07666	0x076B0	0x07672	0x076B9	0x07672	0x076B9	F0 9A 00 F1 AD 00 AC 90 8C 90 CB FF	F0 00 87 81 96 85 00 F1 FF	<F0><9A><00><F1><AD><00><AC><90><8C><90><CB><FF>	<F0><00>GAVE<00><F1><FF>	bank1_after_pointer_table	1	high	none
PTR-230	pointer_pair	paired	Bank 1 pointer-driven text	230	0x05FA0	0xB662	0xB6A9	0x07672	0x076B9	0x0767D	0x076C5	0x0767D	0x076C5	F0 9A 00 F1 AD 00 8D 93 90 CB FF	F0 00 84 92 8F 90 90 85 84 00 F1 FF	<F0><9A><00><F1><AD><00><8D><93><90><CB><FF>	<F0><00>DROPPED<00><F1><FF>	bank1_after_pointer_table	1	high	none
PTR-231	pointer_pair	paired	Bank 1 pointer-driven text	231	0x05FA2	0xB66D	0xB6B5	0x0767D	0x076C5	0x0768E	0x076D7	0x0768E	0x076D7	F0 99 00 8D 93 71 90 8D 06 00 81 06 B4 90 CA CA FF	F0 B6 93 00 93 94 81 94 95 93 00 89 93 00 95 90 CA FF	<F0><99><00><8D><93><71><90><8D><06><00><81><06><B4><90><CA><CA><FF>	<F0><B6>S<00>STATUS<00>IS<00>UP<CA><FF>	bank1_after_pointer_table	1	high	none
PTR-232	pointer_pair	paired	Bank 1 pointer-driven text	232	0x05FA4	0xB67E	0xB6C7	0x0768E	0x076D7	0x0769C	0x076E6	0x0769C	0x076E6	F0 99 00 F2 06 00 F5 81 06 B4 90 CA CA FF	F0 B6 93 00 F2 00 89 93 00 95 90 00 F5 CA FF	<F0><99><00><F2><06><00><F5><81><06><B4><90><CA><CA><FF>	<F0><B6>S<00><F2><00>IS<00>UP<00><F5><CA><FF>	bank1_after_pointer_table	1	high	none
PTR-233	pointer_pair	paired	Bank 1 pointer-driven text	233	0x05FA6	0xB68C	0xB6D6	0x0769C	0x076E6	0x076AC	0x076F5	0x076AC	0x076F5	F0 99 00 F2 06 00 F5 86 82 9C 88 8C 90 CA CA FF	F0 B6 93 00 F2 00 95 90 00 82 99 00 F5 CA FF	<F0><99><00><F2><06><00><F5><86><82><9C><88><8C><90><CA><CA><FF>	<F0><B6>S<00><F2><00>UP<00>BY<00><F5><CA><FF>	bank1_after_pointer_table	1	high	none
PTR-234	pointer_pair	paired	Bank 1 pointer-driven text	234	0x05FA8	0xB69C	0xB6E5	0x076AC	0x076F5	0x076BB	0x07706	0x076BB	0x07706	F0 99 00 F2 9A 00 8B 82 8A 83 10 B4 CA CA FF	F0 B6 93 00 F2 00 89 93 00 8D 81 98 98 85 84 CA FF	<F0><99><00><F2><9A><00><8B><82><8A><83><10><B4><CA><CA><FF>	<F0><B6>S<00><F2><00>IS<00>MAXXED<CA><FF>	bank1_after_pointer_table	1	high	none
PTR-235	pointer_pair	paired	Bank 1 pointer-driven text	235	0x05FAA	0xB6AB	0xA102	0x076BB	0x06112	0x076C8	0x06129	0x076C8	0x06129	F0 9A 00 F1 AD 00 85 1E 84 90 CA CA FF	F0 00 8C 85 81 92 8E 85 84 00 81 00 94 85 83 88 8E 89 91 95 85 CA FF	<F0><9A><00><F1><AD><00><85><1E><84><90><CA><CA><FF>	<F0><00>LEARNED<00>A<00>TECHNIQUE<CA><FF>	bank1_after_pointer_table	1	high	none
PTR-236	pointer_pair	paired	Bank 1 pointer-driven text	236	0x05FAC	0xB6B8	0xB0A6	0x076C8	0x070B6	0x076E1	0x070D3	0x076E1	0x070D3	82 9F 86 A7 00 8D 93 71 90 8D 81 B4 5C 06 00 C2 1A 82 96 95 A8 9F 8D CD FF	93 94 81 94 95 93 00 8C 85 96 85 8C 93 71 95 90 00 8E 8F 97 00 84 8F 95 82 8C 85 CA FF	<82><9F><86><A7><00><8D><93><71><90><8D><81><B4><5C><06><00><C2><1A><82><96><95><A8><9F><8D><CD><FF>	STATUS<00>LEVELS<71>UP<00>NOW<00>DOUBLE<CA><FF>	bank1_after_pointer_table	1	high	none
PTR-237	pointer_pair	paired	Bank 1 pointer-driven text	237	0x05FAE	0xB6D1	0xB70A	0x076E1	0x0771A	0x076F8	0x07733	0x076F8	0x07733	86 71 8F A9 13 00 8D 87 95 1A 8C B7 96 00 82 14 83 13 87 9F 8D CD FF	95 93 85 00 8D 81 90 00 83 95 92 93 8F 92 00 94 8F 00 94 92 81 96 85 8C FF	<86><71><8F><A9><13><00><8D><87><95><1A><8C><B7><96><00><82><14><83><13><87><9F><8D><CD><FF>	USE<00>MAP<00>CURSOR<00>TO<00>TRAVEL<FF>	bank1_after_pointer_table	1	high	none
PTR-238	pointer_pair	paired	Bank 1 pointer-driven text	238	0x05FB0	0xB6E8	0xB723	0x076F8	0x07733	0x07704	0x0773F	0x07704	0x0773F	F0 9A 00 F1 AD 00 9A 0D 8C 90 CB FF	F0 00 92 85 8D 8F 96 85 84 00 F1 FF	<F0><9A><00><F1><AD><00><9A><0D><8C><90><CB><FF>	<F0><00>REMOVED<00><F1><FF>	bank1_after_pointer_table	1	high	none
PTR-239	pointer_pair	paired	Bank 1 pointer-driven text	239	0x05FB2	0xB6F4	0xB72F	0x07704	0x0773F	0x07712	0x07749	0x07712	0x07749	F0 9A 00 96 8A 96 8A 8C 93 87 90 CA CA FF	F0 00 93 8D 89 8C 85 93 CA FF	<F0><9A><00><96><8A><96><8A><8C><93><87><90><CA><CA><FF>	<F0><00>SMILES<CA><FF>	bank1_after_pointer_table	1	high	none
PTR-240	pointer_pair	paired	Bank 1 pointer-driven text	240	0x05FB4	0xB702	0xBFE7	0x07712	0x07FF7	0x07726	0x08006	0x07726	0x08006	F0 9A 00 86 A7 10 06 00 86 A9 88 95 B4 90 87 06 8C 90 CB FF	F0 00 86 85 8C 94 00 8C 89 87 88 94 85 92 FF	<F0><9A><00><86><A7><10><06><00><86><A9><88><95><B4><90><87><06><8C><90><CB><FF>	<F0><00>FELT<00>LIGHTER<FF>	bank1_after_pointer_table	1	high	none
PTR-241	pointer_pair	paired	Bank 1 pointer-driven text	241	0x05FB6	0xB716	0xB739	0x07726	0x07749	0x07737	0x07759	0x07737	0x07759	8A AA 9A 00 A8 B4 91 95 00 9B 94 94 87 CD CD CD FF	81 00 87 92 85 81 94 00 8D 8F 8D 85 8E 94 CA FF	<8A><AA><9A><00><A8><B4><91><95><00><9B><94><94><87><CD><CD><CD><FF>	A<00>GREAT<00>MOMENT<CA><FF>	bank1_after_pointer_table	1	high	none
PTR-242	pointer_pair	paired	Bank 1 pointer-driven text	242	0x05FB8	0xB727	0xB0C3	0x07737	0x070D3	0x07751	0x070EF	0x07751	0x070EF	A0 96 92 89 93 82 A9 A3 99 99 00 8A 83 86 06 00 C2 1A 82 96 95 A8 9F 8D CD FF	85 91 95 89 90 8D 85 8E 94 00 93 94 81 94 93 00 8E 8F 97 00 84 8F 95 82 8C 85 CA FF	<A0><96><92><89><93><82><A9><A3><99><99><00><8A><83><86><06><00><C2><1A><82><96><95><A8><9F><8D><CD><FF>	EQUIPMENT<00>STATS<00>NOW<00>DOUBLE<CA><FF>	bank1_after_pointer_table	1	high	none
PTR-243	pointer_pair	paired	Bank 1 pointer-driven text	243	0x05FBA	0xB741	0xBFF9	0x07751	0x08009	0x0775C	0x08010	0x0775C	0x08010	F0 9A 00 91 86 A7 92 87 90 CB FF	F0 00 86 85 8C 8C FF	<F0><9A><00><91><86><A7><92><87><90><CB><FF>	<F0><00>FELL<FF>	bank1_after_pointer_table	1	high	none
PTR-244	pointer_pair	paired	Bank 1 pointer-driven text	244	0x05FBC	0xB74C	0xBFF6	0x0775C	0x08006	0x07761	0x08009	0x07761	0x08009	F1 B4 CA CA FF	F1 CA FF	<F1><B4><CA><CA><FF>	<F1><CA><FF>	bank1_after_pointer_table	1	high	none
PTR-245	pointer_pair	paired	Bank 1 pointer-driven text	245	0x05FBE	0xB751	0xBFD4	0x07761	0x07FE4	0x07C00	0x07FF7	0x07769	0x07FEE	F0 82 B4 86 10 B4 CA FF	F0 00 86 81 8D 89 8C 99 CA FF	<F0><82><B4><86><10><B4><CA><FF>	<F0><00>FAMILY<CA><FF>	bank1_after_pointer_table	1	high	none
PTR-246	pointer_pair	paired	Bank 1 pointer-driven text	246	0x05FC0	0xBBF0	0xBBF0	0x07C00	0x07C00	0x08010	0x07FD3	0x07C49	0x07C49	03 C8 B1 2A 29 0F 9D 35 03 29 08 F0 08 BD 35 03 09 F0 9D 35 03 B1 2A 29 F0 9D 2D 03 C8 4C B1 BB A9 00 8D 86 06 60 30 BC 30 BC 39 BC 4A BC 5B BC 6F BC 78 BC 81 BC 8A BC 93 BC 98 BC 9D BC 30 BC 00 82 4F 00 01 83 4F 00 FF	03 C8 B1 2A 29 0F 9D 35 03 29 08 F0 08 BD 35 03 09 F0 9D 35 03 B1 2A 29 F0 9D 2D 03 C8 4C B1 BB A9 00 8D 86 06 60 30 BC 30 BC 39 BC 4A BC 5B BC 6F BC 78 BC 81 BC 8A BC 93 BC 98 BC 9D BC 30 BC 00 82 4F 00 01 83 4F 00 FF	<03><C8><B1><2A><29><0F><9D><35><03><29><08><F0><08><BD><35><03><09><F0><9D><35><03><B1><2A><29><F0><9D><2D><03><C8><4C><B1><BB><A9><00><8D><86><06><60><30><BC><30><BC><39><BC><4A><BC><5B><BC><6F><BC><78><BC><81><BC><8A><BC><93><BC><98><BC><9D><BC><30><BC><00><82><4F><00><01><83><4F><00><FF>	<03><C8><B1><2A><29><0F><9D><35><03><29><08><F0><08><BD><35><03><09><F0><9D><35><03><B1><2A><29><F0><9D><2D><03><C8><4C><B1><BB><A9><00>MF<06><60><30><BC><30><BC><39><BC><4A><BC><5B><BC><6F><BC><78><BC>A<BC>J<BC>S<BC>X<BC><9D><BC><30><BC><00>B<4F><00><01>C<4F><00><FF>	bank1_after_pointer_table	1	high	none
PTR-247	pointer_pair	paired	Bank 1 pointer-driven text	247	0x05FC2	0x828B	0x8D00	0x0429B	0x04D10									bank1_before_pointer_table	1	medium	target outside pointer-driven storage
