id	pointer_index	pointer_rom_offset	prg_bank	jp_pointer_cpu	en_pointer_cpu	jp_rom_offset	en_rom_offset	jp_length	en_length	jp_bytes	en_bytes	english_reference	target_scope	english_pointer_changed	conservative_catalog_status	korean_work_status	screen_context	route_requirement	notes
PTR-000	0	0x05DD4	1	0x9FD7	0x9FD6	0x05FE7	0x05FE6	34	44	F0 BB 8A 8A AD 00 94 85 AE 95 8D B4 90 86 A7 96 AF F8 F9 00 8C B7 83 1C 8C 93 A3 A7 82 A4 8D 0E CA FF	F0 BB 00 93 8F 00 86 89 87 88 94 00 8D 85 00 8F 92 00 89 00 81 89 8E B6 94 F8 8C 85 94 94 89 8E 87 00 99 8F 95 00 90 81 93 93 CA FF	<F0><BB><00>SO<00>FIGHT<00>ME<00>OR<00>I<00>AIN<B6>T<F8>LETTING<00>YOU<00>PASS<CA><FF>	bank1_after_pointer_table	true	needs_japanese_dialogue_glyph_map	structural_unknown	unresolved pointer-dialogue context	named route, save state, or cheat state required	Present in the conservative catalog, but Japanese dialogue glyph mapping and screen context are incomplete.
PTR-001	1	0x05DD6	1	0x9FF9	0xA002	0x06009	0x06012	11	14	F0 BB A6 00 A6 AC 8D 07 A9 CB FF	F0 BB 00 88 8F 8C 99 00 93 88 89 94 CA FF	<F0><BB><00>HOLY<00>SHIT<CA><FF>	bank1_after_pointer_table	true	needs_japanese_dialogue_glyph_map	structural_unknown	unresolved pointer-dialogue context	named route, save state, or cheat state required	Present in the conservative catalog, but Japanese dialogue glyph mapping and screen context are incomplete.
PTR-002	2	0x05DD8	1	0xA004	0xA010	0x06014	0x06020	14	25	F0 BB 9F 90 00 81 82 8C A4 8C 90 98 CD FF	F0 BB 00 81 88 71 93 8F CA 00 97 85 00 8D 85 85 94 00 81 87 81 89 8E BA FF	<F0><BB><00>AH<71>SO<CA><00>WE<00>MEET<00>AGAIN<BA><FF>	bank1_after_pointer_table	true	needs_japanese_dialogue_glyph_map	structural_unknown	unresolved pointer-dialogue context	named route, save state, or cheat state required	Present in the conservative catalog, but Japanese dialogue glyph mapping and screen context are incomplete.
PTR-003	3	0x05DDA	1	0xA012	0xA029	0x06022	0x06039	50	43	F0 BB 8F 85 82 A4 AF 00 A0 B7 83 95 9C 90 A8 08 A0 06 82 A4 8C 90 98 F8 F9 00 85 A2 B2 8B AE 06 00 8B 06 8C 93 A9 A4 92 A7 96 00 91 09 B2 98 B2 A6 FF	F0 BB 00 92 85 8D 85 8D 82 85 92 00 94 88 8F 93 85 00 84 95 84 85 93 CC F8 94 88 85 99 B6 92 85 00 94 88 85 00 8F 8E 85 93 CA FF	<F0><BB><00>REMEMBER<00>THOSE<00>DUDES<CC><F8>THEY<B6>RE<00>THE<00>ONES<CA><FF>	bank1_after_pointer_table	true	needs_japanese_dialogue_glyph_map	structural_unknown	unresolved pointer-dialogue context	named route, save state, or cheat state required	Present in the conservative catalog, but Japanese dialogue glyph mapping and screen context are incomplete.
PTR-004	4	0x05DDC	1	0xA044	0xA054	0x06054	0x06064	42	29	F0 BB 85 A2 B2 8B AE 06 90 00 A6 8F A3 AE 99 88 8E 96 F8 F9 00 A2 B4 5E 83 00 92 84 B2 B4 93 9A 95 8C 0C B5 98 B2 86 82 CC FF	F0 BB 00 88 8F 97 00 84 89 84 00 99 8F 95 00 82 85 81 94 F8 8D 99 00 82 8F 99 93 CC FF	<F0><BB><00>HOW<00>DID<00>YOU<00>BEAT<F8>MY<00>BOYS<CC><FF>	bank1_after_pointer_table	true	needs_japanese_dialogue_glyph_map	structural_unknown	unresolved pointer-dialogue context	named route, save state, or cheat state required	Present in the conservative catalog, but Japanese dialogue glyph mapping and screen context are incomplete.
PTR-005	5	0x05DDE	1	0xA06E	0xA071	0x0607E	0x06081	11	25	F0 BB 92 A6 88 98 B2 86 82 CC FF	F0 BB 00 99 8F 95 00 86 89 87 88 94 00 8C 89 8B 85 00 81 00 97 95 93 CA FF	<F0><BB><00>YOU<00>FIGHT<00>LIKE<00>A<00>WUS<CA><FF>	bank1_after_pointer_table	true	needs_japanese_dialogue_glyph_map	structural_unknown	unresolved pointer-dialogue context	named route, save state, or cheat state required	Present in the conservative catalog, but Japanese dialogue glyph mapping and screen context are incomplete.
PTR-006	6	0x05DE0	1	0xA079	0xA08A	0x06089	0x0609A	25	27	F0 BB 85 A0 8F AA 8C A4 8C 90 B4 00 95 86 9F 96 8C 93 85 88 AE 95 8E B2 FF	F0 BB 00 90 8C 85 81 93 85 00 8C 85 94 00 8D 85 00 8A 8F 89 8E 00 99 8F 95 CA FF	<F0><BB><00>PLEASE<00>LET<00>ME<00>JOIN<00>YOU<CA><FF>	bank1_after_pointer_table	true	needs_japanese_dialogue_glyph_map	structural_unknown	unresolved pointer-dialogue context	named route, save state, or cheat state required	Present in the conservative catalog, but Japanese dialogue glyph mapping and screen context are incomplete.
PTR-007	7	0x05DE2	1	0xA092	0xA0A5	0x060A2	0x060B5	11	20	F0 BB A6 AC 88 98 B2 86 82 CC FF	F0 BB 00 88 85 00 81 89 8E B6 94 00 8E 8F 94 88 89 8E B6 CB	<F0><BB><00>HE<00>AIN<B6>T<00>NOTHIN<B6><CB>	bank1_after_pointer_table	true	needs_japanese_dialogue_glyph_map	structural_unknown	unresolved pointer-dialogue context	named route, save state, or cheat state required	Present in the conservative catalog, but Japanese dialogue glyph mapping and screen context are incomplete.
PTR-008	8	0x05DE4	1	0xA09D	0xA0B9	0x060AD	0x060C9	22	21	F0 BB 81 B4 8C A3 92 AA 93 82 B4 93 85 88 AE 95 8B 82 A6 B3 CA FF	FF F0 BB 00 8C 85 94 00 8D 85 00 83 8F 8D 85 00 94 8F 8F CA FF	<FF><F0><BB><00>LET<00>ME<00>COME<00>TOO<CA><FF>	bank1_after_pointer_table	true	needs_japanese_dialogue_glyph_map	structural_unknown	unresolved pointer-dialogue context	named route, save state, or cheat state required	Present in the conservative catalog, but Japanese dialogue glyph mapping and screen context are incomplete.
PTR-009	9	0x05DE6	1	0xA0B3	0xB0DF	0x060C3	0x070EF	16	23	F0 BB FA 8B AE 13 CC 00 85 93 81 AC 8E AD CA FF	F0 BB 00 8F 8B B9 00 FA B9 00 8C 85 94 B6 93 00 86 89 87 88 94 CA FF	<F0><BB><00>OK<B9><00><FA><B9><00>LET<B6>S<00>FIGHT<CA><FF>	bank1_after_pointer_table	true	needs_japanese_dialogue_glyph_map	structural_unknown	unresolved pointer-dialogue context	named route, save state, or cheat state required	Present in the conservative catalog, but Japanese dialogue glyph mapping and screen context are incomplete.
PTR-010	10	0x05DE8	1	0xA0C3	0xA0E3	0x060D3	0x060F3	47	31	F0 BB A2 84 A8 A4 8C 90 CA 00 8B 8D 06 CB 00 A4 92 99 82 B4 90 94 85 A8 10 F8 F9 00 81 B4 8C A3 00 95 96 86 00 91 86 A7 96 95 A8 A4 8D A6 FF	F0 BB 00 89 80 87 89 96 85 80 95 90 CA F8 99 8F 95 B6 92 85 80 94 8F 8F 80 87 8F 8F 84 CA FF	<F0><BB><00>I GIVE UP<CA><F8>YOU<B6>RE TOO GOOD<CA><FF>	bank1_after_pointer_table	true	needs_japanese_dialogue_glyph_map	structural_unknown	unresolved pointer-dialogue context	named route, save state, or cheat state required	Present in the conservative catalog, but Japanese dialogue glyph mapping and screen context are incomplete.
PTR-011	11	0x05DEA	1	0xA0F2	0xA119	0x06102	0x06129	25	30	F0 BB 93 84 8C 90 8A 94 81 A8 A4 8E AE 98 CB 00 8A AE 95 9A 0D 13 9A CB FF	F0 BB 00 99 8F 95 00 81 89 8E B6 94 00 93 85 85 8E 00 8E 8F 94 88 89 8E F8 99 85 94 CA FF	<F0><BB><00>YOU<00>AIN<B6>T<00>SEEN<00>NOTHIN<F8>YET<CA><FF>	bank1_after_pointer_table	true	needs_japanese_dialogue_glyph_map	structural_unknown	unresolved pointer-dialogue context	named route, save state, or cheat state required	Present in the conservative catalog, but Japanese dialogue glyph mapping and screen context are incomplete.
PTR-012	12	0x05DEC	1	0xA10B	0xA137	0x0611B	0x06147	8	7	F0 BB 8F AA 13 9A CA FF	F0 BB 00 8F 8B CA FF	<F0><BB><00>OK<CA><FF>	bank1_after_pointer_table	true	missing	structural_unknown_missing_conservative_row	unresolved pointer-dialogue context	named route, save state, or cheat state required	Present in the complete English-guided pointer map but absent from the conservative catalog; investigate before translation.
PTR-013	13	0x05DEE	1	0xA113	0xA13E	0x06123	0x0614E	15	19	F0 BB 8D 89 10 91 00 82 90 8C A4 8D CA CA FF	F0 BB 00 8C 85 8D 8D 85 00 8B 89 83 8B 00 88 89 8D CA FF	<F0><BB><00>LEMME<00>KICK<00>HIM<CA><FF>	bank1_after_pointer_table	true	needs_japanese_dialogue_glyph_map	structural_unknown	unresolved pointer-dialogue context	named route, save state, or cheat state required	Present in the conservative catalog, but Japanese dialogue glyph mapping and screen context are incomplete.
PTR-014	14	0x05DF0	1	0xA122	0xA151	0x06132	0x06161	38	17	F0 BB 8A 9F 89 84 8A 94 9A 00 82 82 B4 8A 95 8C 10 F8 F9 00 85 A2 84 8B AE 96 B5 AF 00 8E AC AE 95 B4 90 0E CA FF	F0 BB 00 94 88 81 8E 8B 93 00 81 00 8C 8F 94 CA FF	<F0><BB><00>THANKS<00>A<00>LOT<CA><FF>	bank1_after_pointer_table	true	needs_japanese_dialogue_glyph_map	structural_unknown	unresolved pointer-dialogue context	named route, save state, or cheat state required	Present in the conservative catalog, but Japanese dialogue glyph mapping and screen context are incomplete.
PTR-015	15	0x05DF2	1	0xA148	0xA162	0x06158	0x06172	16	32	82 91 1D 84 BB 95 AE 13 84 00 85 A2 84 A7 CA FF	89 83 88 89 BB 00 97 88 8F 00 81 92 85 00 99 8F 95 00 87 95 99 93 B9 F8 81 8E 99 97 81 99 CC FF	ICHI<BB><00>WHO<00>ARE<00>YOU<00>GUYS<B9><F8>ANYWAY<CC><FF>	bank1_after_pointer_table	true	needs_japanese_dialogue_glyph_map	structural_unknown	unresolved pointer-dialogue context	named route, save state, or cheat state required	Present in the conservative catalog, but Japanese dialogue glyph mapping and screen context are incomplete.
PTR-016	16	0x05DF4	1	0xA158	0xA182	0x06168	0x06192	19	15	AB 88 1D 84 BB 86 9F AC 98 84 00 A4 B4 91 A2 B2 B4 CA FF	92 8F 8B 95 BB 00 87 85 94 00 B6 85 8D CB FF	ROKU<BB><00>GET<00><B6>EM<CB><FF>	bank1_after_pointer_table	true	needs_japanese_dialogue_glyph_map	structural_unknown	unresolved pointer-dialogue context	named route, save state, or cheat state required	Present in the conservative catalog, but Japanese dialogue glyph mapping and screen context are incomplete.
PTR-017	17	0x05DF6	1	0xA16B	0xA191	0x0617B	0x061A1	13	21	AB 88 1D 84 BB 9F 82 A8 A4 8C 90 CA FF	92 8F 8B 95 BB 00 81 81 92 87 88 CB 00 89 00 8C 8F 93 94 CA FF	ROKU<BB><00>AARGH<CB><00>I<00>LOST<CA><FF>	bank1_after_pointer_table	true	needs_japanese_dialogue_glyph_map	structural_unknown	unresolved pointer-dialogue context	named route, save state, or cheat state required	Present in the conservative catalog, but Japanese dialogue glyph mapping and screen context are incomplete.
PTR-018	18	0x05DF8	1	0xA178	0xA1A6	0x06188	0x061B6	37	43	F0 BB 81 B4 8C A7 9A 00 81 88 94 83 10 06 F8 F9 00 85 AE 95 9A 00 8B A7 AC 98 B2 95 AF CB AB 88 1D 84 99 CA FF	F0 BB 00 97 85 00 8D 81 99 00 82 85 00 82 81 84 B9 00 82 95 94 00 97 85 F8 84 8F 8E B6 94 00 88 95 92 94 00 97 8F 8D 85 8E CA FF	<F0><BB><00>WE<00>MAY<00>BE<00>BAD<B9><00>BUT<00>WE<F8>DON<B6>T<00>HURT<00>WOMEN<CA><FF>	bank1_after_pointer_table	true	needs_japanese_dialogue_glyph_map	structural_unknown	unresolved pointer-dialogue context	named route, save state, or cheat state required	Present in the conservative catalog, but Japanese dialogue glyph mapping and screen context are incomplete.
PTR-019	19	0x05DFA	1	0xA19D	0xA1D1	0x061AD	0x061E1	15	22	F0 BB 95 AE 13 B2 00 86 B4 91 9F B4 90 CA FF	F0 BB 00 97 88 81 94 CB CB 89 00 82 85 81 94 00 94 88 85 8D CA FF	<F0><BB><00>WHAT<CB><CB>I<00>BEAT<00>THEM<CA><FF>	bank1_after_pointer_table	true	needs_japanese_dialogue_glyph_map	structural_unknown	unresolved pointer-dialogue context	named route, save state, or cheat state required	Present in the conservative catalog, but Japanese dialogue glyph mapping and screen context are incomplete.
PTR-020	20	0x05DFC	1	0xA1AC	0xA1E7	0x061BC	0x061F7	43	47	F0 BB 1B 71 B4 08 1E 8D 00 0C AE AB 88 96 90 99 9F AA 93 F8 F9 00 81 95 90 06 90 AD 00 90 85 8C 9F 71 8D 98 00 85 71 89 71 CC FF	F0 BB 00 82 85 85 87 00 82 8F 93 93 00 8A 89 8E 92 8F 00 93 85 8E 94 F8 8D 85 00 94 8F 00 8B 89 83 8B 00 99 8F 95 92 00 82 95 94 94 93 CA FF	<F0><BB><00>BEEG<00>BOSS<00>JINRO<00>SENT<F8>ME<00>TO<00>KICK<00>YOUR<00>BUTTS<CA><FF>	bank1_after_pointer_table	true	needs_japanese_dialogue_glyph_map	structural_unknown	unresolved pointer-dialogue context	named route, save state, or cheat state required	Present in the conservative catalog, but Japanese dialogue glyph mapping and screen context are incomplete.
PTR-021	21	0x05DFE	1	0xA1D7	0xA216	0x061E7	0x06226	45	51	F0 BB 8D 93 87 95 00 91 B6 83 0A 88 0C AE 00 8C B7 83 86 82 8C 9F 71 8D F8 F9 00 A8 88 91 B6 83 99 00 85 AE 8E AE 96 00 82 9F 71 8D FF	F0 BB 00 89 B6 8D 00 87 8F 8E 8E 81 00 8B 89 83 8B 00 99 8F 95 92 F8 81 93 93 85 93 00 81 8C 8C 00 94 88 85 00 97 81 99 00 94 8F 00 83 88 89 8E 81 CA FF	<F0><BB><00>I<B6>M<00>GONNA<00>KICK<00>YOUR<F8>ASSES<00>ALL<00>THE<00>WAY<00>TO<00>CHINA<CA><FF>	bank1_after_pointer_table	true	needs_japanese_dialogue_glyph_map	structural_unknown	unresolved pointer-dialogue context	named route, save state, or cheat state required	Present in the conservative catalog, but Japanese dialogue glyph mapping and screen context are incomplete.
PTR-022	22	0x05E00	1	0xA204	0xA137	0x06214	0x06147	13	7	F0 BB 8A AA 13 00 85 71 89 71 98 CD FF	F0 BB 00 8F 8B CA FF	<F0><BB><00>OK<CA><FF>	bank1_after_pointer_table	true	missing	structural_unknown_missing_conservative_row	unresolved pointer-dialogue context	named route, save state, or cheat state required	Present in the complete English-guided pointer map but absent from the conservative catalog; investigate before translation.
PTR-023	23	0x05E02	1	0xA211	0xA249	0x06221	0x06259	23	26	F0 BB 1B 71 B4 08 1E 8D 00 0C AE AB 88 96 00 8C 86 A7 AA 9F 71 8D FF	F0 BB 00 8A 89 8E 92 8F 00 97 89 8C 8C 00 93 85 85 00 99 81 00 8E 8F 97 CA FF	<F0><BB><00>JINRO<00>WILL<00>SEE<00>YA<00>NOW<CA><FF>	bank1_after_pointer_table	true	needs_japanese_dialogue_glyph_map	structural_unknown	unresolved pointer-dialogue context	named route, save state, or cheat state required	Present in the conservative catalog, but Japanese dialogue glyph mapping and screen context are incomplete.
PTR-024	24	0x05E04	1	0xA228	0xA263	0x06238	0x06273	21	25	F0 BB 81 95 90 06 81 90 A7 8C 82 00 1B 71 B4 08 1E 8D 98 CD FF	F0 BB 00 93 8F B9 00 99 8F 95 B6 92 85 00 82 85 85 87 00 82 8F 93 93 CB FF	<F0><BB><00>SO<B9><00>YOU<B6>RE<00>BEEG<00>BOSS<CB><FF>	bank1_after_pointer_table	true	needs_japanese_dialogue_glyph_map	structural_unknown	unresolved pointer-dialogue context	named route, save state, or cheat state required	Present in the conservative catalog, but Japanese dialogue glyph mapping and screen context are incomplete.
PTR-025	25	0x05E06	1	0xA23D	0xA27C	0x0624D	0x0628C	45	42	F0 BB 81 88 94 83 95 AE 0B 00 8C B7 8E AE 90 82 8C 90 8A 90 AF 95 82 A4 95 F8 F9 00 81 B4 8C 9B 94 A8 13 00 0C B6 83 1C AE 13 B2 CA FF	F0 BB 00 89 B6 8C 8C 00 93 88 8F 97 00 94 88 85 93 85 00 8C 8F 93 85 92 93 F8 81 00 94 88 89 8E 87 00 8F 92 00 94 97 8F CA FF	<F0><BB><00>I<B6>LL<00>SHOW<00>THESE<00>LOSERS<F8>A<00>THING<00>OR<00>TWO<CA><FF>	bank1_after_pointer_table	true	needs_japanese_dialogue_glyph_map	structural_unknown	unresolved pointer-dialogue context	named route, save state, or cheat state required	Present in the conservative catalog, but Japanese dialogue glyph mapping and screen context are incomplete.
PTR-026	26	0x05E08	1	0xA26A	0xA2A6	0x0627A	0x062B6	44	50	F0 BB 85 A2 B2 90 91 06 00 8A AE 95 96 92 84 B2 90 AF 95 CB F8 F9 00 10 06 00 9D 82 8C 91 99 81 96 87 96 B5 00 86 95 83 A2 B2 CA FF	F0 BB 00 8A 85 85 9A B9 00 99 8F 95 B6 92 85 00 94 8F 95 87 88 B9 00 82 95 94 F8 88 85 89 93 89 00 97 89 8C 8C 00 83 92 95 93 88 00 99 8F 95 CA CA FF	<F0><BB><00>JEEZ<B9><00>YOU<B6>RE<00>TOUGH<B9><00>BUT<F8>HEISI<00>WILL<00>CRUSH<00>YOU<CA><CA><FF>	bank1_after_pointer_table	true	needs_japanese_dialogue_glyph_map	structural_unknown	unresolved pointer-dialogue context	named route, save state, or cheat state required	Present in the conservative catalog, but Japanese dialogue glyph mapping and screen context are incomplete.
PTR-027	27	0x05E0A	1	0xA296	0xA2D8	0x062A6	0x062E8	23	16	F0 BB 9A B4 00 9A B4 00 9A B4 00 81 1A A6 B4 CA 00 81 88 94 83 CA FF	F0 BB 00 8E 99 81 88 CA 00 8C 81 94 85 92 CB FF	<F0><BB><00>NYAH<CA><00>LATER<CB><FF>	bank1_after_pointer_table	true	needs_japanese_dialogue_glyph_map	structural_unknown	unresolved pointer-dialogue context	named route, save state, or cheat state required	Present in the conservative catalog, but Japanese dialogue glyph mapping and screen context are incomplete.
PTR-028	28	0x05E0C	1	0xA2AD	0xA2E8	0x062BD	0x062F8	20	36	F0 BB 85 A2 B2 90 91 86 82 CA 00 81 88 94 83 93 B2 99 9A FF	F0 BB 00 88 85 99 CA 00 99 8F 95 B6 92 85 00 94 88 8F 93 85 F8 94 97 8F 00 82 81 84 71 81 93 93 85 93 CC FF	<F0><BB><00>HEY<CA><00>YOU<B6>RE<00>THOSE<F8>TWO<00>BAD<71>ASSES<CC><FF>	bank1_after_pointer_table	true	needs_japanese_dialogue_glyph_map	structural_unknown	unresolved pointer-dialogue context	named route, save state, or cheat state required	Present in the conservative catalog, but Japanese dialogue glyph mapping and screen context are incomplete.
PTR-029	29	0x05E0E	1	0xA2C1	0xA30C	0x062D1	0x0631C	26	28	F0 BB 82 10 93 AE 99 F0 8B AE 06 F8 F9 00 81 82 93 96 95 B4 93 A4 A9 0E CA FF	F0 BB 00 89 B6 8D 00 8B 89 8E 93 95 CB 00 8C 85 94 B6 93 F8 82 8F 8F 87 89 85 CA FF	<F0><BB><00>I<B6>M<00>KINSU<CB><00>LET<B6>S<F8>BOOGIE<CA><FF>	bank1_after_pointer_table	true	needs_japanese_dialogue_glyph_map	structural_unknown	unresolved pointer-dialogue context	named route, save state, or cheat state required	Present in the conservative catalog, but Japanese dialogue glyph mapping and screen context are incomplete.
PTR-030	30	0x05E10	1	0xA2DB	0xA328	0x062EB	0x06338	46	43	F0 BB 90 8C 86 96 92 84 B2 CB 00 81 B4 8C 99 9F 89 B4 8D A6 F8 F9 00 81 88 94 83 96 8C 94 88 95 AF 00 A3 B4 93 B2 98 B2 9A 95 8C 10 CA FF	F0 BB 00 84 81 8D 8E CA 00 94 8F 8F 00 82 81 84 00 99 8F 95 B6 92 85 F8 8F 8E 00 94 88 85 00 97 92 8F 8E 87 00 93 89 84 85 BA FF	<F0><BB><00>DAMN<CA><00>TOO<00>BAD<00>YOU<B6>RE<F8>ON<00>THE<00>WRONG<00>SIDE<BA><FF>	bank1_after_pointer_table	true	needs_japanese_dialogue_glyph_map	structural_unknown	unresolved pointer-dialogue context	named route, save state, or cheat state required	Present in the conservative catalog, but Japanese dialogue glyph mapping and screen context are incomplete.
PTR-031	31	0x05E12	1	0xA309	0xA353	0x06319	0x06363	25	37	F0 BB 9D 82 8C 91 99 81 96 87 96 00 A6 B3 88 92 90 84 94 82 93 A4 A9 0E FF	F0 BB 00 89 B6 8D 00 87 8F 8E 8E 81 00 94 85 8C 8C 00 8D 99 F8 82 92 8F 94 88 85 92 B9 00 88 85 89 93 89 CA FF	<F0><BB><00>I<B6>M<00>GONNA<00>TELL<00>MY<F8>BROTHER<B9><00>HEISI<CA><FF>	bank1_after_pointer_table	true	needs_japanese_dialogue_glyph_map	structural_unknown	unresolved pointer-dialogue context	named route, save state, or cheat state required	Present in the conservative catalog, but Japanese dialogue glyph mapping and screen context are incomplete.
PTR-032	32	0x05E14	1	0xA322	0xA378	0x06332	0x06388	32	24	F0 BB 14 83 13 B2 CC 00 81 B4 8C 99 00 9A A4 8B 96 B5 AF F8 F9 00 92 82 93 8A A7 AA A2 B2 CA FF	F0 BB 00 83 81 94 83 88 00 8D 85 00 89 86 00 99 8F 95 00 83 81 8E CA FF	<F0><BB><00>CATCH<00>ME<00>IF<00>YOU<00>CAN<CA><FF>	bank1_after_pointer_table	true	needs_japanese_dialogue_glyph_map	structural_unknown	unresolved pointer-dialogue context	named route, save state, or cheat state required	Present in the conservative catalog, but Japanese dialogue glyph mapping and screen context are incomplete.
PTR-033	33	0x05E16	1	0xA342	0xA390	0x06352	0x063A0	17	19	F0 BB 81 B4 8C 06 00 9D 82 8C 91 13 0A 0B AE 8D FF	F0 BB 00 88 85 99 CA 00 89 B6 8D 00 88 85 89 93 89 CB FF	<F0><BB><00>HEY<CA><00>I<B6>M<00>HEISI<CB><FF>	bank1_after_pointer_table	true	needs_japanese_dialogue_glyph_map	structural_unknown	unresolved pointer-dialogue context	named route, save state, or cheat state required	Present in the conservative catalog, but Japanese dialogue glyph mapping and screen context are incomplete.
PTR-034	34	0x05E18	1	0xA353	0xA3A3	0x06363	0x063B3	32	23	F0 BB 92 A6 82 CB 00 85 A2 B2 8B AE 90 91 B5 82 B4 90 82 F8 F9 00 95 96 A3 AE 95 AE 13 B2 CA FF	F0 BB 00 87 81 97 84 B9 00 99 8F 95 B6 92 85 00 94 8F 95 87 88 CA FF	<F0><BB><00>GAWD<B9><00>YOU<B6>RE<00>TOUGH<CA><FF>	bank1_after_pointer_table	true	needs_japanese_dialogue_glyph_map	structural_unknown	unresolved pointer-dialogue context	named route, save state, or cheat state required	Present in the conservative catalog, but Japanese dialogue glyph mapping and screen context are incomplete.
PTR-035	35	0x05E1A	1	0xA373	0xA3BA	0x06383	0x063CA	39	33	F0 BB 10 06 00 0C AE AB 88 99 00 85 85 85 A4 1C AE 9A F8 F9 00 85 A2 B2 8B AE 90 91 90 AF 91 B0 94 91 06 83 0E CA FF	F0 BB 00 82 85 85 87 00 82 8F 93 93 00 8A 89 8E 92 8F F8 97 89 8C 8C 00 86 89 98 00 99 8F 95 CA FF	<F0><BB><00>BEEG<00>BOSS<00>JINRO<F8>WILL<00>FIX<00>YOU<CA><FF>	bank1_after_pointer_table	true	needs_japanese_dialogue_glyph_map	structural_unknown	unresolved pointer-dialogue context	named route, save state, or cheat state required	Present in the conservative catalog, but Japanese dialogue glyph mapping and screen context are incomplete.
PTR-036	36	0x05E1C	1	0xA39A	0xA3DB	0x063AA	0x063EB	22	15	F0 BB 81 B4 8C 9A 00 96 09 A3 86 88 AA A3 00 8C A4 8E AE 0E CA FF	F0 BB 00 89 00 97 8F 8E B6 94 00 92 95 8E FF	<F0><BB><00>I<00>WON<B6>T<00>RUN<FF>	bank1_after_pointer_table	true	needs_japanese_dialogue_glyph_map	structural_unknown	unresolved pointer-dialogue context	named route, save state, or cheat state required	Present in the conservative catalog, but Japanese dialogue glyph mapping and screen context are incomplete.
PTR-037	37	0x05E1E	1	0xA3B0	0xA3EA	0x063C0	0x063FA	19	17	F0 BB 81 B4 8C 06 00 81 82 93 96 95 A8 A4 8C B7 83 CB FF	F0 BB 00 86 89 87 88 94 00 8D 85 00 8E 8F 97 CA FF	<F0><BB><00>FIGHT<00>ME<00>NOW<CA><FF>	bank1_after_pointer_table	true	needs_japanese_dialogue_glyph_map	structural_unknown	unresolved pointer-dialogue context	named route, save state, or cheat state required	Present in the conservative catalog, but Japanese dialogue glyph mapping and screen context are incomplete.
PTR-038	38	0x05E20	1	0xA3C3	0xA3FB	0x063D3	0x0640B	46	47	F0 BB 95 AE 94 CA 00 85 A2 B2 8B AE 90 91 B5 00 FB 00 8B AE 99 CC F8 F9 00 94 A7 0F 83 99 00 82 91 A0 0C B5 00 98 B2 AE 13 8D 86 82 CC FF	F0 BB 00 99 8F 95 00 97 8F 92 8B 00 86 8F 92 00 FB 00 CC F8 89 00 94 88 8F 95 87 88 94 00 99 8F 95 00 93 85 92 96 85 84 00 94 8F 92 81 CA FF	<F0><BB><00>YOU<00>WORK<00>FOR<00><FB><00><CC><F8>I<00>THOUGHT<00>YOU<00>SERVED<00>TORA<CA><FF>	bank1_after_pointer_table	true	needs_japanese_dialogue_glyph_map	structural_unknown	unresolved pointer-dialogue context	named route, save state, or cheat state required	Present in the conservative catalog, but Japanese dialogue glyph mapping and screen context are incomplete.
PTR-039	39	0x05E22	1	0xA3F1	0xA42A	0x06401	0x0643A	43	34	F0 BB A3 83 8C AC 89 98 B2 00 8A 8A 9A 9B 94 92 F8 F9 00 8A 99 0C AE AB 88 96 00 9B 94 9A 10 97 06 8B 8C 93 85 88 AE 95 8E B2 FF	F0 BB 00 93 8F 92 92 99 B9 00 90 81 8C CB 88 85 99 B9 F8 87 89 8D 8D 85 00 81 00 82 92 85 81 8B CA FF	<F0><BB><00>SORRY<B9><00>PAL<CB>HEY<B9><F8>GIMME<00>A<00>BREAK<CA><FF>	bank1_after_pointer_table	true	needs_japanese_dialogue_glyph_map	structural_unknown	unresolved pointer-dialogue context	named route, save state, or cheat state required	Present in the conservative catalog, but Japanese dialogue glyph mapping and screen context are incomplete.
PTR-040	40	0x05E24	1	0xA41C	0xA44C	0x0642C	0x0645C	22	21	F0 BB 83 91 99 00 FB 01 AD 00 8D 89 B4 94 96 00 14 B3 13 B2 CC FF	F0 BB 00 94 81 8B 85 00 FB 01 00 97 89 94 88 00 99 8F 95 CA FF	<F0><BB><00>TAKE<00><FB><01><00>WITH<00>YOU<CA><FF>	bank1_after_pointer_table	true	needs_japanese_dialogue_glyph_map	structural_unknown	unresolved pointer-dialogue context	named route, save state, or cheat state required	Present in the conservative catalog, but Japanese dialogue glyph mapping and screen context are incomplete.
PTR-041	41	0x05E26	1	0xA432	0xA461	0x06442	0x06471	21	26	F0 BB 86 85 13 A3 81 A7 B4 93 00 13 95 85 8C 93 87 95 8E B2 FF	F0 BB 00 90 88 85 97 CB 00 99 8F 95 00 8E 85 85 84 00 81 F8 82 81 94 88 CA FF	<F0><BB><00>PHEW<CB><00>YOU<00>NEED<00>A<F8>BATH<CA><FF>	bank1_after_pointer_table	true	needs_japanese_dialogue_glyph_map	structural_unknown	unresolved pointer-dialogue context	named route, save state, or cheat state required	Present in the conservative catalog, but Japanese dialogue glyph mapping and screen context are incomplete.
PTR-042	42	0x05E28	1	0xA447	0xA47B	0x06457	0x0648B	10	17	F0 BB 85 AE 96 87 A9 0E CA FF	F0 BB 00 89 00 8F 97 85 00 99 81 00 8F 8E 85 CA FF	<F0><BB><00>I<00>OWE<00>YA<00>ONE<CA><FF>	bank1_after_pointer_table	true	needs_japanese_dialogue_glyph_map	structural_unknown	unresolved pointer-dialogue context	named route, save state, or cheat state required	Present in the conservative catalog, but Japanese dialogue glyph mapping and screen context are incomplete.
PTR-043	43	0x05E2A	1	0xA451	0xA48C	0x06461	0x0649C	45	30	F0 BB FA 8B AE 00 82 82 A3 99 AD 00 A3 B4 93 87 A4 8C 90 CA F8 F9 00 9A A4 A8 A4 9F 82 96 87 88 00 86 AE 5E 83 A4 88 10 8F 83 13 CB FF	F0 BB 00 88 85 92 85 B9 00 FA B9 00 94 81 8B 85 F8 94 88 89 93 00 8B 81 8E 90 8F 95 BA FF	<F0><BB><00>HERE<B9><00><FA><B9><00>TAKE<F8>THIS<00>KANPOU<BA><FF>	bank1_after_pointer_table	true	needs_japanese_dialogue_glyph_map	structural_unknown	unresolved pointer-dialogue context	named route, save state, or cheat state required	Present in the conservative catalog, but Japanese dialogue glyph mapping and screen context are incomplete.
PTR-044	44	0x05E2C	1	0xA47E	0xA4AA	0x0648E	0x064BA	19	22	F0 BB FB 00 8B AE 96 00 AC 90 8C 93 85 87 A4 8C 90 A6 FF	F0 BB 00 95 93 85 00 89 94 00 94 8F 00 83 95 92 85 00 FB 00 CA FF	<F0><BB><00>USE<00>IT<00>TO<00>CURE<00><FB><00><CA><FF>	bank1_after_pointer_table	true	needs_japanese_dialogue_glyph_map	structural_unknown	unresolved pointer-dialogue context	named route, save state, or cheat state required	Present in the conservative catalog, but Japanese dialogue glyph mapping and screen context are incomplete.
PTR-045	45	0x05E2E	1	0xA491	0xA4C0	0x064A1	0x064D0	50	54	F0 BB 5C 5C B4 CB 00 8E B4 8C B5 9A 00 94 A7 0F 83 82 B4 86 99 00 A3 99 F8 F9 00 83 87 A6 99 85 96 A2 00 93 AE 96 86 AC B4 93 8E 82 1A 82 82 90 8D FF	F0 BB 00 89 B6 8D 00 94 8F 92 81 B6 93 00 88 8F 8C 99 00 87 95 81 92 84 BA F8 90 92 85 90 81 92 85 00 86 8F 92 00 88 85 81 96 85 8E B6 93 00 97 92 81 94 88 CA FF	<F0><BB><00>I<B6>M<00>TORA<B6>S<00>HOLY<00>GUARD<BA><F8>PREPARE<00>FOR<00>HEAVEN<B6>S<00>WRATH<CA><FF>	bank1_after_pointer_table	true	needs_japanese_dialogue_glyph_map	structural_unknown	unresolved pointer-dialogue context	named route, save state, or cheat state required	Present in the conservative catalog, but Japanese dialogue glyph mapping and screen context are incomplete.
PTR-046	46	0x05E30	1	0xA4C3	0xA4F9	0x064D3	0x06509	12	13	F0 BB 5C 5C B4 CB 00 95 AE 94 CC FF	F0 BB 00 88 85 88 CB 97 88 81 94 CC FF	<F0><BB><00>HEH<CB>WHAT<CC><FF>	bank1_after_pointer_table	true	needs_japanese_dialogue_glyph_map	structural_unknown	unresolved pointer-dialogue context	named route, save state, or cheat state required	Present in the conservative catalog, but Japanese dialogue glyph mapping and screen context are incomplete.
PTR-047	47	0x05E32	1	0xA4CF	0xA506	0x064DF	0x06516	35	41	F0 BB 9C A7 91 95 00 81 88 94 83 A2 F8 F9 00 85 97 8C A7 99 A3 83 8D 8A 94 9A 00 A6 88 AC 86 A7 AE CB FF	F0 BB 00 8C 8F 95 93 99 00 86 8F 92 85 89 87 8E 85 92 93 CB F8 99 8F 95 92 00 85 8E 87 8C 89 93 88 00 93 95 83 8B 93 CA FF	<F0><BB><00>LOUSY<00>FOREIGNERS<CB><F8>YOUR<00>ENGLISH<00>SUCKS<CA><FF>	bank1_after_pointer_table	true	needs_japanese_dialogue_glyph_map	structural_unknown	unresolved pointer-dialogue context	named route, save state, or cheat state required	Present in the conservative catalog, but Japanese dialogue glyph mapping and screen context are incomplete.
PTR-048	48	0x05E34	1	0xA4F2	0xA52F	0x06502	0x0653F	38	47	F0 BB 5C 5C B4 CB 00 82 92 0F A4 9A 00 8D 9F 97 8A 94 AD CB F8 F9 00 8E B4 8C B5 99 00 9C 86 88 13 0A 0B B4 90 FF	F0 BB 00 88 85 99 CA 00 87 89 8D 8D 85 00 81 00 82 92 85 81 8B BA F8 8C 85 94 00 82 99 87 8F 8E 85 93 00 82 85 00 82 99 87 8F 8E 85 93 CB FF	<F0><BB><00>HEY<CA><00>GIMME<00>A<00>BREAK<BA><F8>LET<00>BYGONES<00>BE<00>BYGONES<CB><FF>	bank1_after_pointer_table	true	needs_japanese_dialogue_glyph_map	structural_unknown	unresolved pointer-dialogue context	named route, save state, or cheat state required	Present in the conservative catalog, but Japanese dialogue glyph mapping and screen context are incomplete.
PTR-049	49	0x05E36	1	0xA518	0xA08A	0x06528	0x0609A	21	27	F0 BB 85 97 8C A7 96 00 86 8E 82 8B 8E 93 9A 88 AA 97 86 CC FF	F0 BB 00 90 8C 85 81 93 85 00 8C 85 94 00 8D 85 00 8A 8F 89 8E 00 99 8F 95 CA FF	<F0><BB><00>PLEASE<00>LET<00>ME<00>JOIN<00>YOU<CA><FF>	bank1_after_pointer_table	true	needs_japanese_dialogue_glyph_map	structural_unknown	unresolved pointer-dialogue context	named route, save state, or cheat state required	Present in the conservative catalog, but Japanese dialogue glyph mapping and screen context are incomplete.
PTR-050	50	0x05E38	1	0xA52D	0xA55E	0x0653D	0x0656E	15	15	F0 BB 5C 5C B4 CB 00 86 90 0C 89 95 82 CB FF	F0 BB 00 8C 81 94 85 92 B9 00 82 95 84 CB FF	<F0><BB><00>LATER<B9><00>BUD<CB><FF>	bank1_after_pointer_table	true	needs_japanese_dialogue_glyph_map	structural_unknown	unresolved pointer-dialogue context	named route, save state, or cheat state required	Present in the conservative catalog, but Japanese dialogue glyph mapping and screen context are incomplete.
PTR-051	51	0x05E3A	1	0xA53C	0xA56D	0x0654C	0x0657D	19	12	F0 BB 5C 5C 5C B4 CB 00 8C 92 AA 82 92 86 9F 92 A9 CA FF	F0 BB 00 88 85 85 88 85 85 CB CB FF	<F0><BB><00>HEEHEE<CB><CB><FF>	bank1_after_pointer_table	true	needs_japanese_dialogue_glyph_map	structural_unknown	unresolved pointer-dialogue context	named route, save state, or cheat state required	Present in the conservative catalog, but Japanese dialogue glyph mapping and screen context are incomplete.
PTR-052	52	0x05E3C	1	0xA54F	0xA579	0x0655F	0x06589	43	28	F0 BB 95 AE 99 83 A7 A0 A3 81 A8 A4 8E AE 06 CB F8 F9 00 8A AA A3 00 94 8E 82 99 07 A8 96 0A 0B AE 8D 00 0A A2 AE 95 8D B4 93 FF	F0 BB 00 8E 8F 94 88 89 8E 87 00 90 85 92 93 8F 8E 81 8C CB F8 93 8F 92 92 99 CA FF	<F0><BB><00>NOTHING<00>PERSONAL<CB><F8>SORRY<CA><FF>	bank1_after_pointer_table	true	needs_japanese_dialogue_glyph_map	structural_unknown	unresolved pointer-dialogue context	named route, save state, or cheat state required	Present in the conservative catalog, but Japanese dialogue glyph mapping and screen context are incomplete.
PTR-053	53	0x05E3E	1	0xA57A	0xA595	0x0658A	0x065A5	45	44	F0 BB 85 A2 B2 8B AE 9A 00 FB 00 8B AE 99 00 87 B5 88 0C AE 86 82 F8 F9 00 95 A9 9E 14 00 9B 13 B2 9A 95 8C 10 00 A5 A9 8E 98 B2 CA FF	F0 BB 00 99 8F 95 00 97 8F 92 8B 00 86 8F 92 00 FB 00 CC F8 97 85 8C 8C B9 00 89 00 88 81 96 85 00 93 8F 8D 85 00 8E 85 97 93 CB FF	<F0><BB><00>YOU<00>WORK<00>FOR<00><FB><00><CC><F8>WELL<B9><00>I<00>HAVE<00>SOME<00>NEWS<CB><FF>	bank1_after_pointer_table	true	needs_japanese_dialogue_glyph_map	structural_unknown	unresolved pointer-dialogue context	named route, save state, or cheat state required	Present in the conservative catalog, but Japanese dialogue glyph mapping and screen context are incomplete.
PTR-054	54	0x05E40	1	0xA5A7	0xA5C1	0x065B7	0x065D1	24	23	F0 BB A1 8D A2 AD 8B A7 B4 90 99 9A 00 94 A7 0F 83 96 91 09 B2 98 B2 FF	F0 BB 00 94 8F 92 81 00 94 8F 8F 8B 00 94 88 85 00 87 89 92 8C CA FF	<F0><BB><00>TORA<00>TOOK<00>THE<00>GIRL<CA><FF>	bank1_after_pointer_table	true	needs_japanese_dialogue_glyph_map	structural_unknown	unresolved pointer-dialogue context	named route, save state, or cheat state required	Present in the conservative catalog, but Japanese dialogue glyph mapping and screen context are incomplete.
PTR-055	55	0x05E42	1	0xA5BF	0xA5D8	0x065CF	0x065E8	42	54	F0 BB 8D 89 B4 94 8C 93 B2 99 9A 00 A4 9F A4 9F 10 06 00 07 A8 06 81 A9 F8 F9 00 86 AC A8 94 82 B4 91 B5 AF 95 AE 10 06 CB FF	F0 BB 00 89 00 83 81 8E B6 94 00 87 8F 00 97 89 94 88 00 99 8F 95 B9 00 93 8F B9 F8 89 8E 93 94 85 81 84 CB 00 8C 85 94 00 8D 85 00 94 85 81 83 88 00 99 8F 95 FF	<F0><BB><00>I<00>CAN<B6>T<00>GO<00>WITH<00>YOU<B9><00>SO<B9><F8>INSTEAD<CB><00>LET<00>ME<00>TEACH<00>YOU<FF>	bank1_after_pointer_table	true	needs_japanese_dialogue_glyph_map	structural_unknown	unresolved pointer-dialogue context	named route, save state, or cheat state required	Present in the conservative catalog, but Japanese dialogue glyph mapping and screen context are incomplete.
PTR-056	56	0x05E44	1	0xA5E9	0xA60E	0x065F9	0x0661E	26	28	F0 BB 8A 99 00 14 8D AD 83 89 94 B4 93 88 AA 00 81 B4 8C 99 00 82 99 91 10 FF	F0 BB 00 8D 99 00 86 81 8D 8F 95 93 00 84 81 87 87 85 92 00 81 94 94 81 83 8B CA FF	<F0><BB><00>MY<00>FAMOUS<00>DAGGER<00>ATTACK<CA><FF>	bank1_after_pointer_table	true	needs_japanese_dialogue_glyph_map	structural_unknown	unresolved pointer-dialogue context	named route, save state, or cheat state required	Present in the conservative catalog, but Japanese dialogue glyph mapping and screen context are incomplete.
PTR-057	57	0x05E46	1	0xA603	0xB05F	0x06613	0x0706F	24	21	F0 BB A3 83 8C AC 89 0A 0B AE 8E AE 06 00 8A AA A3 00 94 8E 82 10 CB FF	F0 BB 00 89 00 8D 95 93 94 00 8C 85 81 96 85 00 8E 8F 97 CB FF	<F0><BB><00>I<00>MUST<00>LEAVE<00>NOW<CB><FF>	bank1_after_pointer_table	true	needs_japanese_dialogue_glyph_map	structural_unknown	unresolved pointer-dialogue context	named route, save state, or cheat state required	Present in the conservative catalog, but Japanese dialogue glyph mapping and screen context are incomplete.
PTR-058	58	0x05E48	1	0xA61B	0xA62A	0x0662B	0x0663A	21	19	F0 BB 84 AE 06 81 B4 90 A7 00 9F 90 85 81 82 8C A4 8C B7 83 FF	F0 BB 00 83 81 94 83 88 00 99 81 00 8C 81 94 85 92 CB FF	<F0><BB><00>CATCH<00>YA<00>LATER<CB><FF>	bank1_after_pointer_table	true	needs_japanese_dialogue_glyph_map	structural_unknown	unresolved pointer-dialogue context	named route, save state, or cheat state required	Present in the conservative catalog, but Japanese dialogue glyph mapping and screen context are incomplete.
PTR-059	59	0x05E4A	1	0xA630	0xA63D	0x06640	0x0664D	46	33	F0 BB 94 A7 0F 83 8B AE AD 00 8B 06 8C 93 A9 B4 93 B2 99 9A F8 F9 00 85 A2 B2 90 91 86 B0 00 A4 A2 94 87 95 00 AB 88 95 8A 94 06 98 B2 FF	F0 BB 00 8C 8F 8F 8B 89 8E 87 00 86 8F 92 00 94 8F 92 81 CC F8 82 85 00 83 81 92 85 86 95 8C CA FF	<F0><BB><00>LOOKING<00>FOR<00>TORA<CC><F8>BE<00>CAREFUL<CA><FF>	bank1_after_pointer_table	true	needs_japanese_dialogue_glyph_map	structural_unknown	unresolved pointer-dialogue context	named route, save state, or cheat state required	Present in the conservative catalog, but Japanese dialogue glyph mapping and screen context are incomplete.
PTR-060	60	0x05E4C	1	0xA65E	0xA65E	0x0666E	0x0666E	34	42	F0 BB 94 A7 0F 83 8B AE 9A 00 85 AE 95 AD 8B A7 83 9E 14 F8 F9 00 85 91 1C AA 91 B5 AF 82 98 B2 A6 FF	F0 BB 00 94 8F 92 81 00 97 8F 95 8C 84 8E B6 94 00 8B 89 84 8E 81 90 F8 81 00 87 89 92 8C B9 00 97 8F 95 8C 84 00 88 85 CC FF	<F0><BB><00>TORA<00>WOULDN<B6>T<00>KIDNAP<F8>A<00>GIRL<B9><00>WOULD<00>HE<CC><FF>	bank1_after_pointer_table	false	needs_japanese_dialogue_glyph_map	structural_unknown	unresolved pointer-dialogue context	named route, save state, or cheat state required	Present in the conservative catalog, but Japanese dialogue glyph mapping and screen context are incomplete.
PTR-061	61	0x05E4E	1	0xA680	0xA688	0x06690	0x06698	31	42	F0 BB 85 AE 95 AD 8B A7 B4 90 99 9A F8 F9 00 FB 02 00 94 00 FB 03 00 B4 93 B2 A4 92 A7 10 FF	F0 BB 00 89 B6 8D 00 94 85 8C 8C 89 8E 87 00 99 81 B9 00 FB 02 F8 81 8E 84 00 FB 03 00 87 92 81 82 82 85 84 00 88 85 92 CA FF	<F0><BB><00>I<B6>M<00>TELLING<00>YA<B9><00><FB><02><F8>AND<00><FB><03><00>GRABBED<00>HER<CA><FF>	bank1_after_pointer_table	true	needs_japanese_dialogue_glyph_map	structural_unknown	unresolved pointer-dialogue context	named route, save state, or cheat state required	Present in the conservative catalog, but Japanese dialogue glyph mapping and screen context are incomplete.
PTR-062	62	0x05E50	1	0xA69F	0xA6B2	0x066AF	0x066C2	18	21	F0 BB AB 88 95 8A 94 06 98 B2 B4 93 00 82 B4 90 AB FF	F0 BB 00 94 88 85 99 B6 92 85 00 84 81 8E 87 85 92 8F 95 93 FF	<F0><BB><00>THEY<B6>RE<00>DANGEROUS<FF>	bank1_after_pointer_table	true	needs_japanese_dialogue_glyph_map	structural_unknown	unresolved pointer-dialogue context	named route, save state, or cheat state required	Present in the conservative catalog, but Japanese dialogue glyph mapping and screen context are incomplete.
PTR-063	63	0x05E52	1	0xA6B1	0xA6C7	0x066C1	0x066D7	41	42	F0 BB FA B4 93 B2 99 9A 00 85 A2 B2 8B AE 86 82 CC F8 F9 00 83 13 06 90 92 B4 93 B2 00 93 B2 8C 90 00 83 AC 8B 10 0E CA FF	F0 BB 00 99 8F 95 B6 92 85 00 FA CC 00 89 00 88 85 81 92 84 F8 99 8F 95 B6 92 85 00 90 92 85 94 94 99 00 94 8F 95 87 88 CA FF	<F0><BB><00>YOU<B6>RE<00><FA><CC><00>I<00>HEARD<F8>YOU<B6>RE<00>PRETTY<00>TOUGH<CA><FF>	bank1_after_pointer_table	true	needs_japanese_dialogue_glyph_map	structural_unknown	unresolved pointer-dialogue context	named route, save state, or cheat state required	Present in the conservative catalog, but Japanese dialogue glyph mapping and screen context are incomplete.
PTR-064	64	0x05E54	1	0xA6DA	0xA08A	0x066EA	0x0609A	25	27	F0 BB 85 A2 B2 8B AE 99 95 86 9F 94 A4 A7 96 00 8C 93 88 AA 98 B2 86 B0 FF	F0 BB 00 90 8C 85 81 93 85 00 8C 85 94 00 8D 85 00 8A 8F 89 8E 00 99 8F 95 CA FF	<F0><BB><00>PLEASE<00>LET<00>ME<00>JOIN<00>YOU<CA><FF>	bank1_after_pointer_table	true	needs_japanese_dialogue_glyph_map	structural_unknown	unresolved pointer-dialogue context	named route, save state, or cheat state required	Present in the conservative catalog, but Japanese dialogue glyph mapping and screen context are incomplete.
PTR-065	65	0x05E56	1	0xA6F3	0xA6F1	0x06703	0x06701	12	11	F0 BB 8F 8A AD 00 95 AE 94 86 CA FF	F0 BB 00 90 8C 85 81 93 85 CA FF	<F0><BB><00>PLEASE<CA><FF>	bank1_after_pointer_table	true	needs_japanese_dialogue_glyph_map	structural_unknown	unresolved pointer-dialogue context	named route, save state, or cheat state required	Present in the conservative catalog, but Japanese dialogue glyph mapping and screen context are incomplete.
PTR-066	66	0x05E58	1	0xA6FF	0xA6FC	0x0670F	0x0670C	12	17	F0 BB 13 95 85 8C 93 88 A9 0E CA FF	F0 BB 00 89 B6 8C 8C 00 82 85 00 82 81 83 8B CA FF	<F0><BB><00>I<B6>LL<00>BE<00>BACK<CA><FF>	bank1_after_pointer_table	true	needs_japanese_dialogue_glyph_map	structural_unknown	unresolved pointer-dialogue context	named route, save state, or cheat state required	Present in the conservative catalog, but Japanese dialogue glyph mapping and screen context are incomplete.
PTR-067	67	0x05E5A	1	0xA70B	0xA70D	0x0671B	0x0671D	44	48	FB 02 BB A1 8D A2 AD 8B A7 B4 90 99 9A 90 8C 86 96 00 81 B4 8C A7 10 F8 F9 00 81 A9 9B 94 96 00 90 99 9F AA 90 B4 93 B2 AC 89 10 FF	FB 02 BB 00 99 85 81 88 B9 00 97 85 00 87 92 81 82 82 85 84 00 94 88 85 F8 87 89 92 8C CB 86 8F 92 00 94 88 85 00 87 92 85 81 94 00 8F 8E 85 FF	<FB><02><BB><00>YEAH<B9><00>WE<00>GRABBED<00>THE<F8>GIRL<CB>FOR<00>THE<00>GREAT<00>ONE<FF>	bank1_after_pointer_table	true	needs_japanese_dialogue_glyph_map	structural_unknown	unresolved pointer-dialogue context	named route, save state, or cheat state required	Present in the conservative catalog, but Japanese dialogue glyph mapping and screen context are incomplete.
PTR-068	68	0x05E5C	1	0xA737	0xA73D	0x06747	0x0674D	38	38	FB 03 BB 86 84 8C 93 9E 8C 89 AA 1A 00 81 B4 8C A7 96 86 92 8A 94 10 F8 F9 00 86 93 AA 1A 99 9A 95 8C 10 06 95 FF	F0 BB 00 87 8F 94 94 81 00 82 85 81 94 00 95 93 00 89 86 F8 99 81 00 97 81 8E 94 00 88 85 92 00 82 81 83 8B CA FF	<F0><BB><00>GOTTA<00>BEAT<00>US<00>IF<F8>YA<00>WANT<00>HER<00>BACK<CA><FF>	bank1_after_pointer_table	true	needs_japanese_dialogue_glyph_map	structural_unknown	unresolved pointer-dialogue context	named route, save state, or cheat state required	Present in the conservative catalog, but Japanese dialogue glyph mapping and screen context are incomplete.
PTR-069	69	0x05E5E	1	0xA75D	0xA763	0x0676D	0x06773	33	37	F0 BB 9B 13 B2 CA 00 81 99 A4 AB 83 00 96 09 A4 06 B4 90 0E CA F8 F9 00 8C AE 0C A7 AA 98 B2 CB FF	F0 BB 00 94 88 81 94 00 82 8F 9A 8F 00 92 81 8E 00 81 97 81 99 CA F8 95 8E 82 85 8C 89 85 96 81 82 8C 85 CA FF	<F0><BB><00>THAT<00>BOZO<00>RAN<00>AWAY<CA><F8>UNBELIEVABLE<CA><FF>	bank1_after_pointer_table	true	needs_japanese_dialogue_glyph_map	structural_unknown	unresolved pointer-dialogue context	named route, save state, or cheat state required	Present in the conservative catalog, but Japanese dialogue glyph mapping and screen context are incomplete.
PTR-070	70	0x05E60	1	0xA77E	0xA788	0x0678E	0x06798	23	24	F0 BB 84 B2 82 00 8B B4 8B 94 00 94 14 A2 AD 8B 8C A4 06 AA 82 CA FF	F0 BB 00 86 89 8E 89 93 88 00 89 94 B9 00 84 81 8D 8E 00 99 8F 95 CA FF	<F0><BB><00>FINISH<00>IT<B9><00>DAMN<00>YOU<CA><FF>	bank1_after_pointer_table	true	needs_japanese_dialogue_glyph_map	structural_unknown	unresolved pointer-dialogue context	named route, save state, or cheat state required	Present in the conservative catalog, but Japanese dialogue glyph mapping and screen context are incomplete.
PTR-071	71	0x05E62	1	0xA795	0xA7A0	0x067A5	0x067B0	25	32	F0 BB 81 B4 8C AD 00 A0 99 06 8D B4 93 B2 CC 00 CB 8A 83 86 82 8D A9 0E FF	F0 BB 00 99 8F 95 B6 8C 8C 00 92 85 87 92 85 94 00 8C 85 94 94 89 8E 87 F8 8D 85 00 87 8F CB FF	<F0><BB><00>YOU<B6>LL<00>REGRET<00>LETTING<F8>ME<00>GO<CB><FF>	bank1_after_pointer_table	true	needs_japanese_dialogue_glyph_map	structural_unknown	unresolved pointer-dialogue context	named route, save state, or cheat state required	Present in the conservative catalog, but Japanese dialogue glyph mapping and screen context are incomplete.
PTR-072	72	0x05E64	1	0xA7AE	0xA7C0	0x067BE	0x067D0	36	36	F0 BB 8A 99 93 84 14 99 83 13 13 00 81 B4 8C A7 96 90 93 92 8A 83 90 AF F8 F9 00 1A 86 95 9A 95 8C A6 CB FF	F0 BB 00 99 8F 95 00 81 8E 84 00 97 88 8F B6 93 00 81 92 8D 99 F8 97 89 8C 8C 00 93 94 8F 90 00 95 93 CC FF	<F0><BB><00>YOU<00>AND<00>WHO<B6>S<00>ARMY<F8>WILL<00>STOP<00>US<CC><FF>	bank1_after_pointer_table	true	needs_japanese_dialogue_glyph_map	structural_unknown	unresolved pointer-dialogue context	named route, save state, or cheat state required	Present in the conservative catalog, but Japanese dialogue glyph mapping and screen context are incomplete.
PTR-073	73	0x05E66	1	0xA7D2	0xA7E4	0x067E2	0x067F4	24	22	F0 BB 83 0A 89 A9 83 91 96 00 8B B4 8B 94 96 09 91 9F 83 8A 94 10 CA FF	F0 BB 00 92 95 8E 00 97 88 89 8C 85 00 99 8F 95 00 83 81 8E CA FF	<F0><BB><00>RUN<00>WHILE<00>YOU<00>CAN<CA><FF>	bank1_after_pointer_table	true	needs_japanese_dialogue_glyph_map	structural_unknown	unresolved pointer-dialogue context	named route, save state, or cheat state required	Present in the conservative catalog, but Japanese dialogue glyph mapping and screen context are incomplete.
PTR-074	74	0x05E68	1	0xA7EA	0xA7FA	0x067FA	0x0680A	14	19	F0 BB 85 A2 B2 A7 86 82 00 88 8F 83 CB FF	F0 BB 00 99 8F 95 00 81 87 81 89 8E CB 84 81 8D 8E CA FF	<F0><BB><00>YOU<00>AGAIN<CB>DAMN<CA><FF>	bank1_after_pointer_table	true	needs_japanese_dialogue_glyph_map	structural_unknown	unresolved pointer-dialogue context	named route, save state, or cheat state required	Present in the conservative catalog, but Japanese dialogue glyph mapping and screen context are incomplete.
PTR-075	75	0x05E6A	1	0xA7F8	0xA80D	0x06808	0x0681D	19	22	F0 BB 90 82 8C 90 8A 94 00 98 B2 0C B5 AF 98 B2 86 82 FF	F0 BB 00 99 8F 95 B6 92 85 00 81 00 82 89 87 00 8A 8F 8B 85 CA FF	<F0><BB><00>YOU<B6>RE<00>A<00>BIG<00>JOKE<CA><FF>	bank1_after_pointer_table	true	needs_japanese_dialogue_glyph_map	structural_unknown	unresolved pointer-dialogue context	named route, save state, or cheat state required	Present in the conservative catalog, but Japanese dialogue glyph mapping and screen context are incomplete.
PTR-076	76	0x05E6C	1	0xA80B	0xA08A	0x0681B	0x0609A	46	27	F0 BB 9E AA 90 0E CA 00 85 A2 B2 99 00 85 94 8A 07 96 A6 CA F8 F9 00 8D 89 10 91 8B 8C 93 A3 A7 83 0E 00 81 B4 8C 96 9F 86 8C 93 88 AA FF	F0 BB 00 90 8C 85 81 93 85 00 8C 85 94 00 8D 85 00 8A 8F 89 8E 00 99 8F 95 CA FF	<F0><BB><00>PLEASE<00>LET<00>ME<00>JOIN<00>YOU<CA><FF>	bank1_after_pointer_table	true	needs_japanese_dialogue_glyph_map	structural_unknown	unresolved pointer-dialogue context	named route, save state, or cheat state required	Present in the conservative catalog, but Japanese dialogue glyph mapping and screen context are incomplete.
PTR-077	77	0x05E6E	1	0xA839	0xA823	0x06849	0x06833	22	40	F0 BB FA 8B AE 00 85 85 85 A4 1C AE 86 A7 00 8A 94 0D 89 13 B2 FF	F0 BB 00 8D 92 BA 00 FA B9 00 94 88 85 00 82 85 85 87 F8 82 8F 93 93 00 89 93 00 82 85 88 89 8E 84 00 94 88 89 93 CA FF	<F0><BB><00>MR<BA><00><FA><B9><00>THE<00>BEEG<F8>BOSS<00>IS<00>BEHIND<00>THIS<CA><FF>	bank1_after_pointer_table	true	needs_japanese_dialogue_glyph_map	structural_unknown	unresolved pointer-dialogue context	named route, save state, or cheat state required	Present in the conservative catalog, but Japanese dialogue glyph mapping and screen context are incomplete.
PTR-078	78	0x05E70	1	0xA84F	0xA84B	0x0685F	0x0685B	48	49	F0 BB 94 A7 0F 83 9A 00 81 8B 0C AB 83 B4 93 A4 92 94 00 08 A9 10 8F 83 13 F8 F9 00 87 82 92 89 90 9E 83 06 00 82 82 B4 93 B2 9A 95 8C 13 CA FF	F0 BB 00 82 85 00 83 81 92 85 86 95 8C CA 00 94 8F 92 81 00 88 89 92 85 84 F8 93 8F 8D 85 00 87 8F 8F 8E 00 83 81 8C 8C 85 84 00 81 93 81 8A 89 FF	<F0><BB><00>BE<00>CAREFUL<CA><00>TORA<00>HIRED<F8>SOME<00>GOON<00>CALLED<00>ASAJI<FF>	bank1_after_pointer_table	true	needs_japanese_dialogue_glyph_map	structural_unknown	unresolved pointer-dialogue context	named route, save state, or cheat state required	Present in the conservative catalog, but Japanese dialogue glyph mapping and screen context are incomplete.
PTR-079	79	0x05E72	1	0xA87F	0xA87C	0x0688F	0x0688C	42	26	F0 BB 85 85 85 A4 1C AE 06 00 A6 AB 8C 88 82 B4 93 A4 8C 90 0E F8 F9 00 81 B4 8C AF 8A AA 13 00 8C 92 AA 82 82 90 8C A4 8D FF	F0 BB 00 82 85 85 87 00 82 8F 93 93 00 93 81 99 93 00 94 88 81 8E 8B 93 CB FF	<F0><BB><00>BEEG<00>BOSS<00>SAYS<00>THANKS<CB><FF>	bank1_after_pointer_table	true	needs_japanese_dialogue_glyph_map	structural_unknown	unresolved pointer-dialogue context	named route, save state, or cheat state required	Present in the conservative catalog, but Japanese dialogue glyph mapping and screen context are incomplete.
PTR-080	80	0x05E74	1	0xA8A9	0xA896	0x068B9	0x068A6	50	49	F0 BB 81 8B 0C AB 83 99 83 A7 96 9A 00 10 AA 86 82 A9 B4 93 B2 9A 95 8C 13 F8 F9 00 10 AA 10 86 92 87 94 A2 A9 B4 93 B2 00 82 B4 93 A4 8C 90 0E CA FF	F0 BB 00 97 85 00 8D 95 93 94 00 86 89 8E 84 00 8F 95 94 00 97 88 8F 00 F8 81 93 81 8A 89 00 92 85 81 8C 8C 99 00 97 8F 92 8B 93 00 86 8F 92 BA FF	<F0><BB><00>WE<00>MUST<00>FIND<00>OUT<00>WHO<00><F8>ASAJI<00>REALLY<00>WORKS<00>FOR<BA><FF>	bank1_after_pointer_table	true	needs_japanese_dialogue_glyph_map	structural_unknown	unresolved pointer-dialogue context	named route, save state, or cheat state required	Present in the conservative catalog, but Japanese dialogue glyph mapping and screen context are incomplete.
PTR-081	81	0x05E76	1	0xA8DB	0xA8C7	0x068EB	0x068D7	32	46	F0 BB 81 B4 8C AF 00 81 88 99 00 85 85 85 A4 1C AE 13 B2 CA F8 F9 00 AE 71 00 92 84 B2 A6 CA FF	F0 BB 00 89 B6 8D 00 94 88 85 00 82 85 85 87 00 82 8F 93 93 CB F8 89 B6 8D 00 82 81 84 00 81 8E 84 00 89 B6 8D 00 93 94 92 8F 8E 87 CA FF	<F0><BB><00>I<B6>M<00>THE<00>BEEG<00>BOSS<CB><F8>I<B6>M<00>BAD<00>AND<00>I<B6>M<00>STRONG<CA><FF>	bank1_after_pointer_table	true	needs_japanese_dialogue_glyph_map	structural_unknown	unresolved pointer-dialogue context	named route, save state, or cheat state required	Present in the conservative catalog, but Japanese dialogue glyph mapping and screen context are incomplete.
PTR-082	82	0x05E78	1	0xA8FB	0xA8F5	0x0690B	0x06905	25	27	F0 BB 8A 8A 9A 14 8A CC 00 CB 9B B0 B0 00 81 96 87 CA 00 A5 A9 8C 93 CA FF	F0 BB 00 86 8F 92 87 89 96 85 00 8D 85 B9 00 82 92 8F B9 00 89 00 97 81 93 CB FF	<F0><BB><00>FORGIVE<00>ME<B9><00>BRO<B9><00>I<00>WAS<CB><FF>	bank1_after_pointer_table	true	needs_japanese_dialogue_glyph_map	structural_unknown	unresolved pointer-dialogue context	named route, save state, or cheat state required	Present in the conservative catalog, but Japanese dialogue glyph mapping and screen context are incomplete.
PTR-083	83	0x05E7A	1	0xA914	0xA910	0x06924	0x06920	8	13	F0 BB 81 96 87 B0 CD FF	F0 BB 00 82 92 8F 94 88 85 92 CB CA FF	<F0><BB><00>BROTHER<CB><CA><FF>	bank1_after_pointer_table	true	needs_japanese_dialogue_glyph_map	structural_unknown	unresolved pointer-dialogue context	named route, save state, or cheat state required	Present in the conservative catalog, but Japanese dialogue glyph mapping and screen context are incomplete.
PTR-084	84	0x05E7C	1	0xA91C	0xA91D	0x0692C	0x0692D	45	49	F0 BB 9C B4 9C B4 9C B4 CB 00 1A AA 91 9F B4 91 B5 AF 00 8C 86 90 98 B2 F8 F9 00 8D 1D 93 9A 00 81 B4 8C 99 90 88 A7 AE 10 8A 94 CB FF	F0 BB 00 88 85 88 CB 88 8F 97 00 84 8F 00 99 8F 95 00 8C 89 8B 85 F8 8D 99 00 89 8E 87 85 8E 89 8F 95 93 00 8D 81 93 94 85 92 00 90 8C 81 8E CC FF	<F0><BB><00>HEH<CB>HOW<00>DO<00>YOU<00>LIKE<F8>MY<00>INGENIOUS<00>MASTER<00>PLAN<CC><FF>	bank1_after_pointer_table	true	needs_japanese_dialogue_glyph_map	structural_unknown	unresolved pointer-dialogue context	named route, save state, or cheat state required	Present in the conservative catalog, but Japanese dialogue glyph mapping and screen context are incomplete.
PTR-085	85	0x05E7E	1	0xA949	0xA94E	0x06959	0x0695E	47	38	F0 BB FB 00 82 B4 86 8B 84 00 95 88 95 A8 B5 AF 00 81 94 9A A6 F8 F9 00 93 9A 0D 14 85 A8 96 00 8A 94 06 9A 8A 1C B4 93 B2 8D AE 5E 83 10 FF	F0 BB 00 81 8C 8C 00 97 85 00 8E 85 85 84 00 94 8F 00 84 8F F8 89 93 00 85 8C 89 8D 89 8E 81 94 85 00 FB 00 BA FF	<F0><BB><00>ALL<00>WE<00>NEED<00>TO<00>DO<F8>IS<00>ELIMINATE<00><FB><00><BA><FF>	bank1_after_pointer_table	true	needs_japanese_dialogue_glyph_map	structural_unknown	unresolved pointer-dialogue context	named route, save state, or cheat state required	Present in the conservative catalog, but Japanese dialogue glyph mapping and screen context are incomplete.
PTR-086	86	0x05E80	1	0xA978	0xA974	0x06988	0x06984	21	29	F0 BB 82 9F 96 A0 93 82 A4 06 AA CA 00 9C B4 9C B4 9C B4 CB FF	F0 BB 00 97 81 94 83 88 00 99 8F 95 92 00 82 81 83 8B 93 CA F8 88 85 85 88 85 85 CB FF	<F0><BB><00>WATCH<00>YOUR<00>BACKS<CA><F8>HEEHEE<CB><FF>	bank1_after_pointer_table	true	needs_japanese_dialogue_glyph_map	structural_unknown	unresolved pointer-dialogue context	named route, save state, or cheat state required	Present in the conservative catalog, but Japanese dialogue glyph mapping and screen context are incomplete.
PTR-087	87	0x05E82	1	0xA98D	0xA991	0x0699D	0x069A1	48	47	94 A7 0F 83 BB A6 88 00 8A 8A 9F 13 8A AA 90 95 AF 00 95 06 AA A3 AE 96 8C 91 B5 AF F8 F9 00 93 84 8C 90 A4 AB 83 10 00 9E A2 93 A4 A9 0E CA FF	94 8F 92 81 BB 00 89 00 83 81 8E B6 94 00 82 85 8C 89 85 96 85 00 99 8F 95 F8 89 84 89 8F 94 93 00 87 8F 94 00 94 88 89 93 00 86 81 92 CA FF	TORA<BB><00>I<00>CAN<B6>T<00>BELIEVE<00>YOU<F8>IDIOTS<00>GOT<00>THIS<00>FAR<CA><FF>	bank1_after_pointer_table	true	needs_japanese_dialogue_glyph_map	structural_unknown	unresolved pointer-dialogue context	named route, save state, or cheat state required	Present in the conservative catalog, but Japanese dialogue glyph mapping and screen context are incomplete.
PTR-088	88	0x05E84	1	0xA9BD	0xA9C0	0x069CD	0x069D0	49	40	81 8B 0C AB 83 BB 9C B4 CB 00 81 B4 8C A7 99 00 89 82 86 88 96 B5 81 F8 F9 00 85 A2 B2 90 91 06 00 0C B5 9F 95 AE 10 A6 00 86 88 0A 8C A4 06 AA FF	81 93 81 8A 89 BB 00 99 8F 95 00 94 97 8F 00 81 92 85 F8 82 85 83 8F 8D 89 8E 87 00 81 00 8E 95 89 93 81 8E 83 85 CA FF	ASAJI<BB><00>YOU<00>TWO<00>ARE<F8>BECOMING<00>A<00>NUISANCE<CA><FF>	bank1_after_pointer_table	true	needs_japanese_dialogue_glyph_map	structural_unknown	unresolved pointer-dialogue context	named route, save state, or cheat state required	Present in the conservative catalog, but Japanese dialogue glyph mapping and screen context are incomplete.
PTR-089	89	0x05E86	1	0xA9EE	0xA9E8	0x069FE	0x069F8	23	40	81 8B 0C AB 83 BB 94 A7 0F 83 99 B4 00 81 94 9A 90 99 AE 10 0E CA FF	81 93 81 8A 89 BB 00 97 88 81 94 00 84 8F 00 99 8F 95 00 97 81 8E 94 F8 84 8F 8E 85 00 97 89 94 88 00 94 88 85 8D CC FF	ASAJI<BB><00>WHAT<00>DO<00>YOU<00>WANT<F8>DONE<00>WITH<00>THEM<CC><FF>	bank1_after_pointer_table	true	needs_japanese_dialogue_glyph_map	structural_unknown	unresolved pointer-dialogue context	named route, save state, or cheat state required	Present in the conservative catalog, but Japanese dialogue glyph mapping and screen context are incomplete.
PTR-090	90	0x05E88	1	0xAA05	0xAA10	0x06A15	0x06A20	29	41	94 A7 0F 83 BB 85 83 B4 CA 00 9F 86 8C 94 87 95 00 8D 9F 87 96 8C 93 A4 A9 0E B4 CA FF	94 8F 92 81 BB 00 89 B6 8C 8C 00 94 81 8B 85 00 83 81 92 85 00 8F 86 F8 94 88 85 8D 00 90 85 92 93 8F 8E 81 8C 8C 99 CB FF	TORA<BB><00>I<B6>LL<00>TAKE<00>CARE<00>OF<F8>THEM<00>PERSONALLY<CB><FF>	bank1_after_pointer_table	true	needs_japanese_dialogue_glyph_map	structural_unknown	unresolved pointer-dialogue context	named route, save state, or cheat state required	Present in the conservative catalog, but Japanese dialogue glyph mapping and screen context are incomplete.
PTR-091	91	0x05E8A	1	0xAA22	0xAA39	0x06A32	0x06A49	42	27	F0 BB 95 AE 93 B2 A4 AB 83 10 00 9E A2 93 A4 A9 0E CB F8 F9 00 A6 99 95 86 00 AC A9 82 8A 90 AF 00 13 87 98 B2 A3 AE 10 CB FF	F0 BB 00 87 81 97 84 B9 00 99 8F 95 00 87 95 99 93 00 81 92 85 F8 82 81 84 CA FF	<F0><BB><00>GAWD<B9><00>YOU<00>GUYS<00>ARE<F8>BAD<CA><FF>	bank1_after_pointer_table	true	needs_japanese_dialogue_glyph_map	structural_unknown	unresolved pointer-dialogue context	named route, save state, or cheat state required	Present in the conservative catalog, but Japanese dialogue glyph mapping and screen context are incomplete.
PTR-092	92	0x05E8C	1	0xAA4C	0xAA54	0x06A5C	0x06A64	18	17	F0 BB 14 87 B7 83 10 89 9A 00 9E A2 93 A4 A9 0E CA FF	F0 BB 00 99 81 00 87 8F 94 00 82 81 8C 8C 93 CA FF	<F0><BB><00>YA<00>GOT<00>BALLS<CA><FF>	bank1_after_pointer_table	true	needs_japanese_dialogue_glyph_map	structural_unknown	unresolved pointer-dialogue context	named route, save state, or cheat state required	Present in the conservative catalog, but Japanese dialogue glyph mapping and screen context are incomplete.
PTR-093	93	0x05E8E	1	0xAA5E	0xAA65	0x06A6E	0x06A75	14	23	F0 BB 9F 10 00 8A A8 98 B2 99 86 82 CC FF	F0 BB 00 99 8F 95 B6 92 85 00 93 94 89 8C 8C 00 81 8C 89 96 85 CC FF	<F0><BB><00>YOU<B6>RE<00>STILL<00>ALIVE<CC><FF>	bank1_after_pointer_table	true	needs_japanese_dialogue_glyph_map	structural_unknown	unresolved pointer-dialogue context	named route, save state, or cheat state required	Present in the conservative catalog, but Japanese dialogue glyph mapping and screen context are incomplete.
PTR-094	94	0x05E90	1	0xAA6C	0xAA7C	0x06A7C	0x06A8C	21	32	81 8B 0C AB 83 BB 9C B4 CB 00 8A 99 00 A4 88 90 90 0D A2 CB FF	81 93 81 8A 89 BB 00 99 8F 95 00 93 8F 92 92 99 00 90 89 85 83 85 F8 8F 86 00 93 88 89 94 CA FF	ASAJI<BB><00>YOU<00>SORRY<00>PIECE<F8>OF<00>SHIT<CA><FF>	bank1_after_pointer_table	true	needs_japanese_dialogue_glyph_map	structural_unknown	unresolved pointer-dialogue context	named route, save state, or cheat state required	Present in the conservative catalog, but Japanese dialogue glyph mapping and screen context are incomplete.
PTR-095	95	0x05E92	1	0xAA81	0xAA9C	0x06A91	0x06AAC	44	42	F0 BB 14 83 A4 A7 00 84 AE 06 00 81 A8 A4 8C 90 98 F8 F9 00 94 A7 0F 83 AD 00 90 85 8C 95 8D B4 90 B4 93 00 93 B2 8C 90 A3 AE 10 FF	F0 BB 00 93 8F B9 00 97 85 00 8D 85 85 94 00 81 87 81 89 8E BA 00 99 8F 95 F8 82 85 81 94 00 94 8F 92 81 CC 00 97 8F 97 CA FF	<F0><BB><00>SO<B9><00>WE<00>MEET<00>AGAIN<BA><00>YOU<F8>BEAT<00>TORA<CC><00>WOW<CA><FF>	bank1_after_pointer_table	true	needs_japanese_dialogue_glyph_map	structural_unknown	unresolved pointer-dialogue context	named route, save state, or cheat state required	Present in the conservative catalog, but Japanese dialogue glyph mapping and screen context are incomplete.
PTR-096	96	0x05E94	1	0xAAAD	0xAAC6	0x06ABD	0x06AD6	21	26	F0 BB 8A 82 92 AD CB 00 81 B4 8C 86 A7 99 8E AE 1D 92 13 B2 FF	F0 BB 00 88 85 92 85 B9 00 94 81 8B 85 00 94 88 89 93 00 83 88 81 92 8D BA FF	<F0><BB><00>HERE<B9><00>TAKE<00>THIS<00>CHARM<BA><FF>	bank1_after_pointer_table	true	needs_japanese_dialogue_glyph_map	structural_unknown	unresolved pointer-dialogue context	named route, save state, or cheat state required	Present in the conservative catalog, but Japanese dialogue glyph mapping and screen context are incomplete.
PTR-097	97	0x05E96	1	0xAAC2	0xAAE0	0x06AD2	0x06AF0	24	24	F0 BB 9F 0C 13 82 B4 93 AE 13 8D 86 82 CC 00 0C B7 83 10 AE 97 87 CC FF	F0 BB 00 81 92 85 00 99 8F 95 00 93 88 89 94 94 89 8E 87 00 8D 85 CC FF	<F0><BB><00>ARE<00>YOU<00>SHITTING<00>ME<CC><FF>	bank1_after_pointer_table	true	needs_japanese_dialogue_glyph_map	structural_unknown	unresolved pointer-dialogue context	named route, save state, or cheat state required	Present in the conservative catalog, but Japanese dialogue glyph mapping and screen context are incomplete.
PTR-098	98	0x05E98	1	0xAADA	0xAAF8	0x06AEA	0x06B08	24	31	F0 BB 85 A2 B2 8B AE 95 A7 00 A4 92 96 00 86 93 A9 86 A3 8C AA 98 B2 FF	F0 BB 00 8D 81 99 82 85 00 99 8F 95 00 83 81 8E 00 82 85 81 94 F8 88 89 8D 00 8E 8F 97 BA FF	<F0><BB><00>MAYBE<00>YOU<00>CAN<00>BEAT<F8>HIM<00>NOW<BA><FF>	bank1_after_pointer_table	true	needs_japanese_dialogue_glyph_map	structural_unknown	unresolved pointer-dialogue context	named route, save state, or cheat state required	Present in the conservative catalog, but Japanese dialogue glyph mapping and screen context are incomplete.
PTR-099	99	0x05E9A	1	0xAAF2	0xAB17	0x06B02	0x06B27	57	41	89 AE 86 0C B7 83 CA 00 9C B4 CB 00 85 A2 B2 90 91 99 9A 86 AD 87 A2 93 A4 B4 90 0E F8 88 A4 8C 86 B4 90 A7 00 87 95 8B 82 CA 00 9C B4 9C B4 9C B4 CB 00 81 8B 0C AB 83 FF	F0 BB 00 86 89 87 88 94 00 8D 85 00 89 86 00 99 8F 95 00 87 8F 94 F8 94 88 85 00 82 81 8C 8C 93 CA 00 71 81 93 81 8A 89 FF	<F0><BB><00>FIGHT<00>ME<00>IF<00>YOU<00>GOT<F8>THE<00>BALLS<CA><00><71>ASAJI<FF>	bank1_after_pointer_table	true	needs_japanese_dialogue_glyph_map	structural_unknown	unresolved pointer-dialogue context	named route, save state, or cheat state required	Present in the conservative catalog, but Japanese dialogue glyph mapping and screen context are incomplete.
PTR-100	100	0x05E9C	1	0xAB2B	0xA08A	0x06B3B	0x0609A	21	27	F0 BB FA 8B AE CA 00 81 B4 8C AD 92 AA 93 B4 93 88 AA B4 CA FF	F0 BB 00 90 8C 85 81 93 85 00 8C 85 94 00 8D 85 00 8A 8F 89 8E 00 99 8F 95 CA FF	<F0><BB><00>PLEASE<00>LET<00>ME<00>JOIN<00>YOU<CA><FF>	bank1_after_pointer_table	true	needs_japanese_dialogue_glyph_map	structural_unknown	unresolved pointer-dialogue context	named route, save state, or cheat state required	Present in the conservative catalog, but Japanese dialogue glyph mapping and screen context are incomplete.
PTR-101	101	0x05E9E	1	0xAB40	0xAB40	0x06B50	0x06B50	21	27	F0 BB FA 8B AE CA CA 00 85 85 85 A4 1C AE 06 00 8A AA AD CB FF	F0 BB 00 82 85 85 87 00 82 8F 93 93 00 87 81 96 85 00 8D 85 F8 94 88 89 93 CB FF	<F0><BB><00>BEEG<00>BOSS<00>GAVE<00>ME<F8>THIS<CB><FF>	bank1_after_pointer_table	false	needs_japanese_dialogue_glyph_map	structural_unknown	unresolved pointer-dialogue context	named route, save state, or cheat state required	Present in the conservative catalog, but Japanese dialogue glyph mapping and screen context are incomplete.
PTR-102	102	0x05EA0	1	0xAB55	0xAB5B	0x06B65	0x06B6B	20	21	F0 BB 85 85 85 A4 1C AE 06 CB 00 85 85 85 A4 1C AE 06 CB FF	F0 BB 00 8F 88 00 8E 8F CA 00 82 85 85 87 00 82 8F 93 93 CB FF	<F0><BB><00>OH<00>NO<CA><00>BEEG<00>BOSS<CB><FF>	bank1_after_pointer_table	true	needs_japanese_dialogue_glyph_map	structural_unknown	unresolved pointer-dialogue context	named route, save state, or cheat state required	Present in the conservative catalog, but Japanese dialogue glyph mapping and screen context are incomplete.
PTR-103	103	0x05EA2	1	0xAB69	0xAB70	0x06B79	0x06B80	24	28	F0 BB 86 95 A7 0D CB 00 86 95 A7 0D 86 90 87 AD 94 B4 93 A4 A9 0E CB FF	F0 BB 00 97 85 B6 8C 8C 00 93 85 94 94 8C 85 00 94 88 89 93 F8 8C 81 94 85 92 BA FF	<F0><BB><00>WE<B6>LL<00>SETTLE<00>THIS<F8>LATER<BA><FF>	bank1_after_pointer_table	true	needs_japanese_dialogue_glyph_map	structural_unknown	unresolved pointer-dialogue context	named route, save state, or cheat state required	Present in the conservative catalog, but Japanese dialogue glyph mapping and screen context are incomplete.
PTR-104	104	0x05EA4	1	0xAB81	0xAB8C	0x06B91	0x06B9C	46	37	81 8B 0C AB 83 BB 9C B4 CB 00 A4 A7 AA 96 87 A4 06 B4 90 95 00 1A 86 95 A4 92 A2 CA F8 F9 00 FB 04 99 00 0A 88 AB 83 10 B4 90 95 AF CA FF	81 93 81 8A 89 BB 00 FA B9 00 97 85 B6 92 85 00 87 8F 8E 8E 81 F8 8B 89 83 8B 00 99 8F 95 92 00 81 93 93 CA FF	ASAJI<BB><00><FA><B9><00>WE<B6>RE<00>GONNA<F8>KICK<00>YOUR<00>ASS<CA><FF>	bank1_after_pointer_table	true	needs_japanese_dialogue_glyph_map	structural_unknown	unresolved pointer-dialogue context	named route, save state, or cheat state required	Present in the conservative catalog, but Japanese dialogue glyph mapping and screen context are incomplete.
PTR-105	105	0x05EA6	1	0xABAF	0xABB1	0x06BBF	0x06BC1	46	35	FB 04 BB A2 84 14 99 A0 A4 09 96 00 87 86 8C 93 A4 A7 AF CA F8 F9 00 8D 1D 93 9A 00 81 B4 8C A7 9C 90 A8 06 00 90 88 A7 AE 10 8A 94 CB FF	FB 04 BB 00 82 95 94 00 86 89 92 93 94 B9 00 8C 85 94 F8 8D 85 00 83 8C 95 85 00 99 8F 95 00 89 8E CB FF	<FB><04><BB><00>BUT<00>FIRST<B9><00>LET<F8>ME<00>CLUE<00>YOU<00>IN<CB><FF>	bank1_after_pointer_table	true	needs_japanese_dialogue_glyph_map	structural_unknown	unresolved pointer-dialogue context	named route, save state, or cheat state required	Present in the conservative catalog, but Japanese dialogue glyph mapping and screen context are incomplete.
PTR-106	106	0x05EA8	1	0xABDD	0xABD4	0x06BED	0x06BE4	26	26	FB 04 BB 85 A2 84 90 91 B5 00 9F AE 9F 94 10 9F 8B AA 90 B4 93 B2 AC 89 10 FF	FB 04 BB 00 99 8F 95 00 97 85 92 85 00 8A 95 93 94 00 81 00 90 81 97 8E CB FF	<FB><04><BB><00>YOU<00>WERE<00>JUST<00>A<00>PAWN<CB><FF>	bank1_after_pointer_table	true	needs_japanese_dialogue_glyph_map	structural_unknown	unresolved pointer-dialogue context	named route, save state, or cheat state required	Present in the conservative catalog, but Japanese dialogue glyph mapping and screen context are incomplete.
PTR-107	107	0x05EAA	1	0xABF7	0xABEE	0x06C07	0x06BFE	29	31	81 8B 0C AB 83 BB 9C B4 9C B4 9C B4 CB 00 98 AE 1C 92 13 A3 00 94 95 84 94 87 95 CA FF	81 93 81 8A 89 BB 00 93 8F B9 00 90 92 81 99 00 97 88 89 8C 85 00 99 8F 95 00 83 81 8E CA FF	ASAJI<BB><00>SO<B9><00>PRAY<00>WHILE<00>YOU<00>CAN<CA><FF>	bank1_after_pointer_table	true	needs_japanese_dialogue_glyph_map	structural_unknown	unresolved pointer-dialogue context	named route, save state, or cheat state required	Present in the conservative catalog, but Japanese dialogue glyph mapping and screen context are incomplete.
PTR-108	108	0x05EAC	1	0xAC14	0xAC0D	0x06C24	0x06C1D	17	24	F0 BB 9C B4 9C B4 9C B4 CB 00 1A 86 95 A4 92 CA FF	F0 BB 00 88 85 88 CB 93 94 95 90 89 84 00 82 81 93 94 81 92 84 93 CA FF	<F0><BB><00>HEH<CB>STUPID<00>BASTARDS<CA><FF>	bank1_after_pointer_table	true	needs_japanese_dialogue_glyph_map	structural_unknown	unresolved pointer-dialogue context	named route, save state, or cheat state required	Present in the conservative catalog, but Japanese dialogue glyph mapping and screen context are incomplete.
PTR-109	109	0x05EAE	1	0xAC25	0xAC25	0x06C35	0x06C35	26	46	F0 BB 92 07 99 09 71 A1 9A 00 94 83 14 83 88 AE 94 00 A4 9F 10 88 AE 10 0E FF	F0 BB 00 89 93 8E B6 94 00 94 88 85 00 8D 95 93 89 83 00 89 8E 00 94 88 89 93 F8 96 89 84 85 8F 00 87 81 8D 85 00 87 92 85 81 94 CA CC FF	<F0><BB><00>ISN<B6>T<00>THE<00>MUSIC<00>IN<00>THIS<F8>VIDEO<00>GAME<00>GREAT<CA><CC><FF>	bank1_after_pointer_table	false	needs_japanese_dialogue_glyph_map	structural_unknown	unresolved pointer-dialogue context	named route, save state, or cheat state required	Present in the conservative catalog, but Japanese dialogue glyph mapping and screen context are incomplete.
PTR-110	110	0x05EB0	1	0xAC3F	0xB074	0x06C4F	0x07084	17	50	F0 BB 9F 90 00 A4 A7 AA 96 87 A4 06 B4 90 0E CA FF	F0 BB 00 94 88 85 99 B6 92 85 00 82 81 83 8B 00 94 8F 00 88 81 96 85 F8 94 88 85 89 92 00 81 93 93 85 93 00 8B 89 83 8B 85 84 00 81 87 81 89 8E CA FF	<F0><BB><00>THEY<B6>RE<00>BACK<00>TO<00>HAVE<F8>THEIR<00>ASSES<00>KICKED<00>AGAIN<CA><FF>	bank1_after_pointer_table	true	needs_japanese_dialogue_glyph_map	structural_unknown	unresolved pointer-dialogue context	named route, save state, or cheat state required	Present in the conservative catalog, but Japanese dialogue glyph mapping and screen context are incomplete.
PTR-111	111	0x05EB2	1	0xAC50	0xBFC3	0x06C60	0x07FD3	5	9	F0 BB 84 CC FF	FF F0 BB 00 88 95 88 CC FF	<FF><F0><BB><00>HUH<CC><FF>	bank1_after_pointer_table	true	needs_japanese_dialogue_glyph_map	structural_unknown	unresolved pointer-dialogue context	named route, save state, or cheat state required	Present in the conservative catalog, but Japanese dialogue glyph mapping and screen context are incomplete.
PTR-112	112	0x05EB4	1	0xAC55	0xAC53	0x06C65	0x06C63	12	20	F0 BB 83 B4 00 9C B4 00 9C B4 CD FF	F0 BB 00 94 81 8B 85 00 94 88 81 94 CB 00 97 88 81 CB CC FF	<F0><BB><00>TAKE<00>THAT<CB><00>WHA<CB><CC><FF>	bank1_after_pointer_table	true	needs_japanese_dialogue_glyph_map	structural_unknown	unresolved pointer-dialogue context	named route, save state, or cheat state required	Present in the conservative catalog, but Japanese dialogue glyph mapping and screen context are incomplete.
PTR-113	113	0x05EB6	1	0xAC61	0xAC67	0x06C71	0x06C77	23	26	F0 BB 91 B7 B4 94 00 81 90 9F 96 87 91 B5 B4 90 13 0A 0B AE 8D A6 FF	F0 BB 00 8E 8F 97 00 89 B6 8D 00 92 85 81 8C 8C 99 00 90 89 93 93 85 84 CA FF	<F0><BB><00>NOW<00>I<B6>M<00>REALLY<00>PISSED<CA><FF>	bank1_after_pointer_table	true	needs_japanese_dialogue_glyph_map	structural_unknown	unresolved pointer-dialogue context	named route, save state, or cheat state required	Present in the conservative catalog, but Japanese dialogue glyph mapping and screen context are incomplete.
PTR-114	114	0x05EB8	1	0xAC78	0xAC81	0x06C88	0x06C91	7	10	F0 BB 87 71 B4 CA FF	F0 BB 00 81 89 99 85 85 CA FF	<F0><BB><00>AIYEE<CA><FF>	bank1_after_pointer_table	true	needs_japanese_dialogue_glyph_map	structural_unknown	unresolved pointer-dialogue context	named route, save state, or cheat state required	Present in the conservative catalog, but Japanese dialogue glyph mapping and screen context are incomplete.
PTR-115	115	0x05EBA	1	0xAC7F	0xAC8B	0x06C8F	0x06C9B	14	15	F0 BB 07 AE 07 AE 07 AE 07 AE 07 AE B4 FF	F0 BB 00 84 95 8D 71 84 85 85 71 84 95 8D FF	<F0><BB><00>DUM<71>DEE<71>DUM<FF>	bank1_after_pointer_table	true	needs_japanese_dialogue_glyph_map	structural_unknown	unresolved pointer-dialogue context	named route, save state, or cheat state required	Present in the conservative catalog, but Japanese dialogue glyph mapping and screen context are incomplete.
PTR-116	116	0x05EBC	1	0xAC8D	0xAC9A	0x06C9D	0x06CAA	19	14	F0 BB 95 AE 13 B2 00 8A 99 8D B4 94 8A 14 B4 8A 82 CA FF	F0 BB 00 88 85 99 B9 94 97 85 92 90 CA FF	<F0><BB><00>HEY<B9>TWERP<CA><FF>	bank1_after_pointer_table	true	needs_japanese_dialogue_glyph_map	structural_unknown	unresolved pointer-dialogue context	named route, save state, or cheat state required	Present in the conservative catalog, but Japanese dialogue glyph mapping and screen context are incomplete.
PTR-117	117	0x05EBE	1	0xACA0	0xACA8	0x06CB0	0x06CB8	16	16	F0 BB A3 83 82 B4 86 82 13 0A 0B AE 8D B4 CA FF	F0 BB 00 8F 8E 85 00 8D 8F B6 94 89 8D 85 CA FF	<F0><BB><00>ONE<00>MO<B6>TIME<CA><FF>	bank1_after_pointer_table	true	needs_japanese_dialogue_glyph_map	structural_unknown	unresolved pointer-dialogue context	named route, save state, or cheat state required	Present in the conservative catalog, but Japanese dialogue glyph mapping and screen context are incomplete.
PTR-118	118	0x05EC0	1	0xACB0	0xACB8	0x06CC0	0x06CC8	18	17	F0 BB 82 92 13 A3 00 81 82 93 96 95 A8 A4 8D 0E CA FF	F0 BB 00 92 8F 83 8B 00 8E B6 00 92 8F 8C 8C CA FF	<F0><BB><00>ROCK<00>N<B6><00>ROLL<CA><FF>	bank1_after_pointer_table	true	needs_japanese_dialogue_glyph_map	structural_unknown	unresolved pointer-dialogue context	named route, save state, or cheat state required	Present in the conservative catalog, but Japanese dialogue glyph mapping and screen context are incomplete.
PTR-119	119	0x05EC2	1	0xACC2	0xACC9	0x06CD2	0x06CD9	17	21	F0 BB 81 B4 8C AF 00 89 AE 86 AF 87 AA 84 10 CA FF	F0 BB 00 8A 85 85 9A B9 00 94 88 89 93 00 93 95 83 8B 93 CA FF	<F0><BB><00>JEEZ<B9><00>THIS<00>SUCKS<CA><FF>	bank1_after_pointer_table	true	needs_japanese_dialogue_glyph_map	structural_unknown	unresolved pointer-dialogue context	named route, save state, or cheat state required	Present in the conservative catalog, but Japanese dialogue glyph mapping and screen context are incomplete.
PTR-120	120	0x05EC4	1	0xACD3	0xACDE	0x06CE3	0x06CEE	13	11	F0 BB 85 85 B4 94 00 82 89 98 B2 CA FF	F0 BB 00 97 88 8F 8F 90 93 CA FF	<F0><BB><00>WHOOPS<CA><FF>	bank1_after_pointer_table	true	needs_japanese_dialogue_glyph_map	structural_unknown	unresolved pointer-dialogue context	named route, save state, or cheat state required	Present in the conservative catalog, but Japanese dialogue glyph mapping and screen context are incomplete.
PTR-121	121	0x05EC6	1	0xACE0	0xACE9	0x06CF0	0x06CF9	22	18	F0 BB 8F 82 92 AF 00 85 A3 82 A3 A6 A7 98 B2 8A B4 93 8D A6 CA FF	F0 BB 00 97 88 81 94 00 94 88 85 00 B1 AD CA B2 CC FF	<F0><BB><00>WHAT<00>THE<00><B1><AD><CA><B2><CC><FF>	bank1_after_pointer_table	true	needs_japanese_dialogue_glyph_map	structural_unknown	unresolved pointer-dialogue context	named route, save state, or cheat state required	Present in the conservative catalog, but Japanese dialogue glyph mapping and screen context are incomplete.
PTR-122	122	0x05EC8	1	0xACF6	0xACFB	0x06D06	0x06D0B	19	18	F0 BB 81 B4 8C 96 A3 00 A4 A7 8C 93 85 88 AE 98 B2 CA FF	F0 BB 00 8C 85 8D 8D 85 00 88 89 94 00 B6 85 8D CA FF	<F0><BB><00>LEMME<00>HIT<00><B6>EM<CA><FF>	bank1_after_pointer_table	true	needs_japanese_dialogue_glyph_map	structural_unknown	unresolved pointer-dialogue context	named route, save state, or cheat state required	Present in the conservative catalog, but Japanese dialogue glyph mapping and screen context are incomplete.
PTR-123	123	0x05ECA	1	0xAD09	0xAD0D	0x06D19	0x06D1D	18	28	F0 BB A5 A9 8C 93 A4 B4 93 00 85 88 AE 95 8E B2 CA FF	F0 BB 00 89 B6 8D 00 87 8F 8E 8E 81 00 8B 89 83 8B F8 99 8F 95 92 00 81 93 93 CA FF	<F0><BB><00>I<B6>M<00>GONNA<00>KICK<F8>YOUR<00>ASS<CA><FF>	bank1_after_pointer_table	true	needs_japanese_dialogue_glyph_map	structural_unknown	unresolved pointer-dialogue context	named route, save state, or cheat state required	Present in the conservative catalog, but Japanese dialogue glyph mapping and screen context are incomplete.
PTR-124	124	0x05ECC	1	0xAD1B	0xAD29	0x06D2B	0x06D39	11	12	F0 BB 89 AE 86 13 8D 86 B2 CA FF	F0 BB 00 99 81 00 97 89 8D 90 CA FF	<F0><BB><00>YA<00>WIMP<CA><FF>	bank1_after_pointer_table	true	needs_japanese_dialogue_glyph_map	structural_unknown	unresolved pointer-dialogue context	named route, save state, or cheat state required	Present in the conservative catalog, but Japanese dialogue glyph mapping and screen context are incomplete.
PTR-125	125	0x05ECE	1	0xAD26	0xAD35	0x06D36	0x06D45	12	13	F0 BB 82 86 06 13 0A 0B AE 8D CA FF	F0 BB 00 85 81 94 00 94 88 89 93 CA FF	<F0><BB><00>EAT<00>THIS<CA><FF>	bank1_after_pointer_table	true	needs_japanese_dialogue_glyph_map	structural_unknown	unresolved pointer-dialogue context	named route, save state, or cheat state required	Present in the conservative catalog, but Japanese dialogue glyph mapping and screen context are incomplete.
PTR-126	126	0x05ED0	1	0xAD32	0xAD42	0x06D42	0x06D52	15	22	F0 BB 81 A8 06 94 8B AE 13 0A 0B AE 8D CD FF	F0 BB 00 89 B6 8C 8C 00 92 85 8D 85 8D 82 85 92 00 99 8F 95 CA FF	<F0><BB><00>I<B6>LL<00>REMEMBER<00>YOU<CA><FF>	bank1_after_pointer_table	true	needs_japanese_dialogue_glyph_map	structural_unknown	unresolved pointer-dialogue context	named route, save state, or cheat state required	Present in the conservative catalog, but Japanese dialogue glyph mapping and screen context are incomplete.
PTR-127	127	0x05ED2	1	0xAD41	0xAD58	0x06D51	0x06D68	13	8	F0 BB 88 A8 00 88 A8 00 88 A8 B4 CB FF	F0 BB 00 85 85 85 CB FF	<F0><BB><00>EEE<CB><FF>	bank1_after_pointer_table	true	needs_japanese_dialogue_glyph_map	structural_unknown	unresolved pointer-dialogue context	named route, save state, or cheat state required	Present in the conservative catalog, but Japanese dialogue glyph mapping and screen context are incomplete.
PTR-128	128	0x05ED4	1	0xAD4E	0xAD60	0x06D5E	0x06D70	8	9	F0 BB 9B B2 B2 CB CD FF	F0 BB 00 81 92 87 88 CB FF	<F0><BB><00>ARGH<CB><FF>	bank1_after_pointer_table	true	needs_japanese_dialogue_glyph_map	structural_unknown	unresolved pointer-dialogue context	named route, save state, or cheat state required	Present in the conservative catalog, but Japanese dialogue glyph mapping and screen context are incomplete.
PTR-129	129	0x05ED6	1	0xAD56	0xAD69	0x06D66	0x06D79	11	13	F0 BB 92 00 92 A6 8D 07 A9 CB FF	F0 BB 00 84 89 83 8B 97 85 85 84 CA FF	<F0><BB><00>DICKWEED<CA><FF>	bank1_after_pointer_table	true	needs_japanese_dialogue_glyph_map	structural_unknown	unresolved pointer-dialogue context	named route, save state, or cheat state required	Present in the conservative catalog, but Japanese dialogue glyph mapping and screen context are incomplete.
PTR-130	130	0x05ED8	1	0xAD61	0xAD76	0x06D71	0x06D86	12	8	F0 BB 8C 88 00 8C 88 00 8C 88 CB FF	F0 BB 00 97 81 88 CA FF	<F0><BB><00>WAH<CA><FF>	bank1_after_pointer_table	true	needs_japanese_dialogue_glyph_map	structural_unknown	unresolved pointer-dialogue context	named route, save state, or cheat state required	Present in the conservative catalog, but Japanese dialogue glyph mapping and screen context are incomplete.
PTR-131	131	0x05EDA	1	0xAD6D	0xAD7E	0x06D7D	0x06D8E	8	8	F0 BB 08 85 71 B4 CA FF	F0 BB 00 87 97 81 CA FF	<F0><BB><00>GWA<CA><FF>	bank1_after_pointer_table	true	needs_japanese_dialogue_glyph_map	structural_unknown	unresolved pointer-dialogue context	named route, save state, or cheat state required	Present in the conservative catalog, but Japanese dialogue glyph mapping and screen context are incomplete.
PTR-132	132	0x05EDC	1	0xAD75	0xAC81	0x06D85	0x06C91	7	10	F0 BB 09 71 B4 CA FF	F0 BB 00 81 89 99 85 85 CA FF	<F0><BB><00>AIYEE<CA><FF>	bank1_after_pointer_table	true	needs_japanese_dialogue_glyph_map	structural_unknown	unresolved pointer-dialogue context	named route, save state, or cheat state required	Present in the conservative catalog, but Japanese dialogue glyph mapping and screen context are incomplete.
PTR-133	133	0x05EDE	1	0xAD7C	0xAD60	0x06D8C	0x06D70	8	9	F0 BB 06 88 B4 CB CD FF	F0 BB 00 81 92 87 88 CB FF	<F0><BB><00>ARGH<CB><FF>	bank1_after_pointer_table	true	needs_japanese_dialogue_glyph_map	structural_unknown	unresolved pointer-dialogue context	named route, save state, or cheat state required	Present in the conservative catalog, but Japanese dialogue glyph mapping and screen context are incomplete.
PTR-134	134	0x05EE0	1	0xAD84	0xAD86	0x06D94	0x06D96	10	15	F0 BB 9B B0 B0 B0 71 B4 CA FF	F0 BB 00 81 89 71 99 81 89 71 99 81 89 CA FF	<F0><BB><00>AI<71>YAI<71>YAI<CA><FF>	bank1_after_pointer_table	true	needs_japanese_dialogue_glyph_map	structural_unknown	unresolved pointer-dialogue context	named route, save state, or cheat state required	Present in the conservative catalog, but Japanese dialogue glyph mapping and screen context are incomplete.
PTR-135	135	0x05EE2	1	0xAD8E	0xAD95	0x06D9E	0x06DA5	12	9	F0 BB 82 A7 B4 8C B5 82 9F 8E CD FF	97 85 8C 83 8F 8D 85 CA FF	WELCOME<CA><FF>	bank1_after_pointer_table	true	needs_japanese_dialogue_glyph_map	structural_unknown	unresolved pointer-dialogue context	named route, save state, or cheat state required	Present in the conservative catalog, but Japanese dialogue glyph mapping and screen context are incomplete.
PTR-136	136	0x05EE4	1	0xAD9A	0xAD9E	0x06DAA	0x06DAE	24	21	F0 BB 85 87 9F A8 13 8D 86 CC 00 0A 91 B6 83 A3 AE AD 00 14 83 0F CD FF	97 88 81 94 00 97 8F 95 8C 84 00 99 8F 95 00 8C 89 8B 85 CC FF	WHAT<00>WOULD<00>YOU<00>LIKE<CC><FF>	bank1_after_pointer_table	true	needs_japanese_dialogue_glyph_map	structural_unknown	unresolved pointer-dialogue context	named route, save state, or cheat state required	Present in the conservative catalog, but Japanese dialogue glyph mapping and screen context are incomplete.
PTR-137	137	0x05EE6	1	0xADB2	0xADB3	0x06DC2	0x06DC3	31	24	F0 BB A3 91 A3 99 06 00 82 B4 5A 82 13 8D 98 F8 F9 00 8A AA 82 0C B7 83 A3 93 9F 8E AE CB FF	99 8F 95 92 00 89 8E 96 85 8E 94 8F 92 99 00 89 93 00 86 95 8C 8C BA FF	YOUR<00>INVENTORY<00>IS<00>FULL<BA><FF>	bank1_after_pointer_table	true	needs_japanese_dialogue_glyph_map	structural_unknown	unresolved pointer-dialogue context	named route, save state, or cheat state required	Present in the conservative catalog, but Japanese dialogue glyph mapping and screen context are incomplete.
PTR-138	138	0x05EE8	1	0xADD1	0xADCB	0x06DE1	0x06DDB	18	29	F0 BB 85 86 98 06 00 90 A8 95 82 A6 83 13 8D 06 CB FF	99 8F 95 00 84 8F 8E B6 94 00 88 81 96 85 00 85 8E 8F 95 87 88 F8 8D 8F 8E 85 99 BA FF	YOU<00>DON<B6>T<00>HAVE<00>ENOUGH<F8>MONEY<BA><FF>	bank1_after_pointer_table	true	needs_japanese_dialogue_glyph_map	structural_unknown	unresolved pointer-dialogue context	named route, save state, or cheat state required	Present in the conservative catalog, but Japanese dialogue glyph mapping and screen context are incomplete.
PTR-139	139	0x05EEA	1	0xADE3	0xADE8	0x06DF3	0x06DF8	16	14	F0 BB 8A 91 A7 13 00 A6 AB 8C 82 13 8D 86 CC FF	81 92 85 00 99 8F 95 00 93 95 92 85 CC FF	ARE<00>YOU<00>SURE<CC><FF>	bank1_after_pointer_table	true	needs_japanese_dialogue_glyph_map	structural_unknown	unresolved pointer-dialogue context	named route, save state, or cheat state required	Present in the conservative catalog, but Japanese dialogue glyph mapping and screen context are incomplete.
PTR-140	140	0x05EEC	1	0xADF3	0xBFCC	0x06E03	0x07FDC	10	8	F0 BB 9F 82 14 14 83 A3 CD FF	94 88 81 8E 8B 93 CA FF	THANKS<CA><FF>	bank1_after_pointer_table	true	needs_japanese_dialogue_glyph_map	structural_unknown	unresolved pointer-dialogue context	named route, save state, or cheat state required	Present in the conservative catalog, but Japanese dialogue glyph mapping and screen context are incomplete.
PTR-141	141	0x05EEE	1	0xADFD	0xADF6	0x06E0D	0x06E06	10	8	F0 9A 00 F1 AD 00 90 1D 90 FF	F0 00 81 94 85 00 F1 FF	<F0><00>ATE<00><F1><FF>	bank1_after_pointer_table	true	needs_japanese_dialogue_glyph_map	structural_unknown	unresolved pointer-dialogue context	named route, save state, or cheat state required	Present in the conservative catalog, but Japanese dialogue glyph mapping and screen context are incomplete.
PTR-142	142	0x05EF0	1	0xAE07	0xADFE	0x06E17	0x06E0E	10	10	F0 9A 00 F1 AD 00 99 AE 10 FF	F0 00 84 92 81 8E 8B 00 F1 FF	<F0><00>DRANK<00><F1><FF>	bank1_after_pointer_table	true	needs_japanese_dialogue_glyph_map	structural_unknown	unresolved pointer-dialogue context	named route, save state, or cheat state required	Present in the conservative catalog, but Japanese dialogue glyph mapping and screen context are incomplete.
PTR-143	143	0x05EF2	1	0xAE11	0xAE08	0x06E21	0x06E18	12	8	F0 9A 00 F1 AD 00 83 89 94 B4 90 FF	F0 00 87 8F 94 00 F1 FF	<F0><00>GOT<00><F1><FF>	bank1_after_pointer_table	true	needs_japanese_dialogue_glyph_map	structural_unknown	unresolved pointer-dialogue context	named route, save state, or cheat state required	Present in the conservative catalog, but Japanese dialogue glyph mapping and screen context are incomplete.
PTR-144	144	0x05EF4	1	0xAE1D	0xAE10	0x06E2D	0x06E20	12	13	F0 9A 00 F1 AD 00 A0 96 92 89 90 FF	F0 00 85 91 95 89 90 90 85 84 00 F1 FF	<F0><00>EQUIPPED<00><F1><FF>	bank1_after_pointer_table	true	needs_japanese_dialogue_glyph_map	structural_unknown	unresolved pointer-dialogue context	named route, save state, or cheat state required	Present in the conservative catalog, but Japanese dialogue glyph mapping and screen context are incomplete.
PTR-145	145	0x05EF6	1	0xAE29	0xAE1D	0x06E39	0x06E2D	15	15	F0 BB 9E 86 96 00 0A 91 B6 83 A3 AE 9A CC FF	81 8E 99 94 88 89 8E 87 00 85 8C 93 85 CC FF	ANYTHING<00>ELSE<CC><FF>	bank1_after_pointer_table	true	needs_japanese_dialogue_glyph_map	structural_unknown	unresolved pointer-dialogue context	named route, save state, or cheat state required	Present in the conservative catalog, but Japanese dialogue glyph mapping and screen context are incomplete.
PTR-146	146	0x05EF8	1	0xAE38	0xAE2C	0x06E48	0x06E3C	30	19	F0 BB 9F 90 00 85 8A 8C 88 10 8B 82 9F 8E F8 F9 00 81 A8 06 94 83 0A 0B 82 9F 8C 90 CD FF	94 88 81 8E 8B 93 CA 00 83 8F 8D 85 00 81 87 81 89 8E FF	THANKS<CA><00>COME<00>AGAIN<FF>	bank1_after_pointer_table	true	needs_japanese_dialogue_glyph_map	structural_unknown	unresolved pointer-dialogue context	named route, save state, or cheat state required	Present in the conservative catalog, but Japanese dialogue glyph mapping and screen context are incomplete.
PTR-147	147	0x05EFA	1	0xAE56	0xAE3F	0x06E66	0x06E4F	11	15	F0 BB 85 94 9F A8 13 8D 86 CC FF	97 89 8C 8C 00 99 8F 95 00 93 94 81 99 CC FF	WILL<00>YOU<00>STAY<CC><FF>	bank1_after_pointer_table	true	needs_japanese_dialogue_glyph_map	structural_unknown	unresolved pointer-dialogue context	named route, save state, or cheat state required	Present in the conservative catalog, but Japanese dialogue glyph mapping and screen context are incomplete.
PTR-148	148	0x05EFC	1	0xAE61	0xAE4E	0x06E71	0x06E5E	15	13	F0 BB 85 88 92 AB 07 88 10 8B 82 9F 8E CD FF	90 8C 85 81 93 85 00 92 85 8C 81 98 FF	PLEASE<00>RELAX<FF>	bank1_after_pointer_table	true	needs_japanese_dialogue_glyph_map	structural_unknown	unresolved pointer-dialogue context	named route, save state, or cheat state required	Present in the conservative catalog, but Japanese dialogue glyph mapping and screen context are incomplete.
PTR-149	149	0x05EFE	1	0xAE70	0xAE5B	0x06E80	0x06E6B	8	8	F0 9A 00 98 90 B4 CA FF	92 85 93 94 85 84 CA FF	RESTED<CA><FF>	bank1_after_pointer_table	true	needs_japanese_dialogue_glyph_map	structural_unknown	unresolved pointer-dialogue context	named route, save state, or cheat state required	Present in the conservative catalog, but Japanese dialogue glyph mapping and screen context are incomplete.
PTR-150	150	0x05F00	1	0xAE78	0xAE63	0x06E88	0x06E73	15	14	F0 BB 8C B7 83 1C 00 95 8B 82 9F 8D 86 CC FF	97 81 8E 8E 81 00 87 81 8D 82 8C 85 CC FF	WANNA<00>GAMBLE<CC><FF>	bank1_after_pointer_table	true	needs_japanese_dialogue_glyph_map	structural_unknown	unresolved pointer-dialogue context	named route, save state, or cheat state required	Present in the conservative catalog, but Japanese dialogue glyph mapping and screen context are incomplete.
PTR-151	151	0x05F02	1	0xAE87	0xAE71	0x06E97	0x06E81	17	7	F0 BB A6 0A 0B AE 8D 98 CC 00 9A 82 A8 9F 8D CD FF	92 85 81 84 99 CC FF	READY<CC><FF>	bank1_after_pointer_table	true	needs_japanese_dialogue_glyph_map	structural_unknown	unresolved pointer-dialogue context	named route, save state, or cheat state required	Present in the conservative catalog, but Japanese dialogue glyph mapping and screen context are incomplete.
PTR-152	152	0x05F04	1	0xAE98	0xAE78	0x06EA8	0x06E88	15	8	F0 BB 8F AA 13 9A CB 00 8C B7 83 1C B4 CA FF	87 8F 00 8E 8F 97 CA FF	GO<00>NOW<CA><FF>	bank1_after_pointer_table	true	needs_japanese_dialogue_glyph_map	structural_unknown	unresolved pointer-dialogue context	named route, save state, or cheat state required	Present in the conservative catalog, but Japanese dialogue glyph mapping and screen context are incomplete.
PTR-153	153	0x05F06	1	0xAEA7	0xAE80	0x06EB7	0x06E90	16	20	F0 BB FD 00 FE 99 00 FC 00 94 13 9F 8C 90 CB FF	97 85 00 88 81 96 85 00 FD 00 81 8E 84 00 FE CB CB FC CA FF	WE<00>HAVE<00><FD><00>AND<00><FE><CB><CB><FC><CA><FF>	bank1_after_pointer_table	true	needs_japanese_dialogue_glyph_map	structural_unknown	unresolved pointer-dialogue context	named route, save state, or cheat state required	Present in the conservative catalog, but Japanese dialogue glyph mapping and screen context are incomplete.
PTR-154	154	0x05F08	1	0xAEB7	0xAE94	0x06EC7	0x06EA4	21	9	F0 BB 85 87 B5 88 8B 9F 99 00 86 91 00 99 A6 83 13 8D 98 CD FF	99 8F 95 00 97 8F 8E CA FF	YOU<00>WON<CA><FF>	bank1_after_pointer_table	true	needs_japanese_dialogue_glyph_map	structural_unknown	unresolved pointer-dialogue context	named route, save state, or cheat state required	Present in the conservative catalog, but Japanese dialogue glyph mapping and screen context are incomplete.
PTR-155	155	0x05F0A	1	0xAECC	0xAE9D	0x06EDC	0x06EAD	21	10	F0 BB 85 87 B5 88 8B 9F 99 00 9F 89 00 99 A6 83 13 8D 98 CD FF	99 8F 95 00 8C 8F 93 94 CB FF	YOU<00>LOST<CB><FF>	bank1_after_pointer_table	true	needs_japanese_dialogue_glyph_map	structural_unknown	unresolved pointer-dialogue context	named route, save state, or cheat state required	Present in the conservative catalog, but Japanese dialogue glyph mapping and screen context are incomplete.
PTR-156	156	0x05F0C	1	0xAEE1	0xAEA7	0x06EF1	0x06EB7	14	6	F0 BB 82 86 06 00 95 8B 82 9F 8D 86 CC FF	97 85 8C 8C CC FF	WELL<CC><FF>	bank1_after_pointer_table	true	needs_japanese_dialogue_glyph_map	structural_unknown	unresolved pointer-dialogue context	named route, save state, or cheat state required	Present in the conservative catalog, but Japanese dialogue glyph mapping and screen context are incomplete.
PTR-157	157	0x05F0E	1	0xAEEF	0xAEAD	0x06EFF	0x06EBD	16	21	8B AE 87 91 BB 85 86 84 A8 95 8E B2 A4 8C CA FF	93 81 8E 8B 89 BB 00 97 85 8C 83 8F 8D 85 00 82 81 83 8B CA FF	SANKI<BB><00>WELCOME<00>BACK<CA><FF>	bank1_after_pointer_table	true	needs_japanese_dialogue_glyph_map	structural_unknown	unresolved pointer-dialogue context	named route, save state, or cheat state required	Present in the conservative catalog, but Japanese dialogue glyph mapping and screen context are incomplete.
PTR-158	158	0x05F10	1	0xAEFF	0xAEC2	0x06F0F	0x06ED2	15	18	F0 BB 0A A6 83 9A 00 81 A8 A4 8E AE 86 CC FF	F0 BB 00 8E 85 85 84 00 93 8F 8D 85 94 88 89 8E 87 CC	<F0><BB><00>NEED<00>SOMETHING<CC>	bank1_after_pointer_table	true	needs_japanese_dialogue_glyph_map	structural_unknown	unresolved pointer-dialogue context	named route, save state, or cheat state required	Present in the conservative catalog, but Japanese dialogue glyph mapping and screen context are incomplete.
PTR-159	159	0x05F12	1	0xAF0E	0xB749	0x06F1E	0x07759	15	16	F0 BB 9D 82 B4 CA 00 A6 AB 8A AE 13 CA CA FF	F0 BB 00 8D 99 00 90 8C 85 81 93 95 92 85 CA FF	<F0><BB><00>MY<00>PLEASURE<CA><FF>	bank1_after_pointer_table	true	needs_japanese_dialogue_glyph_map	structural_unknown	unresolved pointer-dialogue context	named route, save state, or cheat state required	Present in the conservative catalog, but Japanese dialogue glyph mapping and screen context are incomplete.
PTR-160	160	0x05F14	1	0xAF1D	0xAEC2	0x06F2D	0x06ED2	15	18	F0 BB 0A A6 83 9A 00 81 A8 A4 8E AE 86 CC FF	F0 BB 00 8E 85 85 84 00 93 8F 8D 85 94 88 89 8E 87 CC	<F0><BB><00>NEED<00>SOMETHING<CC>	bank1_after_pointer_table	true	needs_japanese_dialogue_glyph_map	structural_unknown	unresolved pointer-dialogue context	named route, save state, or cheat state required	Present in the conservative catalog, but Japanese dialogue glyph mapping and screen context are incomplete.
PTR-161	161	0x05F16	1	0xAF2C	0xAED5	0x06F3C	0x06EE5	14	15	F0 BB 8F AA 13 9A 85 87 AD 92 89 93 CB FF	F0 BB 00 82 85 00 83 81 92 85 86 95 8C CA FF	<F0><BB><00>BE<00>CAREFUL<CA><FF>	bank1_after_pointer_table	true	needs_japanese_dialogue_glyph_map	structural_unknown	unresolved pointer-dialogue context	named route, save state, or cheat state required	Present in the conservative catalog, but Japanese dialogue glyph mapping and screen context are incomplete.
PTR-162	162	0x05F18	1	0xAF3A	0xAED4	0x06F4A	0x06EE4	15	1	F0 BB 82 B4 93 A7 B4 8C B5 82 A4 8C CA CA FF	FF	<FF>	bank1_after_pointer_table	true	missing	structural_unknown_missing_conservative_row	unresolved pointer-dialogue context	named route, save state, or cheat state required	Present in the complete English-guided pointer map but absent from the conservative catalog; investigate before translation.
PTR-163	163	0x05F1A	1	0xAF49	0xAEE4	0x06F59	0x06EF4	23	12	82 B4 8C B7 96 82 88 00 95 86 9F AD 00 84 A7 AE 13 88 10 8B 82 CD FF	83 88 8F 8F 93 85 00 81 8C 8C 99 FF	CHOOSE<00>ALLY<FF>	bank1_after_pointer_table	true	needs_japanese_dialogue_glyph_map	structural_unknown	unresolved pointer-dialogue context	named route, save state, or cheat state required	Present in the conservative catalog, but Japanese dialogue glyph mapping and screen context are incomplete.
PTR-164	164	0x05F1C	1	0xAF60	0xAEF0	0x06F70	0x06F00	35	22	8B AE 87 91 BB FA 8B AE B4 CA 00 93 84 9D AE 10 00 93 84 9D AE 10 A6 F8 F9 00 85 8A 94 8B AE 06 CA CA FF	93 81 8E 8B 89 BB 00 FA CA 00 8F 8B 8F 94 8F 00 88 81 93 CB CA FF	SANKI<BB><00><FA><CA><00>OKOTO<00>HAS<CB><CA><FF>	bank1_after_pointer_table	true	needs_japanese_dialogue_glyph_map	structural_unknown	unresolved pointer-dialogue context	named route, save state, or cheat state required	Present in the conservative catalog, but Japanese dialogue glyph mapping and screen context are incomplete.
PTR-165	165	0x05F1E	1	0xAF83	0xAF06	0x06F93	0x06F16	37	39	8B AE 87 91 BB 8B A7 B4 93 B4 90 99 9A 00 9C 90 A8 08 A0 13 CB F8 F9 00 83 0A 87 99 9A 84 B2 A4 92 A7 13 CB FF	93 81 8E 8B 89 BB 00 94 97 8F 00 87 95 99 93 CB 93 94 92 95 83 8B F8 8C 89 8B 85 00 8C 89 87 88 94 8E 89 8E 87 CB FF	SANKI<BB><00>TWO<00>GUYS<CB>STRUCK<F8>LIKE<00>LIGHTNING<CB><FF>	bank1_after_pointer_table	true	needs_japanese_dialogue_glyph_map	structural_unknown	unresolved pointer-dialogue context	named route, save state, or cheat state required	Present in the conservative catalog, but Japanese dialogue glyph mapping and screen context are incomplete.
PTR-166	166	0x05F20	1	0xAFA8	0xAF2D	0x06FB8	0x06F3D	28	28	8B AE 87 91 BB 81 B4 8C 06 82 95 06 A7 CB 00 A3 83 8C AC 89 81 A8 A4 8E AE CA CA FF	93 81 8E 8B 89 BB 00 89 00 97 81 93 00 88 85 8C 90 8C 85 93 93 CB 93 8F 92 92 99 FF	SANKI<BB><00>I<00>WAS<00>HELPLESS<CB>SORRY<FF>	bank1_after_pointer_table	true	needs_japanese_dialogue_glyph_map	structural_unknown	unresolved pointer-dialogue context	named route, save state, or cheat state required	Present in the conservative catalog, but Japanese dialogue glyph mapping and screen context are incomplete.
PTR-167	167	0x05F22	1	0xAFC4	0xAF49	0x06FD4	0x06F59	18	28	FA BB 9B 13 B2 A4 92 A7 10 00 A5 A9 8E 98 B2 CA CA FF	FA BB 00 89 84 89 8F 94 93 CA 00 97 85 B6 8C 8C F8 86 89 8E 84 00 94 88 85 8D BA FF	<FA><BB><00>IDIOTS<CA><00>WE<B6>LL<F8>FIND<00>THEM<BA><FF>	bank1_after_pointer_table	true	needs_japanese_dialogue_glyph_map	structural_unknown	unresolved pointer-dialogue context	named route, save state, or cheat state required	Present in the conservative catalog, but Japanese dialogue glyph mapping and screen context are incomplete.
PTR-168	168	0x05F24	1	0xAFD6	0xB01F	0x06FE6	0x0702F	33	33	F0 BB 86 AE 5E 83 13 00 9C B4 86 92 CA CA F8 F9 00 85 86 09 13 00 83 0A 89 A9 A6 83 96 95 B4 90 FF	F0 BB 00 94 88 85 00 8B 81 8E 90 8F 95 00 97 8F 92 8B 85 84 CA F8 89 B6 8D 00 83 95 92 85 84 CA FF	<F0><BB><00>THE<00>KANPOU<00>WORKED<CA><F8>I<B6>M<00>CURED<CA><FF>	bank1_after_pointer_table	true	needs_japanese_dialogue_glyph_map	structural_unknown	unresolved pointer-dialogue context	named route, save state, or cheat state required	Present in the conservative catalog, but Japanese dialogue glyph mapping and screen context are incomplete.
PTR-169	169	0x05F26	1	0xAFF7	0xAF65	0x07007	0x06F75	38	45	F0 BB 85 A2 B2 8B AE 9B 94 A8 96 00 88 AB 83 9A 86 89 A7 AA 98 84 CA F8 F9 00 8C 90 88 9A 13 87 93 A9 0E CA CA FF	F0 BB 00 81 94 00 8C 81 93 94 CA 00 89 00 83 81 8E 00 8A 8F 89 8E F8 94 88 85 00 97 81 92 00 81 87 81 89 8E 93 94 00 94 8F 92 81 CA FF	<F0><BB><00>AT<00>LAST<CA><00>I<00>CAN<00>JOIN<F8>THE<00>WAR<00>AGAINST<00>TORA<CA><FF>	bank1_after_pointer_table	true	needs_japanese_dialogue_glyph_map	structural_unknown	unresolved pointer-dialogue context	named route, save state, or cheat state required	Present in the conservative catalog, but Japanese dialogue glyph mapping and screen context are incomplete.
PTR-170	170	0x05F28	1	0xB01D	0xAF92	0x0702D	0x06FA2	48	35	F0 BB FA 8B AE 00 8A AA AD CB 00 A3 B4 93 B4 93 88 10 8E B2 CA F8 F9 00 85 9C 88 AB 06 88 AA 90 00 85 9F A3 A8 13 00 A6 88 87 88 AE 13 8D 0E FF	F0 BB 00 FA B9 00 94 88 89 93 00 83 88 81 92 8D F8 97 89 8C 8C 00 90 92 8F 94 85 83 94 00 99 8F 95 BA FF	<F0><BB><00><FA><B9><00>THIS<00>CHARM<F8>WILL<00>PROTECT<00>YOU<BA><FF>	bank1_after_pointer_table	true	needs_japanese_dialogue_glyph_map	structural_unknown	unresolved pointer-dialogue context	named route, save state, or cheat state required	Present in the conservative catalog, but Japanese dialogue glyph mapping and screen context are incomplete.
PTR-171	171	0x05F2A	1	0xB04D	0xAFB5	0x0705D	0x06FC5	43	34	F0 BB 81 B4 8C 9A 00 95 AE 96 A3 13 87 98 B2 86 A7 00 8E A2 93 CB F8 F9 00 85 8A 94 8B AE CB 00 87 B4 94 00 1C 0C 13 8D A6 98 FF	F0 BB 00 89 B6 8C 8C 00 97 81 89 94 00 88 85 92 85 CB F8 87 8F 00 93 81 96 85 00 8F 8B 8F 94 8F CA FF	<F0><BB><00>I<B6>LL<00>WAIT<00>HERE<CB><F8>GO<00>SAVE<00>OKOTO<CA><FF>	bank1_after_pointer_table	true	needs_japanese_dialogue_glyph_map	structural_unknown	unresolved pointer-dialogue context	named route, save state, or cheat state required	Present in the conservative catalog, but Japanese dialogue glyph mapping and screen context are incomplete.
PTR-172	172	0x05F2C	1	0xB078	0xAFD7	0x07088	0x06FE7	6	9	F0 BB 81 81 CB FF	F0 BB 00 99 85 81 88 CB FF	<F0><BB><00>YEAH<CB><FF>	bank1_after_pointer_table	true	needs_japanese_dialogue_glyph_map	structural_unknown	unresolved pointer-dialogue context	named route, save state, or cheat state required	Present in the conservative catalog, but Japanese dialogue glyph mapping and screen context are incomplete.
PTR-173	173	0x05F2E	1	0xB07E	0xAFE0	0x0708E	0x06FF0	33	24	81 8B 0C AB 83 BB F4 99 9E 83 9D 00 13 86 89 93 A0 91 B5 AF F8 F9 00 82 86 06 13 0A 0B AE 8D CC FF	81 93 81 8A 89 BB 00 97 88 99 00 8E 8F 94 00 87 8F 00 94 8F 00 F4 CC FF	ASAJI<BB><00>WHY<00>NOT<00>GO<00>TO<00><F4><CC><FF>	bank1_after_pointer_table	true	needs_japanese_dialogue_glyph_map	structural_unknown	unresolved pointer-dialogue context	named route, save state, or cheat state required	Present in the conservative catalog, but Japanese dialogue glyph mapping and screen context are incomplete.
PTR-174	174	0x05F30	1	0xB09F	0xAFF8	0x070AF	0x07008	42	39	F0 BB 85 85 85 A4 1C AE 99 8A 94 06 00 87 96 95 B4 93 8C B7 83 06 98 B2 F8 F9 00 A6 83 8D AD 00 A0 96 82 87 93 B2 AE 13 CB FF	F0 BB 00 89 B6 84 00 82 85 94 94 85 92 00 87 8F F8 83 88 85 83 8B 00 97 89 94 88 00 82 85 85 87 00 82 8F 93 93 CB FF	<F0><BB><00>I<B6>D<00>BETTER<00>GO<F8>CHECK<00>WITH<00>BEEG<00>BOSS<CB><FF>	bank1_after_pointer_table	true	needs_japanese_dialogue_glyph_map	structural_unknown	unresolved pointer-dialogue context	named route, save state, or cheat state required	Present in the conservative catalog, but Japanese dialogue glyph mapping and screen context are incomplete.
PTR-175	175	0x05F32	1	0xB0C9	0xB11C	0x070D9	0x0712C	17	24	F0 BB 82 86 8C 93 85 88 AE 95 8E B2 00 FA 8B AE FF	F0 BB 00 90 8C 85 81 93 85 B9 00 8C 85 94 00 8D 85 F8 87 8F B9 00 FA FF	<F0><BB><00>PLEASE<B9><00>LET<00>ME<F8>GO<B9><00><FA><FF>	bank1_after_pointer_table	true	needs_japanese_dialogue_glyph_map	structural_unknown	unresolved pointer-dialogue context	named route, save state, or cheat state required	Present in the conservative catalog, but Japanese dialogue glyph mapping and screen context are incomplete.
PTR-176	176	0x05F34	1	0xB0DA	0xB134	0x070EA	0x07144	23	37	F0 BB 81 B4 00 FA 8B AE CA 00 09 AE 86 AE 8B 87 96 00 8A AA 06 CB FF	F0 BB 00 FA B9 00 93 8F 8D 85 8F 8E 85 F8 8C 85 86 94 00 94 88 89 93 00 81 94 00 94 88 85 00 84 8F 8F 92 BA FF	<F0><BB><00><FA><B9><00>SOMEONE<F8>LEFT<00>THIS<00>AT<00>THE<00>DOOR<BA><FF>	bank1_after_pointer_table	true	needs_japanese_dialogue_glyph_map	structural_unknown	unresolved pointer-dialogue context	named route, save state, or cheat state required	Present in the conservative catalog, but Japanese dialogue glyph mapping and screen context are incomplete.
PTR-177	177	0x05F36	1	0xB0F1	0xB159	0x07101	0x07169	50	32	85 8A 94 BB F0 8B AE CA 00 F0 8B AE CA CB 00 8C 88 8C 88 8C 88 CB F8 F9 00 AC 90 8C AD 8B A7 AC 8E 90 99 9A 00 CB 81 8B 0C AB 83 8B AE 95 AE 13 8D FF	8F 8B 8F 94 8F BB 00 97 81 88 CA 00 81 93 81 8A 89 00 8B 89 84 8E 81 90 90 85 84 F8 8D 85 CA FF	OKOTO<BB><00>WAH<CA><00>ASAJI<00>KIDNAPPED<F8>ME<CA><FF>	bank1_after_pointer_table	true	needs_japanese_dialogue_glyph_map	structural_unknown	unresolved pointer-dialogue context	named route, save state, or cheat state required	Present in the conservative catalog, but Japanese dialogue glyph mapping and screen context are incomplete.
PTR-178	178	0x05F38	1	0xB123	0xB179	0x07133	0x07189	32	31	F0 BB CB 00 9A A4 88 85 86 84 AE 95 8B 82 F8 F9 00 A0 AE 95 00 8C AE 5A 82 8C 93 82 95 8B A9 FF	F0 BB 00 87 8F 00 88 8F 8D 85 CB F8 85 96 85 92 99 8F 8E 85 B6 93 00 97 8F 92 92 89 85 84 FF	<F0><BB><00>GO<00>HOME<CB><F8>EVERYONE<B6>S<00>WORRIED<FF>	bank1_after_pointer_table	true	needs_japanese_dialogue_glyph_map	structural_unknown	unresolved pointer-dialogue context	named route, save state, or cheat state required	Present in the conservative catalog, but Japanese dialogue glyph mapping and screen context are incomplete.
PTR-179	179	0x05F3A	1	0xB143	0xB198	0x07153	0x071A8	42	42	85 8A 94 BB 88 8D AE CB 00 81 A8 06 94 83 0A 0B 82 9F 8D CD F8 F9 00 81 00 81 99 CB 00 14 83 86 CB 00 85 87 AD 92 89 93 CB FF	8F 8B 8F 94 8F BB 00 CB 93 8F 82 CB 94 88 81 8E 8B 00 99 8F 95 BA F8 90 8C 85 81 93 85 CB 82 85 00 83 81 92 85 86 95 8C CB FF	OKOTO<BB><00><CB>SOB<CB>THANK<00>YOU<BA><F8>PLEASE<CB>BE<00>CAREFUL<CB><FF>	bank1_after_pointer_table	true	needs_japanese_dialogue_glyph_map	structural_unknown	unresolved pointer-dialogue context	named route, save state, or cheat state required	Present in the conservative catalog, but Japanese dialogue glyph mapping and screen context are incomplete.
PTR-180	180	0x05F3C	1	0xB16D	0xB1C2	0x0717D	0x071D2	27	29	F0 BB FA 8B AE 00 81 8B 0C AB 83 8B AE 06 CB F8 F9 00 82 95 88 95 A8 A4 8C 90 FF	F0 BB 00 FA B9 00 81 93 81 8A 89 00 88 81 93 F8 84 89 93 81 90 90 85 81 92 85 84 CB FF	<F0><BB><00><FA><B9><00>ASAJI<00>HAS<F8>DISAPPEARED<CB><FF>	bank1_after_pointer_table	true	needs_japanese_dialogue_glyph_map	structural_unknown	unresolved pointer-dialogue context	named route, save state, or cheat state required	Present in the conservative catalog, but Japanese dialogue glyph mapping and screen context are incomplete.
PTR-181	181	0x05F3E	1	0xB188	0xB1DF	0x07198	0x071EF	30	21	92 A9 9F 92 BB 81 96 87 82 00 9F B4 93 88 AA A6 83 CA F8 F9 00 81 96 87 B4 93 1A 81 CA FF	94 93 95 95 BB 00 82 92 8F 94 88 85 92 CA 00 97 81 89 94 CA FF	TSUU<BB><00>BROTHER<CA><00>WAIT<CA><FF>	bank1_after_pointer_table	true	needs_japanese_dialogue_glyph_map	structural_unknown	unresolved pointer-dialogue context	named route, save state, or cheat state required	Present in the conservative catalog, but Japanese dialogue glyph mapping and screen context are incomplete.
PTR-182	182	0x05F40	1	0xB1A6	0xB1F4	0x071B6	0x07204	37	44	88 96 9F 8B BB 9A A4 88 8C 98 B2 86 82 CA F8 F9 00 1C AE 0F 83 85 A4 1C AE 06 00 93 B2 9D AE 95 AE 13 84 CA FF	8B 95 8E 89 8F BB 00 88 95 92 92 99 B9 00 93 8C 95 87 CA F8 8D 92 BA 00 82 95 8E 9A 8F B6 93 00 89 8E 00 94 92 8F 95 82 8C 85 CA FF	KUNIO<BB><00>HURRY<B9><00>SLUG<CA><F8>MR<BA><00>BUNZO<B6>S<00>IN<00>TROUBLE<CA><FF>	bank1_after_pointer_table	true	needs_japanese_dialogue_glyph_map	development_verified_opening	opening dialogue	bounded opening route; no combat required	Fourteen opening records have bounded source/PPU evidence and development candidates. This is not release translation approval.
PTR-183	183	0x05F42	1	0xB1CB	0xB220	0x071DB	0x07230	21	14	85 8A 94 BB 88 96 9F 8B 8B AE CA 85 9F 91 8C 93 9F 8C 90 CA FF	8F 8B 8F 94 8F BB 00 8B 95 8E 89 8F CA FF	OKOTO<BB><00>KUNIO<CA><FF>	bank1_after_pointer_table	true	needs_japanese_dialogue_glyph_map	development_verified_opening	opening dialogue	bounded opening route; no combat required	Fourteen opening records have bounded source/PPU evidence and development candidates. This is not release translation approval.
PTR-184	184	0x05F44	1	0xB1E0	0xB22E	0x071F0	0x0723E	24	30	88 96 9F 8B BB 85 8A 94 8B AE CB F8 F9 00 85 9B 8B 8C 1C A8 13 B2 CA FF	8B 95 8E 89 8F BB 00 89 00 94 92 89 85 84 00 94 8F 00 88 95 92 92 99 00 82 81 83 8B CA FF	KUNIO<BB><00>I<00>TRIED<00>TO<00>HURRY<00>BACK<CA><FF>	bank1_after_pointer_table	true	needs_japanese_dialogue_glyph_map	development_verified_opening	opening dialogue	bounded opening route; no combat required	Fourteen opening records have bounded source/PPU evidence and development candidates. This is not release translation approval.
PTR-185	185	0x05F46	1	0xB1F8	0xB24C	0x07208	0x0725C	15	20	85 8A 94 BB 81 B4 CA 00 8A 99 9B 94 9A CB FF	8F 8B 8F 94 8F BB 00 94 88 89 93 00 8D 81 8E 00 89 93 CB FF	OKOTO<BB><00>THIS<00>MAN<00>IS<CB><FF>	bank1_after_pointer_table	true	needs_japanese_dialogue_glyph_map	development_verified_opening	opening dialogue	bounded opening route; no combat required	Fourteen opening records have bounded source/PPU evidence and development candidates. This is not release translation approval.
PTR-186	186	0x05F48	1	0xB207	0xB260	0x07217	0x07270	43	31	81 8B 0C AB 83 BB 9C B4 CB 00 81 B4 8C AF 00 85 8A 94 99 00 82 82 95 0D 89 13 F8 F9 00 81 8B 0C AB 83 94 00 A3 83 8C A4 8D CB FF	81 93 81 8A 89 BB 00 88 85 88 CB 89 B6 8D 00 8F 8B 8F 94 8F B6 93 F8 86 89 81 8E 83 85 BA FF	ASAJI<BB><00>HEH<CB>I<B6>M<00>OKOTO<B6>S<F8>FIANCE<BA><FF>	bank1_after_pointer_table	true	needs_japanese_dialogue_glyph_map	development_verified_opening	opening dialogue	bounded opening route; no combat required	Fourteen opening records have bounded source/PPU evidence and development candidates. This is not release translation approval.
PTR-187	187	0x05F4A	1	0xB232	0xB27F	0x07242	0x0728F	7	29	88 96 9F 8B BB CB FF	8B 95 8E 89 8F BB 00 97 85 B6 8C 8C 00 93 85 85 00 81 82 8F 95 94 00 94 88 81 94 CA FF	KUNIO<BB><00>WE<B6>LL<00>SEE<00>ABOUT<00>THAT<CA><FF>	bank1_after_pointer_table	true	needs_japanese_dialogue_glyph_map	development_verified_opening	opening dialogue	bounded opening route; no combat required	Fourteen opening records have bounded source/PPU evidence and development candidates. This is not release translation approval.
PTR-188	188	0x05F4C	1	0xB239	0xB29C	0x07249	0x072AC	30	44	81 8B 0C AB 83 BB 8B B4 00 95 86 9D CB F8 F9 00 85 A4 1C AE 06 00 85 9F 91 86 98 13 CB FF	81 93 81 8A 89 BB 00 93 88 95 94 00 95 90 B9 00 8C 8F 93 85 92 CA 00 94 88 85 F8 82 8F 93 93 00 89 93 00 97 81 89 94 89 8E 87 CB FF	ASAJI<BB><00>SHUT<00>UP<B9><00>LOSER<CA><00>THE<F8>BOSS<00>IS<00>WAITING<CB><FF>	bank1_after_pointer_table	true	needs_japanese_dialogue_glyph_map	development_verified_opening	opening dialogue	bounded opening route; no combat required	Fourteen opening records have bounded source/PPU evidence and development candidates. This is not release translation approval.
PTR-189	189	0x05F4E	1	0xB257	0xB2C8	0x07267	0x072D8	25	37	88 96 9F 8B BB 81 81 00 85 A4 1C AE CA 00 CB 85 8F 88 95 A8 A4 8C 90 CA FF	8B 95 8E 89 8F BB 00 8F 88 B9 00 8D 81 93 94 85 92 CA F8 86 8F 92 87 89 96 85 00 8D 99 00 84 85 8C 81 99 CA FF	KUNIO<BB><00>OH<B9><00>MASTER<CA><F8>FORGIVE<00>MY<00>DELAY<CA><FF>	bank1_after_pointer_table	true	needs_japanese_dialogue_glyph_map	development_verified_opening	opening dialogue	bounded opening route; no combat required	Fourteen opening records have bounded source/PPU evidence and development candidates. This is not release translation approval.
PTR-190	190	0x05F50	1	0xB270	0xB2ED	0x07280	0x072FD	44	40	1C AE 0F 83 BB 85 85 00 88 96 9F 8B 8B AE 86 82 CA 00 85 A2 B2 8B AE 96 F8 F9 00 8A AE 95 86 90 91 13 00 81 85 83 90 AF 95 AF CB FF	82 95 8E 9A 8F BB 00 81 88 B9 00 8B 95 8E 89 8F CA F8 99 8F 95 00 86 89 8E 81 8C 8C 99 00 87 8F 94 00 88 85 92 85 CA FF	BUNZO<BB><00>AH<B9><00>KUNIO<CA><F8>YOU<00>FINALLY<00>GOT<00>HERE<CA><FF>	bank1_after_pointer_table	true	needs_japanese_dialogue_glyph_map	development_verified_opening	opening dialogue	bounded opening route; no combat required	Fourteen opening records have bounded source/PPU evidence and development candidates. This is not release translation approval.
PTR-191	191	0x05F52	1	0xB29C	0xB315	0x072AC	0x07325	26	27	1C AE 0F 83 BB 8A AE 95 13 B2 0C 95 94 87 96 CB 00 8A 99 94 85 A8 13 B2 CA FF	82 95 8E 9A 8F BB 00 94 8F 92 81 00 88 81 93 00 83 95 92 93 85 84 00 8D 85 CA FF	BUNZO<BB><00>TORA<00>HAS<00>CURSED<00>ME<CA><FF>	bank1_after_pointer_table	true	needs_japanese_dialogue_glyph_map	development_verified_opening	opening dialogue	bounded opening route; no combat required	Fourteen opening records have bounded source/PPU evidence and development candidates. This is not release translation approval.
PTR-192	192	0x05F54	1	0xB2B6	0xB330	0x072C6	0x07340	22	25	1C AE 0F 83 BB 94 A7 0F 83 99 00 8C AC 0B 96 91 09 B2 98 B2 CB FF	82 95 8E 9A 8F BB 00 87 8F 00 86 89 8E 84 00 81 00 88 85 81 8C 85 92 CB FF	BUNZO<BB><00>GO<00>FIND<00>A<00>HEALER<CB><FF>	bank1_after_pointer_table	true	needs_japanese_dialogue_glyph_map	development_verified_opening	opening dialogue	bounded opening route; no combat required	Fourteen opening records have bounded source/PPU evidence and development candidates. This is not release translation approval.
PTR-193	193	0x05F56	1	0xB2CC	0xB349	0x072DC	0x07359	27	24	1C AE 0F 83 BB 88 71 B4 00 9F B4 90 88 00 A2 AE 1E 88 99 98 B2 9A 95 8C 10 CA FF	82 95 8E 9A 8F BB 00 CB 97 88 8F 00 88 81 93 00 8B 81 8E 90 8F 95 CA FF	BUNZO<BB><00><CB>WHO<00>HAS<00>KANPOU<CA><FF>	bank1_after_pointer_table	true	needs_japanese_dialogue_glyph_map	development_verified_opening	opening dialogue	bounded opening route; no combat required	Fourteen opening records have bounded source/PPU evidence and development candidates. This is not release translation approval.
PTR-194	194	0x05F58	1	0xB2E7	0xB361	0x072F7	0x07371	41	28	88 96 9F 8B BB 85 9A 95 8C AF 00 87 82 93 85 A8 A4 8D CB F8 F9 00 81 B4 8C 96 00 9F 86 8C 94 82 93 85 88 AE 95 8E B2 CA FF	8B 95 8E 89 8F BB 00 99 8F 95 00 83 81 8E 00 83 8F 95 8E 94 00 8F 8E 00 8D 85 CA FF	KUNIO<BB><00>YOU<00>CAN<00>COUNT<00>ON<00>ME<CA><FF>	bank1_after_pointer_table	true	needs_japanese_dialogue_glyph_map	development_verified_opening	opening dialogue	bounded opening route; no combat required	Fourteen opening records have bounded source/PPU evidence and development candidates. This is not release translation approval.
PTR-195	195	0x05F5A	1	0xB310	0xA0CE	0x07320	0x060DE	20	21	1C AE 0F 83 BB 81 A8 06 93 B2 CB 00 85 AE 96 87 A9 0E CB FF	82 95 8E 9A 8F BB 00 90 8C 85 81 93 85 00 88 95 92 92 99 CA FF	BUNZO<BB><00>PLEASE<00>HURRY<CA><FF>	bank1_after_pointer_table	true	needs_japanese_dialogue_glyph_map	development_verified_opening	opening dialogue	bounded opening route; no combat required	Fourteen opening records have bounded source/PPU evidence and development candidates. This is not release translation approval.
PTR-196	196	0x05F5C	1	0xB324	0xB6F6	0x07334	0x07706	13	13	F0 BB 0A 88 AB 83 10 B4 90 95 AF CB FF	F0 BB 00 87 8F 8F 84 00 8A 8F 82 CA FF	<F0><BB><00>GOOD<00>JOB<CA><FF>	bank1_after_pointer_table	true	needs_japanese_dialogue_glyph_map	structural_unknown	unresolved pointer-dialogue context	named route, save state, or cheat state required	Present in the conservative catalog, but Japanese dialogue glyph mapping and screen context are incomplete.
PTR-197	197	0x05F5E	1	0xB331	0xB37D	0x07341	0x0738D	40	22	F0 BB 95 96 A3 86 A3 00 85 A2 B2 8B AE 99 85 86 09 10 AF CA F8 F9 00 8A AA 9E 14 00 83 AA 8C 82 8A 90 AF 98 B2 A6 CA FF	F0 BB 00 99 8F 95 00 93 81 96 85 84 00 94 88 85 00 84 81 99 CA FF	<F0><BB><00>YOU<00>SAVED<00>THE<00>DAY<CA><FF>	bank1_after_pointer_table	true	needs_japanese_dialogue_glyph_map	structural_unknown	unresolved pointer-dialogue context	named route, save state, or cheat state required	Present in the conservative catalog, but Japanese dialogue glyph mapping and screen context are incomplete.
PTR-198	198	0x05F60	1	0xB359	0xB393	0x07369	0x073A3	12	18	F0 BB 95 AF CB 00 FA 8B AE A6 CB FF	F0 BB 00 82 99 00 94 88 85 00 97 81 99 B9 00 FA CB FF	<F0><BB><00>BY<00>THE<00>WAY<B9><00><FA><CB><FF>	bank1_after_pointer_table	true	needs_japanese_dialogue_glyph_map	structural_unknown	unresolved pointer-dialogue context	named route, save state, or cheat state required	Present in the conservative catalog, but Japanese dialogue glyph mapping and screen context are incomplete.
PTR-199	199	0x05F62	1	0xB365	0xB3A5	0x07375	0x073B5	39	42	F0 BB 8A 99 00 85 8A 94 94 00 82 B4 8C B7 AE 95 B4 93 F8 F9 00 82 B4 86 AD 00 92 82 0C B5 AF 88 AA 98 B2 86 82 CC FF	F0 BB 00 8F 8B 8F 94 8F 00 81 8E 84 00 99 8F 95 F8 97 89 8C 8C 00 8D 81 8B 85 00 81 00 86 89 8E 85 00 86 81 8D 89 8C 99 BA FF	<F0><BB><00>OKOTO<00>AND<00>YOU<F8>WILL<00>MAKE<00>A<00>FINE<00>FAMILY<BA><FF>	bank1_after_pointer_table	true	needs_japanese_dialogue_glyph_map	structural_unknown	unresolved pointer-dialogue context	named route, save state, or cheat state required	Present in the conservative catalog, but Japanese dialogue glyph mapping and screen context are incomplete.
PTR-200	200	0x05F64	1	0xB38C	0xB3CF	0x0739C	0x073DF	11	17	F0 BB 95 AF CA 00 85 8A 94 CA FF	F0 BB 00 92 89 87 88 94 B9 00 8F 8B 8F 94 8F CC FF	<F0><BB><00>RIGHT<B9><00>OKOTO<CC><FF>	bank1_after_pointer_table	true	needs_japanese_dialogue_glyph_map	structural_unknown	unresolved pointer-dialogue context	named route, save state, or cheat state required	Present in the conservative catalog, but Japanese dialogue glyph mapping and screen context are incomplete.
PTR-201	201	0x05F66	1	0xB397	0xB3E0	0x073A7	0x073F0	8	16	85 8A 94 BB 9A 82 CD FF	8F 8B 8F 94 8F BB 00 8F 88 B9 00 99 85 93 CA FF	OKOTO<BB><00>OH<B9><00>YES<CA><FF>	bank1_after_pointer_table	true	needs_japanese_dialogue_glyph_map	structural_unknown	unresolved pointer-dialogue context	named route, save state, or cheat state required	Present in the conservative catalog, but Japanese dialogue glyph mapping and screen context are incomplete.
PTR-202	202	0x05F68	1	0xB39F	0xB3F1	0x073AF	0x07401	21	18	F0 BB FB 00 00 82 B4 8E 82 82 91 13 B2 99 00 90 99 A0 10 CA FF	F0 BB 00 FA B9 00 89 00 82 85 87 00 99 8F 95 CA 00 FF	<F0><BB><00><FA><B9><00>I<00>BEG<00>YOU<CA><00><FF>	bank1_after_pointer_table	true	needs_japanese_dialogue_glyph_map	structural_unknown	unresolved pointer-dialogue context	named route, save state, or cheat state required	Present in the conservative catalog, but Japanese dialogue glyph mapping and screen context are incomplete.
PTR-203	203	0x05F6A	1	0xB3B4	0xB403	0x073C4	0x07413	29	42	F0 BB 8F 83 86 82 CA CA F8 F9 00 8A AA 9E 14 00 83 AA 8C 82 8A 90 AF 98 B2 A6 CA CA FF	F0 BB 00 87 92 85 81 94 CA 00 81 00 8D 8F 8D 85 8E 94 F8 8F 86 00 95 8C 94 89 8D 81 94 85 00 88 81 90 90 89 8E 85 93 93 CA FF	<F0><BB><00>GREAT<CA><00>A<00>MOMENT<F8>OF<00>ULTIMATE<00>HAPPINESS<CA><FF>	bank1_after_pointer_table	true	needs_japanese_dialogue_glyph_map	structural_unknown	unresolved pointer-dialogue context	named route, save state, or cheat state required	Present in the conservative catalog, but Japanese dialogue glyph mapping and screen context are incomplete.
PTR-204	204	0x05F6C	1	0xB3D1	0xB42D	0x073E1	0x0743D	35	33	F0 BB 85 71 82 00 82 AC 82 0B 89 10 CA A2 13 93 B2 0F CA CA F8 F9 00 A2 13 93 B2 CA 00 A2 13 93 B2 CA FF	F0 BB 00 89 B6 8C 8C 00 8F 92 84 85 92 00 93 81 8B 85 F8 94 8F 00 83 85 8C 85 82 92 81 94 85 CA FF	<F0><BB><00>I<B6>LL<00>ORDER<00>SAKE<F8>TO<00>CELEBRATE<CA><FF>	bank1_after_pointer_table	true	needs_japanese_dialogue_glyph_map	structural_unknown	unresolved pointer-dialogue context	named route, save state, or cheat state required	Present in the conservative catalog, but Japanese dialogue glyph mapping and screen context are incomplete.
PTR-205	205	0x05F6E	1	0xB3F4	0xB44E	0x07404	0x0745E	42	47	FA BB 81 B4 8C AF 00 8A 99 94 85 A8 CB 00 90 1B 86 A7 00 90 1B 9D 99 F8 F9 00 8C 06 98 B2 95 06 AA A3 AE 13 0A 0B 82 A4 8D FF	FA BB 00 89 B6 8D 00 81 00 96 81 87 81 82 8F 8E 84 CB F8 84 92 89 86 94 89 8E 87 00 86 92 8F 8D 00 94 8F 97 8E 00 94 8F 00 94 8F 97 8E CB FF	<FA><BB><00>I<B6>M<00>A<00>VAGABOND<CB><F8>DRIFTING<00>FROM<00>TOWN<00>TO<00>TOWN<CB><FF>	bank1_after_pointer_table	true	needs_japanese_dialogue_glyph_map	structural_unknown	unresolved pointer-dialogue context	named route, save state, or cheat state required	Present in the conservative catalog, but Japanese dialogue glyph mapping and screen context are incomplete.
PTR-206	206	0x05F70	1	0xB41E	0xB47D	0x0742E	0x0748D	41	41	FA BB A3 B4 94 00 A8 B4 5A 95 85 86 90 06 85 96 81 82 10 F8 F9 00 85 8A 94 1A 10 89 CB 00 82 90 10 82 93 85 87 A4 8D A6 FF	FA BB 00 8F 8B 8F 94 8F 00 84 85 93 85 92 96 85 93 F8 93 8F 8D 85 94 88 89 8E 87 00 8D 95 83 88 00 82 85 94 94 85 92 BA FF	<FA><BB><00>OKOTO<00>DESERVES<F8>SOMETHING<00>MUCH<00>BETTER<BA><FF>	bank1_after_pointer_table	true	needs_japanese_dialogue_glyph_map	structural_unknown	unresolved pointer-dialogue context	named route, save state, or cheat state required	Present in the conservative catalog, but Japanese dialogue glyph mapping and screen context are incomplete.
PTR-207	207	0x05F72	1	0xB447	0xB4A6	0x07457	0x074B6	42	33	F0 BB 8F 83 86 82 CB 00 0B AE 98 AE 10 06 A6 F8 F9 00 85 A2 B2 8B AE 96 B5 AF 00 85 A2 B2 8B AE 99 00 82 87 86 90 06 81 A9 FF	F0 BB 00 93 8F 92 92 99 00 99 8F 95 00 86 85 85 8C 00 94 88 81 94 F8 97 81 99 CB 00 82 95 94 CB FF	<F0><BB><00>SORRY<00>YOU<00>FEEL<00>THAT<F8>WAY<CB><00>BUT<CB><FF>	bank1_after_pointer_table	true	needs_japanese_dialogue_glyph_map	structural_unknown	unresolved pointer-dialogue context	named route, save state, or cheat state required	Present in the conservative catalog, but Japanese dialogue glyph mapping and screen context are incomplete.
PTR-208	208	0x05F74	1	0xB471	0xB4C7	0x07481	0x074D7	26	16	F0 BB FA 8B AE CB F8 F9 00 8A AE 14 00 8D A9 06 96 00 87 90 94 87 B5 AF A6 FF	F0 BB 00 83 8F 8D 85 00 93 85 85 00 95 93 CB FF	<F0><BB><00>COME<00>SEE<00>US<CB><FF>	bank1_after_pointer_table	true	needs_japanese_dialogue_glyph_map	structural_unknown	unresolved pointer-dialogue context	named route, save state, or cheat state required	Present in the conservative catalog, but Japanese dialogue glyph mapping and screen context are incomplete.
PTR-209	209	0x05F76	1	0xB48B	0xB4D7	0x0749B	0x074E7	29	28	F0 BB 87 B4 94 8A 99 00 F0 82 B4 86 AD F8 F9 00 90 0D 98 93 85 88 AE 95 8E B2 A6 CB FF	F0 BB 00 97 88 85 8E 85 96 85 92 00 99 8F 95 B6 92 85 00 89 8E F8 94 8F 97 8E BA FF	<F0><BB><00>WHENEVER<00>YOU<B6>RE<00>IN<F8>TOWN<BA><FF>	bank1_after_pointer_table	true	needs_japanese_dialogue_glyph_map	structural_unknown	unresolved pointer-dialogue context	named route, save state, or cheat state required	Present in the conservative catalog, but Japanese dialogue glyph mapping and screen context are incomplete.
PTR-210	210	0x05F78	1	0xB4A8	0xB040	0x074B8	0x07050	27	31	FA BB A6 AB 8A AE 13 CA CA F8 F9 00 8F AA 0C B5 AF 00 81 B4 8C AF 8A AA 13 CB FF	FA BB 00 99 8F 95 00 87 8F 94 00 89 94 CA F8 8E 8F 97 B9 00 89 00 8D 95 93 94 00 87 8F BA FF	<FA><BB><00>YOU<00>GOT<00>IT<CA><F8>NOW<B9><00>I<00>MUST<00>GO<BA><FF>	bank1_after_pointer_table	true	needs_japanese_dialogue_glyph_map	structural_unknown	unresolved pointer-dialogue context	named route, save state, or cheat state required	Present in the conservative catalog, but Japanese dialogue glyph mapping and screen context are incomplete.
PTR-211	211	0x05F7A	1	0xB4C3	0xB4F3	0x074D3	0x07503	10	13	F0 BB 90 B4 8C B5 13 95 CB FF	F0 BB 00 86 81 92 85 97 85 8C 8C CB FF	<F0><BB><00>FAREWELL<CB><FF>	bank1_after_pointer_table	true	needs_japanese_dialogue_glyph_map	structural_unknown	unresolved pointer-dialogue context	named route, save state, or cheat state required	Present in the conservative catalog, but Japanese dialogue glyph mapping and screen context are incomplete.
PTR-212	212	0x05F7C	1	0xB4CD	0xB500	0x074DD	0x07510	10	10	85 8A 94 BB CB FA 8B AE CB FF	8F 8B 8F 94 8F BB 00 FA CB FF	OKOTO<BB><00><FA><CB><FF>	bank1_after_pointer_table	true	needs_japanese_dialogue_glyph_map	structural_unknown	unresolved pointer-dialogue context	named route, save state, or cheat state required	Present in the conservative catalog, but Japanese dialogue glyph mapping and screen context are incomplete.
PTR-213	213	0x05F7E	1	0xB4D7	0xB50A	0x074E7	0x0751A	14	16	85 8A 94 BB FA 8B 71 AE 00 FA 8B 71 AE FF	8F 8B 8F 94 8F BB 00 FA CB FA CB 93 8F 82 CB FF	OKOTO<BB><00><FA><CB><FA><CB>SOB<CB><FF>	bank1_after_pointer_table	true	needs_japanese_dialogue_glyph_map	structural_unknown	unresolved pointer-dialogue context	named route, save state, or cheat state required	Present in the conservative catalog, but Japanese dialogue glyph mapping and screen context are incomplete.
PTR-214	214	0x05F80	1	0xB4E5	0xB51A	0x074F5	0x0752A	32	40	5D 5D AE 00 5D AE 5D AE CB F8 91 B7 83 14 B3 00 0C 86 AE 94 B3 AE 00 81 82 95 A8 9F 8C 90 AF FF	84 95 8D 71 84 85 71 84 95 8D CB 84 8F 85 93 8E B6 94 F8 94 88 89 93 00 93 94 8F 92 99 00 87 92 81 82 00 99 8F 95 CC FF	DUM<71>DE<71>DUM<CB>DOESN<B6>T<F8>THIS<00>STORY<00>GRAB<00>YOU<CC><FF>	bank1_after_pointer_table	true	needs_japanese_dialogue_glyph_map	structural_unknown	unresolved pointer-dialogue context	named route, save state, or cheat state required	Present in the conservative catalog, but Japanese dialogue glyph mapping and screen context are incomplete.
PTR-215	215	0x05F82	1	0xB505	0xB542	0x07515	0x07552	44	40	A6 83 8A 8F B3 00 0A 8C AE 1E 00 82 90 10 AF 87 9F AF 8C 90 AF AE F8 9F 0D 9A AF 8A 8A A7 13 B2 00 10 AE 87 A8 9F 8D A9 06 AF AE FF	99 8F 95 00 86 89 8E 89 93 88 85 84 00 89 94 CC F8 84 8F 8E B6 94 00 99 8F 95 00 88 81 96 85 00 81 00 8C 89 86 85 CC FF	YOU<00>FINISHED<00>IT<CC><F8>DON<B6>T<00>YOU<00>HAVE<00>A<00>LIFE<CC><FF>	bank1_after_pointer_table	true	needs_japanese_dialogue_glyph_map	structural_unknown	unresolved pointer-dialogue context	named route, save state, or cheat state required	Present in the conservative catalog, but Japanese dialogue glyph mapping and screen context are incomplete.
PTR-216	216	0x05F84	1	0xB531	0xB56A	0x07541	0x0757A	42	43	9F 90 99 81 83 9B AD B4 00 90 99 B3 71 8C B0 71 A0 B0 71 96 B0 71 AE F8 82 A6 B3 B4 00 5D 5D AE 00 5D AE 5D AE 00 5D AE CA FF	8D 81 99 82 85 00 97 85 B6 8C 8C 00 8D 85 85 94 00 81 87 81 89 8E CB F8 81 8E 84 00 8B 89 83 8B 00 99 8F 95 92 00 81 93 93 CA FF	MAYBE<00>WE<B6>LL<00>MEET<00>AGAIN<CB><F8>AND<00>KICK<00>YOUR<00>ASS<CA><FF>	bank1_after_pointer_table	true	needs_japanese_dialogue_glyph_map	structural_unknown	unresolved pointer-dialogue context	named route, save state, or cheat state required	Present in the conservative catalog, but Japanese dialogue glyph mapping and screen context are incomplete.
PTR-217	217	0x05F86	1	0xB55B	0xB59A	0x0756B	0x075AA	8	9	85 8F 9F 92 B4 CA CA FF	94 88 85 00 85 8E 84 CA FF	THE<00>END<CA><FF>	bank1_after_pointer_table	true	needs_japanese_dialogue_glyph_map	structural_unknown	unresolved pointer-dialogue context	named route, save state, or cheat state required	Present in the conservative catalog, but Japanese dialogue glyph mapping and screen context are incomplete.
PTR-218	218	0x05F88	1	0xB563	0xB5A3	0x07573	0x075B3	17	25	F0 99 00 81 A7 90 95 90 1B 06 00 9A 0C 9F A9 CB FF	B6 93 00 81 84 96 85 8E 94 95 92 85 00 82 85 87 89 8E 93 00 8E 8F 97 CB FF	<B6>S<00>ADVENTURE<00>BEGINS<00>NOW<CB><FF>	bank1_after_pointer_table	true	needs_japanese_dialogue_glyph_map	structural_unknown	unresolved pointer-dialogue context	named route, save state, or cheat state required	Present in the conservative catalog, but Japanese dialogue glyph mapping and screen context are incomplete.
PTR-219	219	0x05F8A	1	0xB574	0xB5BC	0x07584	0x075CC	14	11	10 83 AE 90 83 AE 00 8D 5D 8C B5 A9 CD FF	97 85 8C 83 8F 8D 85 00 94 8F FF	WELCOME<00>TO<FF>	bank1_after_pointer_table	true	needs_japanese_dialogue_glyph_map	structural_unknown	unresolved pointer-dialogue context	named route, save state, or cheat state required	Present in the conservative catalog, but Japanese dialogue glyph mapping and screen context are incomplete.
PTR-220	220	0x05F8C	1	0xB582	0xB5C7	0x07592	0x075D7	26	34	88 96 85 88 AE 99 00 0C 10 82 09 87 10 A6 F8 0E AE 82 AE 8C B6 83 0A 83 CA FF	84 8F 97 8E 94 8F 97 8E 00 93 90 85 83 89 81 8C CB F8 88 81 89 8C B9 00 86 89 87 88 94 85 92 93 CA FF	DOWNTOWN<00>SPECIAL<CB><F8>HAIL<B9><00>FIGHTERS<CA><FF>	bank1_after_pointer_table	true	needs_japanese_dialogue_glyph_map	structural_unknown	unresolved pointer-dialogue context	named route, save state, or cheat state required	Present in the conservative catalog, but Japanese dialogue glyph mapping and screen context are incomplete.
PTR-221	221	0x05F8E	1	0xB59C	0xB5E9	0x075AC	0x075F9	8	12	5D AE 5D AE 5D AE CB FF	8D 85 85 94 00 95 93 00 89 8E CB FF	MEET<00>US<00>IN<CB><FF>	bank1_after_pointer_table	true	needs_japanese_dialogue_glyph_map	structural_unknown	unresolved pointer-dialogue context	named route, save state, or cheat state required	Present in the conservative catalog, but Japanese dialogue glyph mapping and screen context are incomplete.
PTR-222	222	0x05F90	1	0xB5A4	0xB5F5	0x075B4	0x07605	38	42	8D A9 06 0C A4 00 8B AE 0A 88 B1 00 82 91 99 B3 AE F8 9C 0C 99 B3 00 A4 9F B4 00 CB 82 A6 B3 B4 00 5D AE 5D AE FF	93 95 92 95 87 81 CB 8C 81 8E 84 00 8F 86 00 8D 99 93 94 85 92 99 CB F8 88 8F 8D 85 00 8F 86 00 8D 94 BA 00 86 95 8A 89 BA FF	SURUGA<CB>LAND<00>OF<00>MYSTERY<CB><F8>HOME<00>OF<00>MT<BA><00>FUJI<BA><FF>	bank1_after_pointer_table	true	needs_japanese_dialogue_glyph_map	structural_unknown	unresolved pointer-dialogue context	named route, save state, or cheat state required	Present in the conservative catalog, but Japanese dialogue glyph mapping and screen context are incomplete.
PTR-223	223	0x05F92	1	0xB5CA	0xB61F	0x075DA	0x0762F	23	23	83 8C 85 00 81 A7 95 A0 B0 00 14 87 B7 83 13 B2 00 AC 90 AF A9 B4 FF	81 83 92 8F 93 93 00 94 88 85 00 92 81 87 89 8E 87 00 93 85 81 CB FF	ACROSS<00>THE<00>RAGING<00>SEA<CB><FF>	bank1_after_pointer_table	true	needs_japanese_dialogue_glyph_map	structural_unknown	unresolved pointer-dialogue context	named route, save state, or cheat state required	Present in the conservative catalog, but Japanese dialogue glyph mapping and screen context are incomplete.
PTR-224	224	0x05F94	1	0xB5E1	0xB636	0x075F1	0x07646	31	25	07 A8 96 B5 AF 00 92 A6 82 06 AF AE F8 95 8B 89 96 B5 AF 00 A6 AC 82 B4 00 CB 5D AE 5D AE FF	84 95 94 99 00 83 81 8C 8C 93 CB F8 81 8E 84 00 92 8F 8D 81 8E 83 85 CB FF	DUTY<00>CALLS<CB><F8>AND<00>ROMANCE<CB><FF>	bank1_after_pointer_table	true	needs_japanese_dialogue_glyph_map	structural_unknown	unresolved pointer-dialogue context	named route, save state, or cheat state required	Present in the conservative catalog, but Japanese dialogue glyph mapping and screen context are incomplete.
PTR-225	225	0x05F96	1	0xB600	0xB64F	0x07610	0x0765F	16	21	91 B7 82 94 B3 00 8A 82 87 95 AF AE 00 81 B4 FF	8B 95 8E 89 8F B6 93 00 8C 8F 96 85 00 81 97 81 89 94 93 CB FF	KUNIO<B6>S<00>LOVE<00>AWAITS<CB><FF>	bank1_after_pointer_table	true	needs_japanese_dialogue_glyph_map	structural_unknown	unresolved pointer-dialogue context	named route, save state, or cheat state required	Present in the conservative catalog, but Japanese dialogue glyph mapping and screen context are incomplete.
PTR-226	226	0x05F98	1	0xB610	0xB664	0x07620	0x07674	28	13	10 93 B2 71 85 B3 71 94 B3 71 8A B3 71 AE F8 5D 5D AE 00 5D AE 5D AE 00 5D AE CA FF	8F 92 00 84 8F 85 93 00 93 88 85 CC FF	OR<00>DOES<00>SHE<CC><FF>	bank1_after_pointer_table	true	needs_japanese_dialogue_glyph_map	structural_unknown	unresolved pointer-dialogue context	named route, save state, or cheat state required	Present in the conservative catalog, but Japanese dialogue glyph mapping and screen context are incomplete.
PTR-227	227	0x05F9A	1	0xB62C	0xB671	0x0763C	0x07681	11	8	F0 9A 00 F1 AD 00 92 86 B4 90 FF	95 93 85 84 00 F1 BA FF	USED<00><F1><BA><FF>	bank1_after_pointer_table	true	needs_japanese_dialogue_glyph_map	structural_unknown	unresolved pointer-dialogue context	named route, save state, or cheat state required	Present in the conservative catalog, but Japanese dialogue glyph mapping and screen context are incomplete.
PTR-228	228	0x05F9C	1	0xB637	0xB679	0x07647	0x07689	31	39	A4 B4 93 B2 AE 00 87 9F 8C 90 AF 00 F4 99 00 88 96 B4 CA F8 82 B7 B3 B4 00 5D AE 5D AE CB FF	81 92 85 00 99 8F 95 00 92 85 81 84 99 00 86 8F 92 F8 94 88 89 93 00 8E 85 97 00 81 92 85 81 CC 00 99 85 81 88 CA FF	ARE<00>YOU<00>READY<00>FOR<F8>THIS<00>NEW<00>AREA<CC><00>YEAH<CA><FF>	bank1_after_pointer_table	true	needs_japanese_dialogue_glyph_map	structural_unknown	unresolved pointer-dialogue context	named route, save state, or cheat state required	Present in the conservative catalog, but Japanese dialogue glyph mapping and screen context are incomplete.
PTR-229	229	0x05F9E	1	0xB656	0xB6A0	0x07666	0x076B0	12	9	F0 9A 00 F1 AD 00 AC 90 8C 90 CB FF	F0 00 87 81 96 85 00 F1 FF	<F0><00>GAVE<00><F1><FF>	bank1_after_pointer_table	true	needs_japanese_dialogue_glyph_map	structural_unknown	unresolved pointer-dialogue context	named route, save state, or cheat state required	Present in the conservative catalog, but Japanese dialogue glyph mapping and screen context are incomplete.
PTR-230	230	0x05FA0	1	0xB662	0xB6A9	0x07672	0x076B9	11	12	F0 9A 00 F1 AD 00 8D 93 90 CB FF	F0 00 84 92 8F 90 90 85 84 00 F1 FF	<F0><00>DROPPED<00><F1><FF>	bank1_after_pointer_table	true	needs_japanese_dialogue_glyph_map	structural_unknown	unresolved pointer-dialogue context	named route, save state, or cheat state required	Present in the conservative catalog, but Japanese dialogue glyph mapping and screen context are incomplete.
PTR-231	231	0x05FA2	1	0xB66D	0xB6B5	0x0767D	0x076C5	17	18	F0 99 00 8D 93 71 90 8D 06 00 81 06 B4 90 CA CA FF	F0 B6 93 00 93 94 81 94 95 93 00 89 93 00 95 90 CA FF	<F0><B6>S<00>STATUS<00>IS<00>UP<CA><FF>	bank1_after_pointer_table	true	needs_japanese_dialogue_glyph_map	structural_unknown	unresolved pointer-dialogue context	named route, save state, or cheat state required	Present in the conservative catalog, but Japanese dialogue glyph mapping and screen context are incomplete.
PTR-232	232	0x05FA4	1	0xB67E	0xB6C7	0x0768E	0x076D7	14	15	F0 99 00 F2 06 00 F5 81 06 B4 90 CA CA FF	F0 B6 93 00 F2 00 89 93 00 95 90 00 F5 CA FF	<F0><B6>S<00><F2><00>IS<00>UP<00><F5><CA><FF>	bank1_after_pointer_table	true	needs_japanese_dialogue_glyph_map	structural_unknown	unresolved pointer-dialogue context	named route, save state, or cheat state required	Present in the conservative catalog, but Japanese dialogue glyph mapping and screen context are incomplete.
PTR-233	233	0x05FA6	1	0xB68C	0xB6D6	0x0769C	0x076E6	16	15	F0 99 00 F2 06 00 F5 86 82 9C 88 8C 90 CA CA FF	F0 B6 93 00 F2 00 95 90 00 82 99 00 F5 CA FF	<F0><B6>S<00><F2><00>UP<00>BY<00><F5><CA><FF>	bank1_after_pointer_table	true	needs_japanese_dialogue_glyph_map	structural_unknown	unresolved pointer-dialogue context	named route, save state, or cheat state required	Present in the conservative catalog, but Japanese dialogue glyph mapping and screen context are incomplete.
PTR-234	234	0x05FA8	1	0xB69C	0xB6E5	0x076AC	0x076F5	15	17	F0 99 00 F2 9A 00 8B 82 8A 83 10 B4 CA CA FF	F0 B6 93 00 F2 00 89 93 00 8D 81 98 98 85 84 CA FF	<F0><B6>S<00><F2><00>IS<00>MAXXED<CA><FF>	bank1_after_pointer_table	true	needs_japanese_dialogue_glyph_map	structural_unknown	unresolved pointer-dialogue context	named route, save state, or cheat state required	Present in the conservative catalog, but Japanese dialogue glyph mapping and screen context are incomplete.
PTR-235	235	0x05FAA	1	0xB6AB	0xA102	0x076BB	0x06112	13	23	F0 9A 00 F1 AD 00 85 1E 84 90 CA CA FF	F0 00 8C 85 81 92 8E 85 84 00 81 00 94 85 83 88 8E 89 91 95 85 CA FF	<F0><00>LEARNED<00>A<00>TECHNIQUE<CA><FF>	bank1_after_pointer_table	true	needs_japanese_dialogue_glyph_map	structural_unknown	unresolved pointer-dialogue context	named route, save state, or cheat state required	Present in the conservative catalog, but Japanese dialogue glyph mapping and screen context are incomplete.
PTR-236	236	0x05FAC	1	0xB6B8	0xB0A6	0x076C8	0x070B6	25	29	82 9F 86 A7 00 8D 93 71 90 8D 81 B4 5C 06 00 C2 1A 82 96 95 A8 9F 8D CD FF	93 94 81 94 95 93 00 8C 85 96 85 8C 93 71 95 90 00 8E 8F 97 00 84 8F 95 82 8C 85 CA FF	STATUS<00>LEVELS<71>UP<00>NOW<00>DOUBLE<CA><FF>	bank1_after_pointer_table	true	needs_japanese_dialogue_glyph_map	structural_unknown	unresolved pointer-dialogue context	named route, save state, or cheat state required	Present in the conservative catalog, but Japanese dialogue glyph mapping and screen context are incomplete.
PTR-237	237	0x05FAE	1	0xB6D1	0xB70A	0x076E1	0x0771A	23	25	86 71 8F A9 13 00 8D 87 95 1A 8C B7 96 00 82 14 83 13 87 9F 8D CD FF	95 93 85 00 8D 81 90 00 83 95 92 93 8F 92 00 94 8F 00 94 92 81 96 85 8C FF	USE<00>MAP<00>CURSOR<00>TO<00>TRAVEL<FF>	bank1_after_pointer_table	true	needs_japanese_dialogue_glyph_map	structural_unknown	unresolved pointer-dialogue context	named route, save state, or cheat state required	Present in the conservative catalog, but Japanese dialogue glyph mapping and screen context are incomplete.
PTR-238	238	0x05FB0	1	0xB6E8	0xB723	0x076F8	0x07733	12	12	F0 9A 00 F1 AD 00 9A 0D 8C 90 CB FF	F0 00 92 85 8D 8F 96 85 84 00 F1 FF	<F0><00>REMOVED<00><F1><FF>	bank1_after_pointer_table	true	needs_japanese_dialogue_glyph_map	structural_unknown	unresolved pointer-dialogue context	named route, save state, or cheat state required	Present in the conservative catalog, but Japanese dialogue glyph mapping and screen context are incomplete.
PTR-239	239	0x05FB2	1	0xB6F4	0xB72F	0x07704	0x0773F	14	10	F0 9A 00 96 8A 96 8A 8C 93 87 90 CA CA FF	F0 00 93 8D 89 8C 85 93 CA FF	<F0><00>SMILES<CA><FF>	bank1_after_pointer_table	true	needs_japanese_dialogue_glyph_map	structural_unknown	unresolved pointer-dialogue context	named route, save state, or cheat state required	Present in the conservative catalog, but Japanese dialogue glyph mapping and screen context are incomplete.
PTR-240	240	0x05FB4	1	0xB702	0xBFE7	0x07712	0x07FF7	20	15	F0 9A 00 86 A7 10 06 00 86 A9 88 95 B4 90 87 06 8C 90 CB FF	F0 00 86 85 8C 94 00 8C 89 87 88 94 85 92 FF	<F0><00>FELT<00>LIGHTER<FF>	bank1_after_pointer_table	true	needs_japanese_dialogue_glyph_map	structural_unknown	unresolved pointer-dialogue context	named route, save state, or cheat state required	Present in the conservative catalog, but Japanese dialogue glyph mapping and screen context are incomplete.
PTR-241	241	0x05FB6	1	0xB716	0xB739	0x07726	0x07749	17	16	8A AA 9A 00 A8 B4 91 95 00 9B 94 94 87 CD CD CD FF	81 00 87 92 85 81 94 00 8D 8F 8D 85 8E 94 CA FF	A<00>GREAT<00>MOMENT<CA><FF>	bank1_after_pointer_table	true	needs_japanese_dialogue_glyph_map	structural_unknown	unresolved pointer-dialogue context	named route, save state, or cheat state required	Present in the conservative catalog, but Japanese dialogue glyph mapping and screen context are incomplete.
PTR-242	242	0x05FB8	1	0xB727	0xB0C3	0x07737	0x070D3	26	28	A0 96 92 89 93 82 A9 A3 99 99 00 8A 83 86 06 00 C2 1A 82 96 95 A8 9F 8D CD FF	85 91 95 89 90 8D 85 8E 94 00 93 94 81 94 93 00 8E 8F 97 00 84 8F 95 82 8C 85 CA FF	EQUIPMENT<00>STATS<00>NOW<00>DOUBLE<CA><FF>	bank1_after_pointer_table	true	needs_japanese_dialogue_glyph_map	structural_unknown	unresolved pointer-dialogue context	named route, save state, or cheat state required	Present in the conservative catalog, but Japanese dialogue glyph mapping and screen context are incomplete.
PTR-243	243	0x05FBA	1	0xB741	0xBFF9	0x07751	0x08009	11	7	F0 9A 00 91 86 A7 92 87 90 CB FF	F0 00 86 85 8C 8C FF	<F0><00>FELL<FF>	bank1_after_pointer_table	true	needs_japanese_dialogue_glyph_map	structural_unknown	unresolved pointer-dialogue context	named route, save state, or cheat state required	Present in the conservative catalog, but Japanese dialogue glyph mapping and screen context are incomplete.
PTR-244	244	0x05FBC	1	0xB74C	0xBFF6	0x0775C	0x08006	5	3	F1 B4 CA CA FF	F1 CA FF	<F1><CA><FF>	bank1_after_pointer_table	true	missing	structural_unknown_missing_conservative_row	unresolved pointer-dialogue context	named route, save state, or cheat state required	Present in the complete English-guided pointer map but absent from the conservative catalog; investigate before translation.
PTR-245	245	0x05FBE	1	0xB751	0xBFD4	0x07761	0x07FE4	8	10	F0 82 B4 86 10 B4 CA FF	F0 00 86 81 8D 89 8C 99 CA FF	<F0><00>FAMILY<CA><FF>	bank1_after_pointer_table	true	needs_japanese_dialogue_glyph_map	structural_unknown	unresolved pointer-dialogue context	named route, save state, or cheat state required	Present in the conservative catalog, but Japanese dialogue glyph mapping and screen context are incomplete.
PTR-246	246	0x05FC0	1	0xBBF0	0xBBF0	0x07C00	0x07C00	73	73	03 C8 B1 2A 29 0F 9D 35 03 29 08 F0 08 BD 35 03 09 F0 9D 35 03 B1 2A 29 F0 9D 2D 03 C8 4C B1 BB A9 00 8D 86 06 60 30 BC 30 BC 39 BC 4A BC 5B BC 6F BC 78 BC 81 BC 8A BC 93 BC 98 BC 9D BC 30 BC 00 82 4F 00 01 83 4F 00 FF	03 C8 B1 2A 29 0F 9D 35 03 29 08 F0 08 BD 35 03 09 F0 9D 35 03 B1 2A 29 F0 9D 2D 03 C8 4C B1 BB A9 00 8D 86 06 60 30 BC 30 BC 39 BC 4A BC 5B BC 6F BC 78 BC 81 BC 8A BC 93 BC 98 BC 9D BC 30 BC 00 82 4F 00 01 83 4F 00 FF	<03><C8><B1><2A><29><0F><9D><35><03><29><08><F0><08><BD><35><03><09><F0><9D><35><03><B1><2A><29><F0><9D><2D><03><C8><4C><B1><BB><A9><00>MF<06><60><30><BC><30><BC><39><BC><4A><BC><5B><BC><6F><BC><78><BC>A<BC>J<BC>S<BC>X<BC><9D><BC><30><BC><00>B<4F><00><01>C<4F><00><FF>	bank1_after_pointer_table	false	needs_japanese_dialogue_glyph_map	structural_unknown	unresolved pointer-dialogue context	named route, save state, or cheat state required	Present in the conservative catalog, but Japanese dialogue glyph mapping and screen context are incomplete.
PTR-247	247	0x05FC2	1	0x828B	0x8D00	0x0429B	0x04D10	0	0				bank1_before_pointer_table	true	missing	structural_unknown_missing_conservative_row	unresolved pointer-dialogue context	named route, save state, or cheat state required	Present in the complete English-guided pointer map but absent from the conservative catalog; investigate before translation.
