id	context	jp_offset	jp_text	en_offset	en_text	pointer_offset	terminator	max_width	status	confidence	notes
PTR-000	Bank 1 pointer-driven text	0x05FE7	<F0><BB><8A><8A><AD><00><94><85><AE><95><8D><B4><90><86><A7><96><AF><F8><F9><00><8C><B7><83><1C><8C><93><A3><A7><82><A4><8D><0E><CA><FF>	0x05FE6	<F0><BB><00>SO<00>FIGHT<00>ME<00>OR<00>I<00>AIN<B6>T<F8>LETTING<00>YOU<00>PASS<CA><FF>	0x05DD4	0x06012	UNKNOWN	needs_japanese_dialogue_glyph_map	structural-high; Japanese glyph map pending	Pointer index is paired across base/reference. Japanese bytes remain tokenized until the dialogue tile path is mapped.
PTR-001	Bank 1 pointer-driven text	0x06009	<F0><BB><A6><00><A6><AC><8D><07><A9><CB><FF>	0x06012	<F0><BB><00>HOLY<00>SHIT<CA><FF>	0x05DD6	0x06020	UNKNOWN	needs_japanese_dialogue_glyph_map	structural-high; Japanese glyph map pending	Pointer index is paired across base/reference. Japanese bytes remain tokenized until the dialogue tile path is mapped.
PTR-002	Bank 1 pointer-driven text	0x06014	<F0><BB><9F><90><00><81><82><8C><A4><8C><90><98><CD><FF>	0x06020	<F0><BB><00>AH<71>SO<CA><00>WE<00>MEET<00>AGAIN<BA><FF>	0x05DD8	0x06039	UNKNOWN	needs_japanese_dialogue_glyph_map	structural-high; Japanese glyph map pending	Pointer index is paired across base/reference. Japanese bytes remain tokenized until the dialogue tile path is mapped.
PTR-003	Bank 1 pointer-driven text	0x06022	<F0><BB><8F><85><82><A4><AF><00><A0><B7><83><95><9C><90><A8><08><A0><06><82><A4><8C><90><98><F8><F9><00><85><A2><B2><8B><AE><06><00><8B><06><8C><93><A9><A4><92><A7><96><00><91><09><B2><98><B2><A6><FF>	0x06039	<F0><BB><00>REMEMBER<00>THOSE<00>DUDES<CC><F8>THEY<B6>RE<00>THE<00>ONES<CA><FF>	0x05DDA	0x06064	UNKNOWN	needs_japanese_dialogue_glyph_map	structural-high; Japanese glyph map pending	Pointer index is paired across base/reference. Japanese bytes remain tokenized until the dialogue tile path is mapped.
PTR-004	Bank 1 pointer-driven text	0x06054	<F0><BB><85><A2><B2><8B><AE><06><90><00><A6><8F><A3><AE><99><88><8E><96><F8><F9><00><A2><B4><5E><83><00><92><84><B2><B4><93><9A><95><8C><0C><B5><98><B2><86><82><CC><FF>	0x06064	<F0><BB><00>HOW<00>DID<00>YOU<00>BEAT<F8>MY<00>BOYS<CC><FF>	0x05DDC	0x06081	UNKNOWN	needs_japanese_dialogue_glyph_map	structural-high; Japanese glyph map pending	Pointer index is paired across base/reference. Japanese bytes remain tokenized until the dialogue tile path is mapped.
PTR-005	Bank 1 pointer-driven text	0x0607E	<F0><BB><92><A6><88><98><B2><86><82><CC><FF>	0x06081	<F0><BB><00>YOU<00>FIGHT<00>LIKE<00>A<00>WUS<CA><FF>	0x05DDE	0x0609A	UNKNOWN	needs_japanese_dialogue_glyph_map	structural-high; Japanese glyph map pending	Pointer index is paired across base/reference. Japanese bytes remain tokenized until the dialogue tile path is mapped.
PTR-006	Bank 1 pointer-driven text	0x06089	<F0><BB><85><A0><8F><AA><8C><A4><8C><90><B4><00><95><86><9F><96><8C><93><85><88><AE><95><8E><B2><FF>	0x0609A	<F0><BB><00>PLEASE<00>LET<00>ME<00>JOIN<00>YOU<CA><FF>	0x05DE0	0x060B5	UNKNOWN	needs_japanese_dialogue_glyph_map	structural-high; Japanese glyph map pending	Pointer index is paired across base/reference. Japanese bytes remain tokenized until the dialogue tile path is mapped.
PTR-007	Bank 1 pointer-driven text	0x060A2	<F0><BB><A6><AC><88><98><B2><86><82><CC><FF>	0x060B5	<F0><BB><00>HE<00>AIN<B6>T<00>NOTHIN<B6><CB>	0x05DE2	no 0xFF before next target	UNKNOWN	needs_japanese_dialogue_glyph_map	structural-high; Japanese glyph map pending	Pointer index is paired across base/reference. Japanese bytes remain tokenized until the dialogue tile path is mapped.
PTR-008	Bank 1 pointer-driven text	0x060AD	<F0><BB><81><B4><8C><A3><92><AA><93><82><B4><93><85><88><AE><95><8B><82><A6><B3><CA><FF>	0x060C9	<FF><F0><BB><00>LET<00>ME<00>COME<00>TOO<CA><FF>	0x05DE4	0x060CA	UNKNOWN	needs_japanese_dialogue_glyph_map	structural-high; Japanese glyph map pending	Pointer index is paired across base/reference. Japanese bytes remain tokenized until the dialogue tile path is mapped.
PTR-009	Bank 1 pointer-driven text	0x060C3	<F0><BB><FA><8B><AE><13><CC><00><85><93><81><AC><8E><AD><CA><FF>	0x070EF	<F0><BB><00>OK<B9><00><FA><B9><00>LET<B6>S<00>FIGHT<CA><FF>	0x05DE6	0x07106	UNKNOWN	needs_japanese_dialogue_glyph_map	structural-high; Japanese glyph map pending	Pointer index is paired across base/reference. Japanese bytes remain tokenized until the dialogue tile path is mapped.
PTR-010	Bank 1 pointer-driven text	0x060D3	<F0><BB><A2><84><A8><A4><8C><90><CA><00><8B><8D><06><CB><00><A4><92><99><82><B4><90><94><85><A8><10><F8><F9><00><81><B4><8C><A3><00><95><96><86><00><91><86><A7><96><95><A8><A4><8D><A6><FF>	0x060F3	<F0><BB><00>I GIVE UP<CA><F8>YOU<B6>RE TOO GOOD<CA><FF>	0x05DE8	0x06112	UNKNOWN	needs_japanese_dialogue_glyph_map	structural-high; Japanese glyph map pending	Pointer index is paired across base/reference. Japanese bytes remain tokenized until the dialogue tile path is mapped.
PTR-011	Bank 1 pointer-driven text	0x06102	<F0><BB><93><84><8C><90><8A><94><81><A8><A4><8E><AE><98><CB><00><8A><AE><95><9A><0D><13><9A><CB><FF>	0x06129	<F0><BB><00>YOU<00>AIN<B6>T<00>SEEN<00>NOTHIN<F8>YET<CA><FF>	0x05DEA	0x06147	UNKNOWN	needs_japanese_dialogue_glyph_map	structural-high; Japanese glyph map pending	Pointer index is paired across base/reference. Japanese bytes remain tokenized until the dialogue tile path is mapped.
PTR-013	Bank 1 pointer-driven text	0x06123	<F0><BB><8D><89><10><91><00><82><90><8C><A4><8D><CA><CA><FF>	0x0614E	<F0><BB><00>LEMME<00>KICK<00>HIM<CA><FF>	0x05DEE	0x06161	UNKNOWN	needs_japanese_dialogue_glyph_map	structural-high; Japanese glyph map pending	Pointer index is paired across base/reference. Japanese bytes remain tokenized until the dialogue tile path is mapped.
PTR-014	Bank 1 pointer-driven text	0x06132	<F0><BB><8A><9F><89><84><8A><94><9A><00><82><82><B4><8A><95><8C><10><F8><F9><00><85><A2><84><8B><AE><96><B5><AF><00><8E><AC><AE><95><B4><90><0E><CA><FF>	0x06161	<F0><BB><00>THANKS<00>A<00>LOT<CA><FF>	0x05DF0	0x06172	UNKNOWN	needs_japanese_dialogue_glyph_map	structural-high; Japanese glyph map pending	Pointer index is paired across base/reference. Japanese bytes remain tokenized until the dialogue tile path is mapped.
PTR-015	Bank 1 pointer-driven text	0x06158	<82><91><1D><84><BB><95><AE><13><84><00><85><A2><84><A7><CA><FF>	0x06172	ICHI<BB><00>WHO<00>ARE<00>YOU<00>GUYS<B9><F8>ANYWAY<CC><FF>	0x05DF2	0x06192	UNKNOWN	needs_japanese_dialogue_glyph_map	structural-high; Japanese glyph map pending	Pointer index is paired across base/reference. Japanese bytes remain tokenized until the dialogue tile path is mapped.
PTR-016	Bank 1 pointer-driven text	0x06168	<AB><88><1D><84><BB><86><9F><AC><98><84><00><A4><B4><91><A2><B2><B4><CA><FF>	0x06192	ROKU<BB><00>GET<00><B6>EM<CB><FF>	0x05DF4	0x061A1	UNKNOWN	needs_japanese_dialogue_glyph_map	structural-high; Japanese glyph map pending	Pointer index is paired across base/reference. Japanese bytes remain tokenized until the dialogue tile path is mapped.
PTR-017	Bank 1 pointer-driven text	0x0617B	<AB><88><1D><84><BB><9F><82><A8><A4><8C><90><CA><FF>	0x061A1	ROKU<BB><00>AARGH<CB><00>I<00>LOST<CA><FF>	0x05DF6	0x061B6	UNKNOWN	needs_japanese_dialogue_glyph_map	structural-high; Japanese glyph map pending	Pointer index is paired across base/reference. Japanese bytes remain tokenized until the dialogue tile path is mapped.
PTR-018	Bank 1 pointer-driven text	0x06188	<F0><BB><81><B4><8C><A7><9A><00><81><88><94><83><10><06><F8><F9><00><85><AE><95><9A><00><8B><A7><AC><98><B2><95><AF><CB><AB><88><1D><84><99><CA><FF>	0x061B6	<F0><BB><00>WE<00>MAY<00>BE<00>BAD<B9><00>BUT<00>WE<F8>DON<B6>T<00>HURT<00>WOMEN<CA><FF>	0x05DF8	0x061E1	UNKNOWN	needs_japanese_dialogue_glyph_map	structural-high; Japanese glyph map pending	Pointer index is paired across base/reference. Japanese bytes remain tokenized until the dialogue tile path is mapped.
PTR-019	Bank 1 pointer-driven text	0x061AD	<F0><BB><95><AE><13><B2><00><86><B4><91><9F><B4><90><CA><FF>	0x061E1	<F0><BB><00>WHAT<CB><CB>I<00>BEAT<00>THEM<CA><FF>	0x05DFA	0x061F7	UNKNOWN	needs_japanese_dialogue_glyph_map	structural-high; Japanese glyph map pending	Pointer index is paired across base/reference. Japanese bytes remain tokenized until the dialogue tile path is mapped.
PTR-020	Bank 1 pointer-driven text	0x061BC	<F0><BB><1B><71><B4><08><1E><8D><00><0C><AE><AB><88><96><90><99><9F><AA><93><F8><F9><00><81><95><90><06><90><AD><00><90><85><8C><9F><71><8D><98><00><85><71><89><71><CC><FF>	0x061F7	<F0><BB><00>BEEG<00>BOSS<00>JINRO<00>SENT<F8>ME<00>TO<00>KICK<00>YOUR<00>BUTTS<CA><FF>	0x05DFC	0x06226	UNKNOWN	needs_japanese_dialogue_glyph_map	structural-high; Japanese glyph map pending	Pointer index is paired across base/reference. Japanese bytes remain tokenized until the dialogue tile path is mapped.
PTR-021	Bank 1 pointer-driven text	0x061E7	<F0><BB><8D><93><87><95><00><91><B6><83><0A><88><0C><AE><00><8C><B7><83><86><82><8C><9F><71><8D><F8><F9><00><A8><88><91><B6><83><99><00><85><AE><8E><AE><96><00><82><9F><71><8D><FF>	0x06226	<F0><BB><00>I<B6>M<00>GONNA<00>KICK<00>YOUR<F8>ASSES<00>ALL<00>THE<00>WAY<00>TO<00>CHINA<CA><FF>	0x05DFE	0x06259	UNKNOWN	needs_japanese_dialogue_glyph_map	structural-high; Japanese glyph map pending	Pointer index is paired across base/reference. Japanese bytes remain tokenized until the dialogue tile path is mapped.
PTR-023	Bank 1 pointer-driven text	0x06221	<F0><BB><1B><71><B4><08><1E><8D><00><0C><AE><AB><88><96><00><8C><86><A7><AA><9F><71><8D><FF>	0x06259	<F0><BB><00>JINRO<00>WILL<00>SEE<00>YA<00>NOW<CA><FF>	0x05E02	0x06273	UNKNOWN	needs_japanese_dialogue_glyph_map	structural-high; Japanese glyph map pending	Pointer index is paired across base/reference. Japanese bytes remain tokenized until the dialogue tile path is mapped.
PTR-024	Bank 1 pointer-driven text	0x06238	<F0><BB><81><95><90><06><81><90><A7><8C><82><00><1B><71><B4><08><1E><8D><98><CD><FF>	0x06273	<F0><BB><00>SO<B9><00>YOU<B6>RE<00>BEEG<00>BOSS<CB><FF>	0x05E04	0x0628C	UNKNOWN	needs_japanese_dialogue_glyph_map	structural-high; Japanese glyph map pending	Pointer index is paired across base/reference. Japanese bytes remain tokenized until the dialogue tile path is mapped.
PTR-025	Bank 1 pointer-driven text	0x0624D	<F0><BB><81><88><94><83><95><AE><0B><00><8C><B7><8E><AE><90><82><8C><90><8A><90><AF><95><82><A4><95><F8><F9><00><81><B4><8C><9B><94><A8><13><00><0C><B6><83><1C><AE><13><B2><CA><FF>	0x0628C	<F0><BB><00>I<B6>LL<00>SHOW<00>THESE<00>LOSERS<F8>A<00>THING<00>OR<00>TWO<CA><FF>	0x05E06	0x062B6	UNKNOWN	needs_japanese_dialogue_glyph_map	structural-high; Japanese glyph map pending	Pointer index is paired across base/reference. Japanese bytes remain tokenized until the dialogue tile path is mapped.
PTR-026	Bank 1 pointer-driven text	0x0627A	<F0><BB><85><A2><B2><90><91><06><00><8A><AE><95><96><92><84><B2><90><AF><95><CB><F8><F9><00><10><06><00><9D><82><8C><91><99><81><96><87><96><B5><00><86><95><83><A2><B2><CA><FF>	0x062B6	<F0><BB><00>JEEZ<B9><00>YOU<B6>RE<00>TOUGH<B9><00>BUT<F8>HEISI<00>WILL<00>CRUSH<00>YOU<CA><CA><FF>	0x05E08	0x062E8	UNKNOWN	needs_japanese_dialogue_glyph_map	structural-high; Japanese glyph map pending	Pointer index is paired across base/reference. Japanese bytes remain tokenized until the dialogue tile path is mapped.
PTR-027	Bank 1 pointer-driven text	0x062A6	<F0><BB><9A><B4><00><9A><B4><00><9A><B4><00><81><1A><A6><B4><CA><00><81><88><94><83><CA><FF>	0x062E8	<F0><BB><00>NYAH<CA><00>LATER<CB><FF>	0x05E0A	0x062F8	UNKNOWN	needs_japanese_dialogue_glyph_map	structural-high; Japanese glyph map pending	Pointer index is paired across base/reference. Japanese bytes remain tokenized until the dialogue tile path is mapped.
PTR-028	Bank 1 pointer-driven text	0x062BD	<F0><BB><85><A2><B2><90><91><86><82><CA><00><81><88><94><83><93><B2><99><9A><FF>	0x062F8	<F0><BB><00>HEY<CA><00>YOU<B6>RE<00>THOSE<F8>TWO<00>BAD<71>ASSES<CC><FF>	0x05E0C	0x0631C	UNKNOWN	needs_japanese_dialogue_glyph_map	structural-high; Japanese glyph map pending	Pointer index is paired across base/reference. Japanese bytes remain tokenized until the dialogue tile path is mapped.
PTR-029	Bank 1 pointer-driven text	0x062D1	<F0><BB><82><10><93><AE><99><F0><8B><AE><06><F8><F9><00><81><82><93><96><95><B4><93><A4><A9><0E><CA><FF>	0x0631C	<F0><BB><00>I<B6>M<00>KINSU<CB><00>LET<B6>S<F8>BOOGIE<CA><FF>	0x05E0E	0x06338	UNKNOWN	needs_japanese_dialogue_glyph_map	structural-high; Japanese glyph map pending	Pointer index is paired across base/reference. Japanese bytes remain tokenized until the dialogue tile path is mapped.
PTR-030	Bank 1 pointer-driven text	0x062EB	<F0><BB><90><8C><86><96><92><84><B2><CB><00><81><B4><8C><99><9F><89><B4><8D><A6><F8><F9><00><81><88><94><83><96><8C><94><88><95><AF><00><A3><B4><93><B2><98><B2><9A><95><8C><10><CA><FF>	0x06338	<F0><BB><00>DAMN<CA><00>TOO<00>BAD<00>YOU<B6>RE<F8>ON<00>THE<00>WRONG<00>SIDE<BA><FF>	0x05E10	0x06363	UNKNOWN	needs_japanese_dialogue_glyph_map	structural-high; Japanese glyph map pending	Pointer index is paired across base/reference. Japanese bytes remain tokenized until the dialogue tile path is mapped.
PTR-031	Bank 1 pointer-driven text	0x06319	<F0><BB><9D><82><8C><91><99><81><96><87><96><00><A6><B3><88><92><90><84><94><82><93><A4><A9><0E><FF>	0x06363	<F0><BB><00>I<B6>M<00>GONNA<00>TELL<00>MY<F8>BROTHER<B9><00>HEISI<CA><FF>	0x05E12	0x06388	UNKNOWN	needs_japanese_dialogue_glyph_map	structural-high; Japanese glyph map pending	Pointer index is paired across base/reference. Japanese bytes remain tokenized until the dialogue tile path is mapped.
PTR-032	Bank 1 pointer-driven text	0x06332	<F0><BB><14><83><13><B2><CC><00><81><B4><8C><99><00><9A><A4><8B><96><B5><AF><F8><F9><00><92><82><93><8A><A7><AA><A2><B2><CA><FF>	0x06388	<F0><BB><00>CATCH<00>ME<00>IF<00>YOU<00>CAN<CA><FF>	0x05E14	0x063A0	UNKNOWN	needs_japanese_dialogue_glyph_map	structural-high; Japanese glyph map pending	Pointer index is paired across base/reference. Japanese bytes remain tokenized until the dialogue tile path is mapped.
PTR-033	Bank 1 pointer-driven text	0x06352	<F0><BB><81><B4><8C><06><00><9D><82><8C><91><13><0A><0B><AE><8D><FF>	0x063A0	<F0><BB><00>HEY<CA><00>I<B6>M<00>HEISI<CB><FF>	0x05E16	0x063B3	UNKNOWN	needs_japanese_dialogue_glyph_map	structural-high; Japanese glyph map pending	Pointer index is paired across base/reference. Japanese bytes remain tokenized until the dialogue tile path is mapped.
PTR-034	Bank 1 pointer-driven text	0x06363	<F0><BB><92><A6><82><CB><00><85><A2><B2><8B><AE><90><91><B5><82><B4><90><82><F8><F9><00><95><96><A3><AE><95><AE><13><B2><CA><FF>	0x063B3	<F0><BB><00>GAWD<B9><00>YOU<B6>RE<00>TOUGH<CA><FF>	0x05E18	0x063CA	UNKNOWN	needs_japanese_dialogue_glyph_map	structural-high; Japanese glyph map pending	Pointer index is paired across base/reference. Japanese bytes remain tokenized until the dialogue tile path is mapped.
PTR-035	Bank 1 pointer-driven text	0x06383	<F0><BB><10><06><00><0C><AE><AB><88><99><00><85><85><85><A4><1C><AE><9A><F8><F9><00><85><A2><B2><8B><AE><90><91><90><AF><91><B0><94><91><06><83><0E><CA><FF>	0x063CA	<F0><BB><00>BEEG<00>BOSS<00>JINRO<F8>WILL<00>FIX<00>YOU<CA><FF>	0x05E1A	0x063EB	UNKNOWN	needs_japanese_dialogue_glyph_map	structural-high; Japanese glyph map pending	Pointer index is paired across base/reference. Japanese bytes remain tokenized until the dialogue tile path is mapped.
PTR-036	Bank 1 pointer-driven text	0x063AA	<F0><BB><81><B4><8C><9A><00><96><09><A3><86><88><AA><A3><00><8C><A4><8E><AE><0E><CA><FF>	0x063EB	<F0><BB><00>I<00>WON<B6>T<00>RUN<FF>	0x05E1C	0x063FA	UNKNOWN	needs_japanese_dialogue_glyph_map	structural-high; Japanese glyph map pending	Pointer index is paired across base/reference. Japanese bytes remain tokenized until the dialogue tile path is mapped.
PTR-037	Bank 1 pointer-driven text	0x063C0	<F0><BB><81><B4><8C><06><00><81><82><93><96><95><A8><A4><8C><B7><83><CB><FF>	0x063FA	<F0><BB><00>FIGHT<00>ME<00>NOW<CA><FF>	0x05E1E	0x0640B	UNKNOWN	needs_japanese_dialogue_glyph_map	structural-high; Japanese glyph map pending	Pointer index is paired across base/reference. Japanese bytes remain tokenized until the dialogue tile path is mapped.
PTR-038	Bank 1 pointer-driven text	0x063D3	<F0><BB><95><AE><94><CA><00><85><A2><B2><8B><AE><90><91><B5><00><FB><00><8B><AE><99><CC><F8><F9><00><94><A7><0F><83><99><00><82><91><A0><0C><B5><00><98><B2><AE><13><8D><86><82><CC><FF>	0x0640B	<F0><BB><00>YOU<00>WORK<00>FOR<00><FB><00><CC><F8>I<00>THOUGHT<00>YOU<00>SERVED<00>TORA<CA><FF>	0x05E20	0x0643A	UNKNOWN	needs_japanese_dialogue_glyph_map	structural-high; Japanese glyph map pending	Pointer index is paired across base/reference. Japanese bytes remain tokenized until the dialogue tile path is mapped.
PTR-039	Bank 1 pointer-driven text	0x06401	<F0><BB><A3><83><8C><AC><89><98><B2><00><8A><8A><9A><9B><94><92><F8><F9><00><8A><99><0C><AE><AB><88><96><00><9B><94><9A><10><97><06><8B><8C><93><85><88><AE><95><8E><B2><FF>	0x0643A	<F0><BB><00>SORRY<B9><00>PAL<CB>HEY<B9><F8>GIMME<00>A<00>BREAK<CA><FF>	0x05E22	0x0645C	UNKNOWN	needs_japanese_dialogue_glyph_map	structural-high; Japanese glyph map pending	Pointer index is paired across base/reference. Japanese bytes remain tokenized until the dialogue tile path is mapped.
PTR-040	Bank 1 pointer-driven text	0x0642C	<F0><BB><83><91><99><00><FB><01><AD><00><8D><89><B4><94><96><00><14><B3><13><B2><CC><FF>	0x0645C	<F0><BB><00>TAKE<00><FB><01><00>WITH<00>YOU<CA><FF>	0x05E24	0x06471	UNKNOWN	needs_japanese_dialogue_glyph_map	structural-high; Japanese glyph map pending	Pointer index is paired across base/reference. Japanese bytes remain tokenized until the dialogue tile path is mapped.
PTR-041	Bank 1 pointer-driven text	0x06442	<F0><BB><86><85><13><A3><81><A7><B4><93><00><13><95><85><8C><93><87><95><8E><B2><FF>	0x06471	<F0><BB><00>PHEW<CB><00>YOU<00>NEED<00>A<F8>BATH<CA><FF>	0x05E26	0x0648B	UNKNOWN	needs_japanese_dialogue_glyph_map	structural-high; Japanese glyph map pending	Pointer index is paired across base/reference. Japanese bytes remain tokenized until the dialogue tile path is mapped.
PTR-042	Bank 1 pointer-driven text	0x06457	<F0><BB><85><AE><96><87><A9><0E><CA><FF>	0x0648B	<F0><BB><00>I<00>OWE<00>YA<00>ONE<CA><FF>	0x05E28	0x0649C	UNKNOWN	needs_japanese_dialogue_glyph_map	structural-high; Japanese glyph map pending	Pointer index is paired across base/reference. Japanese bytes remain tokenized until the dialogue tile path is mapped.
PTR-043	Bank 1 pointer-driven text	0x06461	<F0><BB><FA><8B><AE><00><82><82><A3><99><AD><00><A3><B4><93><87><A4><8C><90><CA><F8><F9><00><9A><A4><A8><A4><9F><82><96><87><88><00><86><AE><5E><83><A4><88><10><8F><83><13><CB><FF>	0x0649C	<F0><BB><00>HERE<B9><00><FA><B9><00>TAKE<F8>THIS<00>KANPOU<BA><FF>	0x05E2A	0x064BA	UNKNOWN	needs_japanese_dialogue_glyph_map	structural-high; Japanese glyph map pending	Pointer index is paired across base/reference. Japanese bytes remain tokenized until the dialogue tile path is mapped.
PTR-044	Bank 1 pointer-driven text	0x0648E	<F0><BB><FB><00><8B><AE><96><00><AC><90><8C><93><85><87><A4><8C><90><A6><FF>	0x064BA	<F0><BB><00>USE<00>IT<00>TO<00>CURE<00><FB><00><CA><FF>	0x05E2C	0x064D0	UNKNOWN	needs_japanese_dialogue_glyph_map	structural-high; Japanese glyph map pending	Pointer index is paired across base/reference. Japanese bytes remain tokenized until the dialogue tile path is mapped.
PTR-045	Bank 1 pointer-driven text	0x064A1	<F0><BB><5C><5C><B4><CB><00><8E><B4><8C><B5><9A><00><94><A7><0F><83><82><B4><86><99><00><A3><99><F8><F9><00><83><87><A6><99><85><96><A2><00><93><AE><96><86><AC><B4><93><8E><82><1A><82><82><90><8D><FF>	0x064D0	<F0><BB><00>I<B6>M<00>TORA<B6>S<00>HOLY<00>GUARD<BA><F8>PREPARE<00>FOR<00>HEAVEN<B6>S<00>WRATH<CA><FF>	0x05E2E	0x06506	UNKNOWN	needs_japanese_dialogue_glyph_map	structural-high; Japanese glyph map pending	Pointer index is paired across base/reference. Japanese bytes remain tokenized until the dialogue tile path is mapped.
PTR-046	Bank 1 pointer-driven text	0x064D3	<F0><BB><5C><5C><B4><CB><00><95><AE><94><CC><FF>	0x06509	<F0><BB><00>HEH<CB>WHAT<CC><FF>	0x05E30	0x06516	UNKNOWN	needs_japanese_dialogue_glyph_map	structural-high; Japanese glyph map pending	Pointer index is paired across base/reference. Japanese bytes remain tokenized until the dialogue tile path is mapped.
PTR-047	Bank 1 pointer-driven text	0x064DF	<F0><BB><9C><A7><91><95><00><81><88><94><83><A2><F8><F9><00><85><97><8C><A7><99><A3><83><8D><8A><94><9A><00><A6><88><AC><86><A7><AE><CB><FF>	0x06516	<F0><BB><00>LOUSY<00>FOREIGNERS<CB><F8>YOUR<00>ENGLISH<00>SUCKS<CA><FF>	0x05E32	0x0653F	UNKNOWN	needs_japanese_dialogue_glyph_map	structural-high; Japanese glyph map pending	Pointer index is paired across base/reference. Japanese bytes remain tokenized until the dialogue tile path is mapped.
PTR-048	Bank 1 pointer-driven text	0x06502	<F0><BB><5C><5C><B4><CB><00><82><92><0F><A4><9A><00><8D><9F><97><8A><94><AD><CB><F8><F9><00><8E><B4><8C><B5><99><00><9C><86><88><13><0A><0B><B4><90><FF>	0x0653F	<F0><BB><00>HEY<CA><00>GIMME<00>A<00>BREAK<BA><F8>LET<00>BYGONES<00>BE<00>BYGONES<CB><FF>	0x05E34	0x0656E	UNKNOWN	needs_japanese_dialogue_glyph_map	structural-high; Japanese glyph map pending	Pointer index is paired across base/reference. Japanese bytes remain tokenized until the dialogue tile path is mapped.
PTR-049	Bank 1 pointer-driven text	0x06528	<F0><BB><85><97><8C><A7><96><00><86><8E><82><8B><8E><93><9A><88><AA><97><86><CC><FF>	0x0609A	<F0><BB><00>PLEASE<00>LET<00>ME<00>JOIN<00>YOU<CA><FF>	0x05E36	0x060B5	UNKNOWN	needs_japanese_dialogue_glyph_map	structural-high; Japanese glyph map pending	Pointer index is paired across base/reference. Japanese bytes remain tokenized until the dialogue tile path is mapped.
PTR-050	Bank 1 pointer-driven text	0x0653D	<F0><BB><5C><5C><B4><CB><00><86><90><0C><89><95><82><CB><FF>	0x0656E	<F0><BB><00>LATER<B9><00>BUD<CB><FF>	0x05E38	0x0657D	UNKNOWN	needs_japanese_dialogue_glyph_map	structural-high; Japanese glyph map pending	Pointer index is paired across base/reference. Japanese bytes remain tokenized until the dialogue tile path is mapped.
PTR-051	Bank 1 pointer-driven text	0x0654C	<F0><BB><5C><5C><5C><B4><CB><00><8C><92><AA><82><92><86><9F><92><A9><CA><FF>	0x0657D	<F0><BB><00>HEEHEE<CB><CB><FF>	0x05E3A	0x06589	UNKNOWN	needs_japanese_dialogue_glyph_map	structural-high; Japanese glyph map pending	Pointer index is paired across base/reference. Japanese bytes remain tokenized until the dialogue tile path is mapped.
PTR-052	Bank 1 pointer-driven text	0x0655F	<F0><BB><95><AE><99><83><A7><A0><A3><81><A8><A4><8E><AE><06><CB><F8><F9><00><8A><AA><A3><00><94><8E><82><99><07><A8><96><0A><0B><AE><8D><00><0A><A2><AE><95><8D><B4><93><FF>	0x06589	<F0><BB><00>NOTHING<00>PERSONAL<CB><F8>SORRY<CA><FF>	0x05E3C	0x065A5	UNKNOWN	needs_japanese_dialogue_glyph_map	structural-high; Japanese glyph map pending	Pointer index is paired across base/reference. Japanese bytes remain tokenized until the dialogue tile path is mapped.
PTR-053	Bank 1 pointer-driven text	0x0658A	<F0><BB><85><A2><B2><8B><AE><9A><00><FB><00><8B><AE><99><00><87><B5><88><0C><AE><86><82><F8><F9><00><95><A9><9E><14><00><9B><13><B2><9A><95><8C><10><00><A5><A9><8E><98><B2><CA><FF>	0x065A5	<F0><BB><00>YOU<00>WORK<00>FOR<00><FB><00><CC><F8>WELL<B9><00>I<00>HAVE<00>SOME<00>NEWS<CB><FF>	0x05E3E	0x065D1	UNKNOWN	needs_japanese_dialogue_glyph_map	structural-high; Japanese glyph map pending	Pointer index is paired across base/reference. Japanese bytes remain tokenized until the dialogue tile path is mapped.
PTR-054	Bank 1 pointer-driven text	0x065B7	<F0><BB><A1><8D><A2><AD><8B><A7><B4><90><99><9A><00><94><A7><0F><83><96><91><09><B2><98><B2><FF>	0x065D1	<F0><BB><00>TORA<00>TOOK<00>THE<00>GIRL<CA><FF>	0x05E40	0x065E8	UNKNOWN	needs_japanese_dialogue_glyph_map	structural-high; Japanese glyph map pending	Pointer index is paired across base/reference. Japanese bytes remain tokenized until the dialogue tile path is mapped.
PTR-055	Bank 1 pointer-driven text	0x065CF	<F0><BB><8D><89><B4><94><8C><93><B2><99><9A><00><A4><9F><A4><9F><10><06><00><07><A8><06><81><A9><F8><F9><00><86><AC><A8><94><82><B4><91><B5><AF><95><AE><10><06><CB><FF>	0x065E8	<F0><BB><00>I<00>CAN<B6>T<00>GO<00>WITH<00>YOU<B9><00>SO<B9><F8>INSTEAD<CB><00>LET<00>ME<00>TEACH<00>YOU<FF>	0x05E42	0x0661E	UNKNOWN	needs_japanese_dialogue_glyph_map	structural-high; Japanese glyph map pending	Pointer index is paired across base/reference. Japanese bytes remain tokenized until the dialogue tile path is mapped.
PTR-056	Bank 1 pointer-driven text	0x065F9	<F0><BB><8A><99><00><14><8D><AD><83><89><94><B4><93><88><AA><00><81><B4><8C><99><00><82><99><91><10><FF>	0x0661E	<F0><BB><00>MY<00>FAMOUS<00>DAGGER<00>ATTACK<CA><FF>	0x05E44	0x0663A	UNKNOWN	needs_japanese_dialogue_glyph_map	structural-high; Japanese glyph map pending	Pointer index is paired across base/reference. Japanese bytes remain tokenized until the dialogue tile path is mapped.
PTR-057	Bank 1 pointer-driven text	0x06613	<F0><BB><A3><83><8C><AC><89><0A><0B><AE><8E><AE><06><00><8A><AA><A3><00><94><8E><82><10><CB><FF>	0x0706F	<F0><BB><00>I<00>MUST<00>LEAVE<00>NOW<CB><FF>	0x05E46	0x07084	UNKNOWN	needs_japanese_dialogue_glyph_map	structural-high; Japanese glyph map pending	Pointer index is paired across base/reference. Japanese bytes remain tokenized until the dialogue tile path is mapped.
PTR-058	Bank 1 pointer-driven text	0x0662B	<F0><BB><84><AE><06><81><B4><90><A7><00><9F><90><85><81><82><8C><A4><8C><B7><83><FF>	0x0663A	<F0><BB><00>CATCH<00>YA<00>LATER<CB><FF>	0x05E48	0x0664D	UNKNOWN	needs_japanese_dialogue_glyph_map	structural-high; Japanese glyph map pending	Pointer index is paired across base/reference. Japanese bytes remain tokenized until the dialogue tile path is mapped.
PTR-059	Bank 1 pointer-driven text	0x06640	<F0><BB><94><A7><0F><83><8B><AE><AD><00><8B><06><8C><93><A9><B4><93><B2><99><9A><F8><F9><00><85><A2><B2><90><91><86><B0><00><A4><A2><94><87><95><00><AB><88><95><8A><94><06><98><B2><FF>	0x0664D	<F0><BB><00>LOOKING<00>FOR<00>TORA<CC><F8>BE<00>CAREFUL<CA><FF>	0x05E4A	0x0666E	UNKNOWN	needs_japanese_dialogue_glyph_map	structural-high; Japanese glyph map pending	Pointer index is paired across base/reference. Japanese bytes remain tokenized until the dialogue tile path is mapped.
PTR-060	Bank 1 pointer-driven text	0x0666E	<F0><BB><94><A7><0F><83><8B><AE><9A><00><85><AE><95><AD><8B><A7><83><9E><14><F8><F9><00><85><91><1C><AA><91><B5><AF><82><98><B2><A6><FF>	0x0666E	<F0><BB><00>TORA<00>WOULDN<B6>T<00>KIDNAP<F8>A<00>GIRL<B9><00>WOULD<00>HE<CC><FF>	0x05E4C	0x06698	UNKNOWN	needs_japanese_dialogue_glyph_map	structural-high; Japanese glyph map pending	Pointer index is paired across base/reference. Japanese bytes remain tokenized until the dialogue tile path is mapped.
PTR-061	Bank 1 pointer-driven text	0x06690	<F0><BB><85><AE><95><AD><8B><A7><B4><90><99><9A><F8><F9><00><FB><02><00><94><00><FB><03><00><B4><93><B2><A4><92><A7><10><FF>	0x06698	<F0><BB><00>I<B6>M<00>TELLING<00>YA<B9><00><FB><02><F8>AND<00><FB><03><00>GRABBED<00>HER<CA><FF>	0x05E4E	0x066C2	UNKNOWN	needs_japanese_dialogue_glyph_map	structural-high; Japanese glyph map pending	Pointer index is paired across base/reference. Japanese bytes remain tokenized until the dialogue tile path is mapped.
PTR-062	Bank 1 pointer-driven text	0x066AF	<F0><BB><AB><88><95><8A><94><06><98><B2><B4><93><00><82><B4><90><AB><FF>	0x066C2	<F0><BB><00>THEY<B6>RE<00>DANGEROUS<FF>	0x05E50	0x066D7	UNKNOWN	needs_japanese_dialogue_glyph_map	structural-high; Japanese glyph map pending	Pointer index is paired across base/reference. Japanese bytes remain tokenized until the dialogue tile path is mapped.
PTR-063	Bank 1 pointer-driven text	0x066C1	<F0><BB><FA><B4><93><B2><99><9A><00><85><A2><B2><8B><AE><86><82><CC><F8><F9><00><83><13><06><90><92><B4><93><B2><00><93><B2><8C><90><00><83><AC><8B><10><0E><CA><FF>	0x066D7	<F0><BB><00>YOU<B6>RE<00><FA><CC><00>I<00>HEARD<F8>YOU<B6>RE<00>PRETTY<00>TOUGH<CA><FF>	0x05E52	0x06701	UNKNOWN	needs_japanese_dialogue_glyph_map	structural-high; Japanese glyph map pending	Pointer index is paired across base/reference. Japanese bytes remain tokenized until the dialogue tile path is mapped.
PTR-064	Bank 1 pointer-driven text	0x066EA	<F0><BB><85><A2><B2><8B><AE><99><95><86><9F><94><A4><A7><96><00><8C><93><88><AA><98><B2><86><B0><FF>	0x0609A	<F0><BB><00>PLEASE<00>LET<00>ME<00>JOIN<00>YOU<CA><FF>	0x05E54	0x060B5	UNKNOWN	needs_japanese_dialogue_glyph_map	structural-high; Japanese glyph map pending	Pointer index is paired across base/reference. Japanese bytes remain tokenized until the dialogue tile path is mapped.
PTR-065	Bank 1 pointer-driven text	0x06703	<F0><BB><8F><8A><AD><00><95><AE><94><86><CA><FF>	0x06701	<F0><BB><00>PLEASE<CA><FF>	0x05E56	0x0670C	UNKNOWN	needs_japanese_dialogue_glyph_map	structural-high; Japanese glyph map pending	Pointer index is paired across base/reference. Japanese bytes remain tokenized until the dialogue tile path is mapped.
PTR-066	Bank 1 pointer-driven text	0x0670F	<F0><BB><13><95><85><8C><93><88><A9><0E><CA><FF>	0x0670C	<F0><BB><00>I<B6>LL<00>BE<00>BACK<CA><FF>	0x05E58	0x0671D	UNKNOWN	needs_japanese_dialogue_glyph_map	structural-high; Japanese glyph map pending	Pointer index is paired across base/reference. Japanese bytes remain tokenized until the dialogue tile path is mapped.
PTR-067	Bank 1 pointer-driven text	0x0671B	<FB><02><BB><A1><8D><A2><AD><8B><A7><B4><90><99><9A><90><8C><86><96><00><81><B4><8C><A7><10><F8><F9><00><81><A9><9B><94><96><00><90><99><9F><AA><90><B4><93><B2><AC><89><10><FF>	0x0671D	<FB><02><BB><00>YEAH<B9><00>WE<00>GRABBED<00>THE<F8>GIRL<CB>FOR<00>THE<00>GREAT<00>ONE<FF>	0x05E5A	0x0674D	UNKNOWN	needs_japanese_dialogue_glyph_map	structural-high; Japanese glyph map pending	Pointer index is paired across base/reference. Japanese bytes remain tokenized until the dialogue tile path is mapped.
PTR-068	Bank 1 pointer-driven text	0x06747	<FB><03><BB><86><84><8C><93><9E><8C><89><AA><1A><00><81><B4><8C><A7><96><86><92><8A><94><10><F8><F9><00><86><93><AA><1A><99><9A><95><8C><10><06><95><FF>	0x0674D	<F0><BB><00>GOTTA<00>BEAT<00>US<00>IF<F8>YA<00>WANT<00>HER<00>BACK<CA><FF>	0x05E5C	0x06773	UNKNOWN	needs_japanese_dialogue_glyph_map	structural-high; Japanese glyph map pending	Pointer index is paired across base/reference. Japanese bytes remain tokenized until the dialogue tile path is mapped.
PTR-069	Bank 1 pointer-driven text	0x0676D	<F0><BB><9B><13><B2><CA><00><81><99><A4><AB><83><00><96><09><A4><06><B4><90><0E><CA><F8><F9><00><8C><AE><0C><A7><AA><98><B2><CB><FF>	0x06773	<F0><BB><00>THAT<00>BOZO<00>RAN<00>AWAY<CA><F8>UNBELIEVABLE<CA><FF>	0x05E5E	0x06798	UNKNOWN	needs_japanese_dialogue_glyph_map	structural-high; Japanese glyph map pending	Pointer index is paired across base/reference. Japanese bytes remain tokenized until the dialogue tile path is mapped.
PTR-070	Bank 1 pointer-driven text	0x0678E	<F0><BB><84><B2><82><00><8B><B4><8B><94><00><94><14><A2><AD><8B><8C><A4><06><AA><82><CA><FF>	0x06798	<F0><BB><00>FINISH<00>IT<B9><00>DAMN<00>YOU<CA><FF>	0x05E60	0x067B0	UNKNOWN	needs_japanese_dialogue_glyph_map	structural-high; Japanese glyph map pending	Pointer index is paired across base/reference. Japanese bytes remain tokenized until the dialogue tile path is mapped.
PTR-071	Bank 1 pointer-driven text	0x067A5	<F0><BB><81><B4><8C><AD><00><A0><99><06><8D><B4><93><B2><CC><00><CB><8A><83><86><82><8D><A9><0E><FF>	0x067B0	<F0><BB><00>YOU<B6>LL<00>REGRET<00>LETTING<F8>ME<00>GO<CB><FF>	0x05E62	0x067D0	UNKNOWN	needs_japanese_dialogue_glyph_map	structural-high; Japanese glyph map pending	Pointer index is paired across base/reference. Japanese bytes remain tokenized until the dialogue tile path is mapped.
PTR-072	Bank 1 pointer-driven text	0x067BE	<F0><BB><8A><99><93><84><14><99><83><13><13><00><81><B4><8C><A7><96><90><93><92><8A><83><90><AF><F8><F9><00><1A><86><95><9A><95><8C><A6><CB><FF>	0x067D0	<F0><BB><00>YOU<00>AND<00>WHO<B6>S<00>ARMY<F8>WILL<00>STOP<00>US<CC><FF>	0x05E64	0x067F4	UNKNOWN	needs_japanese_dialogue_glyph_map	structural-high; Japanese glyph map pending	Pointer index is paired across base/reference. Japanese bytes remain tokenized until the dialogue tile path is mapped.
PTR-073	Bank 1 pointer-driven text	0x067E2	<F0><BB><83><0A><89><A9><83><91><96><00><8B><B4><8B><94><96><09><91><9F><83><8A><94><10><CA><FF>	0x067F4	<F0><BB><00>RUN<00>WHILE<00>YOU<00>CAN<CA><FF>	0x05E66	0x0680A	UNKNOWN	needs_japanese_dialogue_glyph_map	structural-high; Japanese glyph map pending	Pointer index is paired across base/reference. Japanese bytes remain tokenized until the dialogue tile path is mapped.
PTR-074	Bank 1 pointer-driven text	0x067FA	<F0><BB><85><A2><B2><A7><86><82><00><88><8F><83><CB><FF>	0x0680A	<F0><BB><00>YOU<00>AGAIN<CB>DAMN<CA><FF>	0x05E68	0x0681D	UNKNOWN	needs_japanese_dialogue_glyph_map	structural-high; Japanese glyph map pending	Pointer index is paired across base/reference. Japanese bytes remain tokenized until the dialogue tile path is mapped.
PTR-075	Bank 1 pointer-driven text	0x06808	<F0><BB><90><82><8C><90><8A><94><00><98><B2><0C><B5><AF><98><B2><86><82><FF>	0x0681D	<F0><BB><00>YOU<B6>RE<00>A<00>BIG<00>JOKE<CA><FF>	0x05E6A	0x06833	UNKNOWN	needs_japanese_dialogue_glyph_map	structural-high; Japanese glyph map pending	Pointer index is paired across base/reference. Japanese bytes remain tokenized until the dialogue tile path is mapped.
PTR-076	Bank 1 pointer-driven text	0x0681B	<F0><BB><9E><AA><90><0E><CA><00><85><A2><B2><99><00><85><94><8A><07><96><A6><CA><F8><F9><00><8D><89><10><91><8B><8C><93><A3><A7><83><0E><00><81><B4><8C><96><9F><86><8C><93><88><AA><FF>	0x0609A	<F0><BB><00>PLEASE<00>LET<00>ME<00>JOIN<00>YOU<CA><FF>	0x05E6C	0x060B5	UNKNOWN	needs_japanese_dialogue_glyph_map	structural-high; Japanese glyph map pending	Pointer index is paired across base/reference. Japanese bytes remain tokenized until the dialogue tile path is mapped.
PTR-077	Bank 1 pointer-driven text	0x06849	<F0><BB><FA><8B><AE><00><85><85><85><A4><1C><AE><86><A7><00><8A><94><0D><89><13><B2><FF>	0x06833	<F0><BB><00>MR<BA><00><FA><B9><00>THE<00>BEEG<F8>BOSS<00>IS<00>BEHIND<00>THIS<CA><FF>	0x05E6E	0x0685B	UNKNOWN	needs_japanese_dialogue_glyph_map	structural-high; Japanese glyph map pending	Pointer index is paired across base/reference. Japanese bytes remain tokenized until the dialogue tile path is mapped.
PTR-078	Bank 1 pointer-driven text	0x0685F	<F0><BB><94><A7><0F><83><9A><00><81><8B><0C><AB><83><B4><93><A4><92><94><00><08><A9><10><8F><83><13><F8><F9><00><87><82><92><89><90><9E><83><06><00><82><82><B4><93><B2><9A><95><8C><13><CA><FF>	0x0685B	<F0><BB><00>BE<00>CAREFUL<CA><00>TORA<00>HIRED<F8>SOME<00>GOON<00>CALLED<00>ASAJI<FF>	0x05E70	0x0688C	UNKNOWN	needs_japanese_dialogue_glyph_map	structural-high; Japanese glyph map pending	Pointer index is paired across base/reference. Japanese bytes remain tokenized until the dialogue tile path is mapped.
PTR-079	Bank 1 pointer-driven text	0x0688F	<F0><BB><85><85><85><A4><1C><AE><06><00><A6><AB><8C><88><82><B4><93><A4><8C><90><0E><F8><F9><00><81><B4><8C><AF><8A><AA><13><00><8C><92><AA><82><82><90><8C><A4><8D><FF>	0x0688C	<F0><BB><00>BEEG<00>BOSS<00>SAYS<00>THANKS<CB><FF>	0x05E72	0x068A6	UNKNOWN	needs_japanese_dialogue_glyph_map	structural-high; Japanese glyph map pending	Pointer index is paired across base/reference. Japanese bytes remain tokenized until the dialogue tile path is mapped.
PTR-080	Bank 1 pointer-driven text	0x068B9	<F0><BB><81><8B><0C><AB><83><99><83><A7><96><9A><00><10><AA><86><82><A9><B4><93><B2><9A><95><8C><13><F8><F9><00><10><AA><10><86><92><87><94><A2><A9><B4><93><B2><00><82><B4><93><A4><8C><90><0E><CA><FF>	0x068A6	<F0><BB><00>WE<00>MUST<00>FIND<00>OUT<00>WHO<00><F8>ASAJI<00>REALLY<00>WORKS<00>FOR<BA><FF>	0x05E74	0x068D7	UNKNOWN	needs_japanese_dialogue_glyph_map	structural-high; Japanese glyph map pending	Pointer index is paired across base/reference. Japanese bytes remain tokenized until the dialogue tile path is mapped.
PTR-081	Bank 1 pointer-driven text	0x068EB	<F0><BB><81><B4><8C><AF><00><81><88><99><00><85><85><85><A4><1C><AE><13><B2><CA><F8><F9><00><AE><71><00><92><84><B2><A6><CA><FF>	0x068D7	<F0><BB><00>I<B6>M<00>THE<00>BEEG<00>BOSS<CB><F8>I<B6>M<00>BAD<00>AND<00>I<B6>M<00>STRONG<CA><FF>	0x05E76	0x06905	UNKNOWN	needs_japanese_dialogue_glyph_map	structural-high; Japanese glyph map pending	Pointer index is paired across base/reference. Japanese bytes remain tokenized until the dialogue tile path is mapped.
PTR-082	Bank 1 pointer-driven text	0x0690B	<F0><BB><8A><8A><9A><14><8A><CC><00><CB><9B><B0><B0><00><81><96><87><CA><00><A5><A9><8C><93><CA><FF>	0x06905	<F0><BB><00>FORGIVE<00>ME<B9><00>BRO<B9><00>I<00>WAS<CB><FF>	0x05E78	0x06920	UNKNOWN	needs_japanese_dialogue_glyph_map	structural-high; Japanese glyph map pending	Pointer index is paired across base/reference. Japanese bytes remain tokenized until the dialogue tile path is mapped.
PTR-083	Bank 1 pointer-driven text	0x06924	<F0><BB><81><96><87><B0><CD><FF>	0x06920	<F0><BB><00>BROTHER<CB><CA><FF>	0x05E7A	0x0692D	UNKNOWN	needs_japanese_dialogue_glyph_map	structural-high; Japanese glyph map pending	Pointer index is paired across base/reference. Japanese bytes remain tokenized until the dialogue tile path is mapped.
PTR-084	Bank 1 pointer-driven text	0x0692C	<F0><BB><9C><B4><9C><B4><9C><B4><CB><00><1A><AA><91><9F><B4><91><B5><AF><00><8C><86><90><98><B2><F8><F9><00><8D><1D><93><9A><00><81><B4><8C><99><90><88><A7><AE><10><8A><94><CB><FF>	0x0692D	<F0><BB><00>HEH<CB>HOW<00>DO<00>YOU<00>LIKE<F8>MY<00>INGENIOUS<00>MASTER<00>PLAN<CC><FF>	0x05E7C	0x0695E	UNKNOWN	needs_japanese_dialogue_glyph_map	structural-high; Japanese glyph map pending	Pointer index is paired across base/reference. Japanese bytes remain tokenized until the dialogue tile path is mapped.
PTR-085	Bank 1 pointer-driven text	0x06959	<F0><BB><FB><00><82><B4><86><8B><84><00><95><88><95><A8><B5><AF><00><81><94><9A><A6><F8><F9><00><93><9A><0D><14><85><A8><96><00><8A><94><06><9A><8A><1C><B4><93><B2><8D><AE><5E><83><10><FF>	0x0695E	<F0><BB><00>ALL<00>WE<00>NEED<00>TO<00>DO<F8>IS<00>ELIMINATE<00><FB><00><BA><FF>	0x05E7E	0x06984	UNKNOWN	needs_japanese_dialogue_glyph_map	structural-high; Japanese glyph map pending	Pointer index is paired across base/reference. Japanese bytes remain tokenized until the dialogue tile path is mapped.
PTR-086	Bank 1 pointer-driven text	0x06988	<F0><BB><82><9F><96><A0><93><82><A4><06><AA><CA><00><9C><B4><9C><B4><9C><B4><CB><FF>	0x06984	<F0><BB><00>WATCH<00>YOUR<00>BACKS<CA><F8>HEEHEE<CB><FF>	0x05E80	0x069A1	UNKNOWN	needs_japanese_dialogue_glyph_map	structural-high; Japanese glyph map pending	Pointer index is paired across base/reference. Japanese bytes remain tokenized until the dialogue tile path is mapped.
PTR-087	Bank 1 pointer-driven text	0x0699D	<94><A7><0F><83><BB><A6><88><00><8A><8A><9F><13><8A><AA><90><95><AF><00><95><06><AA><A3><AE><96><8C><91><B5><AF><F8><F9><00><93><84><8C><90><A4><AB><83><10><00><9E><A2><93><A4><A9><0E><CA><FF>	0x069A1	TORA<BB><00>I<00>CAN<B6>T<00>BELIEVE<00>YOU<F8>IDIOTS<00>GOT<00>THIS<00>FAR<CA><FF>	0x05E82	0x069D0	UNKNOWN	needs_japanese_dialogue_glyph_map	structural-high; Japanese glyph map pending	Pointer index is paired across base/reference. Japanese bytes remain tokenized until the dialogue tile path is mapped.
PTR-088	Bank 1 pointer-driven text	0x069CD	<81><8B><0C><AB><83><BB><9C><B4><CB><00><81><B4><8C><A7><99><00><89><82><86><88><96><B5><81><F8><F9><00><85><A2><B2><90><91><06><00><0C><B5><9F><95><AE><10><A6><00><86><88><0A><8C><A4><06><AA><FF>	0x069D0	ASAJI<BB><00>YOU<00>TWO<00>ARE<F8>BECOMING<00>A<00>NUISANCE<CA><FF>	0x05E84	0x069F8	UNKNOWN	needs_japanese_dialogue_glyph_map	structural-high; Japanese glyph map pending	Pointer index is paired across base/reference. Japanese bytes remain tokenized until the dialogue tile path is mapped.
PTR-089	Bank 1 pointer-driven text	0x069FE	<81><8B><0C><AB><83><BB><94><A7><0F><83><99><B4><00><81><94><9A><90><99><AE><10><0E><CA><FF>	0x069F8	ASAJI<BB><00>WHAT<00>DO<00>YOU<00>WANT<F8>DONE<00>WITH<00>THEM<CC><FF>	0x05E86	0x06A20	UNKNOWN	needs_japanese_dialogue_glyph_map	structural-high; Japanese glyph map pending	Pointer index is paired across base/reference. Japanese bytes remain tokenized until the dialogue tile path is mapped.
PTR-090	Bank 1 pointer-driven text	0x06A15	<94><A7><0F><83><BB><85><83><B4><CA><00><9F><86><8C><94><87><95><00><8D><9F><87><96><8C><93><A4><A9><0E><B4><CA><FF>	0x06A20	TORA<BB><00>I<B6>LL<00>TAKE<00>CARE<00>OF<F8>THEM<00>PERSONALLY<CB><FF>	0x05E88	0x06A49	UNKNOWN	needs_japanese_dialogue_glyph_map	structural-high; Japanese glyph map pending	Pointer index is paired across base/reference. Japanese bytes remain tokenized until the dialogue tile path is mapped.
PTR-091	Bank 1 pointer-driven text	0x06A32	<F0><BB><95><AE><93><B2><A4><AB><83><10><00><9E><A2><93><A4><A9><0E><CB><F8><F9><00><A6><99><95><86><00><AC><A9><82><8A><90><AF><00><13><87><98><B2><A3><AE><10><CB><FF>	0x06A49	<F0><BB><00>GAWD<B9><00>YOU<00>GUYS<00>ARE<F8>BAD<CA><FF>	0x05E8A	0x06A64	UNKNOWN	needs_japanese_dialogue_glyph_map	structural-high; Japanese glyph map pending	Pointer index is paired across base/reference. Japanese bytes remain tokenized until the dialogue tile path is mapped.
PTR-092	Bank 1 pointer-driven text	0x06A5C	<F0><BB><14><87><B7><83><10><89><9A><00><9E><A2><93><A4><A9><0E><CA><FF>	0x06A64	<F0><BB><00>YA<00>GOT<00>BALLS<CA><FF>	0x05E8C	0x06A75	UNKNOWN	needs_japanese_dialogue_glyph_map	structural-high; Japanese glyph map pending	Pointer index is paired across base/reference. Japanese bytes remain tokenized until the dialogue tile path is mapped.
PTR-093	Bank 1 pointer-driven text	0x06A6E	<F0><BB><9F><10><00><8A><A8><98><B2><99><86><82><CC><FF>	0x06A75	<F0><BB><00>YOU<B6>RE<00>STILL<00>ALIVE<CC><FF>	0x05E8E	0x06A8C	UNKNOWN	needs_japanese_dialogue_glyph_map	structural-high; Japanese glyph map pending	Pointer index is paired across base/reference. Japanese bytes remain tokenized until the dialogue tile path is mapped.
PTR-094	Bank 1 pointer-driven text	0x06A7C	<81><8B><0C><AB><83><BB><9C><B4><CB><00><8A><99><00><A4><88><90><90><0D><A2><CB><FF>	0x06A8C	ASAJI<BB><00>YOU<00>SORRY<00>PIECE<F8>OF<00>SHIT<CA><FF>	0x05E90	0x06AAC	UNKNOWN	needs_japanese_dialogue_glyph_map	structural-high; Japanese glyph map pending	Pointer index is paired across base/reference. Japanese bytes remain tokenized until the dialogue tile path is mapped.
PTR-095	Bank 1 pointer-driven text	0x06A91	<F0><BB><14><83><A4><A7><00><84><AE><06><00><81><A8><A4><8C><90><98><F8><F9><00><94><A7><0F><83><AD><00><90><85><8C><95><8D><B4><90><B4><93><00><93><B2><8C><90><A3><AE><10><FF>	0x06AAC	<F0><BB><00>SO<B9><00>WE<00>MEET<00>AGAIN<BA><00>YOU<F8>BEAT<00>TORA<CC><00>WOW<CA><FF>	0x05E92	0x06AD6	UNKNOWN	needs_japanese_dialogue_glyph_map	structural-high; Japanese glyph map pending	Pointer index is paired across base/reference. Japanese bytes remain tokenized until the dialogue tile path is mapped.
PTR-096	Bank 1 pointer-driven text	0x06ABD	<F0><BB><8A><82><92><AD><CB><00><81><B4><8C><86><A7><99><8E><AE><1D><92><13><B2><FF>	0x06AD6	<F0><BB><00>HERE<B9><00>TAKE<00>THIS<00>CHARM<BA><FF>	0x05E94	0x06AF0	UNKNOWN	needs_japanese_dialogue_glyph_map	structural-high; Japanese glyph map pending	Pointer index is paired across base/reference. Japanese bytes remain tokenized until the dialogue tile path is mapped.
PTR-097	Bank 1 pointer-driven text	0x06AD2	<F0><BB><9F><0C><13><82><B4><93><AE><13><8D><86><82><CC><00><0C><B7><83><10><AE><97><87><CC><FF>	0x06AF0	<F0><BB><00>ARE<00>YOU<00>SHITTING<00>ME<CC><FF>	0x05E96	0x06B08	UNKNOWN	needs_japanese_dialogue_glyph_map	structural-high; Japanese glyph map pending	Pointer index is paired across base/reference. Japanese bytes remain tokenized until the dialogue tile path is mapped.
PTR-098	Bank 1 pointer-driven text	0x06AEA	<F0><BB><85><A2><B2><8B><AE><95><A7><00><A4><92><96><00><86><93><A9><86><A3><8C><AA><98><B2><FF>	0x06B08	<F0><BB><00>MAYBE<00>YOU<00>CAN<00>BEAT<F8>HIM<00>NOW<BA><FF>	0x05E98	0x06B27	UNKNOWN	needs_japanese_dialogue_glyph_map	structural-high; Japanese glyph map pending	Pointer index is paired across base/reference. Japanese bytes remain tokenized until the dialogue tile path is mapped.
PTR-099	Bank 1 pointer-driven text	0x06B02	<89><AE><86><0C><B7><83><CA><00><9C><B4><CB><00><85><A2><B2><90><91><99><9A><86><AD><87><A2><93><A4><B4><90><0E><F8><88><A4><8C><86><B4><90><A7><00><87><95><8B><82><CA><00><9C><B4><9C><B4><9C><B4><CB><00><81><8B><0C><AB><83><FF>	0x06B27	<F0><BB><00>FIGHT<00>ME<00>IF<00>YOU<00>GOT<F8>THE<00>BALLS<CA><00><71>ASAJI<FF>	0x05E9A	0x06B50	UNKNOWN	needs_japanese_dialogue_glyph_map	structural-high; Japanese glyph map pending	Pointer index is paired across base/reference. Japanese bytes remain tokenized until the dialogue tile path is mapped.
PTR-100	Bank 1 pointer-driven text	0x06B3B	<F0><BB><FA><8B><AE><CA><00><81><B4><8C><AD><92><AA><93><B4><93><88><AA><B4><CA><FF>	0x0609A	<F0><BB><00>PLEASE<00>LET<00>ME<00>JOIN<00>YOU<CA><FF>	0x05E9C	0x060B5	UNKNOWN	needs_japanese_dialogue_glyph_map	structural-high; Japanese glyph map pending	Pointer index is paired across base/reference. Japanese bytes remain tokenized until the dialogue tile path is mapped.
PTR-101	Bank 1 pointer-driven text	0x06B50	<F0><BB><FA><8B><AE><CA><CA><00><85><85><85><A4><1C><AE><06><00><8A><AA><AD><CB><FF>	0x06B50	<F0><BB><00>BEEG<00>BOSS<00>GAVE<00>ME<F8>THIS<CB><FF>	0x05E9E	0x06B6B	UNKNOWN	needs_japanese_dialogue_glyph_map	structural-high; Japanese glyph map pending	Pointer index is paired across base/reference. Japanese bytes remain tokenized until the dialogue tile path is mapped.
PTR-102	Bank 1 pointer-driven text	0x06B65	<F0><BB><85><85><85><A4><1C><AE><06><CB><00><85><85><85><A4><1C><AE><06><CB><FF>	0x06B6B	<F0><BB><00>OH<00>NO<CA><00>BEEG<00>BOSS<CB><FF>	0x05EA0	0x06B80	UNKNOWN	needs_japanese_dialogue_glyph_map	structural-high; Japanese glyph map pending	Pointer index is paired across base/reference. Japanese bytes remain tokenized until the dialogue tile path is mapped.
PTR-103	Bank 1 pointer-driven text	0x06B79	<F0><BB><86><95><A7><0D><CB><00><86><95><A7><0D><86><90><87><AD><94><B4><93><A4><A9><0E><CB><FF>	0x06B80	<F0><BB><00>WE<B6>LL<00>SETTLE<00>THIS<F8>LATER<BA><FF>	0x05EA2	0x06B9C	UNKNOWN	needs_japanese_dialogue_glyph_map	structural-high; Japanese glyph map pending	Pointer index is paired across base/reference. Japanese bytes remain tokenized until the dialogue tile path is mapped.
PTR-104	Bank 1 pointer-driven text	0x06B91	<81><8B><0C><AB><83><BB><9C><B4><CB><00><A4><A7><AA><96><87><A4><06><B4><90><95><00><1A><86><95><A4><92><A2><CA><F8><F9><00><FB><04><99><00><0A><88><AB><83><10><B4><90><95><AF><CA><FF>	0x06B9C	ASAJI<BB><00><FA><B9><00>WE<B6>RE<00>GONNA<F8>KICK<00>YOUR<00>ASS<CA><FF>	0x05EA4	0x06BC1	UNKNOWN	needs_japanese_dialogue_glyph_map	structural-high; Japanese glyph map pending	Pointer index is paired across base/reference. Japanese bytes remain tokenized until the dialogue tile path is mapped.
PTR-105	Bank 1 pointer-driven text	0x06BBF	<FB><04><BB><A2><84><14><99><A0><A4><09><96><00><87><86><8C><93><A4><A7><AF><CA><F8><F9><00><8D><1D><93><9A><00><81><B4><8C><A7><9C><90><A8><06><00><90><88><A7><AE><10><8A><94><CB><FF>	0x06BC1	<FB><04><BB><00>BUT<00>FIRST<B9><00>LET<F8>ME<00>CLUE<00>YOU<00>IN<CB><FF>	0x05EA6	0x06BE4	UNKNOWN	needs_japanese_dialogue_glyph_map	structural-high; Japanese glyph map pending	Pointer index is paired across base/reference. Japanese bytes remain tokenized until the dialogue tile path is mapped.
PTR-106	Bank 1 pointer-driven text	0x06BED	<FB><04><BB><85><A2><84><90><91><B5><00><9F><AE><9F><94><10><9F><8B><AA><90><B4><93><B2><AC><89><10><FF>	0x06BE4	<FB><04><BB><00>YOU<00>WERE<00>JUST<00>A<00>PAWN<CB><FF>	0x05EA8	0x06BFE	UNKNOWN	needs_japanese_dialogue_glyph_map	structural-high; Japanese glyph map pending	Pointer index is paired across base/reference. Japanese bytes remain tokenized until the dialogue tile path is mapped.
PTR-107	Bank 1 pointer-driven text	0x06C07	<81><8B><0C><AB><83><BB><9C><B4><9C><B4><9C><B4><CB><00><98><AE><1C><92><13><A3><00><94><95><84><94><87><95><CA><FF>	0x06BFE	ASAJI<BB><00>SO<B9><00>PRAY<00>WHILE<00>YOU<00>CAN<CA><FF>	0x05EAA	0x06C1D	UNKNOWN	needs_japanese_dialogue_glyph_map	structural-high; Japanese glyph map pending	Pointer index is paired across base/reference. Japanese bytes remain tokenized until the dialogue tile path is mapped.
PTR-108	Bank 1 pointer-driven text	0x06C24	<F0><BB><9C><B4><9C><B4><9C><B4><CB><00><1A><86><95><A4><92><CA><FF>	0x06C1D	<F0><BB><00>HEH<CB>STUPID<00>BASTARDS<CA><FF>	0x05EAC	0x06C35	UNKNOWN	needs_japanese_dialogue_glyph_map	structural-high; Japanese glyph map pending	Pointer index is paired across base/reference. Japanese bytes remain tokenized until the dialogue tile path is mapped.
PTR-109	Bank 1 pointer-driven text	0x06C35	<F0><BB><92><07><99><09><71><A1><9A><00><94><83><14><83><88><AE><94><00><A4><9F><10><88><AE><10><0E><FF>	0x06C35	<F0><BB><00>ISN<B6>T<00>THE<00>MUSIC<00>IN<00>THIS<F8>VIDEO<00>GAME<00>GREAT<CA><CC><FF>	0x05EAE	0x06C63	UNKNOWN	needs_japanese_dialogue_glyph_map	structural-high; Japanese glyph map pending	Pointer index is paired across base/reference. Japanese bytes remain tokenized until the dialogue tile path is mapped.
PTR-110	Bank 1 pointer-driven text	0x06C4F	<F0><BB><9F><90><00><A4><A7><AA><96><87><A4><06><B4><90><0E><CA><FF>	0x07084	<F0><BB><00>THEY<B6>RE<00>BACK<00>TO<00>HAVE<F8>THEIR<00>ASSES<00>KICKED<00>AGAIN<CA><FF>	0x05EB0	0x070B6	UNKNOWN	needs_japanese_dialogue_glyph_map	structural-high; Japanese glyph map pending	Pointer index is paired across base/reference. Japanese bytes remain tokenized until the dialogue tile path is mapped.
PTR-111	Bank 1 pointer-driven text	0x06C60	<F0><BB><84><CC><FF>	0x07FD3	<FF><F0><BB><00>HUH<CC><FF>	0x05EB2	0x07FD4	UNKNOWN	needs_japanese_dialogue_glyph_map	structural-high; Japanese glyph map pending	Pointer index is paired across base/reference. Japanese bytes remain tokenized until the dialogue tile path is mapped.
PTR-112	Bank 1 pointer-driven text	0x06C65	<F0><BB><83><B4><00><9C><B4><00><9C><B4><CD><FF>	0x06C63	<F0><BB><00>TAKE<00>THAT<CB><00>WHA<CB><CC><FF>	0x05EB4	0x06C77	UNKNOWN	needs_japanese_dialogue_glyph_map	structural-high; Japanese glyph map pending	Pointer index is paired across base/reference. Japanese bytes remain tokenized until the dialogue tile path is mapped.
PTR-113	Bank 1 pointer-driven text	0x06C71	<F0><BB><91><B7><B4><94><00><81><90><9F><96><87><91><B5><B4><90><13><0A><0B><AE><8D><A6><FF>	0x06C77	<F0><BB><00>NOW<00>I<B6>M<00>REALLY<00>PISSED<CA><FF>	0x05EB6	0x06C91	UNKNOWN	needs_japanese_dialogue_glyph_map	structural-high; Japanese glyph map pending	Pointer index is paired across base/reference. Japanese bytes remain tokenized until the dialogue tile path is mapped.
PTR-114	Bank 1 pointer-driven text	0x06C88	<F0><BB><87><71><B4><CA><FF>	0x06C91	<F0><BB><00>AIYEE<CA><FF>	0x05EB8	0x06C9B	UNKNOWN	needs_japanese_dialogue_glyph_map	structural-high; Japanese glyph map pending	Pointer index is paired across base/reference. Japanese bytes remain tokenized until the dialogue tile path is mapped.
PTR-115	Bank 1 pointer-driven text	0x06C8F	<F0><BB><07><AE><07><AE><07><AE><07><AE><07><AE><B4><FF>	0x06C9B	<F0><BB><00>DUM<71>DEE<71>DUM<FF>	0x05EBA	0x06CAA	UNKNOWN	needs_japanese_dialogue_glyph_map	structural-high; Japanese glyph map pending	Pointer index is paired across base/reference. Japanese bytes remain tokenized until the dialogue tile path is mapped.
PTR-116	Bank 1 pointer-driven text	0x06C9D	<F0><BB><95><AE><13><B2><00><8A><99><8D><B4><94><8A><14><B4><8A><82><CA><FF>	0x06CAA	<F0><BB><00>HEY<B9>TWERP<CA><FF>	0x05EBC	0x06CB8	UNKNOWN	needs_japanese_dialogue_glyph_map	structural-high; Japanese glyph map pending	Pointer index is paired across base/reference. Japanese bytes remain tokenized until the dialogue tile path is mapped.
PTR-117	Bank 1 pointer-driven text	0x06CB0	<F0><BB><A3><83><82><B4><86><82><13><0A><0B><AE><8D><B4><CA><FF>	0x06CB8	<F0><BB><00>ONE<00>MO<B6>TIME<CA><FF>	0x05EBE	0x06CC8	UNKNOWN	needs_japanese_dialogue_glyph_map	structural-high; Japanese glyph map pending	Pointer index is paired across base/reference. Japanese bytes remain tokenized until the dialogue tile path is mapped.
PTR-118	Bank 1 pointer-driven text	0x06CC0	<F0><BB><82><92><13><A3><00><81><82><93><96><95><A8><A4><8D><0E><CA><FF>	0x06CC8	<F0><BB><00>ROCK<00>N<B6><00>ROLL<CA><FF>	0x05EC0	0x06CD9	UNKNOWN	needs_japanese_dialogue_glyph_map	structural-high; Japanese glyph map pending	Pointer index is paired across base/reference. Japanese bytes remain tokenized until the dialogue tile path is mapped.
PTR-119	Bank 1 pointer-driven text	0x06CD2	<F0><BB><81><B4><8C><AF><00><89><AE><86><AF><87><AA><84><10><CA><FF>	0x06CD9	<F0><BB><00>JEEZ<B9><00>THIS<00>SUCKS<CA><FF>	0x05EC2	0x06CEE	UNKNOWN	needs_japanese_dialogue_glyph_map	structural-high; Japanese glyph map pending	Pointer index is paired across base/reference. Japanese bytes remain tokenized until the dialogue tile path is mapped.
PTR-120	Bank 1 pointer-driven text	0x06CE3	<F0><BB><85><85><B4><94><00><82><89><98><B2><CA><FF>	0x06CEE	<F0><BB><00>WHOOPS<CA><FF>	0x05EC4	0x06CF9	UNKNOWN	needs_japanese_dialogue_glyph_map	structural-high; Japanese glyph map pending	Pointer index is paired across base/reference. Japanese bytes remain tokenized until the dialogue tile path is mapped.
PTR-121	Bank 1 pointer-driven text	0x06CF0	<F0><BB><8F><82><92><AF><00><85><A3><82><A3><A6><A7><98><B2><8A><B4><93><8D><A6><CA><FF>	0x06CF9	<F0><BB><00>WHAT<00>THE<00><B1><AD><CA><B2><CC><FF>	0x05EC6	0x06D0B	UNKNOWN	needs_japanese_dialogue_glyph_map	structural-high; Japanese glyph map pending	Pointer index is paired across base/reference. Japanese bytes remain tokenized until the dialogue tile path is mapped.
PTR-122	Bank 1 pointer-driven text	0x06D06	<F0><BB><81><B4><8C><96><A3><00><A4><A7><8C><93><85><88><AE><98><B2><CA><FF>	0x06D0B	<F0><BB><00>LEMME<00>HIT<00><B6>EM<CA><FF>	0x05EC8	0x06D1D	UNKNOWN	needs_japanese_dialogue_glyph_map	structural-high; Japanese glyph map pending	Pointer index is paired across base/reference. Japanese bytes remain tokenized until the dialogue tile path is mapped.
PTR-123	Bank 1 pointer-driven text	0x06D19	<F0><BB><A5><A9><8C><93><A4><B4><93><00><85><88><AE><95><8E><B2><CA><FF>	0x06D1D	<F0><BB><00>I<B6>M<00>GONNA<00>KICK<F8>YOUR<00>ASS<CA><FF>	0x05ECA	0x06D39	UNKNOWN	needs_japanese_dialogue_glyph_map	structural-high; Japanese glyph map pending	Pointer index is paired across base/reference. Japanese bytes remain tokenized until the dialogue tile path is mapped.
PTR-124	Bank 1 pointer-driven text	0x06D2B	<F0><BB><89><AE><86><13><8D><86><B2><CA><FF>	0x06D39	<F0><BB><00>YA<00>WIMP<CA><FF>	0x05ECC	0x06D45	UNKNOWN	needs_japanese_dialogue_glyph_map	structural-high; Japanese glyph map pending	Pointer index is paired across base/reference. Japanese bytes remain tokenized until the dialogue tile path is mapped.
PTR-125	Bank 1 pointer-driven text	0x06D36	<F0><BB><82><86><06><13><0A><0B><AE><8D><CA><FF>	0x06D45	<F0><BB><00>EAT<00>THIS<CA><FF>	0x05ECE	0x06D52	UNKNOWN	needs_japanese_dialogue_glyph_map	structural-high; Japanese glyph map pending	Pointer index is paired across base/reference. Japanese bytes remain tokenized until the dialogue tile path is mapped.
PTR-126	Bank 1 pointer-driven text	0x06D42	<F0><BB><81><A8><06><94><8B><AE><13><0A><0B><AE><8D><CD><FF>	0x06D52	<F0><BB><00>I<B6>LL<00>REMEMBER<00>YOU<CA><FF>	0x05ED0	0x06D68	UNKNOWN	needs_japanese_dialogue_glyph_map	structural-high; Japanese glyph map pending	Pointer index is paired across base/reference. Japanese bytes remain tokenized until the dialogue tile path is mapped.
PTR-127	Bank 1 pointer-driven text	0x06D51	<F0><BB><88><A8><00><88><A8><00><88><A8><B4><CB><FF>	0x06D68	<F0><BB><00>EEE<CB><FF>	0x05ED2	0x06D70	UNKNOWN	needs_japanese_dialogue_glyph_map	structural-high; Japanese glyph map pending	Pointer index is paired across base/reference. Japanese bytes remain tokenized until the dialogue tile path is mapped.
PTR-128	Bank 1 pointer-driven text	0x06D5E	<F0><BB><9B><B2><B2><CB><CD><FF>	0x06D70	<F0><BB><00>ARGH<CB><FF>	0x05ED4	0x06D79	UNKNOWN	needs_japanese_dialogue_glyph_map	structural-high; Japanese glyph map pending	Pointer index is paired across base/reference. Japanese bytes remain tokenized until the dialogue tile path is mapped.
PTR-129	Bank 1 pointer-driven text	0x06D66	<F0><BB><92><00><92><A6><8D><07><A9><CB><FF>	0x06D79	<F0><BB><00>DICKWEED<CA><FF>	0x05ED6	0x06D86	UNKNOWN	needs_japanese_dialogue_glyph_map	structural-high; Japanese glyph map pending	Pointer index is paired across base/reference. Japanese bytes remain tokenized until the dialogue tile path is mapped.
PTR-130	Bank 1 pointer-driven text	0x06D71	<F0><BB><8C><88><00><8C><88><00><8C><88><CB><FF>	0x06D86	<F0><BB><00>WAH<CA><FF>	0x05ED8	0x06D8E	UNKNOWN	needs_japanese_dialogue_glyph_map	structural-high; Japanese glyph map pending	Pointer index is paired across base/reference. Japanese bytes remain tokenized until the dialogue tile path is mapped.
PTR-131	Bank 1 pointer-driven text	0x06D7D	<F0><BB><08><85><71><B4><CA><FF>	0x06D8E	<F0><BB><00>GWA<CA><FF>	0x05EDA	0x06D96	UNKNOWN	needs_japanese_dialogue_glyph_map	structural-high; Japanese glyph map pending	Pointer index is paired across base/reference. Japanese bytes remain tokenized until the dialogue tile path is mapped.
PTR-132	Bank 1 pointer-driven text	0x06D85	<F0><BB><09><71><B4><CA><FF>	0x06C91	<F0><BB><00>AIYEE<CA><FF>	0x05EDC	0x06C9B	UNKNOWN	needs_japanese_dialogue_glyph_map	structural-high; Japanese glyph map pending	Pointer index is paired across base/reference. Japanese bytes remain tokenized until the dialogue tile path is mapped.
PTR-133	Bank 1 pointer-driven text	0x06D8C	<F0><BB><06><88><B4><CB><CD><FF>	0x06D70	<F0><BB><00>ARGH<CB><FF>	0x05EDE	0x06D79	UNKNOWN	needs_japanese_dialogue_glyph_map	structural-high; Japanese glyph map pending	Pointer index is paired across base/reference. Japanese bytes remain tokenized until the dialogue tile path is mapped.
PTR-134	Bank 1 pointer-driven text	0x06D94	<F0><BB><9B><B0><B0><B0><71><B4><CA><FF>	0x06D96	<F0><BB><00>AI<71>YAI<71>YAI<CA><FF>	0x05EE0	0x06DA5	UNKNOWN	needs_japanese_dialogue_glyph_map	structural-high; Japanese glyph map pending	Pointer index is paired across base/reference. Japanese bytes remain tokenized until the dialogue tile path is mapped.
PTR-135	Bank 1 pointer-driven text	0x06D9E	<F0><BB><82><A7><B4><8C><B5><82><9F><8E><CD><FF>	0x06DA5	WELCOME<CA><FF>	0x05EE2	0x06DAE	UNKNOWN	needs_japanese_dialogue_glyph_map	structural-high; Japanese glyph map pending	Pointer index is paired across base/reference. Japanese bytes remain tokenized until the dialogue tile path is mapped.
PTR-136	Bank 1 pointer-driven text	0x06DAA	<F0><BB><85><87><9F><A8><13><8D><86><CC><00><0A><91><B6><83><A3><AE><AD><00><14><83><0F><CD><FF>	0x06DAE	WHAT<00>WOULD<00>YOU<00>LIKE<CC><FF>	0x05EE4	0x06DC3	UNKNOWN	needs_japanese_dialogue_glyph_map	structural-high; Japanese glyph map pending	Pointer index is paired across base/reference. Japanese bytes remain tokenized until the dialogue tile path is mapped.
PTR-137	Bank 1 pointer-driven text	0x06DC2	<F0><BB><A3><91><A3><99><06><00><82><B4><5A><82><13><8D><98><F8><F9><00><8A><AA><82><0C><B7><83><A3><93><9F><8E><AE><CB><FF>	0x06DC3	YOUR<00>INVENTORY<00>IS<00>FULL<BA><FF>	0x05EE6	0x06DDB	UNKNOWN	needs_japanese_dialogue_glyph_map	structural-high; Japanese glyph map pending	Pointer index is paired across base/reference. Japanese bytes remain tokenized until the dialogue tile path is mapped.
PTR-138	Bank 1 pointer-driven text	0x06DE1	<F0><BB><85><86><98><06><00><90><A8><95><82><A6><83><13><8D><06><CB><FF>	0x06DDB	YOU<00>DON<B6>T<00>HAVE<00>ENOUGH<F8>MONEY<BA><FF>	0x05EE8	0x06DF8	UNKNOWN	needs_japanese_dialogue_glyph_map	structural-high; Japanese glyph map pending	Pointer index is paired across base/reference. Japanese bytes remain tokenized until the dialogue tile path is mapped.
PTR-139	Bank 1 pointer-driven text	0x06DF3	<F0><BB><8A><91><A7><13><00><A6><AB><8C><82><13><8D><86><CC><FF>	0x06DF8	ARE<00>YOU<00>SURE<CC><FF>	0x05EEA	0x06E06	UNKNOWN	needs_japanese_dialogue_glyph_map	structural-high; Japanese glyph map pending	Pointer index is paired across base/reference. Japanese bytes remain tokenized until the dialogue tile path is mapped.
PTR-140	Bank 1 pointer-driven text	0x06E03	<F0><BB><9F><82><14><14><83><A3><CD><FF>	0x07FDC	THANKS<CA><FF>	0x05EEC	0x07FE4	UNKNOWN	needs_japanese_dialogue_glyph_map	structural-high; Japanese glyph map pending	Pointer index is paired across base/reference. Japanese bytes remain tokenized until the dialogue tile path is mapped.
PTR-141	Bank 1 pointer-driven text	0x06E0D	<F0><9A><00><F1><AD><00><90><1D><90><FF>	0x06E06	<F0><00>ATE<00><F1><FF>	0x05EEE	0x06E0E	UNKNOWN	needs_japanese_dialogue_glyph_map	structural-high; Japanese glyph map pending	Pointer index is paired across base/reference. Japanese bytes remain tokenized until the dialogue tile path is mapped.
PTR-142	Bank 1 pointer-driven text	0x06E17	<F0><9A><00><F1><AD><00><99><AE><10><FF>	0x06E0E	<F0><00>DRANK<00><F1><FF>	0x05EF0	0x06E18	UNKNOWN	needs_japanese_dialogue_glyph_map	structural-high; Japanese glyph map pending	Pointer index is paired across base/reference. Japanese bytes remain tokenized until the dialogue tile path is mapped.
PTR-143	Bank 1 pointer-driven text	0x06E21	<F0><9A><00><F1><AD><00><83><89><94><B4><90><FF>	0x06E18	<F0><00>GOT<00><F1><FF>	0x05EF2	0x06E20	UNKNOWN	needs_japanese_dialogue_glyph_map	structural-high; Japanese glyph map pending	Pointer index is paired across base/reference. Japanese bytes remain tokenized until the dialogue tile path is mapped.
PTR-144	Bank 1 pointer-driven text	0x06E2D	<F0><9A><00><F1><AD><00><A0><96><92><89><90><FF>	0x06E20	<F0><00>EQUIPPED<00><F1><FF>	0x05EF4	0x06E2D	UNKNOWN	needs_japanese_dialogue_glyph_map	structural-high; Japanese glyph map pending	Pointer index is paired across base/reference. Japanese bytes remain tokenized until the dialogue tile path is mapped.
PTR-145	Bank 1 pointer-driven text	0x06E39	<F0><BB><9E><86><96><00><0A><91><B6><83><A3><AE><9A><CC><FF>	0x06E2D	ANYTHING<00>ELSE<CC><FF>	0x05EF6	0x06E3C	UNKNOWN	needs_japanese_dialogue_glyph_map	structural-high; Japanese glyph map pending	Pointer index is paired across base/reference. Japanese bytes remain tokenized until the dialogue tile path is mapped.
PTR-146	Bank 1 pointer-driven text	0x06E48	<F0><BB><9F><90><00><85><8A><8C><88><10><8B><82><9F><8E><F8><F9><00><81><A8><06><94><83><0A><0B><82><9F><8C><90><CD><FF>	0x06E3C	THANKS<CA><00>COME<00>AGAIN<FF>	0x05EF8	0x06E4F	UNKNOWN	needs_japanese_dialogue_glyph_map	structural-high; Japanese glyph map pending	Pointer index is paired across base/reference. Japanese bytes remain tokenized until the dialogue tile path is mapped.
PTR-147	Bank 1 pointer-driven text	0x06E66	<F0><BB><85><94><9F><A8><13><8D><86><CC><FF>	0x06E4F	WILL<00>YOU<00>STAY<CC><FF>	0x05EFA	0x06E5E	UNKNOWN	needs_japanese_dialogue_glyph_map	structural-high; Japanese glyph map pending	Pointer index is paired across base/reference. Japanese bytes remain tokenized until the dialogue tile path is mapped.
PTR-148	Bank 1 pointer-driven text	0x06E71	<F0><BB><85><88><92><AB><07><88><10><8B><82><9F><8E><CD><FF>	0x06E5E	PLEASE<00>RELAX<FF>	0x05EFC	0x06E6B	UNKNOWN	needs_japanese_dialogue_glyph_map	structural-high; Japanese glyph map pending	Pointer index is paired across base/reference. Japanese bytes remain tokenized until the dialogue tile path is mapped.
PTR-149	Bank 1 pointer-driven text	0x06E80	<F0><9A><00><98><90><B4><CA><FF>	0x06E6B	RESTED<CA><FF>	0x05EFE	0x06E73	UNKNOWN	needs_japanese_dialogue_glyph_map	structural-high; Japanese glyph map pending	Pointer index is paired across base/reference. Japanese bytes remain tokenized until the dialogue tile path is mapped.
PTR-150	Bank 1 pointer-driven text	0x06E88	<F0><BB><8C><B7><83><1C><00><95><8B><82><9F><8D><86><CC><FF>	0x06E73	WANNA<00>GAMBLE<CC><FF>	0x05F00	0x06E81	UNKNOWN	needs_japanese_dialogue_glyph_map	structural-high; Japanese glyph map pending	Pointer index is paired across base/reference. Japanese bytes remain tokenized until the dialogue tile path is mapped.
PTR-151	Bank 1 pointer-driven text	0x06E97	<F0><BB><A6><0A><0B><AE><8D><98><CC><00><9A><82><A8><9F><8D><CD><FF>	0x06E81	READY<CC><FF>	0x05F02	0x06E88	UNKNOWN	needs_japanese_dialogue_glyph_map	structural-high; Japanese glyph map pending	Pointer index is paired across base/reference. Japanese bytes remain tokenized until the dialogue tile path is mapped.
PTR-152	Bank 1 pointer-driven text	0x06EA8	<F0><BB><8F><AA><13><9A><CB><00><8C><B7><83><1C><B4><CA><FF>	0x06E88	GO<00>NOW<CA><FF>	0x05F04	0x06E90	UNKNOWN	needs_japanese_dialogue_glyph_map	structural-high; Japanese glyph map pending	Pointer index is paired across base/reference. Japanese bytes remain tokenized until the dialogue tile path is mapped.
PTR-153	Bank 1 pointer-driven text	0x06EB7	<F0><BB><FD><00><FE><99><00><FC><00><94><13><9F><8C><90><CB><FF>	0x06E90	WE<00>HAVE<00><FD><00>AND<00><FE><CB><CB><FC><CA><FF>	0x05F06	0x06EA4	UNKNOWN	needs_japanese_dialogue_glyph_map	structural-high; Japanese glyph map pending	Pointer index is paired across base/reference. Japanese bytes remain tokenized until the dialogue tile path is mapped.
PTR-154	Bank 1 pointer-driven text	0x06EC7	<F0><BB><85><87><B5><88><8B><9F><99><00><86><91><00><99><A6><83><13><8D><98><CD><FF>	0x06EA4	YOU<00>WON<CA><FF>	0x05F08	0x06EAD	UNKNOWN	needs_japanese_dialogue_glyph_map	structural-high; Japanese glyph map pending	Pointer index is paired across base/reference. Japanese bytes remain tokenized until the dialogue tile path is mapped.
PTR-155	Bank 1 pointer-driven text	0x06EDC	<F0><BB><85><87><B5><88><8B><9F><99><00><9F><89><00><99><A6><83><13><8D><98><CD><FF>	0x06EAD	YOU<00>LOST<CB><FF>	0x05F0A	0x06EB7	UNKNOWN	needs_japanese_dialogue_glyph_map	structural-high; Japanese glyph map pending	Pointer index is paired across base/reference. Japanese bytes remain tokenized until the dialogue tile path is mapped.
PTR-156	Bank 1 pointer-driven text	0x06EF1	<F0><BB><82><86><06><00><95><8B><82><9F><8D><86><CC><FF>	0x06EB7	WELL<CC><FF>	0x05F0C	0x06EBD	UNKNOWN	needs_japanese_dialogue_glyph_map	structural-high; Japanese glyph map pending	Pointer index is paired across base/reference. Japanese bytes remain tokenized until the dialogue tile path is mapped.
PTR-157	Bank 1 pointer-driven text	0x06EFF	<8B><AE><87><91><BB><85><86><84><A8><95><8E><B2><A4><8C><CA><FF>	0x06EBD	SANKI<BB><00>WELCOME<00>BACK<CA><FF>	0x05F0E	0x06ED2	UNKNOWN	needs_japanese_dialogue_glyph_map	structural-high; Japanese glyph map pending	Pointer index is paired across base/reference. Japanese bytes remain tokenized until the dialogue tile path is mapped.
PTR-158	Bank 1 pointer-driven text	0x06F0F	<F0><BB><0A><A6><83><9A><00><81><A8><A4><8E><AE><86><CC><FF>	0x06ED2	<F0><BB><00>NEED<00>SOMETHING<CC>	0x05F10	no 0xFF before next target	UNKNOWN	needs_japanese_dialogue_glyph_map	structural-high; Japanese glyph map pending	Pointer index is paired across base/reference. Japanese bytes remain tokenized until the dialogue tile path is mapped.
PTR-159	Bank 1 pointer-driven text	0x06F1E	<F0><BB><9D><82><B4><CA><00><A6><AB><8A><AE><13><CA><CA><FF>	0x07759	<F0><BB><00>MY<00>PLEASURE<CA><FF>	0x05F12	0x07769	UNKNOWN	needs_japanese_dialogue_glyph_map	structural-high; Japanese glyph map pending	Pointer index is paired across base/reference. Japanese bytes remain tokenized until the dialogue tile path is mapped.
PTR-160	Bank 1 pointer-driven text	0x06F2D	<F0><BB><0A><A6><83><9A><00><81><A8><A4><8E><AE><86><CC><FF>	0x06ED2	<F0><BB><00>NEED<00>SOMETHING<CC>	0x05F14	no 0xFF before next target	UNKNOWN	needs_japanese_dialogue_glyph_map	structural-high; Japanese glyph map pending	Pointer index is paired across base/reference. Japanese bytes remain tokenized until the dialogue tile path is mapped.
PTR-161	Bank 1 pointer-driven text	0x06F3C	<F0><BB><8F><AA><13><9A><85><87><AD><92><89><93><CB><FF>	0x06EE5	<F0><BB><00>BE<00>CAREFUL<CA><FF>	0x05F16	0x06EF4	UNKNOWN	needs_japanese_dialogue_glyph_map	structural-high; Japanese glyph map pending	Pointer index is paired across base/reference. Japanese bytes remain tokenized until the dialogue tile path is mapped.
PTR-163	Bank 1 pointer-driven text	0x06F59	<82><B4><8C><B7><96><82><88><00><95><86><9F><AD><00><84><A7><AE><13><88><10><8B><82><CD><FF>	0x06EF4	CHOOSE<00>ALLY<FF>	0x05F1A	0x06F00	UNKNOWN	needs_japanese_dialogue_glyph_map	structural-high; Japanese glyph map pending	Pointer index is paired across base/reference. Japanese bytes remain tokenized until the dialogue tile path is mapped.
PTR-164	Bank 1 pointer-driven text	0x06F70	<8B><AE><87><91><BB><FA><8B><AE><B4><CA><00><93><84><9D><AE><10><00><93><84><9D><AE><10><A6><F8><F9><00><85><8A><94><8B><AE><06><CA><CA><FF>	0x06F00	SANKI<BB><00><FA><CA><00>OKOTO<00>HAS<CB><CA><FF>	0x05F1C	0x06F16	UNKNOWN	needs_japanese_dialogue_glyph_map	structural-high; Japanese glyph map pending	Pointer index is paired across base/reference. Japanese bytes remain tokenized until the dialogue tile path is mapped.
PTR-165	Bank 1 pointer-driven text	0x06F93	<8B><AE><87><91><BB><8B><A7><B4><93><B4><90><99><9A><00><9C><90><A8><08><A0><13><CB><F8><F9><00><83><0A><87><99><9A><84><B2><A4><92><A7><13><CB><FF>	0x06F16	SANKI<BB><00>TWO<00>GUYS<CB>STRUCK<F8>LIKE<00>LIGHTNING<CB><FF>	0x05F1E	0x06F3D	UNKNOWN	needs_japanese_dialogue_glyph_map	structural-high; Japanese glyph map pending	Pointer index is paired across base/reference. Japanese bytes remain tokenized until the dialogue tile path is mapped.
PTR-166	Bank 1 pointer-driven text	0x06FB8	<8B><AE><87><91><BB><81><B4><8C><06><82><95><06><A7><CB><00><A3><83><8C><AC><89><81><A8><A4><8E><AE><CA><CA><FF>	0x06F3D	SANKI<BB><00>I<00>WAS<00>HELPLESS<CB>SORRY<FF>	0x05F20	0x06F59	UNKNOWN	needs_japanese_dialogue_glyph_map	structural-high; Japanese glyph map pending	Pointer index is paired across base/reference. Japanese bytes remain tokenized until the dialogue tile path is mapped.
PTR-167	Bank 1 pointer-driven text	0x06FD4	<FA><BB><9B><13><B2><A4><92><A7><10><00><A5><A9><8E><98><B2><CA><CA><FF>	0x06F59	<FA><BB><00>IDIOTS<CA><00>WE<B6>LL<F8>FIND<00>THEM<BA><FF>	0x05F22	0x06F75	UNKNOWN	needs_japanese_dialogue_glyph_map	structural-high; Japanese glyph map pending	Pointer index is paired across base/reference. Japanese bytes remain tokenized until the dialogue tile path is mapped.
PTR-168	Bank 1 pointer-driven text	0x06FE6	<F0><BB><86><AE><5E><83><13><00><9C><B4><86><92><CA><CA><F8><F9><00><85><86><09><13><00><83><0A><89><A9><A6><83><96><95><B4><90><FF>	0x0702F	<F0><BB><00>THE<00>KANPOU<00>WORKED<CA><F8>I<B6>M<00>CURED<CA><FF>	0x05F24	0x07050	UNKNOWN	needs_japanese_dialogue_glyph_map	structural-high; Japanese glyph map pending	Pointer index is paired across base/reference. Japanese bytes remain tokenized until the dialogue tile path is mapped.
PTR-169	Bank 1 pointer-driven text	0x07007	<F0><BB><85><A2><B2><8B><AE><9B><94><A8><96><00><88><AB><83><9A><86><89><A7><AA><98><84><CA><F8><F9><00><8C><90><88><9A><13><87><93><A9><0E><CA><CA><FF>	0x06F75	<F0><BB><00>AT<00>LAST<CA><00>I<00>CAN<00>JOIN<F8>THE<00>WAR<00>AGAINST<00>TORA<CA><FF>	0x05F26	0x06FA2	UNKNOWN	needs_japanese_dialogue_glyph_map	structural-high; Japanese glyph map pending	Pointer index is paired across base/reference. Japanese bytes remain tokenized until the dialogue tile path is mapped.
PTR-170	Bank 1 pointer-driven text	0x0702D	<F0><BB><FA><8B><AE><00><8A><AA><AD><CB><00><A3><B4><93><B4><93><88><10><8E><B2><CA><F8><F9><00><85><9C><88><AB><06><88><AA><90><00><85><9F><A3><A8><13><00><A6><88><87><88><AE><13><8D><0E><FF>	0x06FA2	<F0><BB><00><FA><B9><00>THIS<00>CHARM<F8>WILL<00>PROTECT<00>YOU<BA><FF>	0x05F28	0x06FC5	UNKNOWN	needs_japanese_dialogue_glyph_map	structural-high; Japanese glyph map pending	Pointer index is paired across base/reference. Japanese bytes remain tokenized until the dialogue tile path is mapped.
PTR-171	Bank 1 pointer-driven text	0x0705D	<F0><BB><81><B4><8C><9A><00><95><AE><96><A3><13><87><98><B2><86><A7><00><8E><A2><93><CB><F8><F9><00><85><8A><94><8B><AE><CB><00><87><B4><94><00><1C><0C><13><8D><A6><98><FF>	0x06FC5	<F0><BB><00>I<B6>LL<00>WAIT<00>HERE<CB><F8>GO<00>SAVE<00>OKOTO<CA><FF>	0x05F2A	0x06FE7	UNKNOWN	needs_japanese_dialogue_glyph_map	structural-high; Japanese glyph map pending	Pointer index is paired across base/reference. Japanese bytes remain tokenized until the dialogue tile path is mapped.
PTR-172	Bank 1 pointer-driven text	0x07088	<F0><BB><81><81><CB><FF>	0x06FE7	<F0><BB><00>YEAH<CB><FF>	0x05F2C	0x06FF0	UNKNOWN	needs_japanese_dialogue_glyph_map	structural-high; Japanese glyph map pending	Pointer index is paired across base/reference. Japanese bytes remain tokenized until the dialogue tile path is mapped.
PTR-173	Bank 1 pointer-driven text	0x0708E	<81><8B><0C><AB><83><BB><F4><99><9E><83><9D><00><13><86><89><93><A0><91><B5><AF><F8><F9><00><82><86><06><13><0A><0B><AE><8D><CC><FF>	0x06FF0	ASAJI<BB><00>WHY<00>NOT<00>GO<00>TO<00><F4><CC><FF>	0x05F2E	0x07008	UNKNOWN	needs_japanese_dialogue_glyph_map	structural-high; Japanese glyph map pending	Pointer index is paired across base/reference. Japanese bytes remain tokenized until the dialogue tile path is mapped.
PTR-174	Bank 1 pointer-driven text	0x070AF	<F0><BB><85><85><85><A4><1C><AE><99><8A><94><06><00><87><96><95><B4><93><8C><B7><83><06><98><B2><F8><F9><00><A6><83><8D><AD><00><A0><96><82><87><93><B2><AE><13><CB><FF>	0x07008	<F0><BB><00>I<B6>D<00>BETTER<00>GO<F8>CHECK<00>WITH<00>BEEG<00>BOSS<CB><FF>	0x05F30	0x0702F	UNKNOWN	needs_japanese_dialogue_glyph_map	structural-high; Japanese glyph map pending	Pointer index is paired across base/reference. Japanese bytes remain tokenized until the dialogue tile path is mapped.
PTR-175	Bank 1 pointer-driven text	0x070D9	<F0><BB><82><86><8C><93><85><88><AE><95><8E><B2><00><FA><8B><AE><FF>	0x0712C	<F0><BB><00>PLEASE<B9><00>LET<00>ME<F8>GO<B9><00><FA><FF>	0x05F32	0x07144	UNKNOWN	needs_japanese_dialogue_glyph_map	structural-high; Japanese glyph map pending	Pointer index is paired across base/reference. Japanese bytes remain tokenized until the dialogue tile path is mapped.
PTR-176	Bank 1 pointer-driven text	0x070EA	<F0><BB><81><B4><00><FA><8B><AE><CA><00><09><AE><86><AE><8B><87><96><00><8A><AA><06><CB><FF>	0x07144	<F0><BB><00><FA><B9><00>SOMEONE<F8>LEFT<00>THIS<00>AT<00>THE<00>DOOR<BA><FF>	0x05F34	0x07169	UNKNOWN	needs_japanese_dialogue_glyph_map	structural-high; Japanese glyph map pending	Pointer index is paired across base/reference. Japanese bytes remain tokenized until the dialogue tile path is mapped.
PTR-177	Bank 1 pointer-driven text	0x07101	<85><8A><94><BB><F0><8B><AE><CA><00><F0><8B><AE><CA><CB><00><8C><88><8C><88><8C><88><CB><F8><F9><00><AC><90><8C><AD><8B><A7><AC><8E><90><99><9A><00><CB><81><8B><0C><AB><83><8B><AE><95><AE><13><8D><FF>	0x07169	OKOTO<BB><00>WAH<CA><00>ASAJI<00>KIDNAPPED<F8>ME<CA><FF>	0x05F36	0x07189	UNKNOWN	needs_japanese_dialogue_glyph_map	structural-high; Japanese glyph map pending	Pointer index is paired across base/reference. Japanese bytes remain tokenized until the dialogue tile path is mapped.
PTR-178	Bank 1 pointer-driven text	0x07133	<F0><BB><CB><00><9A><A4><88><85><86><84><AE><95><8B><82><F8><F9><00><A0><AE><95><00><8C><AE><5A><82><8C><93><82><95><8B><A9><FF>	0x07189	<F0><BB><00>GO<00>HOME<CB><F8>EVERYONE<B6>S<00>WORRIED<FF>	0x05F38	0x071A8	UNKNOWN	needs_japanese_dialogue_glyph_map	structural-high; Japanese glyph map pending	Pointer index is paired across base/reference. Japanese bytes remain tokenized until the dialogue tile path is mapped.
PTR-179	Bank 1 pointer-driven text	0x07153	<85><8A><94><BB><88><8D><AE><CB><00><81><A8><06><94><83><0A><0B><82><9F><8D><CD><F8><F9><00><81><00><81><99><CB><00><14><83><86><CB><00><85><87><AD><92><89><93><CB><FF>	0x071A8	OKOTO<BB><00><CB>SOB<CB>THANK<00>YOU<BA><F8>PLEASE<CB>BE<00>CAREFUL<CB><FF>	0x05F3A	0x071D2	UNKNOWN	needs_japanese_dialogue_glyph_map	structural-high; Japanese glyph map pending	Pointer index is paired across base/reference. Japanese bytes remain tokenized until the dialogue tile path is mapped.
PTR-180	Bank 1 pointer-driven text	0x0717D	<F0><BB><FA><8B><AE><00><81><8B><0C><AB><83><8B><AE><06><CB><F8><F9><00><82><95><88><95><A8><A4><8C><90><FF>	0x071D2	<F0><BB><00><FA><B9><00>ASAJI<00>HAS<F8>DISAPPEARED<CB><FF>	0x05F3C	0x071EF	UNKNOWN	needs_japanese_dialogue_glyph_map	structural-high; Japanese glyph map pending	Pointer index is paired across base/reference. Japanese bytes remain tokenized until the dialogue tile path is mapped.
PTR-181	Bank 1 pointer-driven text	0x07198	<92><A9><9F><92><BB><81><96><87><82><00><9F><B4><93><88><AA><A6><83><CA><F8><F9><00><81><96><87><B4><93><1A><81><CA><FF>	0x071EF	TSUU<BB><00>BROTHER<CA><00>WAIT<CA><FF>	0x05F3E	0x07204	UNKNOWN	needs_japanese_dialogue_glyph_map	structural-high; Japanese glyph map pending	Pointer index is paired across base/reference. Japanese bytes remain tokenized until the dialogue tile path is mapped.
PTR-182	Bank 1 pointer-driven text	0x071B6	<88><96><9F><8B><BB><9A><A4><88><8C><98><B2><86><82><CA><F8><F9><00><1C><AE><0F><83><85><A4><1C><AE><06><00><93><B2><9D><AE><95><AE><13><84><CA><FF>	0x07204	KUNIO<BB><00>HURRY<B9><00>SLUG<CA><F8>MR<BA><00>BUNZO<B6>S<00>IN<00>TROUBLE<CA><FF>	0x05F40	0x07230	UNKNOWN	needs_japanese_dialogue_glyph_map	structural-high; Japanese glyph map pending	Pointer index is paired across base/reference. Japanese bytes remain tokenized until the dialogue tile path is mapped.
PTR-183	Bank 1 pointer-driven text	0x071DB	<85><8A><94><BB><88><96><9F><8B><8B><AE><CA><85><9F><91><8C><93><9F><8C><90><CA><FF>	0x07230	OKOTO<BB><00>KUNIO<CA><FF>	0x05F42	0x0723E	UNKNOWN	needs_japanese_dialogue_glyph_map	structural-high; Japanese glyph map pending	Pointer index is paired across base/reference. Japanese bytes remain tokenized until the dialogue tile path is mapped.
PTR-184	Bank 1 pointer-driven text	0x071F0	<88><96><9F><8B><BB><85><8A><94><8B><AE><CB><F8><F9><00><85><9B><8B><8C><1C><A8><13><B2><CA><FF>	0x0723E	KUNIO<BB><00>I<00>TRIED<00>TO<00>HURRY<00>BACK<CA><FF>	0x05F44	0x0725C	UNKNOWN	needs_japanese_dialogue_glyph_map	structural-high; Japanese glyph map pending	Pointer index is paired across base/reference. Japanese bytes remain tokenized until the dialogue tile path is mapped.
PTR-185	Bank 1 pointer-driven text	0x07208	<85><8A><94><BB><81><B4><CA><00><8A><99><9B><94><9A><CB><FF>	0x0725C	OKOTO<BB><00>THIS<00>MAN<00>IS<CB><FF>	0x05F46	0x07270	UNKNOWN	needs_japanese_dialogue_glyph_map	structural-high; Japanese glyph map pending	Pointer index is paired across base/reference. Japanese bytes remain tokenized until the dialogue tile path is mapped.
PTR-186	Bank 1 pointer-driven text	0x07217	<81><8B><0C><AB><83><BB><9C><B4><CB><00><81><B4><8C><AF><00><85><8A><94><99><00><82><82><95><0D><89><13><F8><F9><00><81><8B><0C><AB><83><94><00><A3><83><8C><A4><8D><CB><FF>	0x07270	ASAJI<BB><00>HEH<CB>I<B6>M<00>OKOTO<B6>S<F8>FIANCE<BA><FF>	0x05F48	0x0728F	UNKNOWN	needs_japanese_dialogue_glyph_map	structural-high; Japanese glyph map pending	Pointer index is paired across base/reference. Japanese bytes remain tokenized until the dialogue tile path is mapped.
PTR-187	Bank 1 pointer-driven text	0x07242	<88><96><9F><8B><BB><CB><FF>	0x0728F	KUNIO<BB><00>WE<B6>LL<00>SEE<00>ABOUT<00>THAT<CA><FF>	0x05F4A	0x072AC	UNKNOWN	needs_japanese_dialogue_glyph_map	structural-high; Japanese glyph map pending	Pointer index is paired across base/reference. Japanese bytes remain tokenized until the dialogue tile path is mapped.
PTR-188	Bank 1 pointer-driven text	0x07249	<81><8B><0C><AB><83><BB><8B><B4><00><95><86><9D><CB><F8><F9><00><85><A4><1C><AE><06><00><85><9F><91><86><98><13><CB><FF>	0x072AC	ASAJI<BB><00>SHUT<00>UP<B9><00>LOSER<CA><00>THE<F8>BOSS<00>IS<00>WAITING<CB><FF>	0x05F4C	0x072D8	UNKNOWN	needs_japanese_dialogue_glyph_map	structural-high; Japanese glyph map pending	Pointer index is paired across base/reference. Japanese bytes remain tokenized until the dialogue tile path is mapped.
PTR-189	Bank 1 pointer-driven text	0x07267	<88><96><9F><8B><BB><81><81><00><85><A4><1C><AE><CA><00><CB><85><8F><88><95><A8><A4><8C><90><CA><FF>	0x072D8	KUNIO<BB><00>OH<B9><00>MASTER<CA><F8>FORGIVE<00>MY<00>DELAY<CA><FF>	0x05F4E	0x072FD	UNKNOWN	needs_japanese_dialogue_glyph_map	structural-high; Japanese glyph map pending	Pointer index is paired across base/reference. Japanese bytes remain tokenized until the dialogue tile path is mapped.
PTR-190	Bank 1 pointer-driven text	0x07280	<1C><AE><0F><83><BB><85><85><00><88><96><9F><8B><8B><AE><86><82><CA><00><85><A2><B2><8B><AE><96><F8><F9><00><8A><AE><95><86><90><91><13><00><81><85><83><90><AF><95><AF><CB><FF>	0x072FD	BUNZO<BB><00>AH<B9><00>KUNIO<CA><F8>YOU<00>FINALLY<00>GOT<00>HERE<CA><FF>	0x05F50	0x07325	UNKNOWN	needs_japanese_dialogue_glyph_map	structural-high; Japanese glyph map pending	Pointer index is paired across base/reference. Japanese bytes remain tokenized until the dialogue tile path is mapped.
PTR-191	Bank 1 pointer-driven text	0x072AC	<1C><AE><0F><83><BB><8A><AE><95><13><B2><0C><95><94><87><96><CB><00><8A><99><94><85><A8><13><B2><CA><FF>	0x07325	BUNZO<BB><00>TORA<00>HAS<00>CURSED<00>ME<CA><FF>	0x05F52	0x07340	UNKNOWN	needs_japanese_dialogue_glyph_map	structural-high; Japanese glyph map pending	Pointer index is paired across base/reference. Japanese bytes remain tokenized until the dialogue tile path is mapped.
PTR-192	Bank 1 pointer-driven text	0x072C6	<1C><AE><0F><83><BB><94><A7><0F><83><99><00><8C><AC><0B><96><91><09><B2><98><B2><CB><FF>	0x07340	BUNZO<BB><00>GO<00>FIND<00>A<00>HEALER<CB><FF>	0x05F54	0x07359	UNKNOWN	needs_japanese_dialogue_glyph_map	structural-high; Japanese glyph map pending	Pointer index is paired across base/reference. Japanese bytes remain tokenized until the dialogue tile path is mapped.
PTR-193	Bank 1 pointer-driven text	0x072DC	<1C><AE><0F><83><BB><88><71><B4><00><9F><B4><90><88><00><A2><AE><1E><88><99><98><B2><9A><95><8C><10><CA><FF>	0x07359	BUNZO<BB><00><CB>WHO<00>HAS<00>KANPOU<CA><FF>	0x05F56	0x07371	UNKNOWN	needs_japanese_dialogue_glyph_map	structural-high; Japanese glyph map pending	Pointer index is paired across base/reference. Japanese bytes remain tokenized until the dialogue tile path is mapped.
PTR-194	Bank 1 pointer-driven text	0x072F7	<88><96><9F><8B><BB><85><9A><95><8C><AF><00><87><82><93><85><A8><A4><8D><CB><F8><F9><00><81><B4><8C><96><00><9F><86><8C><94><82><93><85><88><AE><95><8E><B2><CA><FF>	0x07371	KUNIO<BB><00>YOU<00>CAN<00>COUNT<00>ON<00>ME<CA><FF>	0x05F58	0x0738D	UNKNOWN	needs_japanese_dialogue_glyph_map	structural-high; Japanese glyph map pending	Pointer index is paired across base/reference. Japanese bytes remain tokenized until the dialogue tile path is mapped.
PTR-195	Bank 1 pointer-driven text	0x07320	<1C><AE><0F><83><BB><81><A8><06><93><B2><CB><00><85><AE><96><87><A9><0E><CB><FF>	0x060DE	BUNZO<BB><00>PLEASE<00>HURRY<CA><FF>	0x05F5A	0x060F3	UNKNOWN	needs_japanese_dialogue_glyph_map	structural-high; Japanese glyph map pending	Pointer index is paired across base/reference. Japanese bytes remain tokenized until the dialogue tile path is mapped.
PTR-196	Bank 1 pointer-driven text	0x07334	<F0><BB><0A><88><AB><83><10><B4><90><95><AF><CB><FF>	0x07706	<F0><BB><00>GOOD<00>JOB<CA><FF>	0x05F5C	0x07713	UNKNOWN	needs_japanese_dialogue_glyph_map	structural-high; Japanese glyph map pending	Pointer index is paired across base/reference. Japanese bytes remain tokenized until the dialogue tile path is mapped.
PTR-197	Bank 1 pointer-driven text	0x07341	<F0><BB><95><96><A3><86><A3><00><85><A2><B2><8B><AE><99><85><86><09><10><AF><CA><F8><F9><00><8A><AA><9E><14><00><83><AA><8C><82><8A><90><AF><98><B2><A6><CA><FF>	0x0738D	<F0><BB><00>YOU<00>SAVED<00>THE<00>DAY<CA><FF>	0x05F5E	0x073A3	UNKNOWN	needs_japanese_dialogue_glyph_map	structural-high; Japanese glyph map pending	Pointer index is paired across base/reference. Japanese bytes remain tokenized until the dialogue tile path is mapped.
PTR-198	Bank 1 pointer-driven text	0x07369	<F0><BB><95><AF><CB><00><FA><8B><AE><A6><CB><FF>	0x073A3	<F0><BB><00>BY<00>THE<00>WAY<B9><00><FA><CB><FF>	0x05F60	0x073B5	UNKNOWN	needs_japanese_dialogue_glyph_map	structural-high; Japanese glyph map pending	Pointer index is paired across base/reference. Japanese bytes remain tokenized until the dialogue tile path is mapped.
PTR-199	Bank 1 pointer-driven text	0x07375	<F0><BB><8A><99><00><85><8A><94><94><00><82><B4><8C><B7><AE><95><B4><93><F8><F9><00><82><B4><86><AD><00><92><82><0C><B5><AF><88><AA><98><B2><86><82><CC><FF>	0x073B5	<F0><BB><00>OKOTO<00>AND<00>YOU<F8>WILL<00>MAKE<00>A<00>FINE<00>FAMILY<BA><FF>	0x05F62	0x073DF	UNKNOWN	needs_japanese_dialogue_glyph_map	structural-high; Japanese glyph map pending	Pointer index is paired across base/reference. Japanese bytes remain tokenized until the dialogue tile path is mapped.
PTR-200	Bank 1 pointer-driven text	0x0739C	<F0><BB><95><AF><CA><00><85><8A><94><CA><FF>	0x073DF	<F0><BB><00>RIGHT<B9><00>OKOTO<CC><FF>	0x05F64	0x073F0	UNKNOWN	needs_japanese_dialogue_glyph_map	structural-high; Japanese glyph map pending	Pointer index is paired across base/reference. Japanese bytes remain tokenized until the dialogue tile path is mapped.
PTR-201	Bank 1 pointer-driven text	0x073A7	<85><8A><94><BB><9A><82><CD><FF>	0x073F0	OKOTO<BB><00>OH<B9><00>YES<CA><FF>	0x05F66	0x07400	UNKNOWN	needs_japanese_dialogue_glyph_map	structural-high; Japanese glyph map pending	Pointer index is paired across base/reference. Japanese bytes remain tokenized until the dialogue tile path is mapped.
PTR-202	Bank 1 pointer-driven text	0x073AF	<F0><BB><FB><00><00><82><B4><8E><82><82><91><13><B2><99><00><90><99><A0><10><CA><FF>	0x07401	<F0><BB><00><FA><B9><00>I<00>BEG<00>YOU<CA><00><FF>	0x05F68	0x07413	UNKNOWN	needs_japanese_dialogue_glyph_map	structural-high; Japanese glyph map pending	Pointer index is paired across base/reference. Japanese bytes remain tokenized until the dialogue tile path is mapped.
PTR-203	Bank 1 pointer-driven text	0x073C4	<F0><BB><8F><83><86><82><CA><CA><F8><F9><00><8A><AA><9E><14><00><83><AA><8C><82><8A><90><AF><98><B2><A6><CA><CA><FF>	0x07413	<F0><BB><00>GREAT<CA><00>A<00>MOMENT<F8>OF<00>ULTIMATE<00>HAPPINESS<CA><FF>	0x05F6A	0x0743D	UNKNOWN	needs_japanese_dialogue_glyph_map	structural-high; Japanese glyph map pending	Pointer index is paired across base/reference. Japanese bytes remain tokenized until the dialogue tile path is mapped.
PTR-204	Bank 1 pointer-driven text	0x073E1	<F0><BB><85><71><82><00><82><AC><82><0B><89><10><CA><A2><13><93><B2><0F><CA><CA><F8><F9><00><A2><13><93><B2><CA><00><A2><13><93><B2><CA><FF>	0x0743D	<F0><BB><00>I<B6>LL<00>ORDER<00>SAKE<F8>TO<00>CELEBRATE<CA><FF>	0x05F6C	0x0745E	UNKNOWN	needs_japanese_dialogue_glyph_map	structural-high; Japanese glyph map pending	Pointer index is paired across base/reference. Japanese bytes remain tokenized until the dialogue tile path is mapped.
PTR-205	Bank 1 pointer-driven text	0x07404	<FA><BB><81><B4><8C><AF><00><8A><99><94><85><A8><CB><00><90><1B><86><A7><00><90><1B><9D><99><F8><F9><00><8C><06><98><B2><95><06><AA><A3><AE><13><0A><0B><82><A4><8D><FF>	0x0745E	<FA><BB><00>I<B6>M<00>A<00>VAGABOND<CB><F8>DRIFTING<00>FROM<00>TOWN<00>TO<00>TOWN<CB><FF>	0x05F6E	0x0748D	UNKNOWN	needs_japanese_dialogue_glyph_map	structural-high; Japanese glyph map pending	Pointer index is paired across base/reference. Japanese bytes remain tokenized until the dialogue tile path is mapped.
PTR-206	Bank 1 pointer-driven text	0x0742E	<FA><BB><A3><B4><94><00><A8><B4><5A><95><85><86><90><06><85><96><81><82><10><F8><F9><00><85><8A><94><1A><10><89><CB><00><82><90><10><82><93><85><87><A4><8D><A6><FF>	0x0748D	<FA><BB><00>OKOTO<00>DESERVES<F8>SOMETHING<00>MUCH<00>BETTER<BA><FF>	0x05F70	0x074B6	UNKNOWN	needs_japanese_dialogue_glyph_map	structural-high; Japanese glyph map pending	Pointer index is paired across base/reference. Japanese bytes remain tokenized until the dialogue tile path is mapped.
PTR-207	Bank 1 pointer-driven text	0x07457	<F0><BB><8F><83><86><82><CB><00><0B><AE><98><AE><10><06><A6><F8><F9><00><85><A2><B2><8B><AE><96><B5><AF><00><85><A2><B2><8B><AE><99><00><82><87><86><90><06><81><A9><FF>	0x074B6	<F0><BB><00>SORRY<00>YOU<00>FEEL<00>THAT<F8>WAY<CB><00>BUT<CB><FF>	0x05F72	0x074D7	UNKNOWN	needs_japanese_dialogue_glyph_map	structural-high; Japanese glyph map pending	Pointer index is paired across base/reference. Japanese bytes remain tokenized until the dialogue tile path is mapped.
PTR-208	Bank 1 pointer-driven text	0x07481	<F0><BB><FA><8B><AE><CB><F8><F9><00><8A><AE><14><00><8D><A9><06><96><00><87><90><94><87><B5><AF><A6><FF>	0x074D7	<F0><BB><00>COME<00>SEE<00>US<CB><FF>	0x05F74	0x074E7	UNKNOWN	needs_japanese_dialogue_glyph_map	structural-high; Japanese glyph map pending	Pointer index is paired across base/reference. Japanese bytes remain tokenized until the dialogue tile path is mapped.
PTR-209	Bank 1 pointer-driven text	0x0749B	<F0><BB><87><B4><94><8A><99><00><F0><82><B4><86><AD><F8><F9><00><90><0D><98><93><85><88><AE><95><8E><B2><A6><CB><FF>	0x074E7	<F0><BB><00>WHENEVER<00>YOU<B6>RE<00>IN<F8>TOWN<BA><FF>	0x05F76	0x07503	UNKNOWN	needs_japanese_dialogue_glyph_map	structural-high; Japanese glyph map pending	Pointer index is paired across base/reference. Japanese bytes remain tokenized until the dialogue tile path is mapped.
PTR-210	Bank 1 pointer-driven text	0x074B8	<FA><BB><A6><AB><8A><AE><13><CA><CA><F8><F9><00><8F><AA><0C><B5><AF><00><81><B4><8C><AF><8A><AA><13><CB><FF>	0x07050	<FA><BB><00>YOU<00>GOT<00>IT<CA><F8>NOW<B9><00>I<00>MUST<00>GO<BA><FF>	0x05F78	0x0706F	UNKNOWN	needs_japanese_dialogue_glyph_map	structural-high; Japanese glyph map pending	Pointer index is paired across base/reference. Japanese bytes remain tokenized until the dialogue tile path is mapped.
PTR-211	Bank 1 pointer-driven text	0x074D3	<F0><BB><90><B4><8C><B5><13><95><CB><FF>	0x07503	<F0><BB><00>FAREWELL<CB><FF>	0x05F7A	0x07510	UNKNOWN	needs_japanese_dialogue_glyph_map	structural-high; Japanese glyph map pending	Pointer index is paired across base/reference. Japanese bytes remain tokenized until the dialogue tile path is mapped.
PTR-212	Bank 1 pointer-driven text	0x074DD	<85><8A><94><BB><CB><FA><8B><AE><CB><FF>	0x07510	OKOTO<BB><00><FA><CB><FF>	0x05F7C	0x0751A	UNKNOWN	needs_japanese_dialogue_glyph_map	structural-high; Japanese glyph map pending	Pointer index is paired across base/reference. Japanese bytes remain tokenized until the dialogue tile path is mapped.
PTR-213	Bank 1 pointer-driven text	0x074E7	<85><8A><94><BB><FA><8B><71><AE><00><FA><8B><71><AE><FF>	0x0751A	OKOTO<BB><00><FA><CB><FA><CB>SOB<CB><FF>	0x05F7E	0x0752A	UNKNOWN	needs_japanese_dialogue_glyph_map	structural-high; Japanese glyph map pending	Pointer index is paired across base/reference. Japanese bytes remain tokenized until the dialogue tile path is mapped.
PTR-214	Bank 1 pointer-driven text	0x074F5	<5D><5D><AE><00><5D><AE><5D><AE><CB><F8><91><B7><83><14><B3><00><0C><86><AE><94><B3><AE><00><81><82><95><A8><9F><8C><90><AF><FF>	0x0752A	DUM<71>DE<71>DUM<CB>DOESN<B6>T<F8>THIS<00>STORY<00>GRAB<00>YOU<CC><FF>	0x05F80	0x07552	UNKNOWN	needs_japanese_dialogue_glyph_map	structural-high; Japanese glyph map pending	Pointer index is paired across base/reference. Japanese bytes remain tokenized until the dialogue tile path is mapped.
PTR-215	Bank 1 pointer-driven text	0x07515	<A6><83><8A><8F><B3><00><0A><8C><AE><1E><00><82><90><10><AF><87><9F><AF><8C><90><AF><AE><F8><9F><0D><9A><AF><8A><8A><A7><13><B2><00><10><AE><87><A8><9F><8D><A9><06><AF><AE><FF>	0x07552	YOU<00>FINISHED<00>IT<CC><F8>DON<B6>T<00>YOU<00>HAVE<00>A<00>LIFE<CC><FF>	0x05F82	0x0757A	UNKNOWN	needs_japanese_dialogue_glyph_map	structural-high; Japanese glyph map pending	Pointer index is paired across base/reference. Japanese bytes remain tokenized until the dialogue tile path is mapped.
PTR-216	Bank 1 pointer-driven text	0x07541	<9F><90><99><81><83><9B><AD><B4><00><90><99><B3><71><8C><B0><71><A0><B0><71><96><B0><71><AE><F8><82><A6><B3><B4><00><5D><5D><AE><00><5D><AE><5D><AE><00><5D><AE><CA><FF>	0x0757A	MAYBE<00>WE<B6>LL<00>MEET<00>AGAIN<CB><F8>AND<00>KICK<00>YOUR<00>ASS<CA><FF>	0x05F84	0x075A5	UNKNOWN	needs_japanese_dialogue_glyph_map	structural-high; Japanese glyph map pending	Pointer index is paired across base/reference. Japanese bytes remain tokenized until the dialogue tile path is mapped.
PTR-217	Bank 1 pointer-driven text	0x0756B	<85><8F><9F><92><B4><CA><CA><FF>	0x075AA	THE<00>END<CA><FF>	0x05F86	0x075B3	UNKNOWN	needs_japanese_dialogue_glyph_map	structural-high; Japanese glyph map pending	Pointer index is paired across base/reference. Japanese bytes remain tokenized until the dialogue tile path is mapped.
PTR-218	Bank 1 pointer-driven text	0x07573	<F0><99><00><81><A7><90><95><90><1B><06><00><9A><0C><9F><A9><CB><FF>	0x075B3	<B6>S<00>ADVENTURE<00>BEGINS<00>NOW<CB><FF>	0x05F88	0x075CC	UNKNOWN	needs_japanese_dialogue_glyph_map	structural-high; Japanese glyph map pending	Pointer index is paired across base/reference. Japanese bytes remain tokenized until the dialogue tile path is mapped.
PTR-219	Bank 1 pointer-driven text	0x07584	<10><83><AE><90><83><AE><00><8D><5D><8C><B5><A9><CD><FF>	0x075CC	WELCOME<00>TO<FF>	0x05F8A	0x075D7	UNKNOWN	needs_japanese_dialogue_glyph_map	structural-high; Japanese glyph map pending	Pointer index is paired across base/reference. Japanese bytes remain tokenized until the dialogue tile path is mapped.
PTR-220	Bank 1 pointer-driven text	0x07592	<88><96><85><88><AE><99><00><0C><10><82><09><87><10><A6><F8><0E><AE><82><AE><8C><B6><83><0A><83><CA><FF>	0x075D7	DOWNTOWN<00>SPECIAL<CB><F8>HAIL<B9><00>FIGHTERS<CA><FF>	0x05F8C	0x075F9	UNKNOWN	needs_japanese_dialogue_glyph_map	structural-high; Japanese glyph map pending	Pointer index is paired across base/reference. Japanese bytes remain tokenized until the dialogue tile path is mapped.
PTR-221	Bank 1 pointer-driven text	0x075AC	<5D><AE><5D><AE><5D><AE><CB><FF>	0x075F9	MEET<00>US<00>IN<CB><FF>	0x05F8E	0x07605	UNKNOWN	needs_japanese_dialogue_glyph_map	structural-high; Japanese glyph map pending	Pointer index is paired across base/reference. Japanese bytes remain tokenized until the dialogue tile path is mapped.
PTR-222	Bank 1 pointer-driven text	0x075B4	<8D><A9><06><0C><A4><00><8B><AE><0A><88><B1><00><82><91><99><B3><AE><F8><9C><0C><99><B3><00><A4><9F><B4><00><CB><82><A6><B3><B4><00><5D><AE><5D><AE><FF>	0x07605	SURUGA<CB>LAND<00>OF<00>MYSTERY<CB><F8>HOME<00>OF<00>MT<BA><00>FUJI<BA><FF>	0x05F90	0x0762F	UNKNOWN	needs_japanese_dialogue_glyph_map	structural-high; Japanese glyph map pending	Pointer index is paired across base/reference. Japanese bytes remain tokenized until the dialogue tile path is mapped.
PTR-223	Bank 1 pointer-driven text	0x075DA	<83><8C><85><00><81><A7><95><A0><B0><00><14><87><B7><83><13><B2><00><AC><90><AF><A9><B4><FF>	0x0762F	ACROSS<00>THE<00>RAGING<00>SEA<CB><FF>	0x05F92	0x07646	UNKNOWN	needs_japanese_dialogue_glyph_map	structural-high; Japanese glyph map pending	Pointer index is paired across base/reference. Japanese bytes remain tokenized until the dialogue tile path is mapped.
PTR-224	Bank 1 pointer-driven text	0x075F1	<07><A8><96><B5><AF><00><92><A6><82><06><AF><AE><F8><95><8B><89><96><B5><AF><00><A6><AC><82><B4><00><CB><5D><AE><5D><AE><FF>	0x07646	DUTY<00>CALLS<CB><F8>AND<00>ROMANCE<CB><FF>	0x05F94	0x0765F	UNKNOWN	needs_japanese_dialogue_glyph_map	structural-high; Japanese glyph map pending	Pointer index is paired across base/reference. Japanese bytes remain tokenized until the dialogue tile path is mapped.
PTR-225	Bank 1 pointer-driven text	0x07610	<91><B7><82><94><B3><00><8A><82><87><95><AF><AE><00><81><B4><FF>	0x0765F	KUNIO<B6>S<00>LOVE<00>AWAITS<CB><FF>	0x05F96	0x07674	UNKNOWN	needs_japanese_dialogue_glyph_map	structural-high; Japanese glyph map pending	Pointer index is paired across base/reference. Japanese bytes remain tokenized until the dialogue tile path is mapped.
PTR-226	Bank 1 pointer-driven text	0x07620	<10><93><B2><71><85><B3><71><94><B3><71><8A><B3><71><AE><F8><5D><5D><AE><00><5D><AE><5D><AE><00><5D><AE><CA><FF>	0x07674	OR<00>DOES<00>SHE<CC><FF>	0x05F98	0x07681	UNKNOWN	needs_japanese_dialogue_glyph_map	structural-high; Japanese glyph map pending	Pointer index is paired across base/reference. Japanese bytes remain tokenized until the dialogue tile path is mapped.
PTR-227	Bank 1 pointer-driven text	0x0763C	<F0><9A><00><F1><AD><00><92><86><B4><90><FF>	0x07681	USED<00><F1><BA><FF>	0x05F9A	0x07689	UNKNOWN	needs_japanese_dialogue_glyph_map	structural-high; Japanese glyph map pending	Pointer index is paired across base/reference. Japanese bytes remain tokenized until the dialogue tile path is mapped.
PTR-228	Bank 1 pointer-driven text	0x07647	<A4><B4><93><B2><AE><00><87><9F><8C><90><AF><00><F4><99><00><88><96><B4><CA><F8><82><B7><B3><B4><00><5D><AE><5D><AE><CB><FF>	0x07689	ARE<00>YOU<00>READY<00>FOR<F8>THIS<00>NEW<00>AREA<CC><00>YEAH<CA><FF>	0x05F9C	0x076B0	UNKNOWN	needs_japanese_dialogue_glyph_map	structural-high; Japanese glyph map pending	Pointer index is paired across base/reference. Japanese bytes remain tokenized until the dialogue tile path is mapped.
PTR-229	Bank 1 pointer-driven text	0x07666	<F0><9A><00><F1><AD><00><AC><90><8C><90><CB><FF>	0x076B0	<F0><00>GAVE<00><F1><FF>	0x05F9E	0x076B9	UNKNOWN	needs_japanese_dialogue_glyph_map	structural-high; Japanese glyph map pending	Pointer index is paired across base/reference. Japanese bytes remain tokenized until the dialogue tile path is mapped.
PTR-230	Bank 1 pointer-driven text	0x07672	<F0><9A><00><F1><AD><00><8D><93><90><CB><FF>	0x076B9	<F0><00>DROPPED<00><F1><FF>	0x05FA0	0x076C5	UNKNOWN	needs_japanese_dialogue_glyph_map	structural-high; Japanese glyph map pending	Pointer index is paired across base/reference. Japanese bytes remain tokenized until the dialogue tile path is mapped.
PTR-231	Bank 1 pointer-driven text	0x0767D	<F0><99><00><8D><93><71><90><8D><06><00><81><06><B4><90><CA><CA><FF>	0x076C5	<F0><B6>S<00>STATUS<00>IS<00>UP<CA><FF>	0x05FA2	0x076D7	UNKNOWN	needs_japanese_dialogue_glyph_map	structural-high; Japanese glyph map pending	Pointer index is paired across base/reference. Japanese bytes remain tokenized until the dialogue tile path is mapped.
PTR-232	Bank 1 pointer-driven text	0x0768E	<F0><99><00><F2><06><00><F5><81><06><B4><90><CA><CA><FF>	0x076D7	<F0><B6>S<00><F2><00>IS<00>UP<00><F5><CA><FF>	0x05FA4	0x076E6	UNKNOWN	needs_japanese_dialogue_glyph_map	structural-high; Japanese glyph map pending	Pointer index is paired across base/reference. Japanese bytes remain tokenized until the dialogue tile path is mapped.
PTR-233	Bank 1 pointer-driven text	0x0769C	<F0><99><00><F2><06><00><F5><86><82><9C><88><8C><90><CA><CA><FF>	0x076E6	<F0><B6>S<00><F2><00>UP<00>BY<00><F5><CA><FF>	0x05FA6	0x076F5	UNKNOWN	needs_japanese_dialogue_glyph_map	structural-high; Japanese glyph map pending	Pointer index is paired across base/reference. Japanese bytes remain tokenized until the dialogue tile path is mapped.
PTR-234	Bank 1 pointer-driven text	0x076AC	<F0><99><00><F2><9A><00><8B><82><8A><83><10><B4><CA><CA><FF>	0x076F5	<F0><B6>S<00><F2><00>IS<00>MAXXED<CA><FF>	0x05FA8	0x07706	UNKNOWN	needs_japanese_dialogue_glyph_map	structural-high; Japanese glyph map pending	Pointer index is paired across base/reference. Japanese bytes remain tokenized until the dialogue tile path is mapped.
PTR-235	Bank 1 pointer-driven text	0x076BB	<F0><9A><00><F1><AD><00><85><1E><84><90><CA><CA><FF>	0x06112	<F0><00>LEARNED<00>A<00>TECHNIQUE<CA><FF>	0x05FAA	0x06129	UNKNOWN	needs_japanese_dialogue_glyph_map	structural-high; Japanese glyph map pending	Pointer index is paired across base/reference. Japanese bytes remain tokenized until the dialogue tile path is mapped.
PTR-236	Bank 1 pointer-driven text	0x076C8	<82><9F><86><A7><00><8D><93><71><90><8D><81><B4><5C><06><00><C2><1A><82><96><95><A8><9F><8D><CD><FF>	0x070B6	STATUS<00>LEVELS<71>UP<00>NOW<00>DOUBLE<CA><FF>	0x05FAC	0x070D3	UNKNOWN	needs_japanese_dialogue_glyph_map	structural-high; Japanese glyph map pending	Pointer index is paired across base/reference. Japanese bytes remain tokenized until the dialogue tile path is mapped.
PTR-237	Bank 1 pointer-driven text	0x076E1	<86><71><8F><A9><13><00><8D><87><95><1A><8C><B7><96><00><82><14><83><13><87><9F><8D><CD><FF>	0x0771A	USE<00>MAP<00>CURSOR<00>TO<00>TRAVEL<FF>	0x05FAE	0x07733	UNKNOWN	needs_japanese_dialogue_glyph_map	structural-high; Japanese glyph map pending	Pointer index is paired across base/reference. Japanese bytes remain tokenized until the dialogue tile path is mapped.
PTR-238	Bank 1 pointer-driven text	0x076F8	<F0><9A><00><F1><AD><00><9A><0D><8C><90><CB><FF>	0x07733	<F0><00>REMOVED<00><F1><FF>	0x05FB0	0x0773F	UNKNOWN	needs_japanese_dialogue_glyph_map	structural-high; Japanese glyph map pending	Pointer index is paired across base/reference. Japanese bytes remain tokenized until the dialogue tile path is mapped.
PTR-239	Bank 1 pointer-driven text	0x07704	<F0><9A><00><96><8A><96><8A><8C><93><87><90><CA><CA><FF>	0x0773F	<F0><00>SMILES<CA><FF>	0x05FB2	0x07749	UNKNOWN	needs_japanese_dialogue_glyph_map	structural-high; Japanese glyph map pending	Pointer index is paired across base/reference. Japanese bytes remain tokenized until the dialogue tile path is mapped.
PTR-240	Bank 1 pointer-driven text	0x07712	<F0><9A><00><86><A7><10><06><00><86><A9><88><95><B4><90><87><06><8C><90><CB><FF>	0x07FF7	<F0><00>FELT<00>LIGHTER<FF>	0x05FB4	0x08006	UNKNOWN	needs_japanese_dialogue_glyph_map	structural-high; Japanese glyph map pending	Pointer index is paired across base/reference. Japanese bytes remain tokenized until the dialogue tile path is mapped.
PTR-241	Bank 1 pointer-driven text	0x07726	<8A><AA><9A><00><A8><B4><91><95><00><9B><94><94><87><CD><CD><CD><FF>	0x07749	A<00>GREAT<00>MOMENT<CA><FF>	0x05FB6	0x07759	UNKNOWN	needs_japanese_dialogue_glyph_map	structural-high; Japanese glyph map pending	Pointer index is paired across base/reference. Japanese bytes remain tokenized until the dialogue tile path is mapped.
PTR-242	Bank 1 pointer-driven text	0x07737	<A0><96><92><89><93><82><A9><A3><99><99><00><8A><83><86><06><00><C2><1A><82><96><95><A8><9F><8D><CD><FF>	0x070D3	EQUIPMENT<00>STATS<00>NOW<00>DOUBLE<CA><FF>	0x05FB8	0x070EF	UNKNOWN	needs_japanese_dialogue_glyph_map	structural-high; Japanese glyph map pending	Pointer index is paired across base/reference. Japanese bytes remain tokenized until the dialogue tile path is mapped.
PTR-243	Bank 1 pointer-driven text	0x07751	<F0><9A><00><91><86><A7><92><87><90><CB><FF>	0x08009	<F0><00>FELL<FF>	0x05FBA	0x08010	UNKNOWN	needs_japanese_dialogue_glyph_map	structural-high; Japanese glyph map pending	Pointer index is paired across base/reference. Japanese bytes remain tokenized until the dialogue tile path is mapped.
PTR-245	Bank 1 pointer-driven text	0x07761	<F0><82><B4><86><10><B4><CA><FF>	0x07FE4	<F0><00>FAMILY<CA><FF>	0x05FBE	0x07FEE	UNKNOWN	needs_japanese_dialogue_glyph_map	structural-high; Japanese glyph map pending	Pointer index is paired across base/reference. Japanese bytes remain tokenized until the dialogue tile path is mapped.
PTR-246	Bank 1 pointer-driven text	0x07C00	<03><C8><B1><2A><29><0F><9D><35><03><29><08><F0><08><BD><35><03><09><F0><9D><35><03><B1><2A><29><F0><9D><2D><03><C8><4C><B1><BB><A9><00><8D><86><06><60><30><BC><30><BC><39><BC><4A><BC><5B><BC><6F><BC><78><BC><81><BC><8A><BC><93><BC><98><BC><9D><BC><30><BC><00><82><4F><00><01><83><4F><00><FF>	0x07C00	<03><C8><B1><2A><29><0F><9D><35><03><29><08><F0><08><BD><35><03><09><F0><9D><35><03><B1><2A><29><F0><9D><2D><03><C8><4C><B1><BB><A9><00>MF<06><60><30><BC><30><BC><39><BC><4A><BC><5B><BC><6F><BC><78><BC>A<BC>J<BC>S<BC>X<BC><9D><BC><30><BC><00>B<4F><00><01>C<4F><00><FF>	0x05FC0	0x07C49	UNKNOWN	needs_japanese_dialogue_glyph_map	structural-high; Japanese glyph map pending	Pointer index is paired across base/reference. Japanese bytes remain tokenized until the dialogue tile path is mapped.
