frame	ppu_address	value	pc
6	2000	00	FDF5
6	2001	00	FDF5
6	2002	00	FDF5
6	2003	00	FDF5
6	2004	00	FDF5
6	2005	00	FDF5
6	2006	00	FDF5
6	2007	00	FDF5
6	2008	00	FDF5
6	2009	00	FDF5
6	200A	00	FDF5
6	200B	00	FDF5
6	200C	00	FDF5
6	200D	00	FDF5
6	200E	00	FDF5
6	200F	00	FDF5
6	2010	00	FDF5
6	2011	00	FDF5
6	2012	00	FDF5
6	2013	00	FDF5
6	2014	00	FDF5
6	2015	00	FDF5
6	2016	00	FDF5
6	2017	00	FDF5
6	2018	00	FDF5
6	2019	00	FDF5
6	201A	00	FDF5
6	201B	00	FDF5
6	201C	00	FDF5
6	201D	00	FDF5
6	201E	00	FDF5
6	201F	00	FDF5
6	2020	00	FDF5
6	2021	00	FDF5
6	2022	00	FDF5
6	2023	00	FDF5
6	2024	00	FDF5
6	2025	00	FDF5
6	2026	00	FDF5
6	2027	00	FDF5
6	2028	00	FDF5
6	2029	00	FDF5
6	202A	00	FDF5
6	202B	00	FDF5
6	202C	00	FDF5
6	202D	00	FDF5
6	202E	00	FDF5
6	202F	00	FDF5
6	2030	00	FDF5
6	2031	00	FDF5
6	2032	00	FDF5
6	2033	00	FDF5
6	2034	00	FDF5
6	2035	00	FDF5
6	2036	00	FDF5
6	2037	00	FDF5
6	2038	00	FDF5
6	2039	00	FDF5
6	203A	00	FDF5
6	203B	00	FDF5
6	203C	00	FDF5
6	203D	00	FDF5
6	203E	00	FDF5
6	203F	00	FDF5
6	2040	00	FDF5
6	2041	00	FDF5
6	2042	00	FDF5
6	2043	00	FDF5
6	2044	00	FDF5
6	2045	00	FDF5
6	2046	00	FDF5
6	2047	00	FDF5
6	2048	00	FDF5
6	2049	00	FDF5
6	204A	00	FDF5
6	204B	00	FDF5
6	204C	00	FDF5
6	204D	00	FDF5
6	204E	00	FDF5
6	204F	00	FDF5
6	2050	00	FDF5
6	2051	00	FDF5
6	2052	00	FDF5
6	2053	00	FDF5
6	2054	00	FDF5
6	2055	00	FDF5
6	2056	00	FDF5
6	2057	00	FDF5
6	2058	00	FDF5
6	2059	00	FDF5
6	205A	00	FDF5
6	205B	00	FDF5
6	205C	00	FDF5
6	205D	00	FDF5
6	205E	00	FDF5
6	205F	00	FDF5
6	2060	00	FDF5
6	2061	00	FDF5
6	2062	00	FDF5
6	2063	00	FDF5
6	2064	00	FDF5
6	2065	00	FDF5
6	2066	00	FDF5
6	2067	00	FDF5
6	2068	00	FDF5
6	2069	00	FDF5
6	206A	00	FDF5
6	206B	00	FDF5
6	206C	00	FDF5
6	206D	00	FDF5
6	206E	00	FDF5
6	206F	00	FDF5
6	2070	00	FDF5
6	2071	00	FDF5
6	2072	00	FDF5
6	2073	00	FDF5
6	2074	00	FDF5
6	2075	00	FDF5
6	2076	00	FDF5
6	2077	00	FDF5
6	2078	00	FDF5
6	2079	00	FDF5
6	207A	00	FDF5
6	207B	00	FDF5
6	207C	00	FDF5
6	207D	00	FDF5
6	207E	00	FDF5
6	207F	00	FDF5
6	2080	00	FDF5
6	2081	00	FDF5
6	2082	00	FDF5
6	2083	00	FDF5
6	2084	00	FDF5
6	2085	00	FDF5
6	2086	00	FDF5
6	2087	00	FDF5
6	2088	00	FDF5
6	2089	00	FDF5
6	208A	00	FDF5
6	208B	00	FDF5
6	208C	00	FDF5
6	208D	00	FDF5
6	208E	00	FDF5
6	208F	00	FDF5
6	2090	00	FDF5
6	2091	00	FDF5
6	2092	00	FDF5
6	2093	00	FDF5
6	2094	00	FDF5
6	2095	00	FDF5
6	2096	00	FDF5
6	2097	00	FDF5
6	2098	00	FDF5
6	2099	00	FDF5
6	209A	00	FDF5
6	209B	00	FDF5
6	209C	00	FDF5
6	209D	00	FDF5
6	209E	00	FDF5
6	209F	00	FDF5
6	20A0	00	FDF5
6	20A1	00	FDF5
6	20A2	00	FDF5
6	20A3	00	FDF5
6	20A4	00	FDF5
6	20A5	00	FDF5
6	20A6	00	FDF5
6	20A7	00	FDF5
6	20A8	00	FDF5
6	20A9	00	FDF5
6	20AA	00	FDF5
6	20AB	00	FDF5
6	20AC	00	FDF5
6	20AD	00	FDF5
6	20AE	00	FDF5
6	20AF	00	FDF5
6	20B0	00	FDF5
6	20B1	00	FDF5
6	20B2	00	FDF5
6	20B3	00	FDF5
6	20B4	00	FDF5
6	20B5	00	FDF5
6	20B6	00	FDF5
6	20B7	00	FDF5
6	20B8	00	FDF5
6	20B9	00	FDF5
6	20BA	00	FDF5
6	20BB	00	FDF5
6	20BC	00	FDF5
6	20BD	00	FDF5
6	20BE	00	FDF5
6	20BF	00	FDF5
6	20C0	00	FDF5
6	20C1	00	FDF5
6	20C2	00	FDF5
6	20C3	00	FDF5
6	20C4	00	FDF5
6	20C5	00	FDF5
6	20C6	00	FDF5
6	20C7	00	FDF5
6	20C8	00	FDF5
6	20C9	00	FDF5
6	20CA	00	FDF5
6	20CB	00	FDF5
6	20CC	00	FDF5
6	20CD	00	FDF5
6	20CE	00	FDF5
6	20CF	00	FDF5
6	20D0	00	FDF5
6	20D1	00	FDF5
6	20D2	00	FDF5
6	20D3	00	FDF5
6	20D4	00	FDF5
6	20D5	00	FDF5
6	20D6	00	FDF5
6	20D7	00	FDF5
6	20D8	00	FDF5
6	20D9	00	FDF5
6	20DA	00	FDF5
6	20DB	00	FDF5
6	20DC	00	FDF5
6	20DD	00	FDF5
6	20DE	00	FDF5
6	20DF	00	FDF5
6	20E0	00	FDF5
6	20E1	00	FDF5
6	20E2	00	FDF5
6	20E3	00	FDF5
6	20E4	00	FDF5
6	20E5	00	FDF5
6	20E6	00	FDF5
6	20E7	00	FDF5
6	20E8	00	FDF5
6	20E9	00	FDF5
6	20EA	00	FDF5
6	20EB	00	FDF5
6	20EC	00	FDF5
6	20ED	00	FDF5
6	20EE	00	FDF5
6	20EF	00	FDF5
6	20F0	00	FDF5
6	20F1	00	FDF5
6	20F2	00	FDF5
6	20F3	00	FDF5
6	20F4	00	FDF5
6	20F5	00	FDF5
6	20F6	00	FDF5
6	20F7	00	FDF5
6	20F8	00	FDF5
6	20F9	00	FDF5
6	20FA	00	FDF5
6	20FB	00	FDF5
6	20FC	00	FDF5
6	20FD	00	FDF5
6	20FE	00	FDF5
6	20FF	00	FDF5
6	2100	00	FDF5
6	2101	00	FDF5
6	2102	00	FDF5
6	2103	00	FDF5
6	2104	00	FDF5
6	2105	00	FDF5
6	2106	00	FDF5
6	2107	00	FDF5
6	2108	00	FDF5
6	2109	00	FDF5
6	210A	00	FDF5
6	210B	00	FDF5
6	210C	00	FDF5
6	210D	00	FDF5
6	210E	00	FDF5
6	210F	00	FDF5
6	2110	00	FDF5
6	2111	00	FDF5
6	2112	00	FDF5
6	2113	00	FDF5
6	2114	00	FDF5
6	2115	00	FDF5
6	2116	00	FDF5
6	2117	00	FDF5
6	2118	00	FDF5
6	2119	00	FDF5
6	211A	00	FDF5
6	211B	00	FDF5
6	211C	00	FDF5
6	211D	00	FDF5
6	211E	00	FDF5
6	211F	00	FDF5
6	2120	00	FDF5
6	2121	00	FDF5
6	2122	00	FDF5
6	2123	00	FDF5
6	2124	00	FDF5
6	2125	00	FDF5
6	2126	00	FDF5
6	2127	00	FDF5
6	2128	00	FDF5
6	2129	00	FDF5
6	212A	00	FDF5
6	212B	00	FDF5
6	212C	00	FDF5
6	212D	00	FDF5
6	212E	00	FDF5
6	212F	00	FDF5
6	2130	00	FDF5
6	2131	00	FDF5
6	2132	00	FDF5
6	2133	00	FDF5
6	2134	00	FDF5
6	2135	00	FDF5
6	2136	00	FDF5
6	2137	00	FDF5
6	2138	00	FDF5
6	2139	00	FDF5
6	213A	00	FDF5
6	213B	00	FDF5
6	213C	00	FDF5
6	213D	00	FDF5
6	213E	00	FDF5
6	213F	00	FDF5
6	2140	00	FDF5
6	2141	00	FDF5
6	2142	00	FDF5
6	2143	00	FDF5
6	2144	00	FDF5
6	2145	00	FDF5
6	2146	00	FDF5
6	2147	00	FDF5
6	2148	00	FDF5
6	2149	00	FDF5
6	214A	00	FDF5
6	214B	00	FDF5
6	214C	00	FDF5
6	214D	00	FDF5
6	214E	00	FDF5
6	214F	00	FDF5
6	2150	00	FDF5
6	2151	00	FDF5
6	2152	00	FDF5
6	2153	00	FDF5
6	2154	00	FDF5
6	2155	00	FDF5
6	2156	00	FDF5
6	2157	00	FDF5
6	2158	00	FDF5
6	2159	00	FDF5
6	215A	00	FDF5
6	215B	00	FDF5
6	215C	00	FDF5
6	215D	00	FDF5
6	215E	00	FDF5
6	215F	00	FDF5
6	2160	00	FDF5
6	2161	00	FDF5
6	2162	00	FDF5
6	2163	00	FDF5
6	2164	00	FDF5
6	2165	00	FDF5
6	2166	00	FDF5
6	2167	00	FDF5
6	2168	00	FDF5
6	2169	00	FDF5
6	216A	00	FDF5
6	216B	00	FDF5
6	216C	00	FDF5
6	216D	00	FDF5
6	216E	00	FDF5
6	216F	00	FDF5
6	2170	00	FDF5
6	2171	00	FDF5
6	2172	00	FDF5
6	2173	00	FDF5
6	2174	00	FDF5
6	2175	00	FDF5
6	2176	00	FDF5
6	2177	00	FDF5
6	2178	00	FDF5
6	2179	00	FDF5
6	217A	00	FDF5
6	217B	00	FDF5
6	217C	00	FDF5
6	217D	00	FDF5
6	217E	00	FDF5
6	217F	00	FDF5
6	2180	00	FDF5
6	2181	00	FDF5
6	2182	00	FDF5
6	2183	00	FDF5
6	2184	00	FDF5
6	2185	00	FDF5
6	2186	00	FDF5
6	2187	00	FDF5
6	2188	00	FDF5
6	2189	00	FDF5
6	218A	00	FDF5
6	218B	00	FDF5
6	218C	00	FDF5
6	218D	00	FDF5
6	218E	00	FDF5
6	218F	00	FDF5
6	2190	00	FDF5
6	2191	00	FDF5
6	2192	00	FDF5
6	2193	00	FDF5
6	2194	00	FDF5
6	2195	00	FDF5
6	2196	00	FDF5
6	2197	00	FDF5
6	2198	00	FDF5
6	2199	00	FDF5
6	219A	00	FDF5
6	219B	00	FDF5
6	219C	00	FDF5
6	219D	00	FDF5
6	219E	00	FDF5
6	219F	00	FDF5
6	21A0	00	FDF5
6	21A1	00	FDF5
6	21A2	00	FDF5
6	21A3	00	FDF5
6	21A4	00	FDF5
6	21A5	00	FDF5
6	21A6	00	FDF5
6	21A7	00	FDF5
6	21A8	00	FDF5
6	21A9	00	FDF5
6	21AA	00	FDF5
6	21AB	00	FDF5
6	21AC	00	FDF5
6	21AD	00	FDF5
6	21AE	00	FDF5
6	21AF	00	FDF5
6	21B0	00	FDF5
6	21B1	00	FDF5
6	21B2	00	FDF5
6	21B3	00	FDF5
6	21B4	00	FDF5
6	21B5	00	FDF5
6	21B6	00	FDF5
6	21B7	00	FDF5
6	21B8	00	FDF5
6	21B9	00	FDF5
6	21BA	00	FDF5
6	21BB	00	FDF5
6	21BC	00	FDF5
6	21BD	00	FDF5
6	21BE	00	FDF5
6	21BF	00	FDF5
6	21C0	00	FDF5
6	21C1	00	FDF5
6	21C2	00	FDF5
6	21C3	00	FDF5
6	21C4	00	FDF5
6	21C5	00	FDF5
6	21C6	00	FDF5
6	21C7	00	FDF5
6	21C8	00	FDF5
6	21C9	00	FDF5
6	21CA	00	FDF5
6	21CB	00	FDF5
6	21CC	00	FDF5
6	21CD	00	FDF5
6	21CE	00	FDF5
7	21CF	00	FDF5
7	21D0	00	FDF5
7	21D1	00	FDF5
7	21D2	00	FDF5
7	21D3	00	FDF5
7	21D4	00	FDF5
7	21D5	00	FDF5
7	21D6	00	FDF5
7	21D7	00	FDF5
7	21D8	00	FDF5
7	21D9	00	FDF5
7	21DA	00	FDF5
7	21DB	00	FDF5
7	21DC	00	FDF5
7	21DD	00	FDF5
7	21DE	00	FDF5
7	21DF	00	FDF5
7	21E0	00	FDF5
7	21E1	00	FDF5
7	21E2	00	FDF5
7	21E3	00	FDF5
7	21E4	00	FDF5
7	21E5	00	FDF5
7	21E6	00	FDF5
7	21E7	00	FDF5
7	21E8	00	FDF5
7	21E9	00	FDF5
7	21EA	00	FDF5
7	21EB	00	FDF5
7	21EC	00	FDF5
7	21ED	00	FDF5
7	21EE	00	FDF5
7	21EF	00	FDF5
7	21F0	00	FDF5
7	21F1	00	FDF5
7	21F2	00	FDF5
7	21F3	00	FDF5
7	21F4	00	FDF5
7	21F5	00	FDF5
7	21F6	00	FDF5
7	21F7	00	FDF5
7	21F8	00	FDF5
7	21F9	00	FDF5
7	21FA	00	FDF5
7	21FB	00	FDF5
7	21FC	00	FDF5
7	21FD	00	FDF5
7	21FE	00	FDF5
7	21FF	00	FDF5
7	2200	00	FDF5
7	2201	00	FDF5
7	2202	00	FDF5
7	2203	00	FDF5
7	2204	00	FDF5
7	2205	00	FDF5
7	2206	00	FDF5
7	2207	00	FDF5
7	2208	00	FDF5
7	2209	00	FDF5
7	220A	00	FDF5
7	220B	00	FDF5
7	220C	00	FDF5
7	220D	00	FDF5
7	220E	00	FDF5
7	220F	00	FDF5
7	2210	00	FDF5
7	2211	00	FDF5
7	2212	00	FDF5
7	2213	00	FDF5
7	2214	00	FDF5
7	2215	00	FDF5
7	2216	00	FDF5
7	2217	00	FDF5
7	2218	00	FDF5
7	2219	00	FDF5
7	221A	00	FDF5
7	221B	00	FDF5
7	221C	00	FDF5
7	221D	00	FDF5
7	221E	00	FDF5
7	221F	00	FDF5
7	2220	00	FDF5
7	2221	00	FDF5
7	2222	00	FDF5
7	2223	00	FDF5
7	2224	00	FDF5
7	2225	00	FDF5
7	2226	00	FDF5
7	2227	00	FDF5
7	2228	00	FDF5
7	2229	00	FDF5
7	222A	00	FDF5
7	222B	00	FDF5
7	222C	00	FDF5
7	222D	00	FDF5
7	222E	00	FDF5
7	222F	00	FDF5
7	2230	00	FDF5
7	2231	00	FDF5
7	2232	00	FDF5
7	2233	00	FDF5
7	2234	00	FDF5
7	2235	00	FDF5
7	2236	00	FDF5
7	2237	00	FDF5
7	2238	00	FDF5
7	2239	00	FDF5
7	223A	00	FDF5
7	223B	00	FDF5
7	223C	00	FDF5
7	223D	00	FDF5
7	223E	00	FDF5
7	223F	00	FDF5
7	2240	00	FDF5
7	2241	00	FDF5
7	2242	00	FDF5
7	2243	00	FDF5
7	2244	00	FDF5
7	2245	00	FDF5
7	2246	00	FDF5
7	2247	00	FDF5
7	2248	00	FDF5
7	2249	00	FDF5
7	224A	00	FDF5
7	224B	00	FDF5
7	224C	00	FDF5
7	224D	00	FDF5
7	224E	00	FDF5
7	224F	00	FDF5
7	2250	00	FDF5
7	2251	00	FDF5
7	2252	00	FDF5
7	2253	00	FDF5
7	2254	00	FDF5
7	2255	00	FDF5
7	2256	00	FDF5
7	2257	00	FDF5
7	2258	00	FDF5
7	2259	00	FDF5
7	225A	00	FDF5
7	225B	00	FDF5
7	225C	00	FDF5
7	225D	00	FDF5
7	225E	00	FDF5
7	225F	00	FDF5
7	2260	00	FDF5
7	2261	00	FDF5
7	2262	00	FDF5
7	2263	00	FDF5
7	2264	00	FDF5
7	2265	00	FDF5
7	2266	00	FDF5
7	2267	00	FDF5
7	2268	00	FDF5
7	2269	00	FDF5
7	226A	00	FDF5
7	226B	00	FDF5
7	226C	00	FDF5
7	226D	00	FDF5
7	226E	00	FDF5
7	226F	00	FDF5
7	2270	00	FDF5
7	2271	00	FDF5
7	2272	00	FDF5
7	2273	00	FDF5
7	2274	00	FDF5
7	2275	00	FDF5
7	2276	00	FDF5
7	2277	00	FDF5
7	2278	00	FDF5
7	2279	00	FDF5
7	227A	00	FDF5
7	227B	00	FDF5
7	227C	00	FDF5
7	227D	00	FDF5
7	227E	00	FDF5
7	227F	00	FDF5
7	2280	00	FDF5
7	2281	00	FDF5
7	2282	00	FDF5
7	2283	00	FDF5
7	2284	00	FDF5
7	2285	00	FDF5
7	2286	00	FDF5
7	2287	00	FDF5
7	2288	00	FDF5
7	2289	00	FDF5
7	228A	00	FDF5
7	228B	00	FDF5
7	228C	00	FDF5
7	228D	00	FDF5
7	228E	00	FDF5
7	228F	00	FDF5
7	2290	00	FDF5
7	2291	00	FDF5
7	2292	00	FDF5
7	2293	00	FDF5
7	2294	00	FDF5
7	2295	00	FDF5
7	2296	00	FDF5
7	2297	00	FDF5
7	2298	00	FDF5
7	2299	00	FDF5
7	229A	00	FDF5
7	229B	00	FDF5
7	229C	00	FDF5
7	229D	00	FDF5
7	229E	00	FDF5
7	229F	00	FDF5
7	22A0	00	FDF5
7	22A1	00	FDF5
7	22A2	00	FDF5
7	22A3	00	FDF5
7	22A4	00	FDF5
7	22A5	00	FDF5
7	22A6	00	FDF5
7	22A7	00	FDF5
7	22A8	00	FDF5
7	22A9	00	FDF5
7	22AA	00	FDF5
7	22AB	00	FDF5
7	22AC	00	FDF5
7	22AD	00	FDF5
7	22AE	00	FDF5
7	22AF	00	FDF5
7	22B0	00	FDF5
7	22B1	00	FDF5
7	22B2	00	FDF5
7	22B3	00	FDF5
7	22B4	00	FDF5
7	22B5	00	FDF5
7	22B6	00	FDF5
7	22B7	00	FDF5
7	22B8	00	FDF5
7	22B9	00	FDF5
7	22BA	00	FDF5
7	22BB	00	FDF5
7	22BC	00	FDF5
7	22BD	00	FDF5
7	22BE	00	FDF5
7	22BF	00	FDF5
7	22C0	00	FDF5
7	22C1	00	FDF5
7	22C2	00	FDF5
7	22C3	00	FDF5
7	22C4	00	FDF5
7	22C5	00	FDF5
7	22C6	00	FDF5
7	22C7	00	FDF5
7	22C8	00	FDF5
7	22C9	00	FDF5
7	22CA	00	FDF5
7	22CB	00	FDF5
7	22CC	00	FDF5
7	22CD	00	FDF5
7	22CE	00	FDF5
7	22CF	00	FDF5
7	22D0	00	FDF5
7	22D1	00	FDF5
7	22D2	00	FDF5
7	22D3	00	FDF5
7	22D4	00	FDF5
7	22D5	00	FDF5
7	22D6	00	FDF5
7	22D7	00	FDF5
7	22D8	00	FDF5
7	22D9	00	FDF5
7	22DA	00	FDF5
7	22DB	00	FDF5
7	22DC	00	FDF5
7	22DD	00	FDF5
7	22DE	00	FDF5
7	22DF	00	FDF5
7	22E0	00	FDF5
7	22E1	00	FDF5
7	22E2	00	FDF5
7	22E3	00	FDF5
7	22E4	00	FDF5
7	22E5	00	FDF5
7	22E6	00	FDF5
7	22E7	00	FDF5
7	22E8	00	FDF5
7	22E9	00	FDF5
7	22EA	00	FDF5
7	22EB	00	FDF5
7	22EC	00	FDF5
7	22ED	00	FDF5
7	22EE	00	FDF5
7	22EF	00	FDF5
7	22F0	00	FDF5
7	22F1	00	FDF5
7	22F2	00	FDF5
7	22F3	00	FDF5
7	22F4	00	FDF5
7	22F5	00	FDF5
7	22F6	00	FDF5
7	22F7	00	FDF5
7	22F8	00	FDF5
7	22F9	00	FDF5
7	22FA	00	FDF5
7	22FB	00	FDF5
7	22FC	00	FDF5
7	22FD	00	FDF5
7	22FE	00	FDF5
7	22FF	00	FDF5
7	2300	00	FDF5
7	2301	00	FDF5
7	2302	00	FDF5
7	2303	00	FDF5
7	2304	00	FDF5
7	2305	00	FDF5
7	2306	00	FDF5
7	2307	00	FDF5
7	2308	00	FDF5
7	2309	00	FDF5
7	230A	00	FDF5
7	230B	00	FDF5
7	230C	00	FDF5
7	230D	00	FDF5
7	230E	00	FDF5
7	230F	00	FDF5
7	2310	00	FDF5
7	2311	00	FDF5
7	2312	00	FDF5
7	2313	00	FDF5
7	2314	00	FDF5
7	2315	00	FDF5
7	2316	00	FDF5
7	2317	00	FDF5
7	2318	00	FDF5
7	2319	00	FDF5
7	231A	00	FDF5
7	231B	00	FDF5
7	231C	00	FDF5
7	231D	00	FDF5
7	231E	00	FDF5
7	231F	00	FDF5
7	2320	00	FDF5
7	2321	00	FDF5
7	2322	00	FDF5
7	2323	00	FDF5
7	2324	00	FDF5
7	2325	00	FDF5
7	2326	00	FDF5
7	2327	00	FDF5
7	2328	00	FDF5
7	2329	00	FDF5
7	232A	00	FDF5
7	232B	00	FDF5
7	232C	00	FDF5
7	232D	00	FDF5
7	232E	00	FDF5
7	232F	00	FDF5
7	2330	00	FDF5
7	2331	00	FDF5
7	2332	00	FDF5
7	2333	00	FDF5
7	2334	00	FDF5
7	2335	00	FDF5
7	2336	00	FDF5
7	2337	00	FDF5
7	2338	00	FDF5
7	2339	00	FDF5
7	233A	00	FDF5
7	233B	00	FDF5
7	233C	00	FDF5
7	233D	00	FDF5
7	233E	00	FDF5
7	233F	00	FDF5
7	2340	00	FDF5
7	2341	00	FDF5
7	2342	00	FDF5
7	2343	00	FDF5
7	2344	00	FDF5
7	2345	00	FDF5
7	2346	00	FDF5
7	2347	00	FDF5
7	2348	00	FDF5
7	2349	00	FDF5
7	234A	00	FDF5
7	234B	00	FDF5
7	234C	00	FDF5
7	234D	00	FDF5
7	234E	00	FDF5
7	234F	00	FDF5
7	2350	00	FDF5
7	2351	00	FDF5
7	2352	00	FDF5
7	2353	00	FDF5
7	2354	00	FDF5
7	2355	00	FDF5
7	2356	00	FDF5
7	2357	00	FDF5
7	2358	00	FDF5
7	2359	00	FDF5
7	235A	00	FDF5
7	235B	00	FDF5
7	235C	00	FDF5
7	235D	00	FDF5
7	235E	00	FDF5
7	235F	00	FDF5
7	2360	00	FDF5
7	2361	00	FDF5
7	2362	00	FDF5
7	2363	00	FDF5
7	2364	00	FDF5
7	2365	00	FDF5
7	2366	00	FDF5
7	2367	00	FDF5
7	2368	00	FDF5
7	2369	00	FDF5
7	236A	00	FDF5
7	236B	00	FDF5
7	236C	00	FDF5
7	236D	00	FDF5
7	236E	00	FDF5
7	236F	00	FDF5
7	2370	00	FDF5
7	2371	00	FDF5
7	2372	00	FDF5
7	2373	00	FDF5
7	2374	00	FDF5
7	2375	00	FDF5
7	2376	00	FDF5
7	2377	00	FDF5
7	2378	00	FDF5
7	2379	00	FDF5
7	237A	00	FDF5
7	237B	00	FDF5
7	237C	00	FDF5
7	237D	00	FDF5
7	237E	00	FDF5
7	237F	00	FDF5
7	2380	00	FDF5
7	2381	00	FDF5
7	2382	00	FDF5
7	2383	00	FDF5
7	2384	00	FDF5
7	2385	00	FDF5
7	2386	00	FDF5
7	2387	00	FDF5
7	2388	00	FDF5
7	2389	00	FDF5
7	238A	00	FDF5
7	238B	00	FDF5
7	238C	00	FDF5
7	238D	00	FDF5
7	238E	00	FDF5
7	238F	00	FDF5
7	2390	00	FDF5
7	2391	00	FDF5
7	2392	00	FDF5
7	2393	00	FDF5
7	2394	00	FDF5
7	2395	00	FDF5
7	2396	00	FDF5
7	2397	00	FDF5
7	2398	00	FDF5
7	2399	00	FDF5
7	239A	00	FDF5
7	239B	00	FDF5
7	239C	00	FDF5
7	239D	00	FDF5
7	239E	00	FDF5
7	239F	00	FDF5
7	23A0	00	FDF5
7	23A1	00	FDF5
7	23A2	00	FDF5
7	23A3	00	FDF5
7	23A4	00	FDF5
7	23A5	00	FDF5
7	23A6	00	FDF5
7	23A7	00	FDF5
7	23A8	00	FDF5
7	23A9	00	FDF5
7	23AA	00	FDF5
7	23AB	00	FDF5
7	23AC	00	FDF5
7	23AD	00	FDF5
7	23AE	00	FDF5
7	23AF	00	FDF5
7	23B0	00	FDF5
7	23B1	00	FDF5
7	23B2	00	FDF5
7	23B3	00	FDF5
7	23B4	00	FDF5
7	23B5	00	FDF5
7	23B6	00	FDF5
7	23B7	00	FDF5
7	23B8	00	FDF5
7	23B9	00	FDF5
7	23BA	00	FDF5
7	23BB	00	FDF5
7	23BC	00	FDF5
7	23BD	00	FDF5
7	23BE	00	FDF5
7	23BF	00	FDF5
7	23C0	00	FDF5
7	23C1	00	FDF5
7	23C2	00	FDF5
7	23C3	00	FDF5
7	23C4	00	FDF5
7	23C5	00	FDF5
7	23C6	00	FDF5
7	23C7	00	FDF5
7	23C8	00	FDF5
7	23C9	00	FDF5
7	23CA	00	FDF5
7	23CB	00	FDF5
7	23CC	00	FDF5
7	23CD	00	FDF5
7	23CE	00	FDF5
7	23CF	00	FDF5
7	23D0	00	FDF5
7	23D1	00	FDF5
7	23D2	00	FDF5
7	23D3	00	FDF5
7	23D4	00	FDF5
7	23D5	00	FDF5
7	23D6	00	FDF5
7	23D7	00	FDF5
7	23D8	00	FDF5
7	23D9	00	FDF5
7	23DA	00	FDF5
7	23DB	00	FDF5
7	23DC	00	FDF5
7	23DD	00	FDF5
7	23DE	00	FDF5
7	23DF	00	FDF5
7	23E0	00	FDF5
7	23E1	00	FDF5
7	23E2	00	FDF5
7	23E3	00	FDF5
7	23E4	00	FDF5
7	23E5	00	FDF5
7	23E6	00	FDF5
7	23E7	00	FDF5
7	23E8	00	FDF5
7	23E9	00	FDF5
7	23EA	00	FDF5
7	23EB	00	FDF5
7	23EC	00	FDF5
7	23ED	00	FDF5
7	23EE	00	FDF5
7	23EF	00	FDF5
7	23F0	00	FDF5
7	23F1	00	FDF5
7	23F2	00	FDF5
7	23F3	00	FDF5
7	23F4	00	FDF5
7	23F5	00	FDF5
7	23F6	00	FDF5
7	23F7	00	FDF5
7	23F8	00	FDF5
7	23F9	00	FDF5
7	23FA	00	FDF5
7	23FB	00	FDF5
7	23FC	00	FDF5
7	23FD	00	FDF5
7	23FE	00	FDF5
7	23FF	00	FDF5
7	23C0	00	FE12
7	23C1	00	FE12
7	23C2	00	FE12
7	23C3	00	FE12
7	23C4	00	FE12
7	23C5	00	FE12
7	23C6	00	FE12
7	23C7	00	FE12
7	23C8	00	FE12
7	23C9	00	FE12
7	23CA	00	FE12
7	23CB	00	FE12
7	23CC	00	FE12
7	23CD	00	FE12
7	23CE	00	FE12
7	23CF	00	FE12
7	23D0	00	FE12
7	23D1	00	FE12
7	23D2	00	FE12
7	23D3	00	FE12
7	23D4	00	FE12
7	23D5	00	FE12
7	23D6	00	FE12
7	23D7	00	FE12
7	23D8	00	FE12
7	23D9	00	FE12
7	23DA	00	FE12
7	23DB	00	FE12
7	23DC	00	FE12
7	23DD	00	FE12
7	23DE	00	FE12
7	23DF	00	FE12
7	23E0	00	FE12
7	23E1	00	FE12
7	23E2	00	FE12
7	23E3	00	FE12
7	23E4	00	FE12
7	23E5	00	FE12
7	23E6	00	FE12
7	23E7	00	FE12
7	23E8	00	FE12
7	23E9	00	FE12
7	23EA	00	FE12
7	23EB	00	FE12
7	23EC	00	FE12
7	23ED	00	FE12
7	23EE	00	FE12
7	23EF	00	FE12
7	23F0	00	FE12
7	23F1	00	FE12
7	23F2	00	FE12
7	23F3	00	FE12
7	23F4	00	FE12
7	23F5	00	FE12
7	23F6	00	FE12
7	23F7	00	FE12
7	23F8	00	FE12
7	23F9	00	FE12
7	23FA	00	FE12
7	23FB	00	FE12
7	23FC	00	FE12
7	23FD	00	FE12
7	23FE	00	FE12
7	23FF	00	FE12
7	2400	00	FDF5
7	2401	00	FDF5
7	2402	00	FDF5
7	2403	00	FDF5
7	2404	00	FDF5
7	2405	00	FDF5
7	2406	00	FDF5
7	2407	00	FDF5
7	2408	00	FDF5
7	2409	00	FDF5
7	240A	00	FDF5
7	240B	00	FDF5
7	240C	00	FDF5
7	240D	00	FDF5
7	240E	00	FDF5
7	240F	00	FDF5
7	2410	00	FDF5
7	2411	00	FDF5
7	2412	00	FDF5
7	2413	00	FDF5
7	2414	00	FDF5
7	2415	00	FDF5
7	2416	00	FDF5
7	2417	00	FDF5
7	2418	00	FDF5
7	2419	00	FDF5
7	241A	00	FDF5
7	241B	00	FDF5
7	241C	00	FDF5
7	241D	00	FDF5
7	241E	00	FDF5
7	241F	00	FDF5
7	2420	00	FDF5
7	2421	00	FDF5
7	2422	00	FDF5
7	2423	00	FDF5
7	2424	00	FDF5
7	2425	00	FDF5
7	2426	00	FDF5
7	2427	00	FDF5
7	2428	00	FDF5
7	2429	00	FDF5
7	242A	00	FDF5
7	242B	00	FDF5
7	242C	00	FDF5
7	242D	00	FDF5
7	242E	00	FDF5
7	242F	00	FDF5
7	2430	00	FDF5
7	2431	00	FDF5
7	2432	00	FDF5
7	2433	00	FDF5
7	2434	00	FDF5
7	2435	00	FDF5
7	2436	00	FDF5
7	2437	00	FDF5
7	2438	00	FDF5
7	2439	00	FDF5
7	243A	00	FDF5
7	243B	00	FDF5
7	243C	00	FDF5
7	243D	00	FDF5
7	243E	00	FDF5
7	243F	00	FDF5
7	2440	00	FDF5
7	2441	00	FDF5
7	2442	00	FDF5
7	2443	00	FDF5
7	2444	00	FDF5
7	2445	00	FDF5
7	2446	00	FDF5
7	2447	00	FDF5
7	2448	00	FDF5
7	2449	00	FDF5
7	244A	00	FDF5
7	244B	00	FDF5
7	244C	00	FDF5
7	244D	00	FDF5
7	244E	00	FDF5
7	244F	00	FDF5
7	2450	00	FDF5
7	2451	00	FDF5
7	2452	00	FDF5
7	2453	00	FDF5
7	2454	00	FDF5
7	2455	00	FDF5
7	2456	00	FDF5
7	2457	00	FDF5
7	2458	00	FDF5
7	2459	00	FDF5
7	245A	00	FDF5
7	245B	00	FDF5
7	245C	00	FDF5
7	245D	00	FDF5
7	245E	00	FDF5
7	245F	00	FDF5
7	2460	00	FDF5
7	2461	00	FDF5
7	2462	00	FDF5
7	2463	00	FDF5
7	2464	00	FDF5
7	2465	00	FDF5
7	2466	00	FDF5
7	2467	00	FDF5
7	2468	00	FDF5
7	2469	00	FDF5
7	246A	00	FDF5
7	246B	00	FDF5
7	246C	00	FDF5
7	246D	00	FDF5
7	246E	00	FDF5
7	246F	00	FDF5
7	2470	00	FDF5
7	2471	00	FDF5
7	2472	00	FDF5
7	2473	00	FDF5
7	2474	00	FDF5
7	2475	00	FDF5
7	2476	00	FDF5
7	2477	00	FDF5
7	2478	00	FDF5
7	2479	00	FDF5
7	247A	00	FDF5
7	247B	00	FDF5
7	247C	00	FDF5
7	247D	00	FDF5
7	247E	00	FDF5
7	247F	00	FDF5
7	2480	00	FDF5
7	2481	00	FDF5
7	2482	00	FDF5
7	2483	00	FDF5
7	2484	00	FDF5
7	2485	00	FDF5
7	2486	00	FDF5
7	2487	00	FDF5
7	2488	00	FDF5
7	2489	00	FDF5
7	248A	00	FDF5
7	248B	00	FDF5
7	248C	00	FDF5
7	248D	00	FDF5
7	248E	00	FDF5
7	248F	00	FDF5
7	2490	00	FDF5
7	2491	00	FDF5
7	2492	00	FDF5
7	2493	00	FDF5
7	2494	00	FDF5
7	2495	00	FDF5
7	2496	00	FDF5
7	2497	00	FDF5
7	2498	00	FDF5
7	2499	00	FDF5
7	249A	00	FDF5
7	249B	00	FDF5
7	249C	00	FDF5
7	249D	00	FDF5
7	249E	00	FDF5
7	249F	00	FDF5
7	24A0	00	FDF5
7	24A1	00	FDF5
7	24A2	00	FDF5
7	24A3	00	FDF5
7	24A4	00	FDF5
7	24A5	00	FDF5
7	24A6	00	FDF5
7	24A7	00	FDF5
7	24A8	00	FDF5
7	24A9	00	FDF5
7	24AA	00	FDF5
7	24AB	00	FDF5
7	24AC	00	FDF5
7	24AD	00	FDF5
7	24AE	00	FDF5
7	24AF	00	FDF5
7	24B0	00	FDF5
7	24B1	00	FDF5
7	24B2	00	FDF5
7	24B3	00	FDF5
7	24B4	00	FDF5
7	24B5	00	FDF5
7	24B6	00	FDF5
7	24B7	00	FDF5
7	24B8	00	FDF5
7	24B9	00	FDF5
7	24BA	00	FDF5
7	24BB	00	FDF5
7	24BC	00	FDF5
7	24BD	00	FDF5
7	24BE	00	FDF5
7	24BF	00	FDF5
7	24C0	00	FDF5
7	24C1	00	FDF5
7	24C2	00	FDF5
7	24C3	00	FDF5
7	24C4	00	FDF5
7	24C5	00	FDF5
7	24C6	00	FDF5
7	24C7	00	FDF5
7	24C8	00	FDF5
7	24C9	00	FDF5
7	24CA	00	FDF5
7	24CB	00	FDF5
7	24CC	00	FDF5
7	24CD	00	FDF5
7	24CE	00	FDF5
7	24CF	00	FDF5
7	24D0	00	FDF5
7	24D1	00	FDF5
7	24D2	00	FDF5
7	24D3	00	FDF5
7	24D4	00	FDF5
7	24D5	00	FDF5
7	24D6	00	FDF5
7	24D7	00	FDF5
7	24D8	00	FDF5
7	24D9	00	FDF5
7	24DA	00	FDF5
7	24DB	00	FDF5
7	24DC	00	FDF5
7	24DD	00	FDF5
7	24DE	00	FDF5
7	24DF	00	FDF5
7	24E0	00	FDF5
7	24E1	00	FDF5
7	24E2	00	FDF5
7	24E3	00	FDF5
7	24E4	00	FDF5
7	24E5	00	FDF5
7	24E6	00	FDF5
7	24E7	00	FDF5
7	24E8	00	FDF5
7	24E9	00	FDF5
7	24EA	00	FDF5
7	24EB	00	FDF5
7	24EC	00	FDF5
7	24ED	00	FDF5
7	24EE	00	FDF5
7	24EF	00	FDF5
7	24F0	00	FDF5
7	24F1	00	FDF5
7	24F2	00	FDF5
7	24F3	00	FDF5
7	24F4	00	FDF5
7	24F5	00	FDF5
7	24F6	00	FDF5
7	24F7	00	FDF5
7	24F8	00	FDF5
7	24F9	00	FDF5
7	24FA	00	FDF5
7	24FB	00	FDF5
7	24FC	00	FDF5
7	24FD	00	FDF5
7	24FE	00	FDF5
7	24FF	00	FDF5
7	2500	00	FDF5
7	2501	00	FDF5
7	2502	00	FDF5
7	2503	00	FDF5
7	2504	00	FDF5
7	2505	00	FDF5
7	2506	00	FDF5
7	2507	00	FDF5
7	2508	00	FDF5
7	2509	00	FDF5
7	250A	00	FDF5
7	250B	00	FDF5
7	250C	00	FDF5
7	250D	00	FDF5
7	250E	00	FDF5
7	250F	00	FDF5
7	2510	00	FDF5
7	2511	00	FDF5
7	2512	00	FDF5
7	2513	00	FDF5
7	2514	00	FDF5
7	2515	00	FDF5
7	2516	00	FDF5
7	2517	00	FDF5
7	2518	00	FDF5
7	2519	00	FDF5
7	251A	00	FDF5
7	251B	00	FDF5
7	251C	00	FDF5
7	251D	00	FDF5
7	251E	00	FDF5
7	251F	00	FDF5
7	2520	00	FDF5
7	2521	00	FDF5
7	2522	00	FDF5
7	2523	00	FDF5
7	2524	00	FDF5
7	2525	00	FDF5
7	2526	00	FDF5
7	2527	00	FDF5
7	2528	00	FDF5
7	2529	00	FDF5
7	252A	00	FDF5
7	252B	00	FDF5
7	252C	00	FDF5
7	252D	00	FDF5
7	252E	00	FDF5
7	252F	00	FDF5
7	2530	00	FDF5
7	2531	00	FDF5
7	2532	00	FDF5
7	2533	00	FDF5
7	2534	00	FDF5
7	2535	00	FDF5
7	2536	00	FDF5
7	2537	00	FDF5
7	2538	00	FDF5
7	2539	00	FDF5
7	253A	00	FDF5
7	253B	00	FDF5
7	253C	00	FDF5
7	253D	00	FDF5
7	253E	00	FDF5
7	253F	00	FDF5
7	2540	00	FDF5
7	2541	00	FDF5
7	2542	00	FDF5
7	2543	00	FDF5
7	2544	00	FDF5
7	2545	00	FDF5
7	2546	00	FDF5
7	2547	00	FDF5
7	2548	00	FDF5
7	2549	00	FDF5
7	254A	00	FDF5
7	254B	00	FDF5
7	254C	00	FDF5
7	254D	00	FDF5
7	254E	00	FDF5
7	254F	00	FDF5
7	2550	00	FDF5
7	2551	00	FDF5
7	2552	00	FDF5
7	2553	00	FDF5
7	2554	00	FDF5
7	2555	00	FDF5
7	2556	00	FDF5
7	2557	00	FDF5
7	2558	00	FDF5
7	2559	00	FDF5
7	255A	00	FDF5
7	255B	00	FDF5
7	255C	00	FDF5
7	255D	00	FDF5
7	255E	00	FDF5
7	255F	00	FDF5
7	2560	00	FDF5
7	2561	00	FDF5
7	2562	00	FDF5
7	2563	00	FDF5
7	2564	00	FDF5
7	2565	00	FDF5
7	2566	00	FDF5
7	2567	00	FDF5
7	2568	00	FDF5
7	2569	00	FDF5
7	256A	00	FDF5
7	256B	00	FDF5
7	256C	00	FDF5
7	256D	00	FDF5
7	256E	00	FDF5
7	256F	00	FDF5
7	2570	00	FDF5
7	2571	00	FDF5
7	2572	00	FDF5
7	2573	00	FDF5
7	2574	00	FDF5
7	2575	00	FDF5
7	2576	00	FDF5
7	2577	00	FDF5
7	2578	00	FDF5
7	2579	00	FDF5
7	257A	00	FDF5
7	257B	00	FDF5
7	257C	00	FDF5
7	257D	00	FDF5
7	257E	00	FDF5
7	257F	00	FDF5
7	2580	00	FDF5
7	2581	00	FDF5
7	2582	00	FDF5
7	2583	00	FDF5
7	2584	00	FDF5
7	2585	00	FDF5
7	2586	00	FDF5
7	2587	00	FDF5
7	2588	00	FDF5
7	2589	00	FDF5
7	258A	00	FDF5
7	258B	00	FDF5
7	258C	00	FDF5
7	258D	00	FDF5
7	258E	00	FDF5
7	258F	00	FDF5
7	2590	00	FDF5
7	2591	00	FDF5
7	2592	00	FDF5
7	2593	00	FDF5
7	2594	00	FDF5
7	2595	00	FDF5
7	2596	00	FDF5
7	2597	00	FDF5
7	2598	00	FDF5
7	2599	00	FDF5
7	259A	00	FDF5
7	259B	00	FDF5
7	259C	00	FDF5
7	259D	00	FDF5
7	259E	00	FDF5
7	259F	00	FDF5
7	25A0	00	FDF5
7	25A1	00	FDF5
7	25A2	00	FDF5
7	25A3	00	FDF5
7	25A4	00	FDF5
7	25A5	00	FDF5
7	25A6	00	FDF5
7	25A7	00	FDF5
7	25A8	00	FDF5
7	25A9	00	FDF5
7	25AA	00	FDF5
7	25AB	00	FDF5
7	25AC	00	FDF5
7	25AD	00	FDF5
7	25AE	00	FDF5
7	25AF	00	FDF5
7	25B0	00	FDF5
7	25B1	00	FDF5
7	25B2	00	FDF5
7	25B3	00	FDF5
7	25B4	00	FDF5
7	25B5	00	FDF5
7	25B6	00	FDF5
7	25B7	00	FDF5
7	25B8	00	FDF5
7	25B9	00	FDF5
7	25BA	00	FDF5
7	25BB	00	FDF5
7	25BC	00	FDF5
7	25BD	00	FDF5
7	25BE	00	FDF5
7	25BF	00	FDF5
7	25C0	00	FDF5
7	25C1	00	FDF5
7	25C2	00	FDF5
7	25C3	00	FDF5
7	25C4	00	FDF5
7	25C5	00	FDF5
7	25C6	00	FDF5
7	25C7	00	FDF5
7	25C8	00	FDF5
7	25C9	00	FDF5
7	25CA	00	FDF5
7	25CB	00	FDF5
7	25CC	00	FDF5
7	25CD	00	FDF5
7	25CE	00	FDF5
7	25CF	00	FDF5
7	25D0	00	FDF5
7	25D1	00	FDF5
7	25D2	00	FDF5
7	25D3	00	FDF5
7	25D4	00	FDF5
7	25D5	00	FDF5
7	25D6	00	FDF5
7	25D7	00	FDF5
7	25D8	00	FDF5
7	25D9	00	FDF5
7	25DA	00	FDF5
7	25DB	00	FDF5
7	25DC	00	FDF5
7	25DD	00	FDF5
7	25DE	00	FDF5
7	25DF	00	FDF5
7	25E0	00	FDF5
7	25E1	00	FDF5
7	25E2	00	FDF5
7	25E3	00	FDF5
7	25E4	00	FDF5
7	25E5	00	FDF5
7	25E6	00	FDF5
7	25E7	00	FDF5
7	25E8	00	FDF5
7	25E9	00	FDF5
7	25EA	00	FDF5
7	25EB	00	FDF5
7	25EC	00	FDF5
7	25ED	00	FDF5
7	25EE	00	FDF5
7	25EF	00	FDF5
7	25F0	00	FDF5
7	25F1	00	FDF5
7	25F2	00	FDF5
7	25F3	00	FDF5
7	25F4	00	FDF5
7	25F5	00	FDF5
7	25F6	00	FDF5
7	25F7	00	FDF5
7	25F8	00	FDF5
7	25F9	00	FDF5
7	25FA	00	FDF5
7	25FB	00	FDF5
7	25FC	00	FDF5
7	25FD	00	FDF5
7	25FE	00	FDF5
7	25FF	00	FDF5
7	2600	00	FDF5
7	2601	00	FDF5
7	2602	00	FDF5
7	2603	00	FDF5
7	2604	00	FDF5
7	2605	00	FDF5
7	2606	00	FDF5
7	2607	00	FDF5
7	2608	00	FDF5
7	2609	00	FDF5
7	260A	00	FDF5
7	260B	00	FDF5
7	260C	00	FDF5
7	260D	00	FDF5
7	260E	00	FDF5
7	260F	00	FDF5
7	2610	00	FDF5
7	2611	00	FDF5
7	2612	00	FDF5
7	2613	00	FDF5
7	2614	00	FDF5
7	2615	00	FDF5
7	2616	00	FDF5
7	2617	00	FDF5
7	2618	00	FDF5
7	2619	00	FDF5
7	261A	00	FDF5
7	261B	00	FDF5
7	261C	00	FDF5
7	261D	00	FDF5
7	261E	00	FDF5
7	261F	00	FDF5
7	2620	00	FDF5
7	2621	00	FDF5
7	2622	00	FDF5
7	2623	00	FDF5
7	2624	00	FDF5
7	2625	00	FDF5
7	2626	00	FDF5
7	2627	00	FDF5
7	2628	00	FDF5
7	2629	00	FDF5
7	262A	00	FDF5
7	262B	00	FDF5
7	262C	00	FDF5
7	262D	00	FDF5
7	262E	00	FDF5
7	262F	00	FDF5
7	2630	00	FDF5
7	2631	00	FDF5
7	2632	00	FDF5
7	2633	00	FDF5
7	2634	00	FDF5
7	2635	00	FDF5
7	2636	00	FDF5
7	2637	00	FDF5
7	2638	00	FDF5
7	2639	00	FDF5
7	263A	00	FDF5
7	263B	00	FDF5
7	263C	00	FDF5
7	263D	00	FDF5
7	263E	00	FDF5
7	263F	00	FDF5
7	2640	00	FDF5
7	2641	00	FDF5
7	2642	00	FDF5
7	2643	00	FDF5
7	2644	00	FDF5
7	2645	00	FDF5
7	2646	00	FDF5
7	2647	00	FDF5
7	2648	00	FDF5
7	2649	00	FDF5
7	264A	00	FDF5
7	264B	00	FDF5
7	264C	00	FDF5
7	264D	00	FDF5
7	264E	00	FDF5
7	264F	00	FDF5
7	2650	00	FDF5
7	2651	00	FDF5
7	2652	00	FDF5
7	2653	00	FDF5
7	2654	00	FDF5
7	2655	00	FDF5
7	2656	00	FDF5
7	2657	00	FDF5
7	2658	00	FDF5
7	2659	00	FDF5
7	265A	00	FDF5
7	265B	00	FDF5
7	265C	00	FDF5
7	265D	00	FDF5
7	265E	00	FDF5
7	265F	00	FDF5
7	2660	00	FDF5
7	2661	00	FDF5
7	2662	00	FDF5
7	2663	00	FDF5
7	2664	00	FDF5
7	2665	00	FDF5
7	2666	00	FDF5
7	2667	00	FDF5
7	2668	00	FDF5
7	2669	00	FDF5
7	266A	00	FDF5
7	266B	00	FDF5
7	266C	00	FDF5
7	266D	00	FDF5
7	266E	00	FDF5
7	266F	00	FDF5
7	2670	00	FDF5
7	2671	00	FDF5
7	2672	00	FDF5
7	2673	00	FDF5
7	2674	00	FDF5
7	2675	00	FDF5
7	2676	00	FDF5
7	2677	00	FDF5
7	2678	00	FDF5
7	2679	00	FDF5
7	267A	00	FDF5
7	267B	00	FDF5
7	267C	00	FDF5
7	267D	00	FDF5
7	267E	00	FDF5
7	267F	00	FDF5
7	2680	00	FDF5
7	2681	00	FDF5
7	2682	00	FDF5
7	2683	00	FDF5
7	2684	00	FDF5
7	2685	00	FDF5
7	2686	00	FDF5
7	2687	00	FDF5
7	2688	00	FDF5
7	2689	00	FDF5
7	268A	00	FDF5
7	268B	00	FDF5
7	268C	00	FDF5
7	268D	00	FDF5
7	268E	00	FDF5
7	268F	00	FDF5
7	2690	00	FDF5
7	2691	00	FDF5
7	2692	00	FDF5
7	2693	00	FDF5
7	2694	00	FDF5
7	2695	00	FDF5
7	2696	00	FDF5
7	2697	00	FDF5
7	2698	00	FDF5
7	2699	00	FDF5
7	269A	00	FDF5
7	269B	00	FDF5
7	269C	00	FDF5
7	269D	00	FDF5
7	269E	00	FDF5
7	269F	00	FDF5
7	26A0	00	FDF5
7	26A1	00	FDF5
7	26A2	00	FDF5
7	26A3	00	FDF5
7	26A4	00	FDF5
7	26A5	00	FDF5
7	26A6	00	FDF5
7	26A7	00	FDF5
7	26A8	00	FDF5
7	26A9	00	FDF5
7	26AA	00	FDF5
7	26AB	00	FDF5
7	26AC	00	FDF5
7	26AD	00	FDF5
7	26AE	00	FDF5
7	26AF	00	FDF5
7	26B0	00	FDF5
7	26B1	00	FDF5
7	26B2	00	FDF5
7	26B3	00	FDF5
7	26B4	00	FDF5
7	26B5	00	FDF5
7	26B6	00	FDF5
7	26B7	00	FDF5
7	26B8	00	FDF5
7	26B9	00	FDF5
7	26BA	00	FDF5
7	26BB	00	FDF5
7	26BC	00	FDF5
7	26BD	00	FDF5
7	26BE	00	FDF5
7	26BF	00	FDF5
7	26C0	00	FDF5
7	26C1	00	FDF5
7	26C2	00	FDF5
7	26C3	00	FDF5
7	26C4	00	FDF5
7	26C5	00	FDF5
7	26C6	00	FDF5
7	26C7	00	FDF5
7	26C8	00	FDF5
7	26C9	00	FDF5
7	26CA	00	FDF5
7	26CB	00	FDF5
7	26CC	00	FDF5
7	26CD	00	FDF5
7	26CE	00	FDF5
7	26CF	00	FDF5
7	26D0	00	FDF5
7	26D1	00	FDF5
7	26D2	00	FDF5
7	26D3	00	FDF5
7	26D4	00	FDF5
7	26D5	00	FDF5
7	26D6	00	FDF5
7	26D7	00	FDF5
7	26D8	00	FDF5
7	26D9	00	FDF5
7	26DA	00	FDF5
7	26DB	00	FDF5
7	26DC	00	FDF5
7	26DD	00	FDF5
7	26DE	00	FDF5
7	26DF	00	FDF5
7	26E0	00	FDF5
7	26E1	00	FDF5
7	26E2	00	FDF5
7	26E3	00	FDF5
7	26E4	00	FDF5
7	26E5	00	FDF5
7	26E6	00	FDF5
7	26E7	00	FDF5
7	26E8	00	FDF5
7	26E9	00	FDF5
7	26EA	00	FDF5
7	26EB	00	FDF5
7	26EC	00	FDF5
7	26ED	00	FDF5
7	26EE	00	FDF5
7	26EF	00	FDF5
7	26F0	00	FDF5
7	26F1	00	FDF5
7	26F2	00	FDF5
7	26F3	00	FDF5
7	26F4	00	FDF5
7	26F5	00	FDF5
7	26F6	00	FDF5
7	26F7	00	FDF5
7	26F8	00	FDF5
7	26F9	00	FDF5
7	26FA	00	FDF5
7	26FB	00	FDF5
7	26FC	00	FDF5
7	26FD	00	FDF5
7	26FE	00	FDF5
7	26FF	00	FDF5
7	2700	00	FDF5
7	2701	00	FDF5
7	2702	00	FDF5
7	2703	00	FDF5
7	2704	00	FDF5
7	2705	00	FDF5
7	2706	00	FDF5
7	2707	00	FDF5
7	2708	00	FDF5
7	2709	00	FDF5
7	270A	00	FDF5
7	270B	00	FDF5
7	270C	00	FDF5
7	270D	00	FDF5
7	270E	00	FDF5
7	270F	00	FDF5
7	2710	00	FDF5
7	2711	00	FDF5
7	2712	00	FDF5
7	2713	00	FDF5
7	2714	00	FDF5
7	2715	00	FDF5
7	2716	00	FDF5
7	2717	00	FDF5
7	2718	00	FDF5
7	2719	00	FDF5
7	271A	00	FDF5
7	271B	00	FDF5
7	271C	00	FDF5
7	271D	00	FDF5
7	271E	00	FDF5
7	271F	00	FDF5
7	2720	00	FDF5
7	2721	00	FDF5
7	2722	00	FDF5
7	2723	00	FDF5
7	2724	00	FDF5
7	2725	00	FDF5
7	2726	00	FDF5
7	2727	00	FDF5
7	2728	00	FDF5
7	2729	00	FDF5
7	272A	00	FDF5
7	272B	00	FDF5
7	272C	00	FDF5
7	272D	00	FDF5
7	272E	00	FDF5
7	272F	00	FDF5
7	2730	00	FDF5
7	2731	00	FDF5
7	2732	00	FDF5
7	2733	00	FDF5
7	2734	00	FDF5
7	2735	00	FDF5
7	2736	00	FDF5
7	2737	00	FDF5
7	2738	00	FDF5
7	2739	00	FDF5
7	273A	00	FDF5
7	273B	00	FDF5
7	273C	00	FDF5
7	273D	00	FDF5
7	273E	00	FDF5
7	273F	00	FDF5
7	2740	00	FDF5
7	2741	00	FDF5
7	2742	00	FDF5
7	2743	00	FDF5
7	2744	00	FDF5
7	2745	00	FDF5
7	2746	00	FDF5
7	2747	00	FDF5
7	2748	00	FDF5
7	2749	00	FDF5
7	274A	00	FDF5
7	274B	00	FDF5
7	274C	00	FDF5
7	274D	00	FDF5
7	274E	00	FDF5
7	274F	00	FDF5
7	2750	00	FDF5
7	2751	00	FDF5
7	2752	00	FDF5
7	2753	00	FDF5
7	2754	00	FDF5
7	2755	00	FDF5
7	2756	00	FDF5
7	2757	00	FDF5
7	2758	00	FDF5
7	2759	00	FDF5
7	275A	00	FDF5
7	275B	00	FDF5
7	275C	00	FDF5
7	275D	00	FDF5
7	275E	00	FDF5
7	275F	00	FDF5
7	2760	00	FDF5
7	2761	00	FDF5
7	2762	00	FDF5
7	2763	00	FDF5
7	2764	00	FDF5
7	2765	00	FDF5
7	2766	00	FDF5
7	2767	00	FDF5
7	2768	00	FDF5
7	2769	00	FDF5
7	276A	00	FDF5
7	276B	00	FDF5
7	276C	00	FDF5
7	276D	00	FDF5
7	276E	00	FDF5
7	276F	00	FDF5
7	2770	00	FDF5
7	2771	00	FDF5
7	2772	00	FDF5
7	2773	00	FDF5
7	2774	00	FDF5
7	2775	00	FDF5
7	2776	00	FDF5
7	2777	00	FDF5
7	2778	00	FDF5
7	2779	00	FDF5
7	277A	00	FDF5
7	277B	00	FDF5
7	277C	00	FDF5
7	277D	00	FDF5
7	277E	00	FDF5
7	277F	00	FDF5
7	2780	00	FDF5
7	2781	00	FDF5
7	2782	00	FDF5
7	2783	00	FDF5
7	2784	00	FDF5
7	2785	00	FDF5
7	2786	00	FDF5
7	2787	00	FDF5
7	2788	00	FDF5
7	2789	00	FDF5
7	278A	00	FDF5
7	278B	00	FDF5
7	278C	00	FDF5
7	278D	00	FDF5
7	278E	00	FDF5
7	278F	00	FDF5
7	2790	00	FDF5
7	2791	00	FDF5
7	2792	00	FDF5
7	2793	00	FDF5
7	2794	00	FDF5
7	2795	00	FDF5
7	2796	00	FDF5
7	2797	00	FDF5
7	2798	00	FDF5
7	2799	00	FDF5
7	279A	00	FDF5
7	279B	00	FDF5
7	279C	00	FDF5
7	279D	00	FDF5
7	279E	00	FDF5
7	279F	00	FDF5
7	27A0	00	FDF5
7	27A1	00	FDF5
7	27A2	00	FDF5
7	27A3	00	FDF5
7	27A4	00	FDF5
7	27A5	00	FDF5
7	27A6	00	FDF5
7	27A7	00	FDF5
7	27A8	00	FDF5
7	27A9	00	FDF5
7	27AA	00	FDF5
7	27AB	00	FDF5
7	27AC	00	FDF5
7	27AD	00	FDF5
7	27AE	00	FDF5
7	27AF	00	FDF5
7	27B0	00	FDF5
7	27B1	00	FDF5
7	27B2	00	FDF5
7	27B3	00	FDF5
7	27B4	00	FDF5
7	27B5	00	FDF5
7	27B6	00	FDF5
7	27B7	00	FDF5
7	27B8	00	FDF5
7	27B9	00	FDF5
7	27BA	00	FDF5
7	27BB	00	FDF5
7	27BC	00	FDF5
7	27BD	00	FDF5
7	27BE	00	FDF5
7	27BF	00	FDF5
7	27C0	00	FDF5
7	27C1	00	FDF5
7	27C2	00	FDF5
7	27C3	00	FDF5
7	27C4	00	FDF5
7	27C5	00	FDF5
7	27C6	00	FDF5
7	27C7	00	FDF5
7	27C8	00	FDF5
7	27C9	00	FDF5
7	27CA	00	FDF5
7	27CB	00	FDF5
7	27CC	00	FDF5
7	27CD	00	FDF5
7	27CE	00	FDF5
7	27CF	00	FDF5
7	27D0	00	FDF5
7	27D1	00	FDF5
7	27D2	00	FDF5
7	27D3	00	FDF5
7	27D4	00	FDF5
7	27D5	00	FDF5
7	27D6	00	FDF5
7	27D7	00	FDF5
7	27D8	00	FDF5
7	27D9	00	FDF5
7	27DA	00	FDF5
7	27DB	00	FDF5
7	27DC	00	FDF5
7	27DD	00	FDF5
7	27DE	00	FDF5
7	27DF	00	FDF5
7	27E0	00	FDF5
7	27E1	00	FDF5
7	27E2	00	FDF5
7	27E3	00	FDF5
7	27E4	00	FDF5
7	27E5	00	FDF5
7	27E6	00	FDF5
7	27E7	00	FDF5
7	27E8	00	FDF5
7	27E9	00	FDF5
7	27EA	00	FDF5
7	27EB	00	FDF5
7	27EC	00	FDF5
7	27ED	00	FDF5
7	27EE	00	FDF5
7	27EF	00	FDF5
7	27F0	00	FDF5
7	27F1	00	FDF5
7	27F2	00	FDF5
7	27F3	00	FDF5
7	27F4	00	FDF5
7	27F5	00	FDF5
7	27F6	00	FDF5
7	27F7	00	FDF5
7	27F8	00	FDF5
7	27F9	00	FDF5
7	27FA	00	FDF5
7	27FB	00	FDF5
7	27FC	00	FDF5
7	27FD	00	FDF5
7	27FE	00	FDF5
7	27FF	00	FDF5
7	27C0	00	FE12
7	27C1	00	FE12
7	27C2	00	FE12
7	27C3	00	FE12
7	27C4	00	FE12
7	27C5	00	FE12
7	27C6	00	FE12
7	27C7	00	FE12
7	27C8	00	FE12
7	27C9	00	FE12
7	27CA	00	FE12
7	27CB	00	FE12
7	27CC	00	FE12
7	27CD	00	FE12
7	27CE	00	FE12
7	27CF	00	FE12
7	27D0	00	FE12
7	27D1	00	FE12
7	27D2	00	FE12
7	27D3	00	FE12
7	27D4	00	FE12
7	27D5	00	FE12
7	27D6	00	FE12
7	27D7	00	FE12
7	27D8	00	FE12
7	27D9	00	FE12
7	27DA	00	FE12
7	27DB	00	FE12
7	27DC	00	FE12
7	27DD	00	FE12
7	27DE	00	FE12
7	27DF	00	FE12
7	27E0	00	FE12
7	27E1	00	FE12
7	27E2	00	FE12
7	27E3	00	FE12
7	27E4	00	FE12
7	27E5	00	FE12
7	27E6	00	FE12
7	27E7	00	FE12
7	27E8	00	FE12
7	27E9	00	FE12
7	27EA	00	FE12
7	27EB	00	FE12
7	27EC	00	FE12
7	27ED	00	FE12
7	27EE	00	FE12
7	27EF	00	FE12
7	27F0	00	FE12
7	27F1	00	FE12
7	27F2	00	FE12
7	27F3	00	FE12
7	27F4	00	FE12
7	27F5	00	FE12
7	27F6	00	FE12
7	27F7	00	FE12
7	27F8	00	FE12
7	27F9	00	FE12
7	27FA	00	FE12
7	27FB	00	FE12
7	27FC	00	FE12
7	27FD	00	FE12
7	27FE	00	FE12
7	27FF	00	FE12
7	2800	00	FDF5
7	2801	00	FDF5
7	2802	00	FDF5
7	2803	00	FDF5
7	2804	00	FDF5
7	2805	00	FDF5
7	2806	00	FDF5
7	2807	00	FDF5
7	2808	00	FDF5
7	2809	00	FDF5
7	280A	00	FDF5
7	280B	00	FDF5
7	280C	00	FDF5
7	280D	00	FDF5
7	280E	00	FDF5
7	280F	00	FDF5
7	2810	00	FDF5
7	2811	00	FDF5
7	2812	00	FDF5
7	2813	00	FDF5
7	2814	00	FDF5
7	2815	00	FDF5
7	2816	00	FDF5
7	2817	00	FDF5
7	2818	00	FDF5
7	2819	00	FDF5
7	281A	00	FDF5
7	281B	00	FDF5
7	281C	00	FDF5
7	281D	00	FDF5
7	281E	00	FDF5
7	281F	00	FDF5
7	2820	00	FDF5
7	2821	00	FDF5
7	2822	00	FDF5
7	2823	00	FDF5
7	2824	00	FDF5
7	2825	00	FDF5
7	2826	00	FDF5
7	2827	00	FDF5
7	2828	00	FDF5
7	2829	00	FDF5
7	282A	00	FDF5
7	282B	00	FDF5
7	282C	00	FDF5
7	282D	00	FDF5
7	282E	00	FDF5
7	282F	00	FDF5
7	2830	00	FDF5
7	2831	00	FDF5
7	2832	00	FDF5
7	2833	00	FDF5
7	2834	00	FDF5
7	2835	00	FDF5
7	2836	00	FDF5
7	2837	00	FDF5
7	2838	00	FDF5
7	2839	00	FDF5
7	283A	00	FDF5
7	283B	00	FDF5
7	283C	00	FDF5
7	283D	00	FDF5
7	283E	00	FDF5
7	283F	00	FDF5
7	2840	00	FDF5
7	2841	00	FDF5
7	2842	00	FDF5
7	2843	00	FDF5
7	2844	00	FDF5
7	2845	00	FDF5
7	2846	00	FDF5
7	2847	00	FDF5
7	2848	00	FDF5
7	2849	00	FDF5
7	284A	00	FDF5
7	284B	00	FDF5
7	284C	00	FDF5
7	284D	00	FDF5
7	284E	00	FDF5
7	284F	00	FDF5
7	2850	00	FDF5
7	2851	00	FDF5
7	2852	00	FDF5
7	2853	00	FDF5
7	2854	00	FDF5
7	2855	00	FDF5
7	2856	00	FDF5
7	2857	00	FDF5
7	2858	00	FDF5
7	2859	00	FDF5
7	285A	00	FDF5
7	285B	00	FDF5
7	285C	00	FDF5
7	285D	00	FDF5
7	285E	00	FDF5
7	285F	00	FDF5
7	2860	00	FDF5
7	2861	00	FDF5
7	2862	00	FDF5
7	2863	00	FDF5
7	2864	00	FDF5
7	2865	00	FDF5
7	2866	00	FDF5
7	2867	00	FDF5
7	2868	00	FDF5
7	2869	00	FDF5
7	286A	00	FDF5
7	286B	00	FDF5
7	286C	00	FDF5
7	286D	00	FDF5
7	286E	00	FDF5
7	286F	00	FDF5
7	2870	00	FDF5
7	2871	00	FDF5
7	2872	00	FDF5
7	2873	00	FDF5
7	2874	00	FDF5
7	2875	00	FDF5
7	2876	00	FDF5
7	2877	00	FDF5
7	2878	00	FDF5
7	2879	00	FDF5
7	287A	00	FDF5
7	287B	00	FDF5
7	287C	00	FDF5
7	287D	00	FDF5
7	287E	00	FDF5
7	287F	00	FDF5
7	2880	00	FDF5
7	2881	00	FDF5
7	2882	00	FDF5
7	2883	00	FDF5
7	2884	00	FDF5
7	2885	00	FDF5
7	2886	00	FDF5
7	2887	00	FDF5
7	2888	00	FDF5
7	2889	00	FDF5
7	288A	00	FDF5
7	288B	00	FDF5
7	288C	00	FDF5
7	288D	00	FDF5
7	288E	00	FDF5
7	288F	00	FDF5
7	2890	00	FDF5
7	2891	00	FDF5
7	2892	00	FDF5
7	2893	00	FDF5
7	2894	00	FDF5
7	2895	00	FDF5
7	2896	00	FDF5
7	2897	00	FDF5
7	2898	00	FDF5
7	2899	00	FDF5
7	289A	00	FDF5
7	289B	00	FDF5
7	289C	00	FDF5
7	289D	00	FDF5
7	289E	00	FDF5
7	289F	00	FDF5
7	28A0	00	FDF5
7	28A1	00	FDF5
7	28A2	00	FDF5
7	28A3	00	FDF5
7	28A4	00	FDF5
7	28A5	00	FDF5
7	28A6	00	FDF5
7	28A7	00	FDF5
7	28A8	00	FDF5
7	28A9	00	FDF5
7	28AA	00	FDF5
7	28AB	00	FDF5
7	28AC	00	FDF5
7	28AD	00	FDF5
7	28AE	00	FDF5
7	28AF	00	FDF5
7	28B0	00	FDF5
7	28B1	00	FDF5
7	28B2	00	FDF5
7	28B3	00	FDF5
7	28B4	00	FDF5
7	28B5	00	FDF5
7	28B6	00	FDF5
7	28B7	00	FDF5
7	28B8	00	FDF5
7	28B9	00	FDF5
7	28BA	00	FDF5
7	28BB	00	FDF5
7	28BC	00	FDF5
7	28BD	00	FDF5
7	28BE	00	FDF5
7	28BF	00	FDF5
7	28C0	00	FDF5
7	28C1	00	FDF5
7	28C2	00	FDF5
7	28C3	00	FDF5
7	28C4	00	FDF5
7	28C5	00	FDF5
7	28C6	00	FDF5
7	28C7	00	FDF5
7	28C8	00	FDF5
7	28C9	00	FDF5
7	28CA	00	FDF5
7	28CB	00	FDF5
7	28CC	00	FDF5
7	28CD	00	FDF5
7	28CE	00	FDF5
7	28CF	00	FDF5
7	28D0	00	FDF5
7	28D1	00	FDF5
7	28D2	00	FDF5
7	28D3	00	FDF5
7	28D4	00	FDF5
7	28D5	00	FDF5
7	28D6	00	FDF5
7	28D7	00	FDF5
7	28D8	00	FDF5
7	28D9	00	FDF5
7	28DA	00	FDF5
7	28DB	00	FDF5
7	28DC	00	FDF5
7	28DD	00	FDF5
7	28DE	00	FDF5
7	28DF	00	FDF5
7	28E0	00	FDF5
7	28E1	00	FDF5
7	28E2	00	FDF5
7	28E3	00	FDF5
7	28E4	00	FDF5
7	28E5	00	FDF5
7	28E6	00	FDF5
7	28E7	00	FDF5
7	28E8	00	FDF5
7	28E9	00	FDF5
7	28EA	00	FDF5
7	28EB	00	FDF5
7	28EC	00	FDF5
7	28ED	00	FDF5
7	28EE	00	FDF5
7	28EF	00	FDF5
7	28F0	00	FDF5
7	28F1	00	FDF5
7	28F2	00	FDF5
7	28F3	00	FDF5
7	28F4	00	FDF5
7	28F5	00	FDF5
7	28F6	00	FDF5
7	28F7	00	FDF5
7	28F8	00	FDF5
7	28F9	00	FDF5
7	28FA	00	FDF5
7	28FB	00	FDF5
7	28FC	00	FDF5
7	28FD	00	FDF5
7	28FE	00	FDF5
7	28FF	00	FDF5
7	2900	00	FDF5
7	2901	00	FDF5
7	2902	00	FDF5
7	2903	00	FDF5
7	2904	00	FDF5
7	2905	00	FDF5
7	2906	00	FDF5
7	2907	00	FDF5
7	2908	00	FDF5
7	2909	00	FDF5
7	290A	00	FDF5
7	290B	00	FDF5
7	290C	00	FDF5
7	290D	00	FDF5
7	290E	00	FDF5
7	290F	00	FDF5
7	2910	00	FDF5
7	2911	00	FDF5
7	2912	00	FDF5
7	2913	00	FDF5
7	2914	00	FDF5
7	2915	00	FDF5
7	2916	00	FDF5
7	2917	00	FDF5
7	2918	00	FDF5
7	2919	00	FDF5
7	291A	00	FDF5
7	291B	00	FDF5
7	291C	00	FDF5
7	291D	00	FDF5
7	291E	00	FDF5
7	291F	00	FDF5
7	2920	00	FDF5
7	2921	00	FDF5
7	2922	00	FDF5
7	2923	00	FDF5
7	2924	00	FDF5
7	2925	00	FDF5
7	2926	00	FDF5
7	2927	00	FDF5
7	2928	00	FDF5
7	2929	00	FDF5
7	292A	00	FDF5
7	292B	00	FDF5
7	292C	00	FDF5
7	292D	00	FDF5
7	292E	00	FDF5
7	292F	00	FDF5
7	2930	00	FDF5
7	2931	00	FDF5
7	2932	00	FDF5
7	2933	00	FDF5
7	2934	00	FDF5
7	2935	00	FDF5
7	2936	00	FDF5
7	2937	00	FDF5
7	2938	00	FDF5
7	2939	00	FDF5
7	293A	00	FDF5
7	293B	00	FDF5
7	293C	00	FDF5
7	293D	00	FDF5
7	293E	00	FDF5
7	293F	00	FDF5
7	2940	00	FDF5
7	2941	00	FDF5
7	2942	00	FDF5
7	2943	00	FDF5
7	2944	00	FDF5
7	2945	00	FDF5
7	2946	00	FDF5
7	2947	00	FDF5
7	2948	00	FDF5
7	2949	00	FDF5
7	294A	00	FDF5
7	294B	00	FDF5
7	294C	00	FDF5
7	294D	00	FDF5
7	294E	00	FDF5
7	294F	00	FDF5
7	2950	00	FDF5
7	2951	00	FDF5
7	2952	00	FDF5
7	2953	00	FDF5
7	2954	00	FDF5
7	2955	00	FDF5
7	2956	00	FDF5
7	2957	00	FDF5
7	2958	00	FDF5
7	2959	00	FDF5
7	295A	00	FDF5
7	295B	00	FDF5
7	295C	00	FDF5
7	295D	00	FDF5
7	295E	00	FDF5
7	295F	00	FDF5
7	2960	00	FDF5
7	2961	00	FDF5
7	2962	00	FDF5
7	2963	00	FDF5
7	2964	00	FDF5
7	2965	00	FDF5
7	2966	00	FDF5
7	2967	00	FDF5
7	2968	00	FDF5
7	2969	00	FDF5
7	296A	00	FDF5
7	296B	00	FDF5
7	296C	00	FDF5
7	296D	00	FDF5
7	296E	00	FDF5
7	296F	00	FDF5
7	2970	00	FDF5
7	2971	00	FDF5
7	2972	00	FDF5
7	2973	00	FDF5
7	2974	00	FDF5
7	2975	00	FDF5
7	2976	00	FDF5
7	2977	00	FDF5
7	2978	00	FDF5
7	2979	00	FDF5
7	297A	00	FDF5
7	297B	00	FDF5
7	297C	00	FDF5
7	297D	00	FDF5
7	297E	00	FDF5
7	297F	00	FDF5
7	2980	00	FDF5
7	2981	00	FDF5
7	2982	00	FDF5
7	2983	00	FDF5
7	2984	00	FDF5
7	2985	00	FDF5
7	2986	00	FDF5
7	2987	00	FDF5
7	2988	00	FDF5
7	2989	00	FDF5
7	298A	00	FDF5
7	298B	00	FDF5
7	298C	00	FDF5
7	298D	00	FDF5
7	298E	00	FDF5
7	298F	00	FDF5
7	2990	00	FDF5
7	2991	00	FDF5
7	2992	00	FDF5
7	2993	00	FDF5
7	2994	00	FDF5
7	2995	00	FDF5
7	2996	00	FDF5
7	2997	00	FDF5
7	2998	00	FDF5
7	2999	00	FDF5
7	299A	00	FDF5
7	299B	00	FDF5
7	299C	00	FDF5
7	299D	00	FDF5
7	299E	00	FDF5
7	299F	00	FDF5
7	29A0	00	FDF5
7	29A1	00	FDF5
7	29A2	00	FDF5
7	29A3	00	FDF5
7	29A4	00	FDF5
7	29A5	00	FDF5
7	29A6	00	FDF5
7	29A7	00	FDF5
7	29A8	00	FDF5
7	29A9	00	FDF5
7	29AA	00	FDF5
7	29AB	00	FDF5
7	29AC	00	FDF5
7	29AD	00	FDF5
7	29AE	00	FDF5
7	29AF	00	FDF5
7	29B0	00	FDF5
7	29B1	00	FDF5
7	29B2	00	FDF5
7	29B3	00	FDF5
7	29B4	00	FDF5
7	29B5	00	FDF5
7	29B6	00	FDF5
7	29B7	00	FDF5
7	29B8	00	FDF5
7	29B9	00	FDF5
7	29BA	00	FDF5
7	29BB	00	FDF5
7	29BC	00	FDF5
7	29BD	00	FDF5
7	29BE	00	FDF5
7	29BF	00	FDF5
7	29C0	00	FDF5
7	29C1	00	FDF5
7	29C2	00	FDF5
7	29C3	00	FDF5
7	29C4	00	FDF5
7	29C5	00	FDF5
7	29C6	00	FDF5
7	29C7	00	FDF5
7	29C8	00	FDF5
7	29C9	00	FDF5
7	29CA	00	FDF5
7	29CB	00	FDF5
7	29CC	00	FDF5
7	29CD	00	FDF5
7	29CE	00	FDF5
7	29CF	00	FDF5
7	29D0	00	FDF5
7	29D1	00	FDF5
7	29D2	00	FDF5
7	29D3	00	FDF5
7	29D4	00	FDF5
7	29D5	00	FDF5
7	29D6	00	FDF5
7	29D7	00	FDF5
7	29D8	00	FDF5
7	29D9	00	FDF5
7	29DA	00	FDF5
7	29DB	00	FDF5
7	29DC	00	FDF5
7	29DD	00	FDF5
7	29DE	00	FDF5
7	29DF	00	FDF5
7	29E0	00	FDF5
7	29E1	00	FDF5
7	29E2	00	FDF5
7	29E3	00	FDF5
7	29E4	00	FDF5
7	29E5	00	FDF5
7	29E6	00	FDF5
7	29E7	00	FDF5
7	29E8	00	FDF5
7	29E9	00	FDF5
7	29EA	00	FDF5
7	29EB	00	FDF5
7	29EC	00	FDF5
7	29ED	00	FDF5
7	29EE	00	FDF5
7	29EF	00	FDF5
7	29F0	00	FDF5
7	29F1	00	FDF5
7	29F2	00	FDF5
7	29F3	00	FDF5
7	29F4	00	FDF5
7	29F5	00	FDF5
7	29F6	00	FDF5
7	29F7	00	FDF5
7	29F8	00	FDF5
7	29F9	00	FDF5
7	29FA	00	FDF5
7	29FB	00	FDF5
7	29FC	00	FDF5
7	29FD	00	FDF5
7	29FE	00	FDF5
7	29FF	00	FDF5
7	2A00	00	FDF5
7	2A01	00	FDF5
7	2A02	00	FDF5
7	2A03	00	FDF5
7	2A04	00	FDF5
7	2A05	00	FDF5
7	2A06	00	FDF5
7	2A07	00	FDF5
7	2A08	00	FDF5
7	2A09	00	FDF5
7	2A0A	00	FDF5
7	2A0B	00	FDF5
7	2A0C	00	FDF5
7	2A0D	00	FDF5
7	2A0E	00	FDF5
7	2A0F	00	FDF5
7	2A10	00	FDF5
7	2A11	00	FDF5
7	2A12	00	FDF5
7	2A13	00	FDF5
7	2A14	00	FDF5
7	2A15	00	FDF5
7	2A16	00	FDF5
7	2A17	00	FDF5
7	2A18	00	FDF5
7	2A19	00	FDF5
7	2A1A	00	FDF5
7	2A1B	00	FDF5
7	2A1C	00	FDF5
7	2A1D	00	FDF5
7	2A1E	00	FDF5
7	2A1F	00	FDF5
7	2A20	00	FDF5
7	2A21	00	FDF5
7	2A22	00	FDF5
7	2A23	00	FDF5
7	2A24	00	FDF5
7	2A25	00	FDF5
7	2A26	00	FDF5
7	2A27	00	FDF5
7	2A28	00	FDF5
7	2A29	00	FDF5
7	2A2A	00	FDF5
7	2A2B	00	FDF5
7	2A2C	00	FDF5
7	2A2D	00	FDF5
7	2A2E	00	FDF5
7	2A2F	00	FDF5
7	2A30	00	FDF5
7	2A31	00	FDF5
7	2A32	00	FDF5
7	2A33	00	FDF5
7	2A34	00	FDF5
7	2A35	00	FDF5
7	2A36	00	FDF5
7	2A37	00	FDF5
7	2A38	00	FDF5
7	2A39	00	FDF5
7	2A3A	00	FDF5
7	2A3B	00	FDF5
7	2A3C	00	FDF5
7	2A3D	00	FDF5
7	2A3E	00	FDF5
7	2A3F	00	FDF5
7	2A40	00	FDF5
7	2A41	00	FDF5
7	2A42	00	FDF5
7	2A43	00	FDF5
7	2A44	00	FDF5
7	2A45	00	FDF5
7	2A46	00	FDF5
7	2A47	00	FDF5
7	2A48	00	FDF5
7	2A49	00	FDF5
7	2A4A	00	FDF5
7	2A4B	00	FDF5
7	2A4C	00	FDF5
7	2A4D	00	FDF5
7	2A4E	00	FDF5
7	2A4F	00	FDF5
7	2A50	00	FDF5
7	2A51	00	FDF5
7	2A52	00	FDF5
7	2A53	00	FDF5
7	2A54	00	FDF5
7	2A55	00	FDF5
7	2A56	00	FDF5
7	2A57	00	FDF5
7	2A58	00	FDF5
7	2A59	00	FDF5
7	2A5A	00	FDF5
7	2A5B	00	FDF5
7	2A5C	00	FDF5
7	2A5D	00	FDF5
7	2A5E	00	FDF5
7	2A5F	00	FDF5
7	2A60	00	FDF5
7	2A61	00	FDF5
7	2A62	00	FDF5
7	2A63	00	FDF5
7	2A64	00	FDF5
7	2A65	00	FDF5
7	2A66	00	FDF5
7	2A67	00	FDF5
7	2A68	00	FDF5
7	2A69	00	FDF5
7	2A6A	00	FDF5
7	2A6B	00	FDF5
7	2A6C	00	FDF5
7	2A6D	00	FDF5
7	2A6E	00	FDF5
7	2A6F	00	FDF5
7	2A70	00	FDF5
7	2A71	00	FDF5
7	2A72	00	FDF5
7	2A73	00	FDF5
7	2A74	00	FDF5
7	2A75	00	FDF5
7	2A76	00	FDF5
7	2A77	00	FDF5
7	2A78	00	FDF5
7	2A79	00	FDF5
7	2A7A	00	FDF5
7	2A7B	00	FDF5
7	2A7C	00	FDF5
7	2A7D	00	FDF5
7	2A7E	00	FDF5
7	2A7F	00	FDF5
7	2A80	00	FDF5
7	2A81	00	FDF5
7	2A82	00	FDF5
7	2A83	00	FDF5
7	2A84	00	FDF5
7	2A85	00	FDF5
7	2A86	00	FDF5
7	2A87	00	FDF5
7	2A88	00	FDF5
7	2A89	00	FDF5
7	2A8A	00	FDF5
7	2A8B	00	FDF5
7	2A8C	00	FDF5
7	2A8D	00	FDF5
7	2A8E	00	FDF5
7	2A8F	00	FDF5
7	2A90	00	FDF5
7	2A91	00	FDF5
7	2A92	00	FDF5
7	2A93	00	FDF5
7	2A94	00	FDF5
7	2A95	00	FDF5
7	2A96	00	FDF5
7	2A97	00	FDF5
7	2A98	00	FDF5
7	2A99	00	FDF5
7	2A9A	00	FDF5
7	2A9B	00	FDF5
7	2A9C	00	FDF5
7	2A9D	00	FDF5
7	2A9E	00	FDF5
7	2A9F	00	FDF5
7	2AA0	00	FDF5
7	2AA1	00	FDF5
7	2AA2	00	FDF5
7	2AA3	00	FDF5
7	2AA4	00	FDF5
7	2AA5	00	FDF5
7	2AA6	00	FDF5
7	2AA7	00	FDF5
7	2AA8	00	FDF5
7	2AA9	00	FDF5
7	2AAA	00	FDF5
7	2AAB	00	FDF5
7	2AAC	00	FDF5
7	2AAD	00	FDF5
7	2AAE	00	FDF5
7	2AAF	00	FDF5
7	2AB0	00	FDF5
7	2AB1	00	FDF5
7	2AB2	00	FDF5
7	2AB3	00	FDF5
7	2AB4	00	FDF5
7	2AB5	00	FDF5
7	2AB6	00	FDF5
7	2AB7	00	FDF5
7	2AB8	00	FDF5
7	2AB9	00	FDF5
7	2ABA	00	FDF5
7	2ABB	00	FDF5
7	2ABC	00	FDF5
7	2ABD	00	FDF5
7	2ABE	00	FDF5
7	2ABF	00	FDF5
7	2AC0	00	FDF5
7	2AC1	00	FDF5
7	2AC2	00	FDF5
7	2AC3	00	FDF5
7	2AC4	00	FDF5
7	2AC5	00	FDF5
7	2AC6	00	FDF5
7	2AC7	00	FDF5
7	2AC8	00	FDF5
7	2AC9	00	FDF5
7	2ACA	00	FDF5
7	2ACB	00	FDF5
7	2ACC	00	FDF5
7	2ACD	00	FDF5
7	2ACE	00	FDF5
7	2ACF	00	FDF5
7	2AD0	00	FDF5
7	2AD1	00	FDF5
7	2AD2	00	FDF5
7	2AD3	00	FDF5
7	2AD4	00	FDF5
7	2AD5	00	FDF5
7	2AD6	00	FDF5
7	2AD7	00	FDF5
7	2AD8	00	FDF5
7	2AD9	00	FDF5
7	2ADA	00	FDF5
7	2ADB	00	FDF5
7	2ADC	00	FDF5
7	2ADD	00	FDF5
7	2ADE	00	FDF5
7	2ADF	00	FDF5
7	2AE0	00	FDF5
7	2AE1	00	FDF5
7	2AE2	00	FDF5
7	2AE3	00	FDF5
7	2AE4	00	FDF5
7	2AE5	00	FDF5
7	2AE6	00	FDF5
7	2AE7	00	FDF5
7	2AE8	00	FDF5
7	2AE9	00	FDF5
7	2AEA	00	FDF5
7	2AEB	00	FDF5
7	2AEC	00	FDF5
7	2AED	00	FDF5
7	2AEE	00	FDF5
7	2AEF	00	FDF5
7	2AF0	00	FDF5
7	2AF1	00	FDF5
7	2AF2	00	FDF5
7	2AF3	00	FDF5
7	2AF4	00	FDF5
7	2AF5	00	FDF5
7	2AF6	00	FDF5
7	2AF7	00	FDF5
7	2AF8	00	FDF5
7	2AF9	00	FDF5
7	2AFA	00	FDF5
7	2AFB	00	FDF5
7	2AFC	00	FDF5
7	2AFD	00	FDF5
7	2AFE	00	FDF5
7	2AFF	00	FDF5
7	2B00	00	FDF5
7	2B01	00	FDF5
7	2B02	00	FDF5
7	2B03	00	FDF5
7	2B04	00	FDF5
7	2B05	00	FDF5
7	2B06	00	FDF5
7	2B07	00	FDF5
7	2B08	00	FDF5
7	2B09	00	FDF5
7	2B0A	00	FDF5
7	2B0B	00	FDF5
7	2B0C	00	FDF5
7	2B0D	00	FDF5
7	2B0E	00	FDF5
7	2B0F	00	FDF5
7	2B10	00	FDF5
7	2B11	00	FDF5
7	2B12	00	FDF5
7	2B13	00	FDF5
7	2B14	00	FDF5
7	2B15	00	FDF5
7	2B16	00	FDF5
7	2B17	00	FDF5
7	2B18	00	FDF5
7	2B19	00	FDF5
7	2B1A	00	FDF5
7	2B1B	00	FDF5
7	2B1C	00	FDF5
7	2B1D	00	FDF5
7	2B1E	00	FDF5
7	2B1F	00	FDF5
7	2B20	00	FDF5
7	2B21	00	FDF5
7	2B22	00	FDF5
7	2B23	00	FDF5
7	2B24	00	FDF5
7	2B25	00	FDF5
7	2B26	00	FDF5
7	2B27	00	FDF5
7	2B28	00	FDF5
7	2B29	00	FDF5
7	2B2A	00	FDF5
7	2B2B	00	FDF5
7	2B2C	00	FDF5
7	2B2D	00	FDF5
7	2B2E	00	FDF5
7	2B2F	00	FDF5
7	2B30	00	FDF5
7	2B31	00	FDF5
7	2B32	00	FDF5
7	2B33	00	FDF5
7	2B34	00	FDF5
7	2B35	00	FDF5
7	2B36	00	FDF5
7	2B37	00	FDF5
7	2B38	00	FDF5
7	2B39	00	FDF5
7	2B3A	00	FDF5
7	2B3B	00	FDF5
7	2B3C	00	FDF5
7	2B3D	00	FDF5
7	2B3E	00	FDF5
7	2B3F	00	FDF5
7	2B40	00	FDF5
7	2B41	00	FDF5
7	2B42	00	FDF5
7	2B43	00	FDF5
7	2B44	00	FDF5
7	2B45	00	FDF5
7	2B46	00	FDF5
7	2B47	00	FDF5
7	2B48	00	FDF5
7	2B49	00	FDF5
7	2B4A	00	FDF5
7	2B4B	00	FDF5
7	2B4C	00	FDF5
7	2B4D	00	FDF5
7	2B4E	00	FDF5
7	2B4F	00	FDF5
7	2B50	00	FDF5
7	2B51	00	FDF5
7	2B52	00	FDF5
7	2B53	00	FDF5
7	2B54	00	FDF5
7	2B55	00	FDF5
7	2B56	00	FDF5
7	2B57	00	FDF5
7	2B58	00	FDF5
7	2B59	00	FDF5
7	2B5A	00	FDF5
7	2B5B	00	FDF5
7	2B5C	00	FDF5
7	2B5D	00	FDF5
7	2B5E	00	FDF5
7	2B5F	00	FDF5
7	2B60	00	FDF5
7	2B61	00	FDF5
7	2B62	00	FDF5
7	2B63	00	FDF5
7	2B64	00	FDF5
7	2B65	00	FDF5
7	2B66	00	FDF5
7	2B67	00	FDF5
7	2B68	00	FDF5
7	2B69	00	FDF5
7	2B6A	00	FDF5
7	2B6B	00	FDF5
7	2B6C	00	FDF5
7	2B6D	00	FDF5
7	2B6E	00	FDF5
7	2B6F	00	FDF5
7	2B70	00	FDF5
7	2B71	00	FDF5
7	2B72	00	FDF5
7	2B73	00	FDF5
7	2B74	00	FDF5
7	2B75	00	FDF5
7	2B76	00	FDF5
7	2B77	00	FDF5
7	2B78	00	FDF5
7	2B79	00	FDF5
7	2B7A	00	FDF5
7	2B7B	00	FDF5
7	2B7C	00	FDF5
7	2B7D	00	FDF5
7	2B7E	00	FDF5
7	2B7F	00	FDF5
7	2B80	00	FDF5
7	2B81	00	FDF5
7	2B82	00	FDF5
7	2B83	00	FDF5
7	2B84	00	FDF5
7	2B85	00	FDF5
7	2B86	00	FDF5
7	2B87	00	FDF5
7	2B88	00	FDF5
7	2B89	00	FDF5
7	2B8A	00	FDF5
7	2B8B	00	FDF5
7	2B8C	00	FDF5
7	2B8D	00	FDF5
7	2B8E	00	FDF5
7	2B8F	00	FDF5
7	2B90	00	FDF5
7	2B91	00	FDF5
7	2B92	00	FDF5
7	2B93	00	FDF5
7	2B94	00	FDF5
7	2B95	00	FDF5
7	2B96	00	FDF5
7	2B97	00	FDF5
7	2B98	00	FDF5
7	2B99	00	FDF5
7	2B9A	00	FDF5
7	2B9B	00	FDF5
7	2B9C	00	FDF5
7	2B9D	00	FDF5
7	2B9E	00	FDF5
7	2B9F	00	FDF5
7	2BA0	00	FDF5
7	2BA1	00	FDF5
7	2BA2	00	FDF5
7	2BA3	00	FDF5
7	2BA4	00	FDF5
7	2BA5	00	FDF5
7	2BA6	00	FDF5
7	2BA7	00	FDF5
7	2BA8	00	FDF5
7	2BA9	00	FDF5
7	2BAA	00	FDF5
7	2BAB	00	FDF5
7	2BAC	00	FDF5
7	2BAD	00	FDF5
7	2BAE	00	FDF5
7	2BAF	00	FDF5
7	2BB0	00	FDF5
7	2BB1	00	FDF5
7	2BB2	00	FDF5
7	2BB3	00	FDF5
7	2BB4	00	FDF5
7	2BB5	00	FDF5
7	2BB6	00	FDF5
7	2BB7	00	FDF5
7	2BB8	00	FDF5
7	2BB9	00	FDF5
7	2BBA	00	FDF5
7	2BBB	00	FDF5
7	2BBC	00	FDF5
7	2BBD	00	FDF5
7	2BBE	00	FDF5
7	2BBF	00	FDF5
7	2BC0	00	FDF5
7	2BC1	00	FDF5
7	2BC2	00	FDF5
7	2BC3	00	FDF5
7	2BC4	00	FDF5
7	2BC5	00	FDF5
7	2BC6	00	FDF5
7	2BC7	00	FDF5
7	2BC8	00	FDF5
7	2BC9	00	FDF5
7	2BCA	00	FDF5
7	2BCB	00	FDF5
7	2BCC	00	FDF5
7	2BCD	00	FDF5
7	2BCE	00	FDF5
7	2BCF	00	FDF5
7	2BD0	00	FDF5
7	2BD1	00	FDF5
7	2BD2	00	FDF5
7	2BD3	00	FDF5
7	2BD4	00	FDF5
7	2BD5	00	FDF5
7	2BD6	00	FDF5
7	2BD7	00	FDF5
7	2BD8	00	FDF5
7	2BD9	00	FDF5
7	2BDA	00	FDF5
7	2BDB	00	FDF5
7	2BDC	00	FDF5
7	2BDD	00	FDF5
7	2BDE	00	FDF5
7	2BDF	00	FDF5
7	2BE0	00	FDF5
7	2BE1	00	FDF5
7	2BE2	00	FDF5
7	2BE3	00	FDF5
7	2BE4	00	FDF5
7	2BE5	00	FDF5
7	2BE6	00	FDF5
7	2BE7	00	FDF5
7	2BE8	00	FDF5
7	2BE9	00	FDF5
7	2BEA	00	FDF5
7	2BEB	00	FDF5
7	2BEC	00	FDF5
7	2BED	00	FDF5
7	2BEE	00	FDF5
7	2BEF	00	FDF5
7	2BF0	00	FDF5
7	2BF1	00	FDF5
7	2BF2	00	FDF5
7	2BF3	00	FDF5
7	2BF4	00	FDF5
7	2BF5	00	FDF5
7	2BF6	00	FDF5
7	2BF7	00	FDF5
7	2BF8	00	FDF5
7	2BF9	00	FDF5
7	2BFA	00	FDF5
7	2BFB	00	FDF5
7	2BFC	00	FDF5
7	2BFD	00	FDF5
7	2BFE	00	FDF5
7	2BFF	00	FDF5
7	2BC0	00	FE12
7	2BC1	00	FE12
7	2BC2	00	FE12
7	2BC3	00	FE12
7	2BC4	00	FE12
7	2BC5	00	FE12
7	2BC6	00	FE12
7	2BC7	00	FE12
7	2BC8	00	FE12
7	2BC9	00	FE12
7	2BCA	00	FE12
7	2BCB	00	FE12
7	2BCC	00	FE12
7	2BCD	00	FE12
7	2BCE	00	FE12
7	2BCF	00	FE12
7	2BD0	00	FE12
7	2BD1	00	FE12
7	2BD2	00	FE12
7	2BD3	00	FE12
7	2BD4	00	FE12
7	2BD5	00	FE12
7	2BD6	00	FE12
7	2BD7	00	FE12
7	2BD8	00	FE12
7	2BD9	00	FE12
7	2BDA	00	FE12
7	2BDB	00	FE12
7	2BDC	00	FE12
7	2BDD	00	FE12
7	2BDE	00	FE12
7	2BDF	00	FE12
7	2BE0	00	FE12
7	2BE1	00	FE12
7	2BE2	00	FE12
7	2BE3	00	FE12
7	2BE4	00	FE12
7	2BE5	00	FE12
7	2BE6	00	FE12
7	2BE7	00	FE12
7	2BE8	00	FE12
7	2BE9	00	FE12
7	2BEA	00	FE12
7	2BEB	00	FE12
7	2BEC	00	FE12
7	2BED	00	FE12
7	2BEE	00	FE12
7	2BEF	00	FE12
7	2BF0	00	FE12
7	2BF1	00	FE12
7	2BF2	00	FE12
7	2BF3	00	FE12
7	2BF4	00	FE12
7	2BF5	00	FE12
7	2BF6	00	FE12
7	2BF7	00	FE12
7	2BF8	00	FE12
7	2BF9	00	FE12
7	2BFA	00	FE12
7	2BFB	00	FE12
7	2BFC	00	FE12
7	2BFD	00	FE12
7	2BFE	00	FE12
7	2BFF	00	FE12
11	2000	00	FDF5
11	2001	00	FDF5
11	2002	00	FDF5
11	2003	00	FDF5
11	2004	00	FDF5
11	2005	00	FDF5
11	2006	00	FDF5
11	2007	00	FDF5
11	2008	00	FDF5
11	2009	00	FDF5
11	200A	00	FDF5
11	200B	00	FDF5
11	200C	00	FDF5
11	200D	00	FDF5
11	200E	00	FDF5
11	200F	00	FDF5
11	2010	00	FDF5
11	2011	00	FDF5
11	2012	00	FDF5
11	2013	00	FDF5
11	2014	00	FDF5
11	2015	00	FDF5
11	2016	00	FDF5
11	2017	00	FDF5
11	2018	00	FDF5
11	2019	00	FDF5
11	201A	00	FDF5
11	201B	00	FDF5
11	201C	00	FDF5
11	201D	00	FDF5
11	201E	00	FDF5
11	201F	00	FDF5
11	2020	00	FDF5
11	2021	00	FDF5
11	2022	00	FDF5
11	2023	00	FDF5
11	2024	00	FDF5
11	2025	00	FDF5
11	2026	00	FDF5
11	2027	00	FDF5
11	2028	00	FDF5
11	2029	00	FDF5
11	202A	00	FDF5
11	202B	00	FDF5
11	202C	00	FDF5
11	202D	00	FDF5
11	202E	00	FDF5
11	202F	00	FDF5
11	2030	00	FDF5
11	2031	00	FDF5
11	2032	00	FDF5
11	2033	00	FDF5
11	2034	00	FDF5
11	2035	00	FDF5
11	2036	00	FDF5
11	2037	00	FDF5
11	2038	00	FDF5
11	2039	00	FDF5
11	203A	00	FDF5
11	203B	00	FDF5
11	203C	00	FDF5
11	203D	00	FDF5
11	203E	00	FDF5
11	203F	00	FDF5
11	2040	00	FDF5
11	2041	00	FDF5
11	2042	00	FDF5
11	2043	00	FDF5
11	2044	00	FDF5
11	2045	00	FDF5
11	2046	00	FDF5
11	2047	00	FDF5
11	2048	00	FDF5
11	2049	00	FDF5
11	204A	00	FDF5
11	204B	00	FDF5
11	204C	00	FDF5
11	204D	00	FDF5
11	204E	00	FDF5
11	204F	00	FDF5
11	2050	00	FDF5
11	2051	00	FDF5
11	2052	00	FDF5
11	2053	00	FDF5
11	2054	00	FDF5
11	2055	00	FDF5
11	2056	00	FDF5
11	2057	00	FDF5
11	2058	00	FDF5
11	2059	00	FDF5
11	205A	00	FDF5
11	205B	00	FDF5
11	205C	00	FDF5
11	205D	00	FDF5
11	205E	00	FDF5
11	205F	00	FDF5
11	2060	00	FDF5
11	2061	00	FDF5
11	2062	00	FDF5
11	2063	00	FDF5
11	2064	00	FDF5
11	2065	00	FDF5
11	2066	00	FDF5
11	2067	00	FDF5
11	2068	00	FDF5
11	2069	00	FDF5
11	206A	00	FDF5
11	206B	00	FDF5
11	206C	00	FDF5
11	206D	00	FDF5
11	206E	00	FDF5
11	206F	00	FDF5
11	2070	00	FDF5
11	2071	00	FDF5
11	2072	00	FDF5
11	2073	00	FDF5
11	2074	00	FDF5
11	2075	00	FDF5
11	2076	00	FDF5
11	2077	00	FDF5
11	2078	00	FDF5
11	2079	00	FDF5
11	207A	00	FDF5
11	207B	00	FDF5
11	207C	00	FDF5
11	207D	00	FDF5
11	207E	00	FDF5
11	207F	00	FDF5
11	2080	00	FDF5
11	2081	00	FDF5
11	2082	00	FDF5
11	2083	00	FDF5
11	2084	00	FDF5
11	2085	00	FDF5
11	2086	00	FDF5
11	2087	00	FDF5
11	2088	00	FDF5
11	2089	00	FDF5
11	208A	00	FDF5
11	208B	00	FDF5
11	208C	00	FDF5
11	208D	00	FDF5
11	208E	00	FDF5
11	208F	00	FDF5
11	2090	00	FDF5
11	2091	00	FDF5
11	2092	00	FDF5
11	2093	00	FDF5
11	2094	00	FDF5
11	2095	00	FDF5
11	2096	00	FDF5
11	2097	00	FDF5
11	2098	00	FDF5
11	2099	00	FDF5
11	209A	00	FDF5
11	209B	00	FDF5
11	209C	00	FDF5
11	209D	00	FDF5
11	209E	00	FDF5
11	209F	00	FDF5
11	20A0	00	FDF5
11	20A1	00	FDF5
11	20A2	00	FDF5
11	20A3	00	FDF5
11	20A4	00	FDF5
11	20A5	00	FDF5
11	20A6	00	FDF5
11	20A7	00	FDF5
11	20A8	00	FDF5
11	20A9	00	FDF5
11	20AA	00	FDF5
11	20AB	00	FDF5
11	20AC	00	FDF5
11	20AD	00	FDF5
11	20AE	00	FDF5
11	20AF	00	FDF5
11	20B0	00	FDF5
11	20B1	00	FDF5
11	20B2	00	FDF5
11	20B3	00	FDF5
11	20B4	00	FDF5
11	20B5	00	FDF5
11	20B6	00	FDF5
11	20B7	00	FDF5
11	20B8	00	FDF5
11	20B9	00	FDF5
11	20BA	00	FDF5
11	20BB	00	FDF5
11	20BC	00	FDF5
11	20BD	00	FDF5
11	20BE	00	FDF5
11	20BF	00	FDF5
11	20C0	00	FDF5
11	20C1	00	FDF5
11	20C2	00	FDF5
11	20C3	00	FDF5
11	20C4	00	FDF5
11	20C5	00	FDF5
11	20C6	00	FDF5
11	20C7	00	FDF5
11	20C8	00	FDF5
11	20C9	00	FDF5
11	20CA	00	FDF5
11	20CB	00	FDF5
11	20CC	00	FDF5
11	20CD	00	FDF5
11	20CE	00	FDF5
11	20CF	00	FDF5
11	20D0	00	FDF5
11	20D1	00	FDF5
11	20D2	00	FDF5
11	20D3	00	FDF5
11	20D4	00	FDF5
11	20D5	00	FDF5
11	20D6	00	FDF5
11	20D7	00	FDF5
11	20D8	00	FDF5
11	20D9	00	FDF5
11	20DA	00	FDF5
11	20DB	00	FDF5
11	20DC	00	FDF5
11	20DD	00	FDF5
11	20DE	00	FDF5
11	20DF	00	FDF5
11	20E0	00	FDF5
11	20E1	00	FDF5
11	20E2	00	FDF5
11	20E3	00	FDF5
11	20E4	00	FDF5
11	20E5	00	FDF5
11	20E6	00	FDF5
11	20E7	00	FDF5
11	20E8	00	FDF5
11	20E9	00	FDF5
11	20EA	00	FDF5
11	20EB	00	FDF5
11	20EC	00	FDF5
11	20ED	00	FDF5
11	20EE	00	FDF5
11	20EF	00	FDF5
11	20F0	00	FDF5
11	20F1	00	FDF5
11	20F2	00	FDF5
11	20F3	00	FDF5
11	20F4	00	FDF5
11	20F5	00	FDF5
11	20F6	00	FDF5
11	20F7	00	FDF5
11	20F8	00	FDF5
11	20F9	00	FDF5
11	20FA	00	FDF5
11	20FB	00	FDF5
11	20FC	00	FDF5
11	20FD	00	FDF5
11	20FE	00	FDF5
11	20FF	00	FDF5
11	2100	00	FDF5
11	2101	00	FDF5
11	2102	00	FDF5
11	2103	00	FDF5
11	2104	00	FDF5
11	2105	00	FDF5
11	2106	00	FDF5
11	2107	00	FDF5
11	2108	00	FDF5
11	2109	00	FDF5
11	210A	00	FDF5
11	210B	00	FDF5
11	210C	00	FDF5
11	210D	00	FDF5
11	210E	00	FDF5
11	210F	00	FDF5
11	2110	00	FDF5
11	2111	00	FDF5
11	2112	00	FDF5
11	2113	00	FDF5
11	2114	00	FDF5
11	2115	00	FDF5
11	2116	00	FDF5
11	2117	00	FDF5
11	2118	00	FDF5
11	2119	00	FDF5
11	211A	00	FDF5
11	211B	00	FDF5
11	211C	00	FDF5
11	211D	00	FDF5
11	211E	00	FDF5
11	211F	00	FDF5
11	2120	00	FDF5
11	2121	00	FDF5
11	2122	00	FDF5
11	2123	00	FDF5
11	2124	00	FDF5
11	2125	00	FDF5
11	2126	00	FDF5
11	2127	00	FDF5
11	2128	00	FDF5
11	2129	00	FDF5
11	212A	00	FDF5
11	212B	00	FDF5
11	212C	00	FDF5
11	212D	00	FDF5
11	212E	00	FDF5
11	212F	00	FDF5
11	2130	00	FDF5
11	2131	00	FDF5
11	2132	00	FDF5
11	2133	00	FDF5
11	2134	00	FDF5
11	2135	00	FDF5
11	2136	00	FDF5
11	2137	00	FDF5
11	2138	00	FDF5
11	2139	00	FDF5
11	213A	00	FDF5
11	213B	00	FDF5
11	213C	00	FDF5
11	213D	00	FDF5
11	213E	00	FDF5
11	213F	00	FDF5
11	2140	00	FDF5
11	2141	00	FDF5
11	2142	00	FDF5
11	2143	00	FDF5
11	2144	00	FDF5
11	2145	00	FDF5
11	2146	00	FDF5
11	2147	00	FDF5
11	2148	00	FDF5
11	2149	00	FDF5
11	214A	00	FDF5
11	214B	00	FDF5
11	214C	00	FDF5
11	214D	00	FDF5
11	214E	00	FDF5
11	214F	00	FDF5
11	2150	00	FDF5
11	2151	00	FDF5
11	2152	00	FDF5
11	2153	00	FDF5
11	2154	00	FDF5
11	2155	00	FDF5
11	2156	00	FDF5
11	2157	00	FDF5
11	2158	00	FDF5
11	2159	00	FDF5
11	215A	00	FDF5
11	215B	00	FDF5
11	215C	00	FDF5
11	215D	00	FDF5
11	215E	00	FDF5
11	215F	00	FDF5
11	2160	00	FDF5
11	2161	00	FDF5
11	2162	00	FDF5
11	2163	00	FDF5
11	2164	00	FDF5
11	2165	00	FDF5
11	2166	00	FDF5
11	2167	00	FDF5
11	2168	00	FDF5
11	2169	00	FDF5
11	216A	00	FDF5
11	216B	00	FDF5
11	216C	00	FDF5
11	216D	00	FDF5
11	216E	00	FDF5
11	216F	00	FDF5
11	2170	00	FDF5
11	2171	00	FDF5
11	2172	00	FDF5
11	2173	00	FDF5
11	2174	00	FDF5
11	2175	00	FDF5
11	2176	00	FDF5
11	2177	00	FDF5
11	2178	00	FDF5
11	2179	00	FDF5
11	217A	00	FDF5
11	217B	00	FDF5
11	217C	00	FDF5
11	217D	00	FDF5
11	217E	00	FDF5
11	217F	00	FDF5
11	2180	00	FDF5
11	2181	00	FDF5
11	2182	00	FDF5
11	2183	00	FDF5
11	2184	00	FDF5
11	2185	00	FDF5
11	2186	00	FDF5
11	2187	00	FDF5
11	2188	00	FDF5
11	2189	00	FDF5
11	218A	00	FDF5
11	218B	00	FDF5
11	218C	00	FDF5
11	218D	00	FDF5
11	218E	00	FDF5
11	218F	00	FDF5
11	2190	00	FDF5
11	2191	00	FDF5
11	2192	00	FDF5
11	2193	00	FDF5
11	2194	00	FDF5
11	2195	00	FDF5
11	2196	00	FDF5
11	2197	00	FDF5
11	2198	00	FDF5
11	2199	00	FDF5
11	219A	00	FDF5
11	219B	00	FDF5
11	219C	00	FDF5
11	219D	00	FDF5
11	219E	00	FDF5
11	219F	00	FDF5
11	21A0	00	FDF5
11	21A1	00	FDF5
11	21A2	00	FDF5
11	21A3	00	FDF5
11	21A4	00	FDF5
11	21A5	00	FDF5
11	21A6	00	FDF5
11	21A7	00	FDF5
11	21A8	00	FDF5
11	21A9	00	FDF5
11	21AA	00	FDF5
11	21AB	00	FDF5
11	21AC	00	FDF5
11	21AD	00	FDF5
11	21AE	00	FDF5
11	21AF	00	FDF5
11	21B0	00	FDF5
11	21B1	00	FDF5
11	21B2	00	FDF5
11	21B3	00	FDF5
11	21B4	00	FDF5
11	21B5	00	FDF5
11	21B6	00	FDF5
11	21B7	00	FDF5
11	21B8	00	FDF5
11	21B9	00	FDF5
11	21BA	00	FDF5
11	21BB	00	FDF5
11	21BC	00	FDF5
11	21BD	00	FDF5
11	21BE	00	FDF5
11	21BF	00	FDF5
11	21C0	00	FDF5
11	21C1	00	FDF5
11	21C2	00	FDF5
11	21C3	00	FDF5
11	21C4	00	FDF5
11	21C5	00	FDF5
11	21C6	00	FDF5
11	21C7	00	FDF5
11	21C8	00	FDF5
11	21C9	00	FDF5
11	21CA	00	FDF5
11	21CB	00	FDF5
11	21CC	00	FDF5
11	21CD	00	FDF5
11	21CE	00	FDF5
11	21CF	00	FDF5
11	21D0	00	FDF5
11	21D1	00	FDF5
11	21D2	00	FDF5
11	21D3	00	FDF5
11	21D4	00	FDF5
11	21D5	00	FDF5
11	21D6	00	FDF5
11	21D7	00	FDF5
11	21D8	00	FDF5
11	21D9	00	FDF5
11	21DA	00	FDF5
11	21DB	00	FDF5
11	21DC	00	FDF5
11	21DD	00	FDF5
11	21DE	00	FDF5
11	21DF	00	FDF5
11	21E0	00	FDF5
11	21E1	00	FDF5
11	21E2	00	FDF5
11	21E3	00	FDF5
11	21E4	00	FDF5
11	21E5	00	FDF5
11	21E6	00	FDF5
11	21E7	00	FDF5
11	21E8	00	FDF5
11	21E9	00	FDF5
11	21EA	00	FDF5
11	21EB	00	FDF5
11	21EC	00	FDF5
11	21ED	00	FDF5
11	21EE	00	FDF5
11	21EF	00	FDF5
11	21F0	00	FDF5
11	21F1	00	FDF5
11	21F2	00	FDF5
11	21F3	00	FDF5
11	21F4	00	FDF5
11	21F5	00	FDF5
11	21F6	00	FDF5
11	21F7	00	FDF5
11	21F8	00	FDF5
11	21F9	00	FDF5
11	21FA	00	FDF5
11	21FB	00	FDF5
11	21FC	00	FDF5
11	21FD	00	FDF5
11	21FE	00	FDF5
11	21FF	00	FDF5
11	2200	00	FDF5
11	2201	00	FDF5
11	2202	00	FDF5
11	2203	00	FDF5
11	2204	00	FDF5
11	2205	00	FDF5
11	2206	00	FDF5
11	2207	00	FDF5
11	2208	00	FDF5
11	2209	00	FDF5
11	220A	00	FDF5
11	220B	00	FDF5
11	220C	00	FDF5
11	220D	00	FDF5
11	220E	00	FDF5
11	220F	00	FDF5
11	2210	00	FDF5
11	2211	00	FDF5
11	2212	00	FDF5
11	2213	00	FDF5
11	2214	00	FDF5
11	2215	00	FDF5
11	2216	00	FDF5
11	2217	00	FDF5
11	2218	00	FDF5
11	2219	00	FDF5
11	221A	00	FDF5
11	221B	00	FDF5
11	221C	00	FDF5
11	221D	00	FDF5
11	221E	00	FDF5
11	221F	00	FDF5
11	2220	00	FDF5
11	2221	00	FDF5
11	2222	00	FDF5
11	2223	00	FDF5
11	2224	00	FDF5
11	2225	00	FDF5
11	2226	00	FDF5
11	2227	00	FDF5
11	2228	00	FDF5
11	2229	00	FDF5
11	222A	00	FDF5
11	222B	00	FDF5
11	222C	00	FDF5
11	222D	00	FDF5
11	222E	00	FDF5
11	222F	00	FDF5
11	2230	00	FDF5
11	2231	00	FDF5
11	2232	00	FDF5
11	2233	00	FDF5
11	2234	00	FDF5
11	2235	00	FDF5
11	2236	00	FDF5
11	2237	00	FDF5
11	2238	00	FDF5
11	2239	00	FDF5
11	223A	00	FDF5
11	223B	00	FDF5
11	223C	00	FDF5
11	223D	00	FDF5
11	223E	00	FDF5
11	223F	00	FDF5
11	2240	00	FDF5
11	2241	00	FDF5
11	2242	00	FDF5
11	2243	00	FDF5
11	2244	00	FDF5
11	2245	00	FDF5
11	2246	00	FDF5
11	2247	00	FDF5
11	2248	00	FDF5
11	2249	00	FDF5
11	224A	00	FDF5
11	224B	00	FDF5
11	224C	00	FDF5
11	224D	00	FDF5
11	224E	00	FDF5
11	224F	00	FDF5
11	2250	00	FDF5
11	2251	00	FDF5
11	2252	00	FDF5
11	2253	00	FDF5
11	2254	00	FDF5
11	2255	00	FDF5
11	2256	00	FDF5
11	2257	00	FDF5
11	2258	00	FDF5
11	2259	00	FDF5
11	225A	00	FDF5
11	225B	00	FDF5
11	225C	00	FDF5
11	225D	00	FDF5
11	225E	00	FDF5
11	225F	00	FDF5
11	2260	00	FDF5
11	2261	00	FDF5
11	2262	00	FDF5
11	2263	00	FDF5
11	2264	00	FDF5
11	2265	00	FDF5
11	2266	00	FDF5
11	2267	00	FDF5
11	2268	00	FDF5
11	2269	00	FDF5
11	226A	00	FDF5
11	226B	00	FDF5
11	226C	00	FDF5
11	226D	00	FDF5
11	226E	00	FDF5
11	226F	00	FDF5
11	2270	00	FDF5
11	2271	00	FDF5
11	2272	00	FDF5
11	2273	00	FDF5
11	2274	00	FDF5
11	2275	00	FDF5
11	2276	00	FDF5
11	2277	00	FDF5
11	2278	00	FDF5
11	2279	00	FDF5
11	227A	00	FDF5
11	227B	00	FDF5
11	227C	00	FDF5
11	227D	00	FDF5
11	227E	00	FDF5
11	227F	00	FDF5
11	2280	00	FDF5
11	2281	00	FDF5
11	2282	00	FDF5
11	2283	00	FDF5
11	2284	00	FDF5
11	2285	00	FDF5
11	2286	00	FDF5
11	2287	00	FDF5
11	2288	00	FDF5
11	2289	00	FDF5
11	228A	00	FDF5
11	228B	00	FDF5
11	228C	00	FDF5
11	228D	00	FDF5
11	228E	00	FDF5
11	228F	00	FDF5
11	2290	00	FDF5
11	2291	00	FDF5
11	2292	00	FDF5
11	2293	00	FDF5
11	2294	00	FDF5
11	2295	00	FDF5
11	2296	00	FDF5
11	2297	00	FDF5
11	2298	00	FDF5
11	2299	00	FDF5
11	229A	00	FDF5
11	229B	00	FDF5
11	229C	00	FDF5
11	229D	00	FDF5
11	229E	00	FDF5
11	229F	00	FDF5
11	22A0	00	FDF5
11	22A1	00	FDF5
11	22A2	00	FDF5
11	22A3	00	FDF5
11	22A4	00	FDF5
11	22A5	00	FDF5
11	22A6	00	FDF5
11	22A7	00	FDF5
11	22A8	00	FDF5
11	22A9	00	FDF5
11	22AA	00	FDF5
11	22AB	00	FDF5
11	22AC	00	FDF5
11	22AD	00	FDF5
11	22AE	00	FDF5
11	22AF	00	FDF5
11	22B0	00	FDF5
11	22B1	00	FDF5
11	22B2	00	FDF5
11	22B3	00	FDF5
11	22B4	00	FDF5
11	22B5	00	FDF5
11	22B6	00	FDF5
11	22B7	00	FDF5
11	22B8	00	FDF5
11	22B9	00	FDF5
11	22BA	00	FDF5
11	22BB	00	FDF5
11	22BC	00	FDF5
11	22BD	00	FDF5
11	22BE	00	FDF5
11	22BF	00	FDF5
11	22C0	00	FDF5
11	22C1	00	FDF5
11	22C2	00	FDF5
11	22C3	00	FDF5
11	22C4	00	FDF5
11	22C5	00	FDF5
11	22C6	00	FDF5
11	22C7	00	FDF5
11	22C8	00	FDF5
11	22C9	00	FDF5
11	22CA	00	FDF5
11	22CB	00	FDF5
11	22CC	00	FDF5
11	22CD	00	FDF5
11	22CE	00	FDF5
11	22CF	00	FDF5
11	22D0	00	FDF5
11	22D1	00	FDF5
11	22D2	00	FDF5
11	22D3	00	FDF5
11	22D4	00	FDF5
11	22D5	00	FDF5
11	22D6	00	FDF5
11	22D7	00	FDF5
11	22D8	00	FDF5
11	22D9	00	FDF5
11	22DA	00	FDF5
11	22DB	00	FDF5
11	22DC	00	FDF5
11	22DD	00	FDF5
11	22DE	00	FDF5
11	22DF	00	FDF5
11	22E0	00	FDF5
11	22E1	00	FDF5
11	22E2	00	FDF5
11	22E3	00	FDF5
11	22E4	00	FDF5
11	22E5	00	FDF5
11	22E6	00	FDF5
11	22E7	00	FDF5
11	22E8	00	FDF5
11	22E9	00	FDF5
11	22EA	00	FDF5
11	22EB	00	FDF5
11	22EC	00	FDF5
11	22ED	00	FDF5
11	22EE	00	FDF5
11	22EF	00	FDF5
11	22F0	00	FDF5
11	22F1	00	FDF5
11	22F2	00	FDF5
11	22F3	00	FDF5
11	22F4	00	FDF5
11	22F5	00	FDF5
11	22F6	00	FDF5
11	22F7	00	FDF5
11	22F8	00	FDF5
11	22F9	00	FDF5
11	22FA	00	FDF5
11	22FB	00	FDF5
11	22FC	00	FDF5
11	22FD	00	FDF5
11	22FE	00	FDF5
11	22FF	00	FDF5
11	2300	00	FDF5
11	2301	00	FDF5
11	2302	00	FDF5
11	2303	00	FDF5
11	2304	00	FDF5
11	2305	00	FDF5
11	2306	00	FDF5
11	2307	00	FDF5
11	2308	00	FDF5
11	2309	00	FDF5
11	230A	00	FDF5
11	230B	00	FDF5
11	230C	00	FDF5
11	230D	00	FDF5
11	230E	00	FDF5
11	230F	00	FDF5
11	2310	00	FDF5
11	2311	00	FDF5
11	2312	00	FDF5
11	2313	00	FDF5
11	2314	00	FDF5
11	2315	00	FDF5
11	2316	00	FDF5
11	2317	00	FDF5
11	2318	00	FDF5
11	2319	00	FDF5
11	231A	00	FDF5
11	231B	00	FDF5
11	231C	00	FDF5
11	231D	00	FDF5
11	231E	00	FDF5
11	231F	00	FDF5
11	2320	00	FDF5
11	2321	00	FDF5
11	2322	00	FDF5
11	2323	00	FDF5
11	2324	00	FDF5
11	2325	00	FDF5
11	2326	00	FDF5
11	2327	00	FDF5
11	2328	00	FDF5
11	2329	00	FDF5
11	232A	00	FDF5
11	232B	00	FDF5
11	232C	00	FDF5
11	232D	00	FDF5
11	232E	00	FDF5
11	232F	00	FDF5
11	2330	00	FDF5
11	2331	00	FDF5
11	2332	00	FDF5
11	2333	00	FDF5
11	2334	00	FDF5
11	2335	00	FDF5
11	2336	00	FDF5
11	2337	00	FDF5
11	2338	00	FDF5
11	2339	00	FDF5
11	233A	00	FDF5
11	233B	00	FDF5
11	233C	00	FDF5
11	233D	00	FDF5
11	233E	00	FDF5
11	233F	00	FDF5
11	2340	00	FDF5
11	2341	00	FDF5
11	2342	00	FDF5
11	2343	00	FDF5
11	2344	00	FDF5
11	2345	00	FDF5
11	2346	00	FDF5
11	2347	00	FDF5
11	2348	00	FDF5
11	2349	00	FDF5
11	234A	00	FDF5
11	234B	00	FDF5
11	234C	00	FDF5
11	234D	00	FDF5
11	234E	00	FDF5
11	234F	00	FDF5
11	2350	00	FDF5
11	2351	00	FDF5
11	2352	00	FDF5
11	2353	00	FDF5
11	2354	00	FDF5
11	2355	00	FDF5
11	2356	00	FDF5
11	2357	00	FDF5
11	2358	00	FDF5
11	2359	00	FDF5
11	235A	00	FDF5
11	235B	00	FDF5
11	235C	00	FDF5
11	235D	00	FDF5
11	235E	00	FDF5
11	235F	00	FDF5
11	2360	00	FDF5
11	2361	00	FDF5
11	2362	00	FDF5
11	2363	00	FDF5
11	2364	00	FDF5
11	2365	00	FDF5
11	2366	00	FDF5
11	2367	00	FDF5
11	2368	00	FDF5
11	2369	00	FDF5
11	236A	00	FDF5
11	236B	00	FDF5
11	236C	00	FDF5
11	236D	00	FDF5
11	236E	00	FDF5
11	236F	00	FDF5
11	2370	00	FDF5
11	2371	00	FDF5
11	2372	00	FDF5
11	2373	00	FDF5
11	2374	00	FDF5
11	2375	00	FDF5
11	2376	00	FDF5
11	2377	00	FDF5
11	2378	00	FDF5
11	2379	00	FDF5
11	237A	00	FDF5
11	237B	00	FDF5
11	237C	00	FDF5
11	237D	00	FDF5
11	237E	00	FDF5
11	237F	00	FDF5
11	2380	00	FDF5
11	2381	00	FDF5
11	2382	00	FDF5
11	2383	00	FDF5
11	2384	00	FDF5
11	2385	00	FDF5
11	2386	00	FDF5
11	2387	00	FDF5
11	2388	00	FDF5
11	2389	00	FDF5
11	238A	00	FDF5
11	238B	00	FDF5
11	238C	00	FDF5
11	238D	00	FDF5
11	238E	00	FDF5
11	238F	00	FDF5
11	2390	00	FDF5
11	2391	00	FDF5
11	2392	00	FDF5
11	2393	00	FDF5
11	2394	00	FDF5
11	2395	00	FDF5
11	2396	00	FDF5
11	2397	00	FDF5
11	2398	00	FDF5
11	2399	00	FDF5
11	239A	00	FDF5
11	239B	00	FDF5
11	239C	00	FDF5
11	239D	00	FDF5
11	239E	00	FDF5
11	239F	00	FDF5
11	23A0	00	FDF5
11	23A1	00	FDF5
11	23A2	00	FDF5
11	23A3	00	FDF5
11	23A4	00	FDF5
11	23A5	00	FDF5
11	23A6	00	FDF5
11	23A7	00	FDF5
11	23A8	00	FDF5
11	23A9	00	FDF5
11	23AA	00	FDF5
11	23AB	00	FDF5
11	23AC	00	FDF5
11	23AD	00	FDF5
11	23AE	00	FDF5
11	23AF	00	FDF5
11	23B0	00	FDF5
11	23B1	00	FDF5
11	23B2	00	FDF5
11	23B3	00	FDF5
11	23B4	00	FDF5
11	23B5	00	FDF5
11	23B6	00	FDF5
11	23B7	00	FDF5
11	23B8	00	FDF5
11	23B9	00	FDF5
11	23BA	00	FDF5
11	23BB	00	FDF5
11	23BC	00	FDF5
11	23BD	00	FDF5
11	23BE	00	FDF5
11	23BF	00	FDF5
11	23C0	00	FDF5
11	23C1	00	FDF5
11	23C2	00	FDF5
11	23C3	00	FDF5
11	23C4	00	FDF5
11	23C5	00	FDF5
11	23C6	00	FDF5
11	23C7	00	FDF5
11	23C8	00	FDF5
11	23C9	00	FDF5
11	23CA	00	FDF5
11	23CB	00	FDF5
11	23CC	00	FDF5
11	23CD	00	FDF5
11	23CE	00	FDF5
11	23CF	00	FDF5
11	23D0	00	FDF5
11	23D1	00	FDF5
11	23D2	00	FDF5
11	23D3	00	FDF5
11	23D4	00	FDF5
11	23D5	00	FDF5
11	23D6	00	FDF5
11	23D7	00	FDF5
11	23D8	00	FDF5
11	23D9	00	FDF5
11	23DA	00	FDF5
11	23DB	00	FDF5
11	23DC	00	FDF5
11	23DD	00	FDF5
11	23DE	00	FDF5
11	23DF	00	FDF5
11	23E0	00	FDF5
11	23E1	00	FDF5
11	23E2	00	FDF5
11	23E3	00	FDF5
11	23E4	00	FDF5
11	23E5	00	FDF5
11	23E6	00	FDF5
11	23E7	00	FDF5
11	23E8	00	FDF5
11	23E9	00	FDF5
11	23EA	00	FDF5
11	23EB	00	FDF5
11	23EC	00	FDF5
11	23ED	00	FDF5
11	23EE	00	FDF5
11	23EF	00	FDF5
11	23F0	00	FDF5
11	23F1	00	FDF5
11	23F2	00	FDF5
11	23F3	00	FDF5
11	23F4	00	FDF5
11	23F5	00	FDF5
11	23F6	00	FDF5
11	23F7	00	FDF5
11	23F8	00	FDF5
11	23F9	00	FDF5
11	23FA	00	FDF5
11	23FB	00	FDF5
11	23FC	00	FDF5
11	23FD	00	FDF5
11	23FE	00	FDF5
11	23FF	00	FDF5
11	23C0	00	FE12
11	23C1	00	FE12
11	23C2	00	FE12
11	23C3	00	FE12
11	23C4	00	FE12
11	23C5	00	FE12
11	23C6	00	FE12
11	23C7	00	FE12
11	23C8	00	FE12
11	23C9	00	FE12
11	23CA	00	FE12
11	23CB	00	FE12
11	23CC	00	FE12
11	23CD	00	FE12
11	23CE	00	FE12
11	23CF	00	FE12
11	23D0	00	FE12
11	23D1	00	FE12
11	23D2	00	FE12
11	23D3	00	FE12
11	23D4	00	FE12
11	23D5	00	FE12
11	23D6	00	FE12
11	23D7	00	FE12
11	23D8	00	FE12
11	23D9	00	FE12
11	23DA	00	FE12
11	23DB	00	FE12
11	23DC	00	FE12
11	23DD	00	FE12
11	23DE	00	FE12
11	23DF	00	FE12
11	23E0	00	FE12
11	23E1	00	FE12
11	23E2	00	FE12
11	23E3	00	FE12
11	23E4	00	FE12
11	23E5	00	FE12
11	23E6	00	FE12
11	23E7	00	FE12
11	23E8	00	FE12
11	23E9	00	FE12
11	23EA	00	FE12
11	23EB	00	FE12
11	23EC	00	FE12
11	23ED	00	FE12
11	23EE	00	FE12
11	23EF	00	FE12
11	23F0	00	FE12
11	23F1	00	FE12
11	23F2	00	FE12
11	23F3	00	FE12
11	23F4	00	FE12
11	23F5	00	FE12
11	23F6	00	FE12
11	23F7	00	FE12
11	23F8	00	FE12
11	23F9	00	FE12
11	23FA	00	FE12
11	23FB	00	FE12
11	23FC	00	FE12
11	23FD	00	FE12
11	23FE	00	FE12
11	23FF	00	FE12
11	2400	00	FDF5
11	2401	00	FDF5
11	2402	00	FDF5
11	2403	00	FDF5
11	2404	00	FDF5
11	2405	00	FDF5
11	2406	00	FDF5
11	2407	00	FDF5
11	2408	00	FDF5
11	2409	00	FDF5
11	240A	00	FDF5
11	240B	00	FDF5
11	240C	00	FDF5
11	240D	00	FDF5
11	240E	00	FDF5
11	240F	00	FDF5
11	2410	00	FDF5
11	2411	00	FDF5
11	2412	00	FDF5
11	2413	00	FDF5
11	2414	00	FDF5
11	2415	00	FDF5
11	2416	00	FDF5
11	2417	00	FDF5
11	2418	00	FDF5
11	2419	00	FDF5
11	241A	00	FDF5
11	241B	00	FDF5
11	241C	00	FDF5
11	241D	00	FDF5
11	241E	00	FDF5
11	241F	00	FDF5
11	2420	00	FDF5
11	2421	00	FDF5
11	2422	00	FDF5
11	2423	00	FDF5
11	2424	00	FDF5
11	2425	00	FDF5
11	2426	00	FDF5
11	2427	00	FDF5
11	2428	00	FDF5
11	2429	00	FDF5
11	242A	00	FDF5
11	242B	00	FDF5
11	242C	00	FDF5
11	242D	00	FDF5
11	242E	00	FDF5
11	242F	00	FDF5
11	2430	00	FDF5
11	2431	00	FDF5
11	2432	00	FDF5
11	2433	00	FDF5
11	2434	00	FDF5
11	2435	00	FDF5
11	2436	00	FDF5
11	2437	00	FDF5
11	2438	00	FDF5
11	2439	00	FDF5
11	243A	00	FDF5
11	243B	00	FDF5
11	243C	00	FDF5
11	243D	00	FDF5
11	243E	00	FDF5
11	243F	00	FDF5
11	2440	00	FDF5
11	2441	00	FDF5
11	2442	00	FDF5
11	2443	00	FDF5
11	2444	00	FDF5
11	2445	00	FDF5
11	2446	00	FDF5
11	2447	00	FDF5
11	2448	00	FDF5
11	2449	00	FDF5
11	244A	00	FDF5
11	244B	00	FDF5
11	244C	00	FDF5
11	244D	00	FDF5
11	244E	00	FDF5
11	244F	00	FDF5
11	2450	00	FDF5
11	2451	00	FDF5
11	2452	00	FDF5
11	2453	00	FDF5
11	2454	00	FDF5
11	2455	00	FDF5
11	2456	00	FDF5
11	2457	00	FDF5
11	2458	00	FDF5
11	2459	00	FDF5
11	245A	00	FDF5
11	245B	00	FDF5
11	245C	00	FDF5
11	245D	00	FDF5
11	245E	00	FDF5
11	245F	00	FDF5
11	2460	00	FDF5
11	2461	00	FDF5
11	2462	00	FDF5
11	2463	00	FDF5
11	2464	00	FDF5
11	2465	00	FDF5
11	2466	00	FDF5
11	2467	00	FDF5
11	2468	00	FDF5
11	2469	00	FDF5
11	246A	00	FDF5
11	246B	00	FDF5
11	246C	00	FDF5
11	246D	00	FDF5
11	246E	00	FDF5
11	246F	00	FDF5
11	2470	00	FDF5
11	2471	00	FDF5
11	2472	00	FDF5
11	2473	00	FDF5
11	2474	00	FDF5
11	2475	00	FDF5
11	2476	00	FDF5
11	2477	00	FDF5
11	2478	00	FDF5
11	2479	00	FDF5
11	247A	00	FDF5
11	247B	00	FDF5
11	247C	00	FDF5
11	247D	00	FDF5
11	247E	00	FDF5
11	247F	00	FDF5
11	2480	00	FDF5
11	2481	00	FDF5
11	2482	00	FDF5
11	2483	00	FDF5
11	2484	00	FDF5
11	2485	00	FDF5
11	2486	00	FDF5
11	2487	00	FDF5
11	2488	00	FDF5
11	2489	00	FDF5
11	248A	00	FDF5
11	248B	00	FDF5
11	248C	00	FDF5
11	248D	00	FDF5
11	248E	00	FDF5
11	248F	00	FDF5
11	2490	00	FDF5
11	2491	00	FDF5
11	2492	00	FDF5
11	2493	00	FDF5
11	2494	00	FDF5
11	2495	00	FDF5
11	2496	00	FDF5
12	2497	00	FDF5
12	2498	00	FDF5
12	2499	00	FDF5
12	249A	00	FDF5
12	249B	00	FDF5
12	249C	00	FDF5
12	249D	00	FDF5
12	249E	00	FDF5
12	249F	00	FDF5
12	24A0	00	FDF5
12	24A1	00	FDF5
12	24A2	00	FDF5
12	24A3	00	FDF5
12	24A4	00	FDF5
12	24A5	00	FDF5
12	24A6	00	FDF5
12	24A7	00	FDF5
12	24A8	00	FDF5
12	24A9	00	FDF5
12	24AA	00	FDF5
12	24AB	00	FDF5
12	24AC	00	FDF5
12	24AD	00	FDF5
12	24AE	00	FDF5
12	24AF	00	FDF5
12	24B0	00	FDF5
12	24B1	00	FDF5
12	24B2	00	FDF5
12	24B3	00	FDF5
12	24B4	00	FDF5
12	24B5	00	FDF5
12	24B6	00	FDF5
12	24B7	00	FDF5
12	24B8	00	FDF5
12	24B9	00	FDF5
12	24BA	00	FDF5
12	24BB	00	FDF5
12	24BC	00	FDF5
12	24BD	00	FDF5
12	24BE	00	FDF5
12	24BF	00	FDF5
12	24C0	00	FDF5
12	24C1	00	FDF5
12	24C2	00	FDF5
12	24C3	00	FDF5
12	24C4	00	FDF5
12	24C5	00	FDF5
12	24C6	00	FDF5
12	24C7	00	FDF5
12	24C8	00	FDF5
12	24C9	00	FDF5
12	24CA	00	FDF5
12	24CB	00	FDF5
12	24CC	00	FDF5
12	24CD	00	FDF5
12	24CE	00	FDF5
12	24CF	00	FDF5
12	24D0	00	FDF5
12	24D1	00	FDF5
12	24D2	00	FDF5
12	24D3	00	FDF5
12	24D4	00	FDF5
12	24D5	00	FDF5
12	24D6	00	FDF5
12	24D7	00	FDF5
12	24D8	00	FDF5
12	24D9	00	FDF5
12	24DA	00	FDF5
12	24DB	00	FDF5
12	24DC	00	FDF5
12	24DD	00	FDF5
12	24DE	00	FDF5
12	24DF	00	FDF5
12	24E0	00	FDF5
12	24E1	00	FDF5
12	24E2	00	FDF5
12	24E3	00	FDF5
12	24E4	00	FDF5
12	24E5	00	FDF5
12	24E6	00	FDF5
12	24E7	00	FDF5
12	24E8	00	FDF5
12	24E9	00	FDF5
12	24EA	00	FDF5
12	24EB	00	FDF5
12	24EC	00	FDF5
12	24ED	00	FDF5
12	24EE	00	FDF5
12	24EF	00	FDF5
12	24F0	00	FDF5
12	24F1	00	FDF5
12	24F2	00	FDF5
12	24F3	00	FDF5
12	24F4	00	FDF5
12	24F5	00	FDF5
12	24F6	00	FDF5
12	24F7	00	FDF5
12	24F8	00	FDF5
12	24F9	00	FDF5
12	24FA	00	FDF5
12	24FB	00	FDF5
12	24FC	00	FDF5
12	24FD	00	FDF5
12	24FE	00	FDF5
12	24FF	00	FDF5
12	2500	00	FDF5
12	2501	00	FDF5
12	2502	00	FDF5
12	2503	00	FDF5
12	2504	00	FDF5
12	2505	00	FDF5
12	2506	00	FDF5
12	2507	00	FDF5
12	2508	00	FDF5
12	2509	00	FDF5
12	250A	00	FDF5
12	250B	00	FDF5
12	250C	00	FDF5
12	250D	00	FDF5
12	250E	00	FDF5
12	250F	00	FDF5
12	2510	00	FDF5
12	2511	00	FDF5
12	2512	00	FDF5
12	2513	00	FDF5
12	2514	00	FDF5
12	2515	00	FDF5
12	2516	00	FDF5
12	2517	00	FDF5
12	2518	00	FDF5
12	2519	00	FDF5
12	251A	00	FDF5
12	251B	00	FDF5
12	251C	00	FDF5
12	251D	00	FDF5
12	251E	00	FDF5
12	251F	00	FDF5
12	2520	00	FDF5
12	2521	00	FDF5
12	2522	00	FDF5
12	2523	00	FDF5
12	2524	00	FDF5
12	2525	00	FDF5
12	2526	00	FDF5
12	2527	00	FDF5
12	2528	00	FDF5
12	2529	00	FDF5
12	252A	00	FDF5
12	252B	00	FDF5
12	252C	00	FDF5
12	252D	00	FDF5
12	252E	00	FDF5
12	252F	00	FDF5
12	2530	00	FDF5
12	2531	00	FDF5
12	2532	00	FDF5
12	2533	00	FDF5
12	2534	00	FDF5
12	2535	00	FDF5
12	2536	00	FDF5
12	2537	00	FDF5
12	2538	00	FDF5
12	2539	00	FDF5
12	253A	00	FDF5
12	253B	00	FDF5
12	253C	00	FDF5
12	253D	00	FDF5
12	253E	00	FDF5
12	253F	00	FDF5
12	2540	00	FDF5
12	2541	00	FDF5
12	2542	00	FDF5
12	2543	00	FDF5
12	2544	00	FDF5
12	2545	00	FDF5
12	2546	00	FDF5
12	2547	00	FDF5
12	2548	00	FDF5
12	2549	00	FDF5
12	254A	00	FDF5
12	254B	00	FDF5
12	254C	00	FDF5
12	254D	00	FDF5
12	254E	00	FDF5
12	254F	00	FDF5
12	2550	00	FDF5
12	2551	00	FDF5
12	2552	00	FDF5
12	2553	00	FDF5
12	2554	00	FDF5
12	2555	00	FDF5
12	2556	00	FDF5
12	2557	00	FDF5
12	2558	00	FDF5
12	2559	00	FDF5
12	255A	00	FDF5
12	255B	00	FDF5
12	255C	00	FDF5
12	255D	00	FDF5
12	255E	00	FDF5
12	255F	00	FDF5
12	2560	00	FDF5
12	2561	00	FDF5
12	2562	00	FDF5
12	2563	00	FDF5
12	2564	00	FDF5
12	2565	00	FDF5
12	2566	00	FDF5
12	2567	00	FDF5
12	2568	00	FDF5
12	2569	00	FDF5
12	256A	00	FDF5
12	256B	00	FDF5
12	256C	00	FDF5
12	256D	00	FDF5
12	256E	00	FDF5
12	256F	00	FDF5
12	2570	00	FDF5
12	2571	00	FDF5
12	2572	00	FDF5
12	2573	00	FDF5
12	2574	00	FDF5
12	2575	00	FDF5
12	2576	00	FDF5
12	2577	00	FDF5
12	2578	00	FDF5
12	2579	00	FDF5
12	257A	00	FDF5
12	257B	00	FDF5
12	257C	00	FDF5
12	257D	00	FDF5
12	257E	00	FDF5
12	257F	00	FDF5
12	2580	00	FDF5
12	2581	00	FDF5
12	2582	00	FDF5
12	2583	00	FDF5
12	2584	00	FDF5
12	2585	00	FDF5
12	2586	00	FDF5
12	2587	00	FDF5
12	2588	00	FDF5
12	2589	00	FDF5
12	258A	00	FDF5
12	258B	00	FDF5
12	258C	00	FDF5
12	258D	00	FDF5
12	258E	00	FDF5
12	258F	00	FDF5
12	2590	00	FDF5
12	2591	00	FDF5
12	2592	00	FDF5
12	2593	00	FDF5
12	2594	00	FDF5
12	2595	00	FDF5
12	2596	00	FDF5
12	2597	00	FDF5
12	2598	00	FDF5
12	2599	00	FDF5
12	259A	00	FDF5
12	259B	00	FDF5
12	259C	00	FDF5
12	259D	00	FDF5
12	259E	00	FDF5
12	259F	00	FDF5
12	25A0	00	FDF5
12	25A1	00	FDF5
12	25A2	00	FDF5
12	25A3	00	FDF5
12	25A4	00	FDF5
12	25A5	00	FDF5
12	25A6	00	FDF5
12	25A7	00	FDF5
12	25A8	00	FDF5
12	25A9	00	FDF5
12	25AA	00	FDF5
12	25AB	00	FDF5
12	25AC	00	FDF5
12	25AD	00	FDF5
12	25AE	00	FDF5
12	25AF	00	FDF5
12	25B0	00	FDF5
12	25B1	00	FDF5
12	25B2	00	FDF5
12	25B3	00	FDF5
12	25B4	00	FDF5
12	25B5	00	FDF5
12	25B6	00	FDF5
12	25B7	00	FDF5
12	25B8	00	FDF5
12	25B9	00	FDF5
12	25BA	00	FDF5
12	25BB	00	FDF5
12	25BC	00	FDF5
12	25BD	00	FDF5
12	25BE	00	FDF5
12	25BF	00	FDF5
12	25C0	00	FDF5
12	25C1	00	FDF5
12	25C2	00	FDF5
12	25C3	00	FDF5
12	25C4	00	FDF5
12	25C5	00	FDF5
12	25C6	00	FDF5
12	25C7	00	FDF5
12	25C8	00	FDF5
12	25C9	00	FDF5
12	25CA	00	FDF5
12	25CB	00	FDF5
12	25CC	00	FDF5
12	25CD	00	FDF5
12	25CE	00	FDF5
12	25CF	00	FDF5
12	25D0	00	FDF5
12	25D1	00	FDF5
12	25D2	00	FDF5
12	25D3	00	FDF5
12	25D4	00	FDF5
12	25D5	00	FDF5
12	25D6	00	FDF5
12	25D7	00	FDF5
12	25D8	00	FDF5
12	25D9	00	FDF5
12	25DA	00	FDF5
12	25DB	00	FDF5
12	25DC	00	FDF5
12	25DD	00	FDF5
12	25DE	00	FDF5
12	25DF	00	FDF5
12	25E0	00	FDF5
12	25E1	00	FDF5
12	25E2	00	FDF5
12	25E3	00	FDF5
12	25E4	00	FDF5
12	25E5	00	FDF5
12	25E6	00	FDF5
12	25E7	00	FDF5
12	25E8	00	FDF5
12	25E9	00	FDF5
12	25EA	00	FDF5
12	25EB	00	FDF5
12	25EC	00	FDF5
12	25ED	00	FDF5
12	25EE	00	FDF5
12	25EF	00	FDF5
12	25F0	00	FDF5
12	25F1	00	FDF5
12	25F2	00	FDF5
12	25F3	00	FDF5
12	25F4	00	FDF5
12	25F5	00	FDF5
12	25F6	00	FDF5
12	25F7	00	FDF5
12	25F8	00	FDF5
12	25F9	00	FDF5
12	25FA	00	FDF5
12	25FB	00	FDF5
12	25FC	00	FDF5
12	25FD	00	FDF5
12	25FE	00	FDF5
12	25FF	00	FDF5
12	2600	00	FDF5
12	2601	00	FDF5
12	2602	00	FDF5
12	2603	00	FDF5
12	2604	00	FDF5
12	2605	00	FDF5
12	2606	00	FDF5
12	2607	00	FDF5
12	2608	00	FDF5
12	2609	00	FDF5
12	260A	00	FDF5
12	260B	00	FDF5
12	260C	00	FDF5
12	260D	00	FDF5
12	260E	00	FDF5
12	260F	00	FDF5
12	2610	00	FDF5
12	2611	00	FDF5
12	2612	00	FDF5
12	2613	00	FDF5
12	2614	00	FDF5
12	2615	00	FDF5
12	2616	00	FDF5
12	2617	00	FDF5
12	2618	00	FDF5
12	2619	00	FDF5
12	261A	00	FDF5
12	261B	00	FDF5
12	261C	00	FDF5
12	261D	00	FDF5
12	261E	00	FDF5
12	261F	00	FDF5
12	2620	00	FDF5
12	2621	00	FDF5
12	2622	00	FDF5
12	2623	00	FDF5
12	2624	00	FDF5
12	2625	00	FDF5
12	2626	00	FDF5
12	2627	00	FDF5
12	2628	00	FDF5
12	2629	00	FDF5
12	262A	00	FDF5
12	262B	00	FDF5
12	262C	00	FDF5
12	262D	00	FDF5
12	262E	00	FDF5
12	262F	00	FDF5
12	2630	00	FDF5
12	2631	00	FDF5
12	2632	00	FDF5
12	2633	00	FDF5
12	2634	00	FDF5
12	2635	00	FDF5
12	2636	00	FDF5
12	2637	00	FDF5
12	2638	00	FDF5
12	2639	00	FDF5
12	263A	00	FDF5
12	263B	00	FDF5
12	263C	00	FDF5
12	263D	00	FDF5
12	263E	00	FDF5
12	263F	00	FDF5
12	2640	00	FDF5
12	2641	00	FDF5
12	2642	00	FDF5
12	2643	00	FDF5
12	2644	00	FDF5
12	2645	00	FDF5
12	2646	00	FDF5
12	2647	00	FDF5
12	2648	00	FDF5
12	2649	00	FDF5
12	264A	00	FDF5
12	264B	00	FDF5
12	264C	00	FDF5
12	264D	00	FDF5
12	264E	00	FDF5
12	264F	00	FDF5
12	2650	00	FDF5
12	2651	00	FDF5
12	2652	00	FDF5
12	2653	00	FDF5
12	2654	00	FDF5
12	2655	00	FDF5
12	2656	00	FDF5
12	2657	00	FDF5
12	2658	00	FDF5
12	2659	00	FDF5
12	265A	00	FDF5
12	265B	00	FDF5
12	265C	00	FDF5
12	265D	00	FDF5
12	265E	00	FDF5
12	265F	00	FDF5
12	2660	00	FDF5
12	2661	00	FDF5
12	2662	00	FDF5
12	2663	00	FDF5
12	2664	00	FDF5
12	2665	00	FDF5
12	2666	00	FDF5
12	2667	00	FDF5
12	2668	00	FDF5
12	2669	00	FDF5
12	266A	00	FDF5
12	266B	00	FDF5
12	266C	00	FDF5
12	266D	00	FDF5
12	266E	00	FDF5
12	266F	00	FDF5
12	2670	00	FDF5
12	2671	00	FDF5
12	2672	00	FDF5
12	2673	00	FDF5
12	2674	00	FDF5
12	2675	00	FDF5
12	2676	00	FDF5
12	2677	00	FDF5
12	2678	00	FDF5
12	2679	00	FDF5
12	267A	00	FDF5
12	267B	00	FDF5
12	267C	00	FDF5
12	267D	00	FDF5
12	267E	00	FDF5
12	267F	00	FDF5
12	2680	00	FDF5
12	2681	00	FDF5
12	2682	00	FDF5
12	2683	00	FDF5
12	2684	00	FDF5
12	2685	00	FDF5
12	2686	00	FDF5
12	2687	00	FDF5
12	2688	00	FDF5
12	2689	00	FDF5
12	268A	00	FDF5
12	268B	00	FDF5
12	268C	00	FDF5
12	268D	00	FDF5
12	268E	00	FDF5
12	268F	00	FDF5
12	2690	00	FDF5
12	2691	00	FDF5
12	2692	00	FDF5
12	2693	00	FDF5
12	2694	00	FDF5
12	2695	00	FDF5
12	2696	00	FDF5
12	2697	00	FDF5
12	2698	00	FDF5
12	2699	00	FDF5
12	269A	00	FDF5
12	269B	00	FDF5
12	269C	00	FDF5
12	269D	00	FDF5
12	269E	00	FDF5
12	269F	00	FDF5
12	26A0	00	FDF5
12	26A1	00	FDF5
12	26A2	00	FDF5
12	26A3	00	FDF5
12	26A4	00	FDF5
12	26A5	00	FDF5
12	26A6	00	FDF5
12	26A7	00	FDF5
12	26A8	00	FDF5
12	26A9	00	FDF5
12	26AA	00	FDF5
12	26AB	00	FDF5
12	26AC	00	FDF5
12	26AD	00	FDF5
12	26AE	00	FDF5
12	26AF	00	FDF5
12	26B0	00	FDF5
12	26B1	00	FDF5
12	26B2	00	FDF5
12	26B3	00	FDF5
12	26B4	00	FDF5
12	26B5	00	FDF5
12	26B6	00	FDF5
12	26B7	00	FDF5
12	26B8	00	FDF5
12	26B9	00	FDF5
12	26BA	00	FDF5
12	26BB	00	FDF5
12	26BC	00	FDF5
12	26BD	00	FDF5
12	26BE	00	FDF5
12	26BF	00	FDF5
12	26C0	00	FDF5
12	26C1	00	FDF5
12	26C2	00	FDF5
12	26C3	00	FDF5
12	26C4	00	FDF5
12	26C5	00	FDF5
12	26C6	00	FDF5
12	26C7	00	FDF5
12	26C8	00	FDF5
12	26C9	00	FDF5
12	26CA	00	FDF5
12	26CB	00	FDF5
12	26CC	00	FDF5
12	26CD	00	FDF5
12	26CE	00	FDF5
12	26CF	00	FDF5
12	26D0	00	FDF5
12	26D1	00	FDF5
12	26D2	00	FDF5
12	26D3	00	FDF5
12	26D4	00	FDF5
12	26D5	00	FDF5
12	26D6	00	FDF5
12	26D7	00	FDF5
12	26D8	00	FDF5
12	26D9	00	FDF5
12	26DA	00	FDF5
12	26DB	00	FDF5
12	26DC	00	FDF5
12	26DD	00	FDF5
12	26DE	00	FDF5
12	26DF	00	FDF5
12	26E0	00	FDF5
12	26E1	00	FDF5
12	26E2	00	FDF5
12	26E3	00	FDF5
12	26E4	00	FDF5
12	26E5	00	FDF5
12	26E6	00	FDF5
12	26E7	00	FDF5
12	26E8	00	FDF5
12	26E9	00	FDF5
12	26EA	00	FDF5
12	26EB	00	FDF5
12	26EC	00	FDF5
12	26ED	00	FDF5
12	26EE	00	FDF5
12	26EF	00	FDF5
12	26F0	00	FDF5
12	26F1	00	FDF5
12	26F2	00	FDF5
12	26F3	00	FDF5
12	26F4	00	FDF5
12	26F5	00	FDF5
12	26F6	00	FDF5
12	26F7	00	FDF5
12	26F8	00	FDF5
12	26F9	00	FDF5
12	26FA	00	FDF5
12	26FB	00	FDF5
12	26FC	00	FDF5
12	26FD	00	FDF5
12	26FE	00	FDF5
12	26FF	00	FDF5
12	2700	00	FDF5
12	2701	00	FDF5
12	2702	00	FDF5
12	2703	00	FDF5
12	2704	00	FDF5
12	2705	00	FDF5
12	2706	00	FDF5
12	2707	00	FDF5
12	2708	00	FDF5
12	2709	00	FDF5
12	270A	00	FDF5
12	270B	00	FDF5
12	270C	00	FDF5
12	270D	00	FDF5
12	270E	00	FDF5
12	270F	00	FDF5
12	2710	00	FDF5
12	2711	00	FDF5
12	2712	00	FDF5
12	2713	00	FDF5
12	2714	00	FDF5
12	2715	00	FDF5
12	2716	00	FDF5
12	2717	00	FDF5
12	2718	00	FDF5
12	2719	00	FDF5
12	271A	00	FDF5
12	271B	00	FDF5
12	271C	00	FDF5
12	271D	00	FDF5
12	271E	00	FDF5
12	271F	00	FDF5
12	2720	00	FDF5
12	2721	00	FDF5
12	2722	00	FDF5
12	2723	00	FDF5
12	2724	00	FDF5
12	2725	00	FDF5
12	2726	00	FDF5
12	2727	00	FDF5
12	2728	00	FDF5
12	2729	00	FDF5
12	272A	00	FDF5
12	272B	00	FDF5
12	272C	00	FDF5
12	272D	00	FDF5
12	272E	00	FDF5
12	272F	00	FDF5
12	2730	00	FDF5
12	2731	00	FDF5
12	2732	00	FDF5
12	2733	00	FDF5
12	2734	00	FDF5
12	2735	00	FDF5
12	2736	00	FDF5
12	2737	00	FDF5
12	2738	00	FDF5
12	2739	00	FDF5
12	273A	00	FDF5
12	273B	00	FDF5
12	273C	00	FDF5
12	273D	00	FDF5
12	273E	00	FDF5
12	273F	00	FDF5
12	2740	00	FDF5
12	2741	00	FDF5
12	2742	00	FDF5
12	2743	00	FDF5
12	2744	00	FDF5
12	2745	00	FDF5
12	2746	00	FDF5
12	2747	00	FDF5
12	2748	00	FDF5
12	2749	00	FDF5
12	274A	00	FDF5
12	274B	00	FDF5
12	274C	00	FDF5
12	274D	00	FDF5
12	274E	00	FDF5
12	274F	00	FDF5
12	2750	00	FDF5
12	2751	00	FDF5
12	2752	00	FDF5
12	2753	00	FDF5
12	2754	00	FDF5
12	2755	00	FDF5
12	2756	00	FDF5
12	2757	00	FDF5
12	2758	00	FDF5
12	2759	00	FDF5
12	275A	00	FDF5
12	275B	00	FDF5
12	275C	00	FDF5
12	275D	00	FDF5
12	275E	00	FDF5
12	275F	00	FDF5
12	2760	00	FDF5
12	2761	00	FDF5
12	2762	00	FDF5
12	2763	00	FDF5
12	2764	00	FDF5
12	2765	00	FDF5
12	2766	00	FDF5
12	2767	00	FDF5
12	2768	00	FDF5
12	2769	00	FDF5
12	276A	00	FDF5
12	276B	00	FDF5
12	276C	00	FDF5
12	276D	00	FDF5
12	276E	00	FDF5
12	276F	00	FDF5
12	2770	00	FDF5
12	2771	00	FDF5
12	2772	00	FDF5
12	2773	00	FDF5
12	2774	00	FDF5
12	2775	00	FDF5
12	2776	00	FDF5
12	2777	00	FDF5
12	2778	00	FDF5
12	2779	00	FDF5
12	277A	00	FDF5
12	277B	00	FDF5
12	277C	00	FDF5
12	277D	00	FDF5
12	277E	00	FDF5
12	277F	00	FDF5
12	2780	00	FDF5
12	2781	00	FDF5
12	2782	00	FDF5
12	2783	00	FDF5
12	2784	00	FDF5
12	2785	00	FDF5
12	2786	00	FDF5
12	2787	00	FDF5
12	2788	00	FDF5
12	2789	00	FDF5
12	278A	00	FDF5
12	278B	00	FDF5
12	278C	00	FDF5
12	278D	00	FDF5
12	278E	00	FDF5
12	278F	00	FDF5
12	2790	00	FDF5
12	2791	00	FDF5
12	2792	00	FDF5
12	2793	00	FDF5
12	2794	00	FDF5
12	2795	00	FDF5
12	2796	00	FDF5
12	2797	00	FDF5
12	2798	00	FDF5
12	2799	00	FDF5
12	279A	00	FDF5
12	279B	00	FDF5
12	279C	00	FDF5
12	279D	00	FDF5
12	279E	00	FDF5
12	279F	00	FDF5
12	27A0	00	FDF5
12	27A1	00	FDF5
12	27A2	00	FDF5
12	27A3	00	FDF5
12	27A4	00	FDF5
12	27A5	00	FDF5
12	27A6	00	FDF5
12	27A7	00	FDF5
12	27A8	00	FDF5
12	27A9	00	FDF5
12	27AA	00	FDF5
12	27AB	00	FDF5
12	27AC	00	FDF5
12	27AD	00	FDF5
12	27AE	00	FDF5
12	27AF	00	FDF5
12	27B0	00	FDF5
12	27B1	00	FDF5
12	27B2	00	FDF5
12	27B3	00	FDF5
12	27B4	00	FDF5
12	27B5	00	FDF5
12	27B6	00	FDF5
12	27B7	00	FDF5
12	27B8	00	FDF5
12	27B9	00	FDF5
12	27BA	00	FDF5
12	27BB	00	FDF5
12	27BC	00	FDF5
12	27BD	00	FDF5
12	27BE	00	FDF5
12	27BF	00	FDF5
12	27C0	00	FDF5
12	27C1	00	FDF5
12	27C2	00	FDF5
12	27C3	00	FDF5
12	27C4	00	FDF5
12	27C5	00	FDF5
12	27C6	00	FDF5
12	27C7	00	FDF5
12	27C8	00	FDF5
12	27C9	00	FDF5
12	27CA	00	FDF5
12	27CB	00	FDF5
12	27CC	00	FDF5
12	27CD	00	FDF5
12	27CE	00	FDF5
12	27CF	00	FDF5
12	27D0	00	FDF5
12	27D1	00	FDF5
12	27D2	00	FDF5
12	27D3	00	FDF5
12	27D4	00	FDF5
12	27D5	00	FDF5
12	27D6	00	FDF5
12	27D7	00	FDF5
12	27D8	00	FDF5
12	27D9	00	FDF5
12	27DA	00	FDF5
12	27DB	00	FDF5
12	27DC	00	FDF5
12	27DD	00	FDF5
12	27DE	00	FDF5
12	27DF	00	FDF5
12	27E0	00	FDF5
12	27E1	00	FDF5
12	27E2	00	FDF5
12	27E3	00	FDF5
12	27E4	00	FDF5
12	27E5	00	FDF5
12	27E6	00	FDF5
12	27E7	00	FDF5
12	27E8	00	FDF5
12	27E9	00	FDF5
12	27EA	00	FDF5
12	27EB	00	FDF5
12	27EC	00	FDF5
12	27ED	00	FDF5
12	27EE	00	FDF5
12	27EF	00	FDF5
12	27F0	00	FDF5
12	27F1	00	FDF5
12	27F2	00	FDF5
12	27F3	00	FDF5
12	27F4	00	FDF5
12	27F5	00	FDF5
12	27F6	00	FDF5
12	27F7	00	FDF5
12	27F8	00	FDF5
12	27F9	00	FDF5
12	27FA	00	FDF5
12	27FB	00	FDF5
12	27FC	00	FDF5
12	27FD	00	FDF5
12	27FE	00	FDF5
12	27FF	00	FDF5
12	27C0	00	FE12
12	27C1	00	FE12
12	27C2	00	FE12
12	27C3	00	FE12
12	27C4	00	FE12
12	27C5	00	FE12
12	27C6	00	FE12
12	27C7	00	FE12
12	27C8	00	FE12
12	27C9	00	FE12
12	27CA	00	FE12
12	27CB	00	FE12
12	27CC	00	FE12
12	27CD	00	FE12
12	27CE	00	FE12
12	27CF	00	FE12
12	27D0	00	FE12
12	27D1	00	FE12
12	27D2	00	FE12
12	27D3	00	FE12
12	27D4	00	FE12
12	27D5	00	FE12
12	27D6	00	FE12
12	27D7	00	FE12
12	27D8	00	FE12
12	27D9	00	FE12
12	27DA	00	FE12
12	27DB	00	FE12
12	27DC	00	FE12
12	27DD	00	FE12
12	27DE	00	FE12
12	27DF	00	FE12
12	27E0	00	FE12
12	27E1	00	FE12
12	27E2	00	FE12
12	27E3	00	FE12
12	27E4	00	FE12
12	27E5	00	FE12
12	27E6	00	FE12
12	27E7	00	FE12
12	27E8	00	FE12
12	27E9	00	FE12
12	27EA	00	FE12
12	27EB	00	FE12
12	27EC	00	FE12
12	27ED	00	FE12
12	27EE	00	FE12
12	27EF	00	FE12
12	27F0	00	FE12
12	27F1	00	FE12
12	27F2	00	FE12
12	27F3	00	FE12
12	27F4	00	FE12
12	27F5	00	FE12
12	27F6	00	FE12
12	27F7	00	FE12
12	27F8	00	FE12
12	27F9	00	FE12
12	27FA	00	FE12
12	27FB	00	FE12
12	27FC	00	FE12
12	27FD	00	FE12
12	27FE	00	FE12
12	27FF	00	FE12
12	2800	00	FDF5
12	2801	00	FDF5
12	2802	00	FDF5
12	2803	00	FDF5
12	2804	00	FDF5
12	2805	00	FDF5
12	2806	00	FDF5
12	2807	00	FDF5
12	2808	00	FDF5
12	2809	00	FDF5
12	280A	00	FDF5
12	280B	00	FDF5
12	280C	00	FDF5
12	280D	00	FDF5
12	280E	00	FDF5
12	280F	00	FDF5
12	2810	00	FDF5
12	2811	00	FDF5
12	2812	00	FDF5
12	2813	00	FDF5
12	2814	00	FDF5
12	2815	00	FDF5
12	2816	00	FDF5
12	2817	00	FDF5
12	2818	00	FDF5
12	2819	00	FDF5
12	281A	00	FDF5
12	281B	00	FDF5
12	281C	00	FDF5
12	281D	00	FDF5
12	281E	00	FDF5
12	281F	00	FDF5
12	2820	00	FDF5
12	2821	00	FDF5
12	2822	00	FDF5
12	2823	00	FDF5
12	2824	00	FDF5
12	2825	00	FDF5
12	2826	00	FDF5
12	2827	00	FDF5
12	2828	00	FDF5
12	2829	00	FDF5
12	282A	00	FDF5
12	282B	00	FDF5
12	282C	00	FDF5
12	282D	00	FDF5
12	282E	00	FDF5
12	282F	00	FDF5
12	2830	00	FDF5
12	2831	00	FDF5
12	2832	00	FDF5
12	2833	00	FDF5
12	2834	00	FDF5
12	2835	00	FDF5
12	2836	00	FDF5
12	2837	00	FDF5
12	2838	00	FDF5
12	2839	00	FDF5
12	283A	00	FDF5
12	283B	00	FDF5
12	283C	00	FDF5
12	283D	00	FDF5
12	283E	00	FDF5
12	283F	00	FDF5
12	2840	00	FDF5
12	2841	00	FDF5
12	2842	00	FDF5
12	2843	00	FDF5
12	2844	00	FDF5
12	2845	00	FDF5
12	2846	00	FDF5
12	2847	00	FDF5
12	2848	00	FDF5
12	2849	00	FDF5
12	284A	00	FDF5
12	284B	00	FDF5
12	284C	00	FDF5
12	284D	00	FDF5
12	284E	00	FDF5
12	284F	00	FDF5
12	2850	00	FDF5
12	2851	00	FDF5
12	2852	00	FDF5
12	2853	00	FDF5
12	2854	00	FDF5
12	2855	00	FDF5
12	2856	00	FDF5
12	2857	00	FDF5
12	2858	00	FDF5
12	2859	00	FDF5
12	285A	00	FDF5
12	285B	00	FDF5
12	285C	00	FDF5
12	285D	00	FDF5
12	285E	00	FDF5
12	285F	00	FDF5
12	2860	00	FDF5
12	2861	00	FDF5
12	2862	00	FDF5
12	2863	00	FDF5
12	2864	00	FDF5
12	2865	00	FDF5
12	2866	00	FDF5
12	2867	00	FDF5
12	2868	00	FDF5
12	2869	00	FDF5
12	286A	00	FDF5
12	286B	00	FDF5
12	286C	00	FDF5
12	286D	00	FDF5
12	286E	00	FDF5
12	286F	00	FDF5
12	2870	00	FDF5
12	2871	00	FDF5
12	2872	00	FDF5
12	2873	00	FDF5
12	2874	00	FDF5
12	2875	00	FDF5
12	2876	00	FDF5
12	2877	00	FDF5
12	2878	00	FDF5
12	2879	00	FDF5
12	287A	00	FDF5
12	287B	00	FDF5
12	287C	00	FDF5
12	287D	00	FDF5
12	287E	00	FDF5
12	287F	00	FDF5
12	2880	00	FDF5
12	2881	00	FDF5
12	2882	00	FDF5
12	2883	00	FDF5
12	2884	00	FDF5
12	2885	00	FDF5
12	2886	00	FDF5
12	2887	00	FDF5
12	2888	00	FDF5
12	2889	00	FDF5
12	288A	00	FDF5
12	288B	00	FDF5
12	288C	00	FDF5
12	288D	00	FDF5
12	288E	00	FDF5
12	288F	00	FDF5
12	2890	00	FDF5
12	2891	00	FDF5
12	2892	00	FDF5
12	2893	00	FDF5
12	2894	00	FDF5
12	2895	00	FDF5
12	2896	00	FDF5
12	2897	00	FDF5
12	2898	00	FDF5
12	2899	00	FDF5
12	289A	00	FDF5
12	289B	00	FDF5
12	289C	00	FDF5
12	289D	00	FDF5
12	289E	00	FDF5
12	289F	00	FDF5
12	28A0	00	FDF5
12	28A1	00	FDF5
12	28A2	00	FDF5
12	28A3	00	FDF5
12	28A4	00	FDF5
12	28A5	00	FDF5
12	28A6	00	FDF5
12	28A7	00	FDF5
12	28A8	00	FDF5
12	28A9	00	FDF5
12	28AA	00	FDF5
12	28AB	00	FDF5
12	28AC	00	FDF5
12	28AD	00	FDF5
12	28AE	00	FDF5
12	28AF	00	FDF5
12	28B0	00	FDF5
12	28B1	00	FDF5
12	28B2	00	FDF5
12	28B3	00	FDF5
12	28B4	00	FDF5
12	28B5	00	FDF5
12	28B6	00	FDF5
12	28B7	00	FDF5
12	28B8	00	FDF5
12	28B9	00	FDF5
12	28BA	00	FDF5
12	28BB	00	FDF5
12	28BC	00	FDF5
12	28BD	00	FDF5
12	28BE	00	FDF5
12	28BF	00	FDF5
12	28C0	00	FDF5
12	28C1	00	FDF5
12	28C2	00	FDF5
12	28C3	00	FDF5
12	28C4	00	FDF5
12	28C5	00	FDF5
12	28C6	00	FDF5
12	28C7	00	FDF5
12	28C8	00	FDF5
12	28C9	00	FDF5
12	28CA	00	FDF5
12	28CB	00	FDF5
12	28CC	00	FDF5
12	28CD	00	FDF5
12	28CE	00	FDF5
12	28CF	00	FDF5
12	28D0	00	FDF5
12	28D1	00	FDF5
12	28D2	00	FDF5
12	28D3	00	FDF5
12	28D4	00	FDF5
12	28D5	00	FDF5
12	28D6	00	FDF5
12	28D7	00	FDF5
12	28D8	00	FDF5
12	28D9	00	FDF5
12	28DA	00	FDF5
12	28DB	00	FDF5
12	28DC	00	FDF5
12	28DD	00	FDF5
12	28DE	00	FDF5
12	28DF	00	FDF5
12	28E0	00	FDF5
12	28E1	00	FDF5
12	28E2	00	FDF5
12	28E3	00	FDF5
12	28E4	00	FDF5
12	28E5	00	FDF5
12	28E6	00	FDF5
12	28E7	00	FDF5
12	28E8	00	FDF5
12	28E9	00	FDF5
12	28EA	00	FDF5
12	28EB	00	FDF5
12	28EC	00	FDF5
12	28ED	00	FDF5
12	28EE	00	FDF5
12	28EF	00	FDF5
12	28F0	00	FDF5
12	28F1	00	FDF5
12	28F2	00	FDF5
12	28F3	00	FDF5
12	28F4	00	FDF5
12	28F5	00	FDF5
12	28F6	00	FDF5
12	28F7	00	FDF5
12	28F8	00	FDF5
12	28F9	00	FDF5
12	28FA	00	FDF5
12	28FB	00	FDF5
12	28FC	00	FDF5
12	28FD	00	FDF5
12	28FE	00	FDF5
12	28FF	00	FDF5
12	2900	00	FDF5
12	2901	00	FDF5
12	2902	00	FDF5
12	2903	00	FDF5
12	2904	00	FDF5
12	2905	00	FDF5
12	2906	00	FDF5
12	2907	00	FDF5
12	2908	00	FDF5
12	2909	00	FDF5
12	290A	00	FDF5
12	290B	00	FDF5
12	290C	00	FDF5
12	290D	00	FDF5
12	290E	00	FDF5
12	290F	00	FDF5
12	2910	00	FDF5
12	2911	00	FDF5
12	2912	00	FDF5
12	2913	00	FDF5
12	2914	00	FDF5
12	2915	00	FDF5
12	2916	00	FDF5
12	2917	00	FDF5
12	2918	00	FDF5
12	2919	00	FDF5
12	291A	00	FDF5
12	291B	00	FDF5
12	291C	00	FDF5
12	291D	00	FDF5
12	291E	00	FDF5
12	291F	00	FDF5
12	2920	00	FDF5
12	2921	00	FDF5
12	2922	00	FDF5
12	2923	00	FDF5
12	2924	00	FDF5
12	2925	00	FDF5
12	2926	00	FDF5
12	2927	00	FDF5
12	2928	00	FDF5
12	2929	00	FDF5
12	292A	00	FDF5
12	292B	00	FDF5
12	292C	00	FDF5
12	292D	00	FDF5
12	292E	00	FDF5
12	292F	00	FDF5
12	2930	00	FDF5
12	2931	00	FDF5
12	2932	00	FDF5
12	2933	00	FDF5
12	2934	00	FDF5
12	2935	00	FDF5
12	2936	00	FDF5
12	2937	00	FDF5
12	2938	00	FDF5
12	2939	00	FDF5
12	293A	00	FDF5
12	293B	00	FDF5
12	293C	00	FDF5
12	293D	00	FDF5
12	293E	00	FDF5
12	293F	00	FDF5
12	2940	00	FDF5
12	2941	00	FDF5
12	2942	00	FDF5
12	2943	00	FDF5
12	2944	00	FDF5
12	2945	00	FDF5
12	2946	00	FDF5
12	2947	00	FDF5
12	2948	00	FDF5
12	2949	00	FDF5
12	294A	00	FDF5
12	294B	00	FDF5
12	294C	00	FDF5
12	294D	00	FDF5
12	294E	00	FDF5
12	294F	00	FDF5
12	2950	00	FDF5
12	2951	00	FDF5
12	2952	00	FDF5
12	2953	00	FDF5
12	2954	00	FDF5
12	2955	00	FDF5
12	2956	00	FDF5
12	2957	00	FDF5
12	2958	00	FDF5
12	2959	00	FDF5
12	295A	00	FDF5
12	295B	00	FDF5
12	295C	00	FDF5
12	295D	00	FDF5
12	295E	00	FDF5
12	295F	00	FDF5
12	2960	00	FDF5
12	2961	00	FDF5
12	2962	00	FDF5
12	2963	00	FDF5
12	2964	00	FDF5
12	2965	00	FDF5
12	2966	00	FDF5
12	2967	00	FDF5
12	2968	00	FDF5
12	2969	00	FDF5
12	296A	00	FDF5
12	296B	00	FDF5
12	296C	00	FDF5
12	296D	00	FDF5
12	296E	00	FDF5
12	296F	00	FDF5
12	2970	00	FDF5
12	2971	00	FDF5
12	2972	00	FDF5
12	2973	00	FDF5
12	2974	00	FDF5
12	2975	00	FDF5
12	2976	00	FDF5
12	2977	00	FDF5
12	2978	00	FDF5
12	2979	00	FDF5
12	297A	00	FDF5
12	297B	00	FDF5
12	297C	00	FDF5
12	297D	00	FDF5
12	297E	00	FDF5
12	297F	00	FDF5
12	2980	00	FDF5
12	2981	00	FDF5
12	2982	00	FDF5
12	2983	00	FDF5
12	2984	00	FDF5
12	2985	00	FDF5
12	2986	00	FDF5
12	2987	00	FDF5
12	2988	00	FDF5
12	2989	00	FDF5
12	298A	00	FDF5
12	298B	00	FDF5
12	298C	00	FDF5
12	298D	00	FDF5
12	298E	00	FDF5
12	298F	00	FDF5
12	2990	00	FDF5
12	2991	00	FDF5
12	2992	00	FDF5
12	2993	00	FDF5
12	2994	00	FDF5
12	2995	00	FDF5
12	2996	00	FDF5
12	2997	00	FDF5
12	2998	00	FDF5
12	2999	00	FDF5
12	299A	00	FDF5
12	299B	00	FDF5
12	299C	00	FDF5
12	299D	00	FDF5
12	299E	00	FDF5
12	299F	00	FDF5
12	29A0	00	FDF5
12	29A1	00	FDF5
12	29A2	00	FDF5
12	29A3	00	FDF5
12	29A4	00	FDF5
12	29A5	00	FDF5
12	29A6	00	FDF5
12	29A7	00	FDF5
12	29A8	00	FDF5
12	29A9	00	FDF5
12	29AA	00	FDF5
12	29AB	00	FDF5
12	29AC	00	FDF5
12	29AD	00	FDF5
12	29AE	00	FDF5
12	29AF	00	FDF5
12	29B0	00	FDF5
12	29B1	00	FDF5
12	29B2	00	FDF5
12	29B3	00	FDF5
12	29B4	00	FDF5
12	29B5	00	FDF5
12	29B6	00	FDF5
12	29B7	00	FDF5
12	29B8	00	FDF5
12	29B9	00	FDF5
12	29BA	00	FDF5
12	29BB	00	FDF5
12	29BC	00	FDF5
12	29BD	00	FDF5
12	29BE	00	FDF5
12	29BF	00	FDF5
12	29C0	00	FDF5
12	29C1	00	FDF5
12	29C2	00	FDF5
12	29C3	00	FDF5
12	29C4	00	FDF5
12	29C5	00	FDF5
12	29C6	00	FDF5
12	29C7	00	FDF5
12	29C8	00	FDF5
12	29C9	00	FDF5
12	29CA	00	FDF5
12	29CB	00	FDF5
12	29CC	00	FDF5
12	29CD	00	FDF5
12	29CE	00	FDF5
12	29CF	00	FDF5
12	29D0	00	FDF5
12	29D1	00	FDF5
12	29D2	00	FDF5
12	29D3	00	FDF5
12	29D4	00	FDF5
12	29D5	00	FDF5
12	29D6	00	FDF5
12	29D7	00	FDF5
12	29D8	00	FDF5
12	29D9	00	FDF5
12	29DA	00	FDF5
12	29DB	00	FDF5
12	29DC	00	FDF5
12	29DD	00	FDF5
12	29DE	00	FDF5
12	29DF	00	FDF5
12	29E0	00	FDF5
12	29E1	00	FDF5
12	29E2	00	FDF5
12	29E3	00	FDF5
12	29E4	00	FDF5
12	29E5	00	FDF5
12	29E6	00	FDF5
12	29E7	00	FDF5
12	29E8	00	FDF5
12	29E9	00	FDF5
12	29EA	00	FDF5
12	29EB	00	FDF5
12	29EC	00	FDF5
12	29ED	00	FDF5
12	29EE	00	FDF5
12	29EF	00	FDF5
12	29F0	00	FDF5
12	29F1	00	FDF5
12	29F2	00	FDF5
12	29F3	00	FDF5
12	29F4	00	FDF5
12	29F5	00	FDF5
12	29F6	00	FDF5
12	29F7	00	FDF5
12	29F8	00	FDF5
12	29F9	00	FDF5
12	29FA	00	FDF5
12	29FB	00	FDF5
12	29FC	00	FDF5
12	29FD	00	FDF5
12	29FE	00	FDF5
12	29FF	00	FDF5
12	2A00	00	FDF5
12	2A01	00	FDF5
12	2A02	00	FDF5
12	2A03	00	FDF5
12	2A04	00	FDF5
12	2A05	00	FDF5
12	2A06	00	FDF5
12	2A07	00	FDF5
12	2A08	00	FDF5
12	2A09	00	FDF5
12	2A0A	00	FDF5
12	2A0B	00	FDF5
12	2A0C	00	FDF5
12	2A0D	00	FDF5
12	2A0E	00	FDF5
12	2A0F	00	FDF5
12	2A10	00	FDF5
12	2A11	00	FDF5
12	2A12	00	FDF5
12	2A13	00	FDF5
12	2A14	00	FDF5
12	2A15	00	FDF5
12	2A16	00	FDF5
12	2A17	00	FDF5
12	2A18	00	FDF5
12	2A19	00	FDF5
12	2A1A	00	FDF5
12	2A1B	00	FDF5
12	2A1C	00	FDF5
12	2A1D	00	FDF5
12	2A1E	00	FDF5
12	2A1F	00	FDF5
12	2A20	00	FDF5
12	2A21	00	FDF5
12	2A22	00	FDF5
12	2A23	00	FDF5
12	2A24	00	FDF5
12	2A25	00	FDF5
12	2A26	00	FDF5
12	2A27	00	FDF5
12	2A28	00	FDF5
12	2A29	00	FDF5
12	2A2A	00	FDF5
12	2A2B	00	FDF5
12	2A2C	00	FDF5
12	2A2D	00	FDF5
12	2A2E	00	FDF5
12	2A2F	00	FDF5
12	2A30	00	FDF5
12	2A31	00	FDF5
12	2A32	00	FDF5
12	2A33	00	FDF5
12	2A34	00	FDF5
12	2A35	00	FDF5
12	2A36	00	FDF5
12	2A37	00	FDF5
12	2A38	00	FDF5
12	2A39	00	FDF5
12	2A3A	00	FDF5
12	2A3B	00	FDF5
12	2A3C	00	FDF5
12	2A3D	00	FDF5
12	2A3E	00	FDF5
12	2A3F	00	FDF5
12	2A40	00	FDF5
12	2A41	00	FDF5
12	2A42	00	FDF5
12	2A43	00	FDF5
12	2A44	00	FDF5
12	2A45	00	FDF5
12	2A46	00	FDF5
12	2A47	00	FDF5
12	2A48	00	FDF5
12	2A49	00	FDF5
12	2A4A	00	FDF5
12	2A4B	00	FDF5
12	2A4C	00	FDF5
12	2A4D	00	FDF5
12	2A4E	00	FDF5
12	2A4F	00	FDF5
12	2A50	00	FDF5
12	2A51	00	FDF5
12	2A52	00	FDF5
12	2A53	00	FDF5
12	2A54	00	FDF5
12	2A55	00	FDF5
12	2A56	00	FDF5
12	2A57	00	FDF5
12	2A58	00	FDF5
12	2A59	00	FDF5
12	2A5A	00	FDF5
12	2A5B	00	FDF5
12	2A5C	00	FDF5
12	2A5D	00	FDF5
12	2A5E	00	FDF5
12	2A5F	00	FDF5
12	2A60	00	FDF5
12	2A61	00	FDF5
12	2A62	00	FDF5
12	2A63	00	FDF5
12	2A64	00	FDF5
12	2A65	00	FDF5
12	2A66	00	FDF5
12	2A67	00	FDF5
12	2A68	00	FDF5
12	2A69	00	FDF5
12	2A6A	00	FDF5
12	2A6B	00	FDF5
12	2A6C	00	FDF5
12	2A6D	00	FDF5
12	2A6E	00	FDF5
12	2A6F	00	FDF5
12	2A70	00	FDF5
12	2A71	00	FDF5
12	2A72	00	FDF5
12	2A73	00	FDF5
12	2A74	00	FDF5
12	2A75	00	FDF5
12	2A76	00	FDF5
12	2A77	00	FDF5
12	2A78	00	FDF5
12	2A79	00	FDF5
12	2A7A	00	FDF5
12	2A7B	00	FDF5
12	2A7C	00	FDF5
12	2A7D	00	FDF5
12	2A7E	00	FDF5
12	2A7F	00	FDF5
12	2A80	00	FDF5
12	2A81	00	FDF5
12	2A82	00	FDF5
12	2A83	00	FDF5
12	2A84	00	FDF5
12	2A85	00	FDF5
12	2A86	00	FDF5
12	2A87	00	FDF5
12	2A88	00	FDF5
12	2A89	00	FDF5
12	2A8A	00	FDF5
12	2A8B	00	FDF5
12	2A8C	00	FDF5
12	2A8D	00	FDF5
12	2A8E	00	FDF5
12	2A8F	00	FDF5
12	2A90	00	FDF5
12	2A91	00	FDF5
12	2A92	00	FDF5
12	2A93	00	FDF5
12	2A94	00	FDF5
12	2A95	00	FDF5
12	2A96	00	FDF5
12	2A97	00	FDF5
12	2A98	00	FDF5
12	2A99	00	FDF5
12	2A9A	00	FDF5
12	2A9B	00	FDF5
12	2A9C	00	FDF5
12	2A9D	00	FDF5
12	2A9E	00	FDF5
12	2A9F	00	FDF5
12	2AA0	00	FDF5
12	2AA1	00	FDF5
12	2AA2	00	FDF5
12	2AA3	00	FDF5
12	2AA4	00	FDF5
12	2AA5	00	FDF5
12	2AA6	00	FDF5
12	2AA7	00	FDF5
12	2AA8	00	FDF5
12	2AA9	00	FDF5
12	2AAA	00	FDF5
12	2AAB	00	FDF5
12	2AAC	00	FDF5
12	2AAD	00	FDF5
12	2AAE	00	FDF5
12	2AAF	00	FDF5
12	2AB0	00	FDF5
12	2AB1	00	FDF5
12	2AB2	00	FDF5
12	2AB3	00	FDF5
12	2AB4	00	FDF5
12	2AB5	00	FDF5
12	2AB6	00	FDF5
12	2AB7	00	FDF5
12	2AB8	00	FDF5
12	2AB9	00	FDF5
12	2ABA	00	FDF5
12	2ABB	00	FDF5
12	2ABC	00	FDF5
12	2ABD	00	FDF5
12	2ABE	00	FDF5
12	2ABF	00	FDF5
12	2AC0	00	FDF5
12	2AC1	00	FDF5
12	2AC2	00	FDF5
12	2AC3	00	FDF5
12	2AC4	00	FDF5
12	2AC5	00	FDF5
12	2AC6	00	FDF5
12	2AC7	00	FDF5
12	2AC8	00	FDF5
12	2AC9	00	FDF5
12	2ACA	00	FDF5
12	2ACB	00	FDF5
12	2ACC	00	FDF5
12	2ACD	00	FDF5
12	2ACE	00	FDF5
12	2ACF	00	FDF5
12	2AD0	00	FDF5
12	2AD1	00	FDF5
12	2AD2	00	FDF5
12	2AD3	00	FDF5
12	2AD4	00	FDF5
12	2AD5	00	FDF5
12	2AD6	00	FDF5
12	2AD7	00	FDF5
12	2AD8	00	FDF5
12	2AD9	00	FDF5
12	2ADA	00	FDF5
12	2ADB	00	FDF5
12	2ADC	00	FDF5
12	2ADD	00	FDF5
12	2ADE	00	FDF5
12	2ADF	00	FDF5
12	2AE0	00	FDF5
12	2AE1	00	FDF5
12	2AE2	00	FDF5
12	2AE3	00	FDF5
12	2AE4	00	FDF5
12	2AE5	00	FDF5
12	2AE6	00	FDF5
12	2AE7	00	FDF5
12	2AE8	00	FDF5
12	2AE9	00	FDF5
12	2AEA	00	FDF5
12	2AEB	00	FDF5
12	2AEC	00	FDF5
12	2AED	00	FDF5
12	2AEE	00	FDF5
12	2AEF	00	FDF5
12	2AF0	00	FDF5
12	2AF1	00	FDF5
12	2AF2	00	FDF5
12	2AF3	00	FDF5
12	2AF4	00	FDF5
12	2AF5	00	FDF5
12	2AF6	00	FDF5
12	2AF7	00	FDF5
12	2AF8	00	FDF5
12	2AF9	00	FDF5
12	2AFA	00	FDF5
12	2AFB	00	FDF5
12	2AFC	00	FDF5
12	2AFD	00	FDF5
12	2AFE	00	FDF5
12	2AFF	00	FDF5
12	2B00	00	FDF5
12	2B01	00	FDF5
12	2B02	00	FDF5
12	2B03	00	FDF5
12	2B04	00	FDF5
12	2B05	00	FDF5
12	2B06	00	FDF5
12	2B07	00	FDF5
12	2B08	00	FDF5
12	2B09	00	FDF5
12	2B0A	00	FDF5
12	2B0B	00	FDF5
12	2B0C	00	FDF5
12	2B0D	00	FDF5
12	2B0E	00	FDF5
12	2B0F	00	FDF5
12	2B10	00	FDF5
12	2B11	00	FDF5
12	2B12	00	FDF5
12	2B13	00	FDF5
12	2B14	00	FDF5
12	2B15	00	FDF5
12	2B16	00	FDF5
12	2B17	00	FDF5
12	2B18	00	FDF5
12	2B19	00	FDF5
12	2B1A	00	FDF5
12	2B1B	00	FDF5
12	2B1C	00	FDF5
12	2B1D	00	FDF5
12	2B1E	00	FDF5
12	2B1F	00	FDF5
12	2B20	00	FDF5
12	2B21	00	FDF5
12	2B22	00	FDF5
12	2B23	00	FDF5
12	2B24	00	FDF5
12	2B25	00	FDF5
12	2B26	00	FDF5
12	2B27	00	FDF5
12	2B28	00	FDF5
12	2B29	00	FDF5
12	2B2A	00	FDF5
12	2B2B	00	FDF5
12	2B2C	00	FDF5
12	2B2D	00	FDF5
12	2B2E	00	FDF5
12	2B2F	00	FDF5
12	2B30	00	FDF5
12	2B31	00	FDF5
12	2B32	00	FDF5
12	2B33	00	FDF5
12	2B34	00	FDF5
12	2B35	00	FDF5
12	2B36	00	FDF5
12	2B37	00	FDF5
12	2B38	00	FDF5
12	2B39	00	FDF5
12	2B3A	00	FDF5
12	2B3B	00	FDF5
12	2B3C	00	FDF5
12	2B3D	00	FDF5
12	2B3E	00	FDF5
12	2B3F	00	FDF5
12	2B40	00	FDF5
12	2B41	00	FDF5
12	2B42	00	FDF5
12	2B43	00	FDF5
12	2B44	00	FDF5
12	2B45	00	FDF5
12	2B46	00	FDF5
12	2B47	00	FDF5
12	2B48	00	FDF5
12	2B49	00	FDF5
12	2B4A	00	FDF5
12	2B4B	00	FDF5
12	2B4C	00	FDF5
12	2B4D	00	FDF5
12	2B4E	00	FDF5
12	2B4F	00	FDF5
12	2B50	00	FDF5
12	2B51	00	FDF5
12	2B52	00	FDF5
12	2B53	00	FDF5
12	2B54	00	FDF5
12	2B55	00	FDF5
12	2B56	00	FDF5
12	2B57	00	FDF5
12	2B58	00	FDF5
12	2B59	00	FDF5
12	2B5A	00	FDF5
12	2B5B	00	FDF5
12	2B5C	00	FDF5
12	2B5D	00	FDF5
12	2B5E	00	FDF5
12	2B5F	00	FDF5
12	2B60	00	FDF5
12	2B61	00	FDF5
12	2B62	00	FDF5
12	2B63	00	FDF5
12	2B64	00	FDF5
12	2B65	00	FDF5
12	2B66	00	FDF5
12	2B67	00	FDF5
12	2B68	00	FDF5
12	2B69	00	FDF5
12	2B6A	00	FDF5
12	2B6B	00	FDF5
12	2B6C	00	FDF5
12	2B6D	00	FDF5
12	2B6E	00	FDF5
12	2B6F	00	FDF5
12	2B70	00	FDF5
12	2B71	00	FDF5
12	2B72	00	FDF5
12	2B73	00	FDF5
12	2B74	00	FDF5
12	2B75	00	FDF5
12	2B76	00	FDF5
12	2B77	00	FDF5
12	2B78	00	FDF5
12	2B79	00	FDF5
12	2B7A	00	FDF5
12	2B7B	00	FDF5
12	2B7C	00	FDF5
12	2B7D	00	FDF5
12	2B7E	00	FDF5
12	2B7F	00	FDF5
12	2B80	00	FDF5
12	2B81	00	FDF5
12	2B82	00	FDF5
12	2B83	00	FDF5
12	2B84	00	FDF5
12	2B85	00	FDF5
12	2B86	00	FDF5
12	2B87	00	FDF5
12	2B88	00	FDF5
12	2B89	00	FDF5
12	2B8A	00	FDF5
12	2B8B	00	FDF5
12	2B8C	00	FDF5
12	2B8D	00	FDF5
12	2B8E	00	FDF5
12	2B8F	00	FDF5
12	2B90	00	FDF5
12	2B91	00	FDF5
12	2B92	00	FDF5
12	2B93	00	FDF5
12	2B94	00	FDF5
12	2B95	00	FDF5
12	2B96	00	FDF5
12	2B97	00	FDF5
12	2B98	00	FDF5
12	2B99	00	FDF5
12	2B9A	00	FDF5
12	2B9B	00	FDF5
12	2B9C	00	FDF5
12	2B9D	00	FDF5
12	2B9E	00	FDF5
12	2B9F	00	FDF5
12	2BA0	00	FDF5
12	2BA1	00	FDF5
12	2BA2	00	FDF5
12	2BA3	00	FDF5
12	2BA4	00	FDF5
12	2BA5	00	FDF5
12	2BA6	00	FDF5
12	2BA7	00	FDF5
12	2BA8	00	FDF5
12	2BA9	00	FDF5
12	2BAA	00	FDF5
12	2BAB	00	FDF5
12	2BAC	00	FDF5
12	2BAD	00	FDF5
12	2BAE	00	FDF5
12	2BAF	00	FDF5
12	2BB0	00	FDF5
12	2BB1	00	FDF5
12	2BB2	00	FDF5
12	2BB3	00	FDF5
12	2BB4	00	FDF5
12	2BB5	00	FDF5
12	2BB6	00	FDF5
12	2BB7	00	FDF5
12	2BB8	00	FDF5
12	2BB9	00	FDF5
12	2BBA	00	FDF5
12	2BBB	00	FDF5
12	2BBC	00	FDF5
12	2BBD	00	FDF5
12	2BBE	00	FDF5
12	2BBF	00	FDF5
12	2BC0	00	FDF5
12	2BC1	00	FDF5
12	2BC2	00	FDF5
12	2BC3	00	FDF5
12	2BC4	00	FDF5
12	2BC5	00	FDF5
12	2BC6	00	FDF5
12	2BC7	00	FDF5
12	2BC8	00	FDF5
12	2BC9	00	FDF5
12	2BCA	00	FDF5
12	2BCB	00	FDF5
12	2BCC	00	FDF5
12	2BCD	00	FDF5
12	2BCE	00	FDF5
12	2BCF	00	FDF5
12	2BD0	00	FDF5
12	2BD1	00	FDF5
12	2BD2	00	FDF5
12	2BD3	00	FDF5
12	2BD4	00	FDF5
12	2BD5	00	FDF5
12	2BD6	00	FDF5
12	2BD7	00	FDF5
12	2BD8	00	FDF5
12	2BD9	00	FDF5
12	2BDA	00	FDF5
12	2BDB	00	FDF5
12	2BDC	00	FDF5
12	2BDD	00	FDF5
12	2BDE	00	FDF5
12	2BDF	00	FDF5
12	2BE0	00	FDF5
12	2BE1	00	FDF5
12	2BE2	00	FDF5
12	2BE3	00	FDF5
12	2BE4	00	FDF5
12	2BE5	00	FDF5
12	2BE6	00	FDF5
12	2BE7	00	FDF5
12	2BE8	00	FDF5
12	2BE9	00	FDF5
12	2BEA	00	FDF5
12	2BEB	00	FDF5
12	2BEC	00	FDF5
12	2BED	00	FDF5
12	2BEE	00	FDF5
12	2BEF	00	FDF5
12	2BF0	00	FDF5
12	2BF1	00	FDF5
12	2BF2	00	FDF5
12	2BF3	00	FDF5
12	2BF4	00	FDF5
12	2BF5	00	FDF5
12	2BF6	00	FDF5
12	2BF7	00	FDF5
12	2BF8	00	FDF5
12	2BF9	00	FDF5
12	2BFA	00	FDF5
12	2BFB	00	FDF5
12	2BFC	00	FDF5
12	2BFD	00	FDF5
12	2BFE	00	FDF5
12	2BFF	00	FDF5
12	2BC0	00	FE12
12	2BC1	00	FE12
12	2BC2	00	FE12
12	2BC3	00	FE12
12	2BC4	00	FE12
12	2BC5	00	FE12
12	2BC6	00	FE12
12	2BC7	00	FE12
12	2BC8	00	FE12
12	2BC9	00	FE12
12	2BCA	00	FE12
12	2BCB	00	FE12
12	2BCC	00	FE12
12	2BCD	00	FE12
12	2BCE	00	FE12
12	2BCF	00	FE12
12	2BD0	00	FE12
12	2BD1	00	FE12
12	2BD2	00	FE12
12	2BD3	00	FE12
12	2BD4	00	FE12
12	2BD5	00	FE12
12	2BD6	00	FE12
12	2BD7	00	FE12
12	2BD8	00	FE12
12	2BD9	00	FE12
12	2BDA	00	FE12
12	2BDB	00	FE12
12	2BDC	00	FE12
12	2BDD	00	FE12
12	2BDE	00	FE12
12	2BDF	00	FE12
12	2BE0	00	FE12
12	2BE1	00	FE12
12	2BE2	00	FE12
12	2BE3	00	FE12
12	2BE4	00	FE12
12	2BE5	00	FE12
12	2BE6	00	FE12
12	2BE7	00	FE12
12	2BE8	00	FE12
12	2BE9	00	FE12
12	2BEA	00	FE12
12	2BEB	00	FE12
12	2BEC	00	FE12
12	2BED	00	FE12
12	2BEE	00	FE12
12	2BEF	00	FE12
12	2BF0	00	FE12
12	2BF1	00	FE12
12	2BF2	00	FE12
12	2BF3	00	FE12
12	2BF4	00	FE12
12	2BF5	00	FE12
12	2BF6	00	FE12
12	2BF7	00	FE12
12	2BF8	00	FE12
12	2BF9	00	FE12
12	2BFA	00	FE12
12	2BFB	00	FE12
12	2BFC	00	FE12
12	2BFD	00	FE12
12	2BFE	00	FE12
12	2BFF	00	FE12
22	2080	7A	D759
22	20A0	7A	D760
22	20C0	7A	D767
22	20E0	7A	D76E
22	2100	7A	D775
22	2120	7A	D77C
22	2140	7A	D783
22	2160	7A	D78A
22	2180	7A	D791
22	21A0	7A	D798
22	21C0	7A	D79F
22	21E0	7A	D7A6
22	2200	7A	D7AD
22	2220	7A	D7B4
22	2240	7A	D7BB
22	2260	7A	D7C2
22	2280	7A	D7C9
22	22A0	7A	D7D0
22	22C0	7A	D7D7
22	22E0	7A	D7DE
22	23C8	00	D7DE
22	23D0	00	D7DE
22	23D8	00	D7DE
22	23E0	00	D7DE
22	23E8	00	D7DE
22	2081	7A	D759
22	20A1	7A	D760
22	20C1	7A	D767
22	20E1	7A	D76E
22	2101	7A	D775
22	2121	7A	D77C
22	2141	7A	D783
22	2161	7A	D78A
22	2181	7A	D791
22	21A1	7A	D798
22	21C1	7A	D79F
22	21E1	7A	D7A6
22	2201	7A	D7AD
22	2221	7A	D7B4
22	2241	7A	D7BB
22	2261	7A	D7C2
22	2281	7A	D7C9
22	22A1	7A	D7D0
22	22C1	7A	D7D7
22	22E1	7A	D7DE
22	2082	7A	D759
22	20A2	7A	D760
22	20C2	7A	D767
22	20E2	7A	D76E
22	2102	7A	D775
22	2122	7A	D77C
22	2142	7A	D783
22	2162	7A	D78A
22	2182	7A	D791
22	21A2	7A	D798
22	21C2	7A	D79F
22	21E2	7A	D7A6
22	2202	7A	D7AD
22	2222	7A	D7B4
22	2242	7A	D7BB
22	2262	7A	D7C2
22	2282	7A	D7C9
22	22A2	7A	D7D0
22	22C2	7A	D7D7
22	22E2	7A	D7DE
22	2083	7A	D759
22	20A3	7A	D760
22	20C3	7A	D767
22	20E3	7A	D76E
22	2103	7A	D775
22	2123	7A	D77C
22	2143	7A	D783
22	2163	7A	D78A
22	2183	7A	D791
22	21A3	7A	D798
22	21C3	7A	D79F
22	21E3	7A	D7A6
22	2203	7A	D7AD
22	2223	7A	D7B4
22	2243	7A	D7BB
22	2263	7A	D7C2
22	2283	7A	D7C9
22	22A3	7A	D7D0
22	22C3	40	D7D7
22	22E3	7A	D7DE
22	23C8	00	D7DE
22	23D0	00	D7DE
22	23D8	00	D7DE
22	23E0	00	D7DE
22	23E8	00	D7DE
22	2084	7A	D759
22	20A4	7A	D760
22	20C4	7A	D767
22	20E4	7A	D76E
22	2104	7A	D775
22	2124	7A	D77C
22	2144	7A	D783
22	2164	7A	D78A
22	2184	7A	D791
22	21A4	7A	D798
22	21C4	7A	D79F
22	21E4	7A	D7A6
22	2204	7A	D7AD
22	2224	7A	D7B4
22	2244	7A	D7BB
22	2264	7A	D7C2
22	2284	7A	D7C9
22	22A4	7A	D7D0
22	22C4	7A	D7D7
22	22E4	7A	D7DE
22	23C9	00	D7DE
22	23D1	00	D7DE
22	23D9	00	D7DE
22	23E1	00	D7DE
22	23E9	00	D7DE
22	2085	7A	D759
22	20A5	7A	D760
22	20C5	7A	D767
22	20E5	7A	D76E
22	2105	7A	D775
22	2125	7A	D77C
22	2145	7A	D783
22	2165	7A	D78A
22	2185	7A	D791
22	21A5	7A	D798
22	21C5	7A	D79F
22	21E5	7A	D7A6
22	2205	7A	D7AD
22	2225	7A	D7B4
22	2245	7A	D7BB
22	2265	7A	D7C2
22	2285	7A	D7C9
22	22A5	7A	D7D0
22	22C5	51	D7D7
22	22E5	7A	D7DE
22	2086	7A	D759
22	20A6	7A	D760
22	20C6	7A	D767
22	20E6	7A	D76E
22	2106	7A	D775
22	2126	7A	D77C
22	2146	7A	D783
22	2166	7A	D78A
22	2186	7A	D791
22	21A6	7A	D798
22	21C6	7A	D79F
22	21E6	7A	D7A6
22	2206	7A	D7AD
22	2226	7A	D7B4
22	2246	7A	D7BB
22	2266	7A	D7C2
22	2286	7A	D7C9
22	22A6	7A	D7D0
22	22C6	59	D7D7
23	22E6	7A	D7DE
23	2087	7A	D759
23	20A7	7A	D760
23	20C7	7A	D767
23	20E7	7A	D76E
23	2107	7A	D775
23	2127	7A	D77C
23	2147	7A	D783
23	2167	7A	D78A
23	2187	7A	D791
23	21A7	7A	D798
23	21C7	7A	D79F
23	21E7	7A	D7A6
23	2207	7A	D7AD
23	2227	7A	D7B4
23	2247	7A	D7BB
23	2267	7A	D7C2
23	2287	7A	D7C9
23	22A7	7A	D7D0
23	22C7	59	D7D7
23	22E7	7A	D7DE
23	23C9	00	D7DE
23	23D1	00	D7DE
23	23D9	00	D7DE
23	23E1	00	D7DE
23	23E9	00	D7DE
23	2088	7A	D759
23	20A8	7A	D760
23	20C8	7A	D767
23	20E8	7A	D76E
23	2108	7A	D775
23	2128	7A	D77C
23	2148	7A	D783
23	2168	7A	D78A
23	2188	7A	D791
23	21A8	7A	D798
23	21C8	7A	D79F
23	21E8	7A	D7A6
23	2208	7A	D7AD
23	2228	7A	D7B4
23	2248	7A	D7BB
23	2268	7A	D7C2
23	2288	7A	D7C9
23	22A8	7A	D7D0
23	22C8	51	D7D7
23	22E8	7A	D7DE
23	23CA	00	D7DE
23	23D2	00	D7DE
23	23DA	00	D7DE
23	23E2	00	D7DE
23	23EA	00	D7DE
23	2089	7A	D759
23	20A9	7A	D760
23	20C9	7A	D767
23	20E9	7A	D76E
23	2109	7A	D775
23	2129	7A	D77C
23	2149	7A	D783
23	2169	7A	D78A
23	2189	7A	D791
23	21A9	7A	D798
23	21C9	7A	D79F
23	21E9	7A	D7A6
23	2209	7A	D7AD
23	2229	7A	D7B4
23	2249	7A	D7BB
23	2269	7A	D7C2
23	2289	7A	D7C9
23	22A9	7A	D7D0
23	22C9	7A	D7D7
23	22E9	7A	D7DE
23	208A	7A	D759
23	20AA	7A	D760
23	20CA	7A	D767
23	20EA	7A	D76E
23	210A	7A	D775
23	212A	7A	D77C
23	214A	7A	D783
23	216A	7A	D78A
23	218A	7A	D791
23	21AA	7A	D798
23	21CA	7A	D79F
23	21EA	7A	D7A6
23	220A	7A	D7AD
23	222A	7A	D7B4
23	224A	7A	D7BB
23	226A	7A	D7C2
23	228A	7A	D7C9
23	22AA	7A	D7D0
23	22CA	14	D7D7
23	22EA	7A	D7DE
23	208B	7A	D759
23	20AB	7A	D760
23	20CB	7A	D767
23	20EB	7A	D76E
23	210B	7A	D775
23	212B	7A	D77C
23	214B	7A	D783
23	216B	7A	D78A
23	218B	7A	D791
23	21AB	7A	D798
23	21CB	7A	D79F
23	21EB	7A	D7A6
23	220B	7A	D7AD
23	222B	7A	D7B4
23	224B	7A	D7BB
23	226B	7A	D7C2
23	228B	7A	D7C9
23	22AB	7A	D7D0
23	22CB	05	D7D7
23	22EB	7A	D7DE
23	23CA	00	D7DE
23	23D2	00	D7DE
23	23DA	00	D7DE
23	23E2	00	D7DE
23	23EA	00	D7DE
23	208C	7A	D759
23	20AC	7A	D760
23	20CC	7A	D767
23	20EC	7A	D76E
23	210C	7A	D775
23	212C	7A	D77C
23	214C	7A	D783
23	216C	7A	D78A
23	218C	7A	D791
23	21AC	7A	D798
23	21CC	7A	D79F
23	21EC	7A	D7A6
23	220C	7A	D7AD
23	222C	7A	D7B4
23	224C	7A	D7BB
23	226C	7A	D7C2
23	228C	7A	D7C9
23	22AC	7A	D7D0
23	22CC	03	D7D7
23	22EC	7A	D7DE
23	23CB	00	D7DE
23	23D3	00	D7DE
23	23DB	00	D7DE
23	23E3	00	D7DE
23	23EB	00	D7DE
23	208D	7A	D759
23	20AD	7A	D760
23	20CD	7A	D767
23	20ED	7A	D76E
23	210D	7A	D775
23	212D	7A	D77C
23	214D	7A	D783
23	216D	7A	D78A
23	218D	7A	D791
23	21AD	7A	D798
23	21CD	7A	D79F
23	21ED	7A	D7A6
23	220D	7A	D7AD
23	222D	7A	D7B4
23	224D	7A	D7BB
23	226D	7A	D7C2
23	228D	7A	D7C9
23	22AD	7A	D7D0
23	22CD	08	D7D7
23	22ED	7A	D7DE
23	208E	7A	D759
23	20AE	7A	D760
23	20CE	7A	D767
23	20EE	7A	D76E
23	210E	7A	D775
23	212E	7A	D77C
23	214E	13	D783
23	216E	7A	D78A
23	218E	32	D791
23	21AE	7A	D798
23	21CE	7A	D79F
23	21EE	7A	D7A6
23	220E	7A	D7AD
23	222E	7A	D7B4
23	224E	7A	D7BB
23	226E	7A	D7C2
23	228E	7A	D7C9
23	22AE	7A	D7D0
23	22CE	0E	D7D7
23	22EE	7A	D7DE
24	208F	7A	D759
24	20AF	7A	D760
24	20CF	7A	D767
24	20EF	7A	D76E
24	210F	7A	D775
24	212F	7A	D77C
24	214F	14	D783
24	216F	7A	D78A
24	218F	33	D791
24	21AF	7A	D798
24	21CF	7A	D79F
24	21EF	7A	D7A6
24	220F	7A	D7AD
24	222F	7A	D7B4
24	224F	7A	D7BB
24	226F	7A	D7C2
24	228F	7A	D7C9
24	22AF	7A	D7D0
24	22CF	0F	D7D7
24	22EF	7A	D7DE
24	23CB	00	D7DE
24	23D3	00	D7DE
24	23DB	00	D7DE
24	23E3	00	D7DE
24	23EB	00	D7DE
24	2090	7A	D759
24	20B0	7A	D760
24	20D0	7A	D767
24	20F0	7A	D76E
24	2110	7A	D775
24	2130	7A	D77C
24	2150	01	D783
24	2170	7A	D78A
24	2190	34	D791
24	21B0	7A	D798
24	21D0	7A	D79F
24	21F0	7A	D7A6
24	2210	7A	D7AD
24	2230	7A	D7B4
24	2250	7A	D7BB
24	2270	7A	D7C2
24	2290	7A	D7C9
24	22B0	7A	D7D0
24	22D0	13	D7D7
24	22F0	7A	D7DE
24	23CC	00	D7DE
24	23D4	00	D7DE
24	23DC	00	D7DE
24	23E4	00	D7DE
24	23EC	00	D7DE
24	2091	7A	D759
24	20B1	7A	D760
24	20D1	7A	D767
24	20F1	7A	D76E
24	2111	7A	D775
24	2131	7A	D77C
24	2151	12	D783
24	2171	7A	D78A
24	2191	35	D791
24	21B1	7A	D798
24	21D1	7A	D79F
24	21F1	7A	D7A6
24	2211	7A	D7AD
24	2231	7A	D7B4
24	2251	7A	D7BB
24	2271	7A	D7C2
24	2291	7A	D7C9
24	22B1	7A	D7D0
24	22D1	7A	D7D7
24	22F1	7A	D7DE
24	2092	7A	D759
24	20B2	7A	D760
24	20D2	7A	D767
24	20F2	7A	D76E
24	2112	7A	D775
24	2132	7A	D77C
24	2152	14	D783
24	2172	7A	D78A
24	2192	2F	D791
24	21B2	7A	D798
24	21D2	7A	D79F
24	21F2	7A	D7A6
24	2212	7A	D7AD
24	2232	7A	D7B4
24	2252	7A	D7BB
24	2272	7A	D7C2
24	2292	7A	D7C9
24	22B2	7A	D7D0
24	22D2	0A	D7D7
24	22F2	7A	D7DE
24	2093	7A	D759
24	20B3	7A	D760
24	20D3	7A	D767
24	20F3	7A	D76E
24	2113	7A	D775
24	2133	7A	D77C
24	2153	7A	D783
24	2173	7A	D78A
24	2193	7A	D791
24	21B3	7A	D798
24	21D3	7A	D79F
24	21F3	7A	D7A6
24	2213	7A	D7AD
24	2233	7A	D7B4
24	2253	7A	D7BB
24	2273	7A	D7C2
24	2293	7A	D7C9
24	22B3	7A	D7D0
24	22D3	01	D7D7
24	22F3	7A	D7DE
24	23CC	00	D7DE
24	23D4	00	D7DE
24	23DC	00	D7DE
24	23E4	00	D7DE
24	23EC	00	D7DE
24	2094	7A	D759
24	20B4	7A	D760
24	20D4	7A	D767
24	20F4	7A	D76E
24	2114	7A	D775
24	2134	7A	D77C
24	2154	7A	D783
24	2174	7A	D78A
24	2194	7A	D791
24	21B4	7A	D798
24	21D4	7A	D79F
24	21F4	7A	D7A6
24	2214	7A	D7AD
24	2234	7A	D7B4
24	2254	7A	D7BB
24	2274	7A	D7C2
24	2294	7A	D7C9
24	22B4	7A	D7D0
24	22D4	10	D7D7
24	22F4	7A	D7DE
24	23CD	00	D7DE
24	23D5	00	D7DE
24	23DD	00	D7DE
24	23E5	00	D7DE
24	23ED	00	D7DE
24	2095	7A	D759
24	20B5	7A	D760
24	20D5	7A	D767
24	20F5	7A	D76E
24	2115	7A	D775
24	2135	7A	D77C
24	2155	7A	D783
24	2175	7A	D78A
24	2195	7A	D791
24	21B5	7A	D798
24	21D5	7A	D79F
24	21F5	7A	D7A6
24	2215	7A	D7AD
24	2235	7A	D7B4
24	2255	7A	D7BB
24	2275	7A	D7C2
24	2295	7A	D7C9
24	22B5	7A	D7D0
24	22D5	01	D7D7
24	22F5	7A	D7DE
24	2096	7A	D759
24	20B6	7A	D760
24	20D6	7A	D767
24	20F6	7A	D76E
24	2116	7A	D775
24	2136	7A	D77C
24	2156	7A	D783
24	2176	7A	D78A
24	2196	7A	D791
24	21B6	7A	D798
24	21D6	7A	D79F
24	21F6	7A	D7A6
24	2216	7A	D7AD
24	2236	7A	D7B4
24	2256	7A	D7BB
24	2276	7A	D7C2
24	2296	7A	D7C9
24	22B6	7A	D7D0
24	22D6	0E	D7D7
24	22F6	7A	D7DE
24	2097	7A	D759
24	20B7	7A	D760
24	20D7	7A	D767
24	20F7	7A	D76E
24	2117	7A	D775
24	2137	7A	D77C
24	2157	7A	D783
24	2177	7A	D78A
24	2197	7A	D791
24	21B7	7A	D798
24	21D7	7A	D79F
24	21F7	7A	D7A6
24	2217	7A	D7AD
24	2237	7A	D7B4
24	2257	7A	D7BB
24	2277	7A	D7C2
24	2297	7A	D7C9
25	22B7	7A	D7D0
25	22D7	7A	D7D7
25	22F7	7A	D7DE
25	23CD	00	D7DE
25	23D5	00	D7DE
25	23DD	00	D7DE
25	23E5	00	D7DE
25	23ED	00	D7DE
25	2098	7A	D759
25	20B8	7A	D760
25	20D8	7A	D767
25	20F8	7A	D76E
25	2118	7A	D775
25	2138	7A	D77C
25	2158	7A	D783
25	2178	7A	D78A
25	2198	7A	D791
25	21B8	7A	D798
25	21D8	7A	D79F
25	21F8	7A	D7A6
25	2218	7A	D7AD
25	2238	7A	D7B4
25	2258	7A	D7BB
25	2278	7A	D7C2
25	2298	7A	D7C9
25	22B8	7A	D7D0
25	22D8	03	D7D7
25	22F8	7A	D7DE
25	23CE	00	D7DE
25	23D6	00	D7DE
25	23DE	00	D7DE
25	23E6	00	D7DE
25	23EE	00	D7DE
25	2099	7A	D759
25	20B9	7A	D760
25	20D9	7A	D767
25	20F9	7A	D76E
25	2119	7A	D775
25	2139	7A	D77C
25	2159	7A	D783
25	2179	7A	D78A
25	2199	7A	D791
25	21B9	7A	D798
25	21D9	7A	D79F
25	21F9	7A	D7A6
25	2219	7A	D7AD
25	2239	7A	D7B4
25	2259	7A	D7BB
25	2279	7A	D7C2
25	2299	7A	D7C9
25	22B9	7A	D7D0
25	22D9	0F	D7D7
25	22F9	7A	D7DE
25	209A	7A	D759
25	20BA	7A	D760
25	20DA	7A	D767
25	20FA	7A	D76E
25	211A	7A	D775
25	213A	7A	D77C
25	215A	7A	D783
25	217A	7A	D78A
25	219A	7A	D791
25	21BA	7A	D798
25	21DA	7A	D79F
25	21FA	7A	D7A6
25	221A	7A	D7AD
25	223A	7A	D7B4
25	225A	7A	D7BB
25	227A	7A	D7C2
25	229A	7A	D7C9
25	22BA	7A	D7D0
25	22DA	12	D7D7
25	22FA	7A	D7DE
25	209B	7A	D759
25	20BB	7A	D760
25	20DB	7A	D767
25	20FB	7A	D76E
25	211B	7A	D775
25	213B	7A	D77C
25	215B	7A	D783
25	217B	7A	D78A
25	219B	7A	D791
25	21BB	7A	D798
25	21DB	7A	D79F
25	21FB	7A	D7A6
25	221B	7A	D7AD
25	223B	7A	D7B4
25	225B	7A	D7BB
25	227B	7A	D7C2
25	229B	7A	D7C9
25	22BB	7A	D7D0
25	22DB	10	D7D7
25	22FB	7A	D7DE
25	23CE	00	D7DE
25	23D6	00	D7DE
25	23DE	00	D7DE
25	23E6	00	D7DE
25	23EE	00	D7DE
25	209C	7A	D759
25	20BC	7A	D760
25	20DC	7A	D767
25	20FC	7A	D76E
25	211C	7A	D775
25	213C	7A	D77C
25	215C	7A	D783
25	217C	7A	D78A
25	219C	7A	D791
25	21BC	7A	D798
25	21DC	7A	D79F
25	21FC	7A	D7A6
25	221C	7A	D7AD
25	223C	7A	D7B4
25	225C	7A	D7BB
25	227C	7A	D7C2
25	229C	7A	D7C9
25	22BC	7A	D7D0
25	22DC	31	D7D7
25	22FC	7A	D7DE
25	23CF	00	D7DE
25	23D7	00	D7DE
25	23DF	00	D7DE
25	23E7	00	D7DE
25	23EF	00	D7DE
25	209D	7A	D759
25	20BD	7A	D760
25	20DD	7A	D767
25	20FD	7A	D76E
25	211D	7A	D775
25	213D	7A	D77C
25	215D	7A	D783
25	217D	7A	D78A
25	219D	7A	D791
25	21BD	7A	D798
25	21DD	7A	D79F
25	21FD	7A	D7A6
25	221D	7A	D7AD
25	223D	7A	D7B4
25	225D	7A	D7BB
25	227D	7A	D7C2
25	229D	7A	D7C9
25	22BD	7A	D7D0
25	22DD	7A	D7D7
25	22FD	7A	D7DE
25	209E	7A	D759
25	20BE	7A	D760
25	20DE	7A	D767
25	20FE	7A	D76E
25	211E	7A	D775
25	213E	7A	D77C
25	215E	7A	D783
25	217E	7A	D78A
25	219E	7A	D791
25	21BE	7A	D798
25	21DE	7A	D79F
25	21FE	7A	D7A6
25	221E	7A	D7AD
25	223E	7A	D7B4
25	225E	7A	D7BB
25	227E	7A	D7C2
25	229E	7A	D7C9
25	22BE	7A	D7D0
25	22DE	7A	D7D7
25	22FE	7A	D7DE
25	209F	7A	D759
25	20BF	7A	D760
25	20DF	7A	D767
25	20FF	7A	D76E
25	211F	7A	D775
25	213F	7A	D77C
25	215F	7A	D783
25	217F	7A	D78A
25	219F	7A	D791
25	21BF	7A	D798
25	21DF	7A	D79F
25	21FF	7A	D7A6
25	221F	7A	D7AD
25	223F	7A	D7B4
25	225F	7A	D7BB
25	227F	7A	D7C2
25	229F	7A	D7C9
25	22BF	7A	D7D0
25	22DF	7A	D7D7
25	22FF	7A	D7DE
25	23CF	00	D7DE
25	23D7	00	D7DE
25	23DF	00	D7DE
25	23E7	00	D7DE
26	23EF	00	D7DE
26	2480	7A	D759
26	24A0	7A	D760
26	24C0	7A	D767
26	24E0	7A	D76E
26	2500	7A	D775
26	2520	7A	D77C
26	2540	7A	D783
26	2560	7A	D78A
26	2580	7A	D791
26	25A0	7A	D798
26	25C0	7A	D79F
26	25E0	7A	D7A6
26	2600	7A	D7AD
26	2620	7A	D7B4
26	2640	7A	D7BB
26	2660	7A	D7C2
26	2680	7A	D7C9
26	26A0	7A	D7D0
26	26C0	7A	D7D7
26	26E0	7A	D7DE
26	27C8	00	D7DE
26	27D0	00	D7DE
26	27D8	00	D7DE
26	27E0	00	D7DE
26	27E8	00	D7DE
26	2481	7A	D759
26	24A1	7A	D760
26	24C1	7A	D767
26	24E1	7A	D76E
26	2501	7A	D775
26	2521	7A	D77C
26	2541	7A	D783
26	2561	7A	D78A
26	2581	7A	D791
26	25A1	7A	D798
26	25C1	7A	D79F
26	25E1	7A	D7A6
26	2601	7A	D7AD
26	2621	7A	D7B4
26	2641	7A	D7BB
26	2661	7A	D7C2
26	2681	7A	D7C9
26	26A1	7A	D7D0
26	26C1	7A	D7D7
26	26E1	7A	D7DE
26	2482	7A	D759
26	24A2	7A	D760
26	24C2	7A	D767
26	24E2	7A	D76E
26	2502	7A	D775
26	2522	7A	D77C
26	2542	7A	D783
26	2562	7A	D78A
26	2582	7A	D791
26	25A2	7A	D798
26	25C2	7A	D79F
26	25E2	7A	D7A6
26	2602	7A	D7AD
26	2622	7A	D7B4
26	2642	7A	D7BB
26	2662	7A	D7C2
26	2682	7A	D7C9
26	26A2	7A	D7D0
26	26C2	7A	D7D7
26	26E2	7A	D7DE
26	2483	7A	D759
26	24A3	7A	D760
26	24C3	7A	D767
26	24E3	7A	D76E
26	2503	7A	D775
26	2523	7A	D77C
26	2543	7A	D783
26	2563	7A	D78A
26	2583	7A	D791
26	25A3	7A	D798
26	25C3	7A	D79F
26	25E3	7A	D7A6
26	2603	7A	D7AD
26	2623	7A	D7B4
26	2643	7A	D7BB
26	2663	7A	D7C2
26	2683	7A	D7C9
26	26A3	7A	D7D0
26	26C3	7A	D7D7
26	26E3	7A	D7DE
26	27C8	00	D7DE
26	27D0	00	D7DE
26	27D8	00	D7DE
26	27E0	00	D7DE
26	27E8	00	D7DE
26	2484	7A	D759
26	24A4	7A	D760
26	24C4	7A	D767
26	24E4	7A	D76E
26	2504	7A	D775
26	2524	7A	D77C
26	2544	7A	D783
26	2564	7A	D78A
26	2584	7A	D791
26	25A4	7A	D798
26	25C4	7A	D79F
26	25E4	7A	D7A6
26	2604	7A	D7AD
26	2624	7A	D7B4
26	2644	7A	D7BB
26	2664	7A	D7C2
26	2684	7A	D7C9
26	26A4	7A	D7D0
26	26C4	7A	D7D7
26	26E4	7A	D7DE
26	27C9	00	D7DE
26	27D1	00	D7DE
26	27D9	00	D7DE
26	27E1	00	D7DE
26	27E9	00	D7DE
26	2485	7A	D759
26	24A5	7A	D760
26	24C5	7A	D767
26	24E5	7A	D76E
26	2505	7A	D775
26	2525	7A	D77C
26	2545	7A	D783
26	2565	7A	D78A
26	2585	7A	D791
26	25A5	7A	D798
26	25C5	7A	D79F
26	25E5	7A	D7A6
26	2605	7A	D7AD
26	2625	7A	D7B4
26	2645	7A	D7BB
26	2665	7A	D7C2
26	2685	7A	D7C9
26	26A5	7A	D7D0
26	26C5	7A	D7D7
26	26E5	7A	D7DE
26	2486	7A	D759
26	24A6	7A	D760
26	24C6	7A	D767
26	24E6	7A	D76E
26	2506	7A	D775
26	2526	7A	D77C
26	2546	7A	D783
26	2566	7A	D78A
26	2586	7A	D791
26	25A6	7A	D798
26	25C6	7A	D79F
26	25E6	7A	D7A6
26	2606	7A	D7AD
26	2626	7A	D7B4
26	2646	7A	D7BB
26	2666	7A	D7C2
26	2686	7A	D7C9
26	26A6	7A	D7D0
26	26C6	7A	D7D7
26	26E6	7A	D7DE
26	2487	7A	D759
26	24A7	7A	D760
26	24C7	7A	D767
26	24E7	7A	D76E
26	2507	7A	D775
26	2527	7A	D77C
26	2547	7A	D783
26	2567	7A	D78A
26	2587	7A	D791
26	25A7	7A	D798
26	25C7	7A	D79F
26	25E7	7A	D7A6
26	2607	7A	D7AD
26	2627	7A	D7B4
26	2647	7A	D7BB
26	2667	7A	D7C2
26	2687	7A	D7C9
26	26A7	7A	D7D0
26	26C7	7A	D7D7
26	26E7	7A	D7DE
26	27C9	00	D7DE
26	27D1	00	D7DE
26	27D9	00	D7DE
26	27E1	00	D7DE
27	27E9	00	D7DE
27	2488	7A	D759
27	24A8	7A	D760
27	24C8	7A	D767
27	24E8	7A	D76E
27	2508	7A	D775
27	2528	7A	D77C
27	2548	7A	D783
27	2568	7A	D78A
27	2588	7A	D791
27	25A8	7A	D798
27	25C8	7A	D79F
27	25E8	7A	D7A6
27	2608	7A	D7AD
27	2628	7A	D7B4
27	2648	7A	D7BB
27	2668	7A	D7C2
27	2688	7A	D7C9
27	26A8	7A	D7D0
27	26C8	7A	D7D7
27	26E8	7A	D7DE
27	27CA	00	D7DE
27	27D2	00	D7DE
27	27DA	00	D7DE
27	27E2	00	D7DE
27	27EA	00	D7DE
27	2489	7A	D759
27	24A9	7A	D760
27	24C9	7A	D767
27	24E9	7A	D76E
27	2509	7A	D775
27	2529	7A	D77C
27	2549	7A	D783
27	2569	7A	D78A
27	2589	7A	D791
27	25A9	7A	D798
27	25C9	7A	D79F
27	25E9	7A	D7A6
27	2609	7A	D7AD
27	2629	7A	D7B4
27	2649	7A	D7BB
27	2669	7A	D7C2
27	2689	7A	D7C9
27	26A9	7A	D7D0
27	26C9	7A	D7D7
27	26E9	7A	D7DE
27	248A	7A	D759
27	24AA	7A	D760
27	24CA	7A	D767
27	24EA	7A	D76E
27	250A	7A	D775
27	252A	7A	D77C
27	254A	7A	D783
27	256A	7A	D78A
27	258A	7A	D791
27	25AA	7A	D798
27	25CA	7A	D79F
27	25EA	7A	D7A6
27	260A	7A	D7AD
27	262A	7A	D7B4
27	264A	7A	D7BB
27	266A	7A	D7C2
27	268A	7A	D7C9
27	26AA	7A	D7D0
27	26CA	7A	D7D7
27	26EA	7A	D7DE
27	248B	7A	D759
27	24AB	7A	D760
27	24CB	7A	D767
27	24EB	7A	D76E
27	250B	7A	D775
27	252B	7A	D77C
27	254B	7A	D783
27	256B	7A	D78A
27	258B	7A	D791
27	25AB	7A	D798
27	25CB	7A	D79F
27	25EB	7A	D7A6
27	260B	7A	D7AD
27	262B	7A	D7B4
27	264B	7A	D7BB
27	266B	7A	D7C2
27	268B	7A	D7C9
27	26AB	7A	D7D0
27	26CB	7A	D7D7
27	26EB	7A	D7DE
27	27CA	00	D7DE
27	27D2	00	D7DE
27	27DA	00	D7DE
27	27E2	00	D7DE
27	27EA	00	D7DE
30	27F8	FF	CED5
30	27F9	FF	CED5
30	27FA	FF	CED5
30	27FB	FF	CED5
30	27FC	FF	CED5
30	27FD	FF	CED5
30	27FE	FF	CED5
30	27FF	FF	CED5
30	27F0	FF	CED5
30	27F1	FF	CED5
30	27F2	FF	CED5
30	27F3	FF	CED5
30	27F4	FF	CED5
30	27F5	FF	CED5
30	27F6	FF	CED5
30	27F7	FF	CED5
30	27C0	FF	CED5
30	27C1	FF	CED5
30	27C2	FF	CED5
30	27C3	FF	CED5
30	27C4	FF	CED5
30	27C5	FF	CED5
30	27C6	FF	CED5
30	27C7	FF	CED5
30	23F8	FF	CED5
30	23F9	FF	CED5
30	23FA	FF	CED5
30	23FB	FF	CED5
30	23FC	FF	CED5
30	23FD	FF	CED5
30	23FE	FF	CED5
30	23FF	FF	CED5
30	23F0	FF	CED5
30	23F1	FF	CED5
30	23F2	FF	CED5
30	23F3	FF	CED5
30	23F4	FF	CED5
30	23F5	FF	CED5
30	23F6	FF	CED5
30	23F7	FF	CED5
30	23C0	FF	CED5
30	23C1	FF	CED5
30	23C2	FF	CED5
30	23C3	FF	CED5
30	23C4	FF	CED5
30	23C5	FF	CED5
30	23C6	FF	CED5
30	23C7	FF	CED5
146	2000	00	FDF5
146	2001	00	FDF5
146	2002	00	FDF5
146	2003	00	FDF5
146	2004	00	FDF5
146	2005	00	FDF5
146	2006	00	FDF5
146	2007	00	FDF5
146	2008	00	FDF5
146	2009	00	FDF5
146	200A	00	FDF5
146	200B	00	FDF5
146	200C	00	FDF5
146	200D	00	FDF5
146	200E	00	FDF5
146	200F	00	FDF5
146	2010	00	FDF5
146	2011	00	FDF5
146	2012	00	FDF5
146	2013	00	FDF5
146	2014	00	FDF5
146	2015	00	FDF5
146	2016	00	FDF5
146	2017	00	FDF5
146	2018	00	FDF5
146	2019	00	FDF5
146	201A	00	FDF5
146	201B	00	FDF5
146	201C	00	FDF5
146	201D	00	FDF5
146	201E	00	FDF5
146	201F	00	FDF5
146	2020	00	FDF5
146	2021	00	FDF5
146	2022	00	FDF5
146	2023	00	FDF5
146	2024	00	FDF5
146	2025	00	FDF5
146	2026	00	FDF5
146	2027	00	FDF5
146	2028	00	FDF5
146	2029	00	FDF5
146	202A	00	FDF5
146	202B	00	FDF5
146	202C	00	FDF5
146	202D	00	FDF5
146	202E	00	FDF5
146	202F	00	FDF5
146	2030	00	FDF5
146	2031	00	FDF5
146	2032	00	FDF5
146	2033	00	FDF5
146	2034	00	FDF5
146	2035	00	FDF5
146	2036	00	FDF5
146	2037	00	FDF5
146	2038	00	FDF5
146	2039	00	FDF5
146	203A	00	FDF5
146	203B	00	FDF5
146	203C	00	FDF5
146	203D	00	FDF5
146	203E	00	FDF5
146	203F	00	FDF5
146	2040	00	FDF5
146	2041	00	FDF5
146	2042	00	FDF5
146	2043	00	FDF5
146	2044	00	FDF5
146	2045	00	FDF5
146	2046	00	FDF5
146	2047	00	FDF5
146	2048	00	FDF5
146	2049	00	FDF5
146	204A	00	FDF5
146	204B	00	FDF5
146	204C	00	FDF5
146	204D	00	FDF5
146	204E	00	FDF5
146	204F	00	FDF5
146	2050	00	FDF5
146	2051	00	FDF5
146	2052	00	FDF5
146	2053	00	FDF5
146	2054	00	FDF5
146	2055	00	FDF5
146	2056	00	FDF5
146	2057	00	FDF5
146	2058	00	FDF5
146	2059	00	FDF5
146	205A	00	FDF5
146	205B	00	FDF5
146	205C	00	FDF5
146	205D	00	FDF5
146	205E	00	FDF5
146	205F	00	FDF5
146	2060	00	FDF5
146	2061	00	FDF5
146	2062	00	FDF5
146	2063	00	FDF5
146	2064	00	FDF5
146	2065	00	FDF5
146	2066	00	FDF5
146	2067	00	FDF5
146	2068	00	FDF5
146	2069	00	FDF5
146	206A	00	FDF5
146	206B	00	FDF5
146	206C	00	FDF5
146	206D	00	FDF5
146	206E	00	FDF5
146	206F	00	FDF5
146	2070	00	FDF5
146	2071	00	FDF5
146	2072	00	FDF5
146	2073	00	FDF5
146	2074	00	FDF5
146	2075	00	FDF5
146	2076	00	FDF5
146	2077	00	FDF5
146	2078	00	FDF5
146	2079	00	FDF5
146	207A	00	FDF5
146	207B	00	FDF5
146	207C	00	FDF5
146	207D	00	FDF5
146	207E	00	FDF5
146	207F	00	FDF5
146	2080	00	FDF5
146	2081	00	FDF5
146	2082	00	FDF5
146	2083	00	FDF5
146	2084	00	FDF5
146	2085	00	FDF5
146	2086	00	FDF5
146	2087	00	FDF5
146	2088	00	FDF5
146	2089	00	FDF5
146	208A	00	FDF5
146	208B	00	FDF5
146	208C	00	FDF5
146	208D	00	FDF5
146	208E	00	FDF5
146	208F	00	FDF5
146	2090	00	FDF5
146	2091	00	FDF5
146	2092	00	FDF5
146	2093	00	FDF5
146	2094	00	FDF5
146	2095	00	FDF5
146	2096	00	FDF5
146	2097	00	FDF5
146	2098	00	FDF5
146	2099	00	FDF5
146	209A	00	FDF5
146	209B	00	FDF5
146	209C	00	FDF5
146	209D	00	FDF5
146	209E	00	FDF5
146	209F	00	FDF5
146	20A0	00	FDF5
146	20A1	00	FDF5
146	20A2	00	FDF5
146	20A3	00	FDF5
146	20A4	00	FDF5
146	20A5	00	FDF5
146	20A6	00	FDF5
146	20A7	00	FDF5
146	20A8	00	FDF5
146	20A9	00	FDF5
146	20AA	00	FDF5
146	20AB	00	FDF5
146	20AC	00	FDF5
146	20AD	00	FDF5
146	20AE	00	FDF5
146	20AF	00	FDF5
146	20B0	00	FDF5
146	20B1	00	FDF5
146	20B2	00	FDF5
146	20B3	00	FDF5
146	20B4	00	FDF5
146	20B5	00	FDF5
146	20B6	00	FDF5
146	20B7	00	FDF5
146	20B8	00	FDF5
146	20B9	00	FDF5
146	20BA	00	FDF5
146	20BB	00	FDF5
146	20BC	00	FDF5
146	20BD	00	FDF5
146	20BE	00	FDF5
146	20BF	00	FDF5
146	20C0	00	FDF5
146	20C1	00	FDF5
146	20C2	00	FDF5
146	20C3	00	FDF5
146	20C4	00	FDF5
146	20C5	00	FDF5
146	20C6	00	FDF5
146	20C7	00	FDF5
146	20C8	00	FDF5
146	20C9	00	FDF5
146	20CA	00	FDF5
146	20CB	00	FDF5
146	20CC	00	FDF5
146	20CD	00	FDF5
146	20CE	00	FDF5
146	20CF	00	FDF5
146	20D0	00	FDF5
146	20D1	00	FDF5
146	20D2	00	FDF5
146	20D3	00	FDF5
146	20D4	00	FDF5
146	20D5	00	FDF5
146	20D6	00	FDF5
146	20D7	00	FDF5
146	20D8	00	FDF5
146	20D9	00	FDF5
146	20DA	00	FDF5
146	20DB	00	FDF5
146	20DC	00	FDF5
146	20DD	00	FDF5
146	20DE	00	FDF5
146	20DF	00	FDF5
146	20E0	00	FDF5
146	20E1	00	FDF5
146	20E2	00	FDF5
146	20E3	00	FDF5
146	20E4	00	FDF5
146	20E5	00	FDF5
146	20E6	00	FDF5
146	20E7	00	FDF5
146	20E8	00	FDF5
146	20E9	00	FDF5
146	20EA	00	FDF5
146	20EB	00	FDF5
146	20EC	00	FDF5
146	20ED	00	FDF5
146	20EE	00	FDF5
146	20EF	00	FDF5
146	20F0	00	FDF5
146	20F1	00	FDF5
146	20F2	00	FDF5
146	20F3	00	FDF5
146	20F4	00	FDF5
146	20F5	00	FDF5
146	20F6	00	FDF5
146	20F7	00	FDF5
146	20F8	00	FDF5
146	20F9	00	FDF5
146	20FA	00	FDF5
146	20FB	00	FDF5
146	20FC	00	FDF5
146	20FD	00	FDF5
146	20FE	00	FDF5
146	20FF	00	FDF5
146	2100	00	FDF5
146	2101	00	FDF5
146	2102	00	FDF5
146	2103	00	FDF5
146	2104	00	FDF5
146	2105	00	FDF5
146	2106	00	FDF5
146	2107	00	FDF5
146	2108	00	FDF5
146	2109	00	FDF5
146	210A	00	FDF5
146	210B	00	FDF5
146	210C	00	FDF5
146	210D	00	FDF5
146	210E	00	FDF5
146	210F	00	FDF5
146	2110	00	FDF5
146	2111	00	FDF5
146	2112	00	FDF5
146	2113	00	FDF5
146	2114	00	FDF5
146	2115	00	FDF5
146	2116	00	FDF5
146	2117	00	FDF5
146	2118	00	FDF5
146	2119	00	FDF5
146	211A	00	FDF5
146	211B	00	FDF5
146	211C	00	FDF5
146	211D	00	FDF5
146	211E	00	FDF5
146	211F	00	FDF5
146	2120	00	FDF5
146	2121	00	FDF5
146	2122	00	FDF5
146	2123	00	FDF5
146	2124	00	FDF5
146	2125	00	FDF5
146	2126	00	FDF5
146	2127	00	FDF5
146	2128	00	FDF5
146	2129	00	FDF5
146	212A	00	FDF5
146	212B	00	FDF5
146	212C	00	FDF5
146	212D	00	FDF5
146	212E	00	FDF5
146	212F	00	FDF5
146	2130	00	FDF5
146	2131	00	FDF5
146	2132	00	FDF5
146	2133	00	FDF5
146	2134	00	FDF5
146	2135	00	FDF5
146	2136	00	FDF5
146	2137	00	FDF5
146	2138	00	FDF5
146	2139	00	FDF5
146	213A	00	FDF5
146	213B	00	FDF5
146	213C	00	FDF5
146	213D	00	FDF5
146	213E	00	FDF5
146	213F	00	FDF5
146	2140	00	FDF5
146	2141	00	FDF5
146	2142	00	FDF5
146	2143	00	FDF5
146	2144	00	FDF5
146	2145	00	FDF5
146	2146	00	FDF5
146	2147	00	FDF5
146	2148	00	FDF5
146	2149	00	FDF5
146	214A	00	FDF5
146	214B	00	FDF5
146	214C	00	FDF5
146	214D	00	FDF5
146	214E	00	FDF5
146	214F	00	FDF5
146	2150	00	FDF5
146	2151	00	FDF5
146	2152	00	FDF5
146	2153	00	FDF5
146	2154	00	FDF5
146	2155	00	FDF5
146	2156	00	FDF5
146	2157	00	FDF5
146	2158	00	FDF5
146	2159	00	FDF5
146	215A	00	FDF5
146	215B	00	FDF5
146	215C	00	FDF5
146	215D	00	FDF5
146	215E	00	FDF5
146	215F	00	FDF5
146	2160	00	FDF5
146	2161	00	FDF5
146	2162	00	FDF5
146	2163	00	FDF5
146	2164	00	FDF5
146	2165	00	FDF5
146	2166	00	FDF5
146	2167	00	FDF5
146	2168	00	FDF5
146	2169	00	FDF5
146	216A	00	FDF5
146	216B	00	FDF5
146	216C	00	FDF5
146	216D	00	FDF5
146	216E	00	FDF5
146	216F	00	FDF5
146	2170	00	FDF5
146	2171	00	FDF5
146	2172	00	FDF5
146	2173	00	FDF5
146	2174	00	FDF5
146	2175	00	FDF5
146	2176	00	FDF5
146	2177	00	FDF5
146	2178	00	FDF5
146	2179	00	FDF5
146	217A	00	FDF5
146	217B	00	FDF5
146	217C	00	FDF5
146	217D	00	FDF5
146	217E	00	FDF5
146	217F	00	FDF5
146	2180	00	FDF5
146	2181	00	FDF5
146	2182	00	FDF5
146	2183	00	FDF5
146	2184	00	FDF5
146	2185	00	FDF5
146	2186	00	FDF5
146	2187	00	FDF5
146	2188	00	FDF5
146	2189	00	FDF5
146	218A	00	FDF5
146	218B	00	FDF5
146	218C	00	FDF5
146	218D	00	FDF5
146	218E	00	FDF5
146	218F	00	FDF5
146	2190	00	FDF5
146	2191	00	FDF5
146	2192	00	FDF5
146	2193	00	FDF5
146	2194	00	FDF5
146	2195	00	FDF5
146	2196	00	FDF5
146	2197	00	FDF5
146	2198	00	FDF5
146	2199	00	FDF5
146	219A	00	FDF5
146	219B	00	FDF5
146	219C	00	FDF5
146	219D	00	FDF5
146	219E	00	FDF5
146	219F	00	FDF5
146	21A0	00	FDF5
146	21A1	00	FDF5
146	21A2	00	FDF5
146	21A3	00	FDF5
146	21A4	00	FDF5
146	21A5	00	FDF5
146	21A6	00	FDF5
146	21A7	00	FDF5
146	21A8	00	FDF5
146	21A9	00	FDF5
146	21AA	00	FDF5
146	21AB	00	FDF5
146	21AC	00	FDF5
146	21AD	00	FDF5
146	21AE	00	FDF5
146	21AF	00	FDF5
146	21B0	00	FDF5
146	21B1	00	FDF5
146	21B2	00	FDF5
146	21B3	00	FDF5
146	21B4	00	FDF5
146	21B5	00	FDF5
146	21B6	00	FDF5
146	21B7	00	FDF5
146	21B8	00	FDF5
146	21B9	00	FDF5
146	21BA	00	FDF5
146	21BB	00	FDF5
146	21BC	00	FDF5
146	21BD	00	FDF5
146	21BE	00	FDF5
146	21BF	00	FDF5
146	21C0	00	FDF5
146	21C1	00	FDF5
146	21C2	00	FDF5
146	21C3	00	FDF5
146	21C4	00	FDF5
146	21C5	00	FDF5
146	21C6	00	FDF5
146	21C7	00	FDF5
146	21C8	00	FDF5
146	21C9	00	FDF5
146	21CA	00	FDF5
146	21CB	00	FDF5
146	21CC	00	FDF5
146	21CD	00	FDF5
146	21CE	00	FDF5
146	21CF	00	FDF5
146	21D0	00	FDF5
146	21D1	00	FDF5
146	21D2	00	FDF5
146	21D3	00	FDF5
146	21D4	00	FDF5
146	21D5	00	FDF5
146	21D6	00	FDF5
146	21D7	00	FDF5
146	21D8	00	FDF5
146	21D9	00	FDF5
146	21DA	00	FDF5
146	21DB	00	FDF5
146	21DC	00	FDF5
146	21DD	00	FDF5
146	21DE	00	FDF5
146	21DF	00	FDF5
146	21E0	00	FDF5
146	21E1	00	FDF5
146	21E2	00	FDF5
146	21E3	00	FDF5
146	21E4	00	FDF5
146	21E5	00	FDF5
146	21E6	00	FDF5
146	21E7	00	FDF5
146	21E8	00	FDF5
146	21E9	00	FDF5
146	21EA	00	FDF5
146	21EB	00	FDF5
146	21EC	00	FDF5
146	21ED	00	FDF5
146	21EE	00	FDF5
146	21EF	00	FDF5
146	21F0	00	FDF5
146	21F1	00	FDF5
146	21F2	00	FDF5
146	21F3	00	FDF5
146	21F4	00	FDF5
146	21F5	00	FDF5
146	21F6	00	FDF5
146	21F7	00	FDF5
146	21F8	00	FDF5
146	21F9	00	FDF5
146	21FA	00	FDF5
146	21FB	00	FDF5
146	21FC	00	FDF5
146	21FD	00	FDF5
146	21FE	00	FDF5
146	21FF	00	FDF5
146	2200	00	FDF5
146	2201	00	FDF5
146	2202	00	FDF5
146	2203	00	FDF5
146	2204	00	FDF5
146	2205	00	FDF5
146	2206	00	FDF5
146	2207	00	FDF5
146	2208	00	FDF5
146	2209	00	FDF5
146	220A	00	FDF5
146	220B	00	FDF5
146	220C	00	FDF5
146	220D	00	FDF5
146	220E	00	FDF5
146	220F	00	FDF5
146	2210	00	FDF5
146	2211	00	FDF5
146	2212	00	FDF5
146	2213	00	FDF5
146	2214	00	FDF5
146	2215	00	FDF5
146	2216	00	FDF5
146	2217	00	FDF5
146	2218	00	FDF5
146	2219	00	FDF5
146	221A	00	FDF5
146	221B	00	FDF5
146	221C	00	FDF5
146	221D	00	FDF5
146	221E	00	FDF5
146	221F	00	FDF5
146	2220	00	FDF5
146	2221	00	FDF5
146	2222	00	FDF5
146	2223	00	FDF5
146	2224	00	FDF5
146	2225	00	FDF5
146	2226	00	FDF5
146	2227	00	FDF5
146	2228	00	FDF5
146	2229	00	FDF5
146	222A	00	FDF5
146	222B	00	FDF5
146	222C	00	FDF5
146	222D	00	FDF5
146	222E	00	FDF5
146	222F	00	FDF5
146	2230	00	FDF5
146	2231	00	FDF5
146	2232	00	FDF5
146	2233	00	FDF5
146	2234	00	FDF5
146	2235	00	FDF5
146	2236	00	FDF5
146	2237	00	FDF5
146	2238	00	FDF5
146	2239	00	FDF5
146	223A	00	FDF5
146	223B	00	FDF5
146	223C	00	FDF5
146	223D	00	FDF5
146	223E	00	FDF5
146	223F	00	FDF5
146	2240	00	FDF5
146	2241	00	FDF5
146	2242	00	FDF5
146	2243	00	FDF5
146	2244	00	FDF5
146	2245	00	FDF5
146	2246	00	FDF5
146	2247	00	FDF5
146	2248	00	FDF5
146	2249	00	FDF5
146	224A	00	FDF5
146	224B	00	FDF5
146	224C	00	FDF5
146	224D	00	FDF5
146	224E	00	FDF5
146	224F	00	FDF5
146	2250	00	FDF5
146	2251	00	FDF5
146	2252	00	FDF5
146	2253	00	FDF5
146	2254	00	FDF5
146	2255	00	FDF5
146	2256	00	FDF5
146	2257	00	FDF5
146	2258	00	FDF5
146	2259	00	FDF5
146	225A	00	FDF5
146	225B	00	FDF5
146	225C	00	FDF5
146	225D	00	FDF5
146	225E	00	FDF5
146	225F	00	FDF5
146	2260	00	FDF5
146	2261	00	FDF5
146	2262	00	FDF5
146	2263	00	FDF5
146	2264	00	FDF5
146	2265	00	FDF5
146	2266	00	FDF5
146	2267	00	FDF5
146	2268	00	FDF5
146	2269	00	FDF5
146	226A	00	FDF5
146	226B	00	FDF5
146	226C	00	FDF5
146	226D	00	FDF5
146	226E	00	FDF5
146	226F	00	FDF5
146	2270	00	FDF5
146	2271	00	FDF5
146	2272	00	FDF5
146	2273	00	FDF5
146	2274	00	FDF5
146	2275	00	FDF5
146	2276	00	FDF5
146	2277	00	FDF5
146	2278	00	FDF5
146	2279	00	FDF5
146	227A	00	FDF5
146	227B	00	FDF5
146	227C	00	FDF5
146	227D	00	FDF5
146	227E	00	FDF5
146	227F	00	FDF5
146	2280	00	FDF5
146	2281	00	FDF5
146	2282	00	FDF5
146	2283	00	FDF5
146	2284	00	FDF5
146	2285	00	FDF5
146	2286	00	FDF5
146	2287	00	FDF5
146	2288	00	FDF5
146	2289	00	FDF5
146	228A	00	FDF5
146	228B	00	FDF5
146	228C	00	FDF5
146	228D	00	FDF5
146	228E	00	FDF5
146	228F	00	FDF5
146	2290	00	FDF5
146	2291	00	FDF5
146	2292	00	FDF5
146	2293	00	FDF5
146	2294	00	FDF5
146	2295	00	FDF5
146	2296	00	FDF5
146	2297	00	FDF5
146	2298	00	FDF5
146	2299	00	FDF5
146	229A	00	FDF5
146	229B	00	FDF5
146	229C	00	FDF5
146	229D	00	FDF5
146	229E	00	FDF5
146	229F	00	FDF5
146	22A0	00	FDF5
146	22A1	00	FDF5
146	22A2	00	FDF5
146	22A3	00	FDF5
146	22A4	00	FDF5
146	22A5	00	FDF5
146	22A6	00	FDF5
146	22A7	00	FDF5
146	22A8	00	FDF5
146	22A9	00	FDF5
146	22AA	00	FDF5
146	22AB	00	FDF5
146	22AC	00	FDF5
146	22AD	00	FDF5
146	22AE	00	FDF5
146	22AF	00	FDF5
146	22B0	00	FDF5
146	22B1	00	FDF5
146	22B2	00	FDF5
146	22B3	00	FDF5
146	22B4	00	FDF5
146	22B5	00	FDF5
146	22B6	00	FDF5
146	22B7	00	FDF5
146	22B8	00	FDF5
146	22B9	00	FDF5
146	22BA	00	FDF5
146	22BB	00	FDF5
146	22BC	00	FDF5
146	22BD	00	FDF5
146	22BE	00	FDF5
146	22BF	00	FDF5
146	22C0	00	FDF5
146	22C1	00	FDF5
146	22C2	00	FDF5
146	22C3	00	FDF5
146	22C4	00	FDF5
146	22C5	00	FDF5
146	22C6	00	FDF5
146	22C7	00	FDF5
146	22C8	00	FDF5
146	22C9	00	FDF5
146	22CA	00	FDF5
146	22CB	00	FDF5
146	22CC	00	FDF5
146	22CD	00	FDF5
146	22CE	00	FDF5
146	22CF	00	FDF5
146	22D0	00	FDF5
146	22D1	00	FDF5
146	22D2	00	FDF5
146	22D3	00	FDF5
146	22D4	00	FDF5
146	22D5	00	FDF5
146	22D6	00	FDF5
146	22D7	00	FDF5
146	22D8	00	FDF5
146	22D9	00	FDF5
146	22DA	00	FDF5
146	22DB	00	FDF5
146	22DC	00	FDF5
146	22DD	00	FDF5
146	22DE	00	FDF5
146	22DF	00	FDF5
146	22E0	00	FDF5
146	22E1	00	FDF5
146	22E2	00	FDF5
146	22E3	00	FDF5
146	22E4	00	FDF5
146	22E5	00	FDF5
146	22E6	00	FDF5
146	22E7	00	FDF5
146	22E8	00	FDF5
146	22E9	00	FDF5
146	22EA	00	FDF5
146	22EB	00	FDF5
146	22EC	00	FDF5
146	22ED	00	FDF5
146	22EE	00	FDF5
146	22EF	00	FDF5
146	22F0	00	FDF5
146	22F1	00	FDF5
146	22F2	00	FDF5
146	22F3	00	FDF5
146	22F4	00	FDF5
146	22F5	00	FDF5
146	22F6	00	FDF5
146	22F7	00	FDF5
146	22F8	00	FDF5
146	22F9	00	FDF5
146	22FA	00	FDF5
146	22FB	00	FDF5
146	22FC	00	FDF5
146	22FD	00	FDF5
146	22FE	00	FDF5
146	22FF	00	FDF5
146	2300	00	FDF5
146	2301	00	FDF5
146	2302	00	FDF5
146	2303	00	FDF5
146	2304	00	FDF5
146	2305	00	FDF5
146	2306	00	FDF5
146	2307	00	FDF5
146	2308	00	FDF5
146	2309	00	FDF5
146	230A	00	FDF5
146	230B	00	FDF5
146	230C	00	FDF5
146	230D	00	FDF5
146	230E	00	FDF5
146	230F	00	FDF5
146	2310	00	FDF5
146	2311	00	FDF5
146	2312	00	FDF5
146	2313	00	FDF5
146	2314	00	FDF5
146	2315	00	FDF5
146	2316	00	FDF5
146	2317	00	FDF5
146	2318	00	FDF5
146	2319	00	FDF5
146	231A	00	FDF5
146	231B	00	FDF5
146	231C	00	FDF5
146	231D	00	FDF5
146	231E	00	FDF5
146	231F	00	FDF5
146	2320	00	FDF5
146	2321	00	FDF5
146	2322	00	FDF5
146	2323	00	FDF5
146	2324	00	FDF5
146	2325	00	FDF5
146	2326	00	FDF5
146	2327	00	FDF5
146	2328	00	FDF5
146	2329	00	FDF5
146	232A	00	FDF5
146	232B	00	FDF5
146	232C	00	FDF5
146	232D	00	FDF5
146	232E	00	FDF5
146	232F	00	FDF5
146	2330	00	FDF5
146	2331	00	FDF5
146	2332	00	FDF5
146	2333	00	FDF5
146	2334	00	FDF5
146	2335	00	FDF5
146	2336	00	FDF5
146	2337	00	FDF5
146	2338	00	FDF5
146	2339	00	FDF5
146	233A	00	FDF5
146	233B	00	FDF5
146	233C	00	FDF5
146	233D	00	FDF5
146	233E	00	FDF5
146	233F	00	FDF5
146	2340	00	FDF5
146	2341	00	FDF5
146	2342	00	FDF5
146	2343	00	FDF5
146	2344	00	FDF5
146	2345	00	FDF5
146	2346	00	FDF5
146	2347	00	FDF5
146	2348	00	FDF5
146	2349	00	FDF5
146	234A	00	FDF5
146	234B	00	FDF5
146	234C	00	FDF5
146	234D	00	FDF5
146	234E	00	FDF5
146	234F	00	FDF5
146	2350	00	FDF5
146	2351	00	FDF5
146	2352	00	FDF5
146	2353	00	FDF5
146	2354	00	FDF5
146	2355	00	FDF5
146	2356	00	FDF5
146	2357	00	FDF5
146	2358	00	FDF5
146	2359	00	FDF5
146	235A	00	FDF5
146	235B	00	FDF5
146	235C	00	FDF5
146	235D	00	FDF5
146	235E	00	FDF5
146	235F	00	FDF5
146	2360	00	FDF5
146	2361	00	FDF5
146	2362	00	FDF5
146	2363	00	FDF5
146	2364	00	FDF5
146	2365	00	FDF5
146	2366	00	FDF5
146	2367	00	FDF5
146	2368	00	FDF5
146	2369	00	FDF5
146	236A	00	FDF5
146	236B	00	FDF5
146	236C	00	FDF5
146	236D	00	FDF5
146	236E	00	FDF5
146	236F	00	FDF5
146	2370	00	FDF5
146	2371	00	FDF5
146	2372	00	FDF5
146	2373	00	FDF5
146	2374	00	FDF5
146	2375	00	FDF5
146	2376	00	FDF5
146	2377	00	FDF5
146	2378	00	FDF5
146	2379	00	FDF5
146	237A	00	FDF5
146	237B	00	FDF5
146	237C	00	FDF5
146	237D	00	FDF5
146	237E	00	FDF5
146	237F	00	FDF5
146	2380	00	FDF5
146	2381	00	FDF5
146	2382	00	FDF5
146	2383	00	FDF5
146	2384	00	FDF5
146	2385	00	FDF5
146	2386	00	FDF5
146	2387	00	FDF5
146	2388	00	FDF5
146	2389	00	FDF5
146	238A	00	FDF5
146	238B	00	FDF5
146	238C	00	FDF5
146	238D	00	FDF5
146	238E	00	FDF5
146	238F	00	FDF5
146	2390	00	FDF5
146	2391	00	FDF5
146	2392	00	FDF5
146	2393	00	FDF5
146	2394	00	FDF5
146	2395	00	FDF5
146	2396	00	FDF5
146	2397	00	FDF5
146	2398	00	FDF5
146	2399	00	FDF5
146	239A	00	FDF5
146	239B	00	FDF5
146	239C	00	FDF5
146	239D	00	FDF5
146	239E	00	FDF5
146	239F	00	FDF5
146	23A0	00	FDF5
146	23A1	00	FDF5
146	23A2	00	FDF5
146	23A3	00	FDF5
146	23A4	00	FDF5
146	23A5	00	FDF5
146	23A6	00	FDF5
146	23A7	00	FDF5
146	23A8	00	FDF5
146	23A9	00	FDF5
146	23AA	00	FDF5
146	23AB	00	FDF5
146	23AC	00	FDF5
146	23AD	00	FDF5
146	23AE	00	FDF5
146	23AF	00	FDF5
146	23B0	00	FDF5
146	23B1	00	FDF5
146	23B2	00	FDF5
146	23B3	00	FDF5
146	23B4	00	FDF5
146	23B5	00	FDF5
146	23B6	00	FDF5
146	23B7	00	FDF5
146	23B8	00	FDF5
146	23B9	00	FDF5
146	23BA	00	FDF5
146	23BB	00	FDF5
146	23BC	00	FDF5
146	23BD	00	FDF5
146	23BE	00	FDF5
146	23BF	00	FDF5
146	23C0	00	FDF5
146	23C1	00	FDF5
146	23C2	00	FDF5
146	23C3	00	FDF5
146	23C4	00	FDF5
146	23C5	00	FDF5
146	23C6	00	FDF5
146	23C7	00	FDF5
146	23C8	00	FDF5
146	23C9	00	FDF5
146	23CA	00	FDF5
146	23CB	00	FDF5
146	23CC	00	FDF5
146	23CD	00	FDF5
146	23CE	00	FDF5
146	23CF	00	FDF5
146	23D0	00	FDF5
146	23D1	00	FDF5
146	23D2	00	FDF5
146	23D3	00	FDF5
146	23D4	00	FDF5
146	23D5	00	FDF5
146	23D6	00	FDF5
146	23D7	00	FDF5
146	23D8	00	FDF5
146	23D9	00	FDF5
146	23DA	00	FDF5
146	23DB	00	FDF5
146	23DC	00	FDF5
146	23DD	00	FDF5
146	23DE	00	FDF5
146	23DF	00	FDF5
146	23E0	00	FDF5
146	23E1	00	FDF5
146	23E2	00	FDF5
146	23E3	00	FDF5
146	23E4	00	FDF5
146	23E5	00	FDF5
146	23E6	00	FDF5
146	23E7	00	FDF5
146	23E8	00	FDF5
146	23E9	00	FDF5
146	23EA	00	FDF5
146	23EB	00	FDF5
146	23EC	00	FDF5
146	23ED	00	FDF5
146	23EE	00	FDF5
146	23EF	00	FDF5
146	23F0	00	FDF5
146	23F1	00	FDF5
146	23F2	00	FDF5
146	23F3	00	FDF5
146	23F4	00	FDF5
146	23F5	00	FDF5
146	23F6	00	FDF5
146	23F7	00	FDF5
146	23F8	00	FDF5
146	23F9	00	FDF5
146	23FA	00	FDF5
146	23FB	00	FDF5
146	23FC	00	FDF5
146	23FD	00	FDF5
146	23FE	00	FDF5
146	23FF	00	FDF5
146	23C0	00	FE12
146	23C1	00	FE12
146	23C2	00	FE12
146	23C3	00	FE12
146	23C4	00	FE12
146	23C5	00	FE12
146	23C6	00	FE12
146	23C7	00	FE12
146	23C8	00	FE12
146	23C9	00	FE12
146	23CA	00	FE12
146	23CB	00	FE12
146	23CC	00	FE12
146	23CD	00	FE12
146	23CE	00	FE12
146	23CF	00	FE12
146	23D0	00	FE12
146	23D1	00	FE12
146	23D2	00	FE12
146	23D3	00	FE12
146	23D4	00	FE12
146	23D5	00	FE12
146	23D6	00	FE12
146	23D7	00	FE12
146	23D8	00	FE12
146	23D9	00	FE12
146	23DA	00	FE12
146	23DB	00	FE12
146	23DC	00	FE12
146	23DD	00	FE12
146	23DE	00	FE12
146	23DF	00	FE12
146	23E0	00	FE12
146	23E1	00	FE12
146	23E2	00	FE12
146	23E3	00	FE12
146	23E4	00	FE12
146	23E5	00	FE12
146	23E6	00	FE12
146	23E7	00	FE12
146	23E8	00	FE12
146	23E9	00	FE12
146	23EA	00	FE12
146	23EB	00	FE12
146	23EC	00	FE12
146	23ED	00	FE12
146	23EE	00	FE12
146	23EF	00	FE12
146	23F0	00	FE12
146	23F1	00	FE12
146	23F2	00	FE12
146	23F3	00	FE12
146	23F4	00	FE12
146	23F5	00	FE12
146	23F6	00	FE12
146	23F7	00	FE12
146	23F8	00	FE12
146	23F9	00	FE12
146	23FA	00	FE12
146	23FB	00	FE12
146	23FC	00	FE12
146	23FD	00	FE12
146	23FE	00	FE12
146	23FF	00	FE12
146	2400	00	FDF5
146	2401	00	FDF5
146	2402	00	FDF5
146	2403	00	FDF5
146	2404	00	FDF5
146	2405	00	FDF5
146	2406	00	FDF5
146	2407	00	FDF5
146	2408	00	FDF5
146	2409	00	FDF5
146	240A	00	FDF5
146	240B	00	FDF5
146	240C	00	FDF5
146	240D	00	FDF5
146	240E	00	FDF5
146	240F	00	FDF5
146	2410	00	FDF5
146	2411	00	FDF5
146	2412	00	FDF5
146	2413	00	FDF5
146	2414	00	FDF5
146	2415	00	FDF5
146	2416	00	FDF5
146	2417	00	FDF5
146	2418	00	FDF5
146	2419	00	FDF5
146	241A	00	FDF5
146	241B	00	FDF5
146	241C	00	FDF5
146	241D	00	FDF5
146	241E	00	FDF5
146	241F	00	FDF5
146	2420	00	FDF5
146	2421	00	FDF5
146	2422	00	FDF5
146	2423	00	FDF5
146	2424	00	FDF5
146	2425	00	FDF5
146	2426	00	FDF5
146	2427	00	FDF5
146	2428	00	FDF5
146	2429	00	FDF5
146	242A	00	FDF5
146	242B	00	FDF5
146	242C	00	FDF5
146	242D	00	FDF5
146	242E	00	FDF5
146	242F	00	FDF5
146	2430	00	FDF5
146	2431	00	FDF5
146	2432	00	FDF5
146	2433	00	FDF5
146	2434	00	FDF5
146	2435	00	FDF5
146	2436	00	FDF5
146	2437	00	FDF5
146	2438	00	FDF5
146	2439	00	FDF5
146	243A	00	FDF5
146	243B	00	FDF5
146	243C	00	FDF5
146	243D	00	FDF5
146	243E	00	FDF5
146	243F	00	FDF5
146	2440	00	FDF5
146	2441	00	FDF5
146	2442	00	FDF5
146	2443	00	FDF5
146	2444	00	FDF5
146	2445	00	FDF5
146	2446	00	FDF5
146	2447	00	FDF5
146	2448	00	FDF5
146	2449	00	FDF5
146	244A	00	FDF5
146	244B	00	FDF5
146	244C	00	FDF5
146	244D	00	FDF5
146	244E	00	FDF5
146	244F	00	FDF5
146	2450	00	FDF5
146	2451	00	FDF5
146	2452	00	FDF5
146	2453	00	FDF5
146	2454	00	FDF5
146	2455	00	FDF5
146	2456	00	FDF5
146	2457	00	FDF5
146	2458	00	FDF5
146	2459	00	FDF5
146	245A	00	FDF5
146	245B	00	FDF5
146	245C	00	FDF5
146	245D	00	FDF5
146	245E	00	FDF5
146	245F	00	FDF5
146	2460	00	FDF5
146	2461	00	FDF5
146	2462	00	FDF5
146	2463	00	FDF5
146	2464	00	FDF5
146	2465	00	FDF5
146	2466	00	FDF5
146	2467	00	FDF5
146	2468	00	FDF5
146	2469	00	FDF5
146	246A	00	FDF5
146	246B	00	FDF5
146	246C	00	FDF5
146	246D	00	FDF5
146	246E	00	FDF5
146	246F	00	FDF5
146	2470	00	FDF5
146	2471	00	FDF5
146	2472	00	FDF5
146	2473	00	FDF5
146	2474	00	FDF5
146	2475	00	FDF5
146	2476	00	FDF5
146	2477	00	FDF5
146	2478	00	FDF5
146	2479	00	FDF5
146	247A	00	FDF5
146	247B	00	FDF5
146	247C	00	FDF5
146	247D	00	FDF5
146	247E	00	FDF5
146	247F	00	FDF5
146	2480	00	FDF5
146	2481	00	FDF5
146	2482	00	FDF5
146	2483	00	FDF5
146	2484	00	FDF5
146	2485	00	FDF5
146	2486	00	FDF5
146	2487	00	FDF5
146	2488	00	FDF5
146	2489	00	FDF5
146	248A	00	FDF5
146	248B	00	FDF5
146	248C	00	FDF5
146	248D	00	FDF5
146	248E	00	FDF5
146	248F	00	FDF5
146	2490	00	FDF5
146	2491	00	FDF5
146	2492	00	FDF5
146	2493	00	FDF5
146	2494	00	FDF5
146	2495	00	FDF5
146	2496	00	FDF5
146	2497	00	FDF5
146	2498	00	FDF5
146	2499	00	FDF5
146	249A	00	FDF5
146	249B	00	FDF5
146	249C	00	FDF5
146	249D	00	FDF5
146	249E	00	FDF5
146	249F	00	FDF5
146	24A0	00	FDF5
146	24A1	00	FDF5
146	24A2	00	FDF5
146	24A3	00	FDF5
146	24A4	00	FDF5
146	24A5	00	FDF5
146	24A6	00	FDF5
146	24A7	00	FDF5
146	24A8	00	FDF5
146	24A9	00	FDF5
146	24AA	00	FDF5
146	24AB	00	FDF5
146	24AC	00	FDF5
146	24AD	00	FDF5
146	24AE	00	FDF5
146	24AF	00	FDF5
146	24B0	00	FDF5
146	24B1	00	FDF5
146	24B2	00	FDF5
146	24B3	00	FDF5
146	24B4	00	FDF5
146	24B5	00	FDF5
146	24B6	00	FDF5
146	24B7	00	FDF5
146	24B8	00	FDF5
146	24B9	00	FDF5
146	24BA	00	FDF5
146	24BB	00	FDF5
146	24BC	00	FDF5
146	24BD	00	FDF5
146	24BE	00	FDF5
146	24BF	00	FDF5
146	24C0	00	FDF5
146	24C1	00	FDF5
146	24C2	00	FDF5
146	24C3	00	FDF5
146	24C4	00	FDF5
146	24C5	00	FDF5
146	24C6	00	FDF5
146	24C7	00	FDF5
146	24C8	00	FDF5
146	24C9	00	FDF5
146	24CA	00	FDF5
146	24CB	00	FDF5
146	24CC	00	FDF5
146	24CD	00	FDF5
146	24CE	00	FDF5
146	24CF	00	FDF5
146	24D0	00	FDF5
146	24D1	00	FDF5
146	24D2	00	FDF5
146	24D3	00	FDF5
146	24D4	00	FDF5
146	24D5	00	FDF5
146	24D6	00	FDF5
146	24D7	00	FDF5
146	24D8	00	FDF5
146	24D9	00	FDF5
146	24DA	00	FDF5
146	24DB	00	FDF5
146	24DC	00	FDF5
146	24DD	00	FDF5
146	24DE	00	FDF5
146	24DF	00	FDF5
146	24E0	00	FDF5
146	24E1	00	FDF5
146	24E2	00	FDF5
146	24E3	00	FDF5
146	24E4	00	FDF5
146	24E5	00	FDF5
146	24E6	00	FDF5
146	24E7	00	FDF5
146	24E8	00	FDF5
146	24E9	00	FDF5
146	24EA	00	FDF5
146	24EB	00	FDF5
146	24EC	00	FDF5
146	24ED	00	FDF5
146	24EE	00	FDF5
146	24EF	00	FDF5
146	24F0	00	FDF5
146	24F1	00	FDF5
146	24F2	00	FDF5
146	24F3	00	FDF5
146	24F4	00	FDF5
146	24F5	00	FDF5
146	24F6	00	FDF5
146	24F7	00	FDF5
146	24F8	00	FDF5
146	24F9	00	FDF5
146	24FA	00	FDF5
146	24FB	00	FDF5
146	24FC	00	FDF5
146	24FD	00	FDF5
146	24FE	00	FDF5
146	24FF	00	FDF5
146	2500	00	FDF5
146	2501	00	FDF5
146	2502	00	FDF5
146	2503	00	FDF5
146	2504	00	FDF5
146	2505	00	FDF5
146	2506	00	FDF5
146	2507	00	FDF5
146	2508	00	FDF5
146	2509	00	FDF5
146	250A	00	FDF5
146	250B	00	FDF5
146	250C	00	FDF5
146	250D	00	FDF5
146	250E	00	FDF5
146	250F	00	FDF5
146	2510	00	FDF5
146	2511	00	FDF5
146	2512	00	FDF5
146	2513	00	FDF5
146	2514	00	FDF5
146	2515	00	FDF5
146	2516	00	FDF5
146	2517	00	FDF5
146	2518	00	FDF5
146	2519	00	FDF5
146	251A	00	FDF5
146	251B	00	FDF5
146	251C	00	FDF5
146	251D	00	FDF5
146	251E	00	FDF5
146	251F	00	FDF5
146	2520	00	FDF5
146	2521	00	FDF5
146	2522	00	FDF5
146	2523	00	FDF5
146	2524	00	FDF5
146	2525	00	FDF5
146	2526	00	FDF5
146	2527	00	FDF5
146	2528	00	FDF5
146	2529	00	FDF5
146	252A	00	FDF5
146	252B	00	FDF5
146	252C	00	FDF5
146	252D	00	FDF5
146	252E	00	FDF5
146	252F	00	FDF5
146	2530	00	FDF5
146	2531	00	FDF5
146	2532	00	FDF5
146	2533	00	FDF5
146	2534	00	FDF5
146	2535	00	FDF5
146	2536	00	FDF5
146	2537	00	FDF5
146	2538	00	FDF5
146	2539	00	FDF5
146	253A	00	FDF5
146	253B	00	FDF5
146	253C	00	FDF5
146	253D	00	FDF5
146	253E	00	FDF5
146	253F	00	FDF5
146	2540	00	FDF5
146	2541	00	FDF5
146	2542	00	FDF5
146	2543	00	FDF5
146	2544	00	FDF5
146	2545	00	FDF5
146	2546	00	FDF5
146	2547	00	FDF5
146	2548	00	FDF5
146	2549	00	FDF5
146	254A	00	FDF5
146	254B	00	FDF5
146	254C	00	FDF5
146	254D	00	FDF5
146	254E	00	FDF5
146	254F	00	FDF5
146	2550	00	FDF5
146	2551	00	FDF5
146	2552	00	FDF5
146	2553	00	FDF5
146	2554	00	FDF5
146	2555	00	FDF5
146	2556	00	FDF5
146	2557	00	FDF5
146	2558	00	FDF5
146	2559	00	FDF5
146	255A	00	FDF5
146	255B	00	FDF5
146	255C	00	FDF5
146	255D	00	FDF5
146	255E	00	FDF5
146	255F	00	FDF5
146	2560	00	FDF5
146	2561	00	FDF5
146	2562	00	FDF5
146	2563	00	FDF5
146	2564	00	FDF5
146	2565	00	FDF5
146	2566	00	FDF5
146	2567	00	FDF5
146	2568	00	FDF5
146	2569	00	FDF5
146	256A	00	FDF5
146	256B	00	FDF5
146	256C	00	FDF5
146	256D	00	FDF5
146	256E	00	FDF5
146	256F	00	FDF5
146	2570	00	FDF5
146	2571	00	FDF5
146	2572	00	FDF5
146	2573	00	FDF5
146	2574	00	FDF5
146	2575	00	FDF5
146	2576	00	FDF5
146	2577	00	FDF5
146	2578	00	FDF5
146	2579	00	FDF5
146	257A	00	FDF5
146	257B	00	FDF5
146	257C	00	FDF5
146	257D	00	FDF5
146	257E	00	FDF5
146	257F	00	FDF5
146	2580	00	FDF5
146	2581	00	FDF5
146	2582	00	FDF5
146	2583	00	FDF5
146	2584	00	FDF5
146	2585	00	FDF5
146	2586	00	FDF5
146	2587	00	FDF5
146	2588	00	FDF5
146	2589	00	FDF5
146	258A	00	FDF5
146	258B	00	FDF5
146	258C	00	FDF5
146	258D	00	FDF5
146	258E	00	FDF5
146	258F	00	FDF5
146	2590	00	FDF5
146	2591	00	FDF5
146	2592	00	FDF5
146	2593	00	FDF5
146	2594	00	FDF5
146	2595	00	FDF5
146	2596	00	FDF5
146	2597	00	FDF5
146	2598	00	FDF5
146	2599	00	FDF5
146	259A	00	FDF5
146	259B	00	FDF5
146	259C	00	FDF5
146	259D	00	FDF5
146	259E	00	FDF5
146	259F	00	FDF5
146	25A0	00	FDF5
146	25A1	00	FDF5
146	25A2	00	FDF5
146	25A3	00	FDF5
146	25A4	00	FDF5
146	25A5	00	FDF5
146	25A6	00	FDF5
146	25A7	00	FDF5
146	25A8	00	FDF5
146	25A9	00	FDF5
146	25AA	00	FDF5
146	25AB	00	FDF5
146	25AC	00	FDF5
146	25AD	00	FDF5
146	25AE	00	FDF5
146	25AF	00	FDF5
146	25B0	00	FDF5
146	25B1	00	FDF5
146	25B2	00	FDF5
146	25B3	00	FDF5
146	25B4	00	FDF5
146	25B5	00	FDF5
146	25B6	00	FDF5
146	25B7	00	FDF5
146	25B8	00	FDF5
146	25B9	00	FDF5
146	25BA	00	FDF5
146	25BB	00	FDF5
146	25BC	00	FDF5
146	25BD	00	FDF5
146	25BE	00	FDF5
146	25BF	00	FDF5
146	25C0	00	FDF5
146	25C1	00	FDF5
146	25C2	00	FDF5
146	25C3	00	FDF5
146	25C4	00	FDF5
146	25C5	00	FDF5
146	25C6	00	FDF5
146	25C7	00	FDF5
146	25C8	00	FDF5
146	25C9	00	FDF5
146	25CA	00	FDF5
146	25CB	00	FDF5
146	25CC	00	FDF5
146	25CD	00	FDF5
146	25CE	00	FDF5
146	25CF	00	FDF5
146	25D0	00	FDF5
146	25D1	00	FDF5
146	25D2	00	FDF5
146	25D3	00	FDF5
146	25D4	00	FDF5
146	25D5	00	FDF5
146	25D6	00	FDF5
146	25D7	00	FDF5
146	25D8	00	FDF5
146	25D9	00	FDF5
146	25DA	00	FDF5
146	25DB	00	FDF5
146	25DC	00	FDF5
146	25DD	00	FDF5
146	25DE	00	FDF5
146	25DF	00	FDF5
146	25E0	00	FDF5
146	25E1	00	FDF5
146	25E2	00	FDF5
146	25E3	00	FDF5
146	25E4	00	FDF5
146	25E5	00	FDF5
146	25E6	00	FDF5
146	25E7	00	FDF5
146	25E8	00	FDF5
146	25E9	00	FDF5
146	25EA	00	FDF5
146	25EB	00	FDF5
146	25EC	00	FDF5
146	25ED	00	FDF5
146	25EE	00	FDF5
146	25EF	00	FDF5
146	25F0	00	FDF5
146	25F1	00	FDF5
146	25F2	00	FDF5
146	25F3	00	FDF5
146	25F4	00	FDF5
146	25F5	00	FDF5
146	25F6	00	FDF5
146	25F7	00	FDF5
146	25F8	00	FDF5
146	25F9	00	FDF5
146	25FA	00	FDF5
146	25FB	00	FDF5
146	25FC	00	FDF5
146	25FD	00	FDF5
146	25FE	00	FDF5
146	25FF	00	FDF5
146	2600	00	FDF5
146	2601	00	FDF5
146	2602	00	FDF5
146	2603	00	FDF5
146	2604	00	FDF5
146	2605	00	FDF5
146	2606	00	FDF5
146	2607	00	FDF5
146	2608	00	FDF5
146	2609	00	FDF5
146	260A	00	FDF5
146	260B	00	FDF5
146	260C	00	FDF5
146	260D	00	FDF5
146	260E	00	FDF5
146	260F	00	FDF5
146	2610	00	FDF5
146	2611	00	FDF5
146	2612	00	FDF5
146	2613	00	FDF5
146	2614	00	FDF5
146	2615	00	FDF5
146	2616	00	FDF5
146	2617	00	FDF5
146	2618	00	FDF5
146	2619	00	FDF5
146	261A	00	FDF5
146	261B	00	FDF5
146	261C	00	FDF5
146	261D	00	FDF5
146	261E	00	FDF5
146	261F	00	FDF5
146	2620	00	FDF5
146	2621	00	FDF5
146	2622	00	FDF5
146	2623	00	FDF5
146	2624	00	FDF5
146	2625	00	FDF5
146	2626	00	FDF5
146	2627	00	FDF5
146	2628	00	FDF5
146	2629	00	FDF5
146	262A	00	FDF5
146	262B	00	FDF5
146	262C	00	FDF5
146	262D	00	FDF5
146	262E	00	FDF5
146	262F	00	FDF5
146	2630	00	FDF5
146	2631	00	FDF5
146	2632	00	FDF5
146	2633	00	FDF5
146	2634	00	FDF5
146	2635	00	FDF5
146	2636	00	FDF5
146	2637	00	FDF5
146	2638	00	FDF5
146	2639	00	FDF5
146	263A	00	FDF5
146	263B	00	FDF5
146	263C	00	FDF5
146	263D	00	FDF5
146	263E	00	FDF5
146	263F	00	FDF5
146	2640	00	FDF5
146	2641	00	FDF5
146	2642	00	FDF5
146	2643	00	FDF5
146	2644	00	FDF5
146	2645	00	FDF5
146	2646	00	FDF5
146	2647	00	FDF5
146	2648	00	FDF5
146	2649	00	FDF5
146	264A	00	FDF5
146	264B	00	FDF5
146	264C	00	FDF5
146	264D	00	FDF5
146	264E	00	FDF5
146	264F	00	FDF5
146	2650	00	FDF5
146	2651	00	FDF5
146	2652	00	FDF5
146	2653	00	FDF5
146	2654	00	FDF5
146	2655	00	FDF5
146	2656	00	FDF5
146	2657	00	FDF5
146	2658	00	FDF5
146	2659	00	FDF5
146	265A	00	FDF5
146	265B	00	FDF5
146	265C	00	FDF5
146	265D	00	FDF5
146	265E	00	FDF5
146	265F	00	FDF5
146	2660	00	FDF5
146	2661	00	FDF5
146	2662	00	FDF5
146	2663	00	FDF5
146	2664	00	FDF5
146	2665	00	FDF5
146	2666	00	FDF5
146	2667	00	FDF5
146	2668	00	FDF5
146	2669	00	FDF5
146	266A	00	FDF5
146	266B	00	FDF5
146	266C	00	FDF5
146	266D	00	FDF5
146	266E	00	FDF5
146	266F	00	FDF5
146	2670	00	FDF5
146	2671	00	FDF5
146	2672	00	FDF5
146	2673	00	FDF5
146	2674	00	FDF5
146	2675	00	FDF5
146	2676	00	FDF5
146	2677	00	FDF5
146	2678	00	FDF5
146	2679	00	FDF5
146	267A	00	FDF5
146	267B	00	FDF5
146	267C	00	FDF5
146	267D	00	FDF5
146	267E	00	FDF5
146	267F	00	FDF5
146	2680	00	FDF5
146	2681	00	FDF5
146	2682	00	FDF5
146	2683	00	FDF5
146	2684	00	FDF5
146	2685	00	FDF5
146	2686	00	FDF5
146	2687	00	FDF5
146	2688	00	FDF5
146	2689	00	FDF5
146	268A	00	FDF5
146	268B	00	FDF5
146	268C	00	FDF5
146	268D	00	FDF5
146	268E	00	FDF5
146	268F	00	FDF5
146	2690	00	FDF5
146	2691	00	FDF5
146	2692	00	FDF5
146	2693	00	FDF5
146	2694	00	FDF5
146	2695	00	FDF5
146	2696	00	FDF5
146	2697	00	FDF5
146	2698	00	FDF5
146	2699	00	FDF5
146	269A	00	FDF5
146	269B	00	FDF5
146	269C	00	FDF5
146	269D	00	FDF5
146	269E	00	FDF5
146	269F	00	FDF5
146	26A0	00	FDF5
146	26A1	00	FDF5
146	26A2	00	FDF5
146	26A3	00	FDF5
146	26A4	00	FDF5
146	26A5	00	FDF5
146	26A6	00	FDF5
146	26A7	00	FDF5
146	26A8	00	FDF5
146	26A9	00	FDF5
146	26AA	00	FDF5
146	26AB	00	FDF5
146	26AC	00	FDF5
146	26AD	00	FDF5
146	26AE	00	FDF5
146	26AF	00	FDF5
146	26B0	00	FDF5
146	26B1	00	FDF5
146	26B2	00	FDF5
146	26B3	00	FDF5
146	26B4	00	FDF5
146	26B5	00	FDF5
146	26B6	00	FDF5
146	26B7	00	FDF5
146	26B8	00	FDF5
146	26B9	00	FDF5
146	26BA	00	FDF5
146	26BB	00	FDF5
146	26BC	00	FDF5
146	26BD	00	FDF5
146	26BE	00	FDF5
146	26BF	00	FDF5
146	26C0	00	FDF5
146	26C1	00	FDF5
146	26C2	00	FDF5
146	26C3	00	FDF5
146	26C4	00	FDF5
146	26C5	00	FDF5
146	26C6	00	FDF5
146	26C7	00	FDF5
146	26C8	00	FDF5
146	26C9	00	FDF5
146	26CA	00	FDF5
146	26CB	00	FDF5
146	26CC	00	FDF5
146	26CD	00	FDF5
146	26CE	00	FDF5
146	26CF	00	FDF5
146	26D0	00	FDF5
146	26D1	00	FDF5
146	26D2	00	FDF5
146	26D3	00	FDF5
146	26D4	00	FDF5
146	26D5	00	FDF5
146	26D6	00	FDF5
146	26D7	00	FDF5
146	26D8	00	FDF5
146	26D9	00	FDF5
146	26DA	00	FDF5
146	26DB	00	FDF5
146	26DC	00	FDF5
146	26DD	00	FDF5
146	26DE	00	FDF5
146	26DF	00	FDF5
146	26E0	00	FDF5
146	26E1	00	FDF5
146	26E2	00	FDF5
146	26E3	00	FDF5
146	26E4	00	FDF5
146	26E5	00	FDF5
146	26E6	00	FDF5
146	26E7	00	FDF5
146	26E8	00	FDF5
146	26E9	00	FDF5
146	26EA	00	FDF5
146	26EB	00	FDF5
146	26EC	00	FDF5
146	26ED	00	FDF5
146	26EE	00	FDF5
146	26EF	00	FDF5
146	26F0	00	FDF5
146	26F1	00	FDF5
146	26F2	00	FDF5
146	26F3	00	FDF5
146	26F4	00	FDF5
146	26F5	00	FDF5
146	26F6	00	FDF5
146	26F7	00	FDF5
146	26F8	00	FDF5
146	26F9	00	FDF5
146	26FA	00	FDF5
146	26FB	00	FDF5
146	26FC	00	FDF5
146	26FD	00	FDF5
146	26FE	00	FDF5
146	26FF	00	FDF5
146	2700	00	FDF5
146	2701	00	FDF5
146	2702	00	FDF5
146	2703	00	FDF5
146	2704	00	FDF5
146	2705	00	FDF5
146	2706	00	FDF5
146	2707	00	FDF5
146	2708	00	FDF5
146	2709	00	FDF5
146	270A	00	FDF5
146	270B	00	FDF5
146	270C	00	FDF5
146	270D	00	FDF5
146	270E	00	FDF5
146	270F	00	FDF5
146	2710	00	FDF5
146	2711	00	FDF5
146	2712	00	FDF5
146	2713	00	FDF5
146	2714	00	FDF5
146	2715	00	FDF5
146	2716	00	FDF5
146	2717	00	FDF5
146	2718	00	FDF5
146	2719	00	FDF5
146	271A	00	FDF5
146	271B	00	FDF5
146	271C	00	FDF5
146	271D	00	FDF5
146	271E	00	FDF5
146	271F	00	FDF5
146	2720	00	FDF5
146	2721	00	FDF5
146	2722	00	FDF5
146	2723	00	FDF5
146	2724	00	FDF5
146	2725	00	FDF5
146	2726	00	FDF5
146	2727	00	FDF5
146	2728	00	FDF5
146	2729	00	FDF5
146	272A	00	FDF5
146	272B	00	FDF5
146	272C	00	FDF5
146	272D	00	FDF5
146	272E	00	FDF5
146	272F	00	FDF5
146	2730	00	FDF5
146	2731	00	FDF5
146	2732	00	FDF5
146	2733	00	FDF5
146	2734	00	FDF5
146	2735	00	FDF5
146	2736	00	FDF5
146	2737	00	FDF5
146	2738	00	FDF5
146	2739	00	FDF5
146	273A	00	FDF5
146	273B	00	FDF5
146	273C	00	FDF5
146	273D	00	FDF5
146	273E	00	FDF5
146	273F	00	FDF5
146	2740	00	FDF5
146	2741	00	FDF5
146	2742	00	FDF5
146	2743	00	FDF5
146	2744	00	FDF5
146	2745	00	FDF5
146	2746	00	FDF5
146	2747	00	FDF5
146	2748	00	FDF5
146	2749	00	FDF5
146	274A	00	FDF5
146	274B	00	FDF5
146	274C	00	FDF5
146	274D	00	FDF5
146	274E	00	FDF5
146	274F	00	FDF5
146	2750	00	FDF5
146	2751	00	FDF5
146	2752	00	FDF5
146	2753	00	FDF5
146	2754	00	FDF5
146	2755	00	FDF5
146	2756	00	FDF5
146	2757	00	FDF5
146	2758	00	FDF5
146	2759	00	FDF5
146	275A	00	FDF5
146	275B	00	FDF5
146	275C	00	FDF5
146	275D	00	FDF5
146	275E	00	FDF5
146	275F	00	FDF5
146	2760	00	FDF5
146	2761	00	FDF5
146	2762	00	FDF5
146	2763	00	FDF5
146	2764	00	FDF5
146	2765	00	FDF5
146	2766	00	FDF5
146	2767	00	FDF5
146	2768	00	FDF5
146	2769	00	FDF5
146	276A	00	FDF5
146	276B	00	FDF5
146	276C	00	FDF5
146	276D	00	FDF5
146	276E	00	FDF5
146	276F	00	FDF5
146	2770	00	FDF5
146	2771	00	FDF5
146	2772	00	FDF5
146	2773	00	FDF5
146	2774	00	FDF5
146	2775	00	FDF5
146	2776	00	FDF5
146	2777	00	FDF5
146	2778	00	FDF5
146	2779	00	FDF5
146	277A	00	FDF5
146	277B	00	FDF5
146	277C	00	FDF5
146	277D	00	FDF5
146	277E	00	FDF5
146	277F	00	FDF5
146	2780	00	FDF5
146	2781	00	FDF5
146	2782	00	FDF5
146	2783	00	FDF5
146	2784	00	FDF5
146	2785	00	FDF5
146	2786	00	FDF5
146	2787	00	FDF5
146	2788	00	FDF5
146	2789	00	FDF5
146	278A	00	FDF5
146	278B	00	FDF5
146	278C	00	FDF5
146	278D	00	FDF5
146	278E	00	FDF5
146	278F	00	FDF5
146	2790	00	FDF5
146	2791	00	FDF5
146	2792	00	FDF5
146	2793	00	FDF5
146	2794	00	FDF5
146	2795	00	FDF5
146	2796	00	FDF5
146	2797	00	FDF5
146	2798	00	FDF5
146	2799	00	FDF5
146	279A	00	FDF5
146	279B	00	FDF5
146	279C	00	FDF5
146	279D	00	FDF5
146	279E	00	FDF5
146	279F	00	FDF5
146	27A0	00	FDF5
146	27A1	00	FDF5
146	27A2	00	FDF5
146	27A3	00	FDF5
146	27A4	00	FDF5
146	27A5	00	FDF5
146	27A6	00	FDF5
146	27A7	00	FDF5
146	27A8	00	FDF5
146	27A9	00	FDF5
146	27AA	00	FDF5
146	27AB	00	FDF5
146	27AC	00	FDF5
146	27AD	00	FDF5
146	27AE	00	FDF5
146	27AF	00	FDF5
146	27B0	00	FDF5
146	27B1	00	FDF5
146	27B2	00	FDF5
146	27B3	00	FDF5
146	27B4	00	FDF5
146	27B5	00	FDF5
146	27B6	00	FDF5
146	27B7	00	FDF5
146	27B8	00	FDF5
146	27B9	00	FDF5
146	27BA	00	FDF5
146	27BB	00	FDF5
146	27BC	00	FDF5
146	27BD	00	FDF5
146	27BE	00	FDF5
146	27BF	00	FDF5
146	27C0	00	FDF5
146	27C1	00	FDF5
146	27C2	00	FDF5
146	27C3	00	FDF5
146	27C4	00	FDF5
146	27C5	00	FDF5
146	27C6	00	FDF5
146	27C7	00	FDF5
146	27C8	00	FDF5
146	27C9	00	FDF5
146	27CA	00	FDF5
146	27CB	00	FDF5
146	27CC	00	FDF5
146	27CD	00	FDF5
146	27CE	00	FDF5
146	27CF	00	FDF5
146	27D0	00	FDF5
146	27D1	00	FDF5
146	27D2	00	FDF5
146	27D3	00	FDF5
146	27D4	00	FDF5
146	27D5	00	FDF5
146	27D6	00	FDF5
146	27D7	00	FDF5
146	27D8	00	FDF5
146	27D9	00	FDF5
146	27DA	00	FDF5
146	27DB	00	FDF5
146	27DC	00	FDF5
146	27DD	00	FDF5
146	27DE	00	FDF5
146	27DF	00	FDF5
146	27E0	00	FDF5
146	27E1	00	FDF5
146	27E2	00	FDF5
146	27E3	00	FDF5
146	27E4	00	FDF5
146	27E5	00	FDF5
146	27E6	00	FDF5
146	27E7	00	FDF5
146	27E8	00	FDF5
146	27E9	00	FDF5
146	27EA	00	FDF5
146	27EB	00	FDF5
146	27EC	00	FDF5
146	27ED	00	FDF5
146	27EE	00	FDF5
146	27EF	00	FDF5
146	27F0	00	FDF5
146	27F1	00	FDF5
146	27F2	00	FDF5
146	27F3	00	FDF5
146	27F4	00	FDF5
146	27F5	00	FDF5
146	27F6	00	FDF5
146	27F7	00	FDF5
146	27F8	00	FDF5
146	27F9	00	FDF5
146	27FA	00	FDF5
146	27FB	00	FDF5
146	27FC	00	FDF5
146	27FD	00	FDF5
146	27FE	00	FDF5
146	27FF	00	FDF5
146	27C0	00	FE12
146	27C1	00	FE12
146	27C2	00	FE12
146	27C3	00	FE12
146	27C4	00	FE12
146	27C5	00	FE12
146	27C6	00	FE12
146	27C7	00	FE12
146	27C8	00	FE12
146	27C9	00	FE12
146	27CA	00	FE12
146	27CB	00	FE12
146	27CC	00	FE12
146	27CD	00	FE12
146	27CE	00	FE12
146	27CF	00	FE12
146	27D0	00	FE12
146	27D1	00	FE12
146	27D2	00	FE12
146	27D3	00	FE12
146	27D4	00	FE12
146	27D5	00	FE12
146	27D6	00	FE12
146	27D7	00	FE12
146	27D8	00	FE12
146	27D9	00	FE12
146	27DA	00	FE12
146	27DB	00	FE12
146	27DC	00	FE12
146	27DD	00	FE12
146	27DE	00	FE12
146	27DF	00	FE12
146	27E0	00	FE12
146	27E1	00	FE12
146	27E2	00	FE12
146	27E3	00	FE12
146	27E4	00	FE12
146	27E5	00	FE12
146	27E6	00	FE12
146	27E7	00	FE12
146	27E8	00	FE12
146	27E9	00	FE12
146	27EA	00	FE12
146	27EB	00	FE12
146	27EC	00	FE12
146	27ED	00	FE12
146	27EE	00	FE12
146	27EF	00	FE12
146	27F0	00	FE12
146	27F1	00	FE12
146	27F2	00	FE12
146	27F3	00	FE12
146	27F4	00	FE12
146	27F5	00	FE12
146	27F6	00	FE12
146	27F7	00	FE12
146	27F8	00	FE12
146	27F9	00	FE12
146	27FA	00	FE12
146	27FB	00	FE12
146	27FC	00	FE12
146	27FD	00	FE12
146	27FE	00	FE12
146	27FF	00	FE12
146	2800	00	FDF5
146	2801	00	FDF5
146	2802	00	FDF5
146	2803	00	FDF5
146	2804	00	FDF5
146	2805	00	FDF5
146	2806	00	FDF5
146	2807	00	FDF5
146	2808	00	FDF5
146	2809	00	FDF5
146	280A	00	FDF5
146	280B	00	FDF5
146	280C	00	FDF5
146	280D	00	FDF5
146	280E	00	FDF5
146	280F	00	FDF5
146	2810	00	FDF5
146	2811	00	FDF5
146	2812	00	FDF5
146	2813	00	FDF5
146	2814	00	FDF5
146	2815	00	FDF5
146	2816	00	FDF5
146	2817	00	FDF5
146	2818	00	FDF5
146	2819	00	FDF5
146	281A	00	FDF5
146	281B	00	FDF5
146	281C	00	FDF5
146	281D	00	FDF5
146	281E	00	FDF5
146	281F	00	FDF5
146	2820	00	FDF5
146	2821	00	FDF5
146	2822	00	FDF5
146	2823	00	FDF5
146	2824	00	FDF5
146	2825	00	FDF5
146	2826	00	FDF5
146	2827	00	FDF5
146	2828	00	FDF5
146	2829	00	FDF5
146	282A	00	FDF5
146	282B	00	FDF5
146	282C	00	FDF5
146	282D	00	FDF5
146	282E	00	FDF5
146	282F	00	FDF5
146	2830	00	FDF5
146	2831	00	FDF5
146	2832	00	FDF5
146	2833	00	FDF5
146	2834	00	FDF5
146	2835	00	FDF5
146	2836	00	FDF5
146	2837	00	FDF5
146	2838	00	FDF5
146	2839	00	FDF5
146	283A	00	FDF5
146	283B	00	FDF5
146	283C	00	FDF5
146	283D	00	FDF5
146	283E	00	FDF5
146	283F	00	FDF5
146	2840	00	FDF5
146	2841	00	FDF5
146	2842	00	FDF5
146	2843	00	FDF5
146	2844	00	FDF5
146	2845	00	FDF5
146	2846	00	FDF5
146	2847	00	FDF5
146	2848	00	FDF5
146	2849	00	FDF5
146	284A	00	FDF5
146	284B	00	FDF5
146	284C	00	FDF5
146	284D	00	FDF5
146	284E	00	FDF5
146	284F	00	FDF5
146	2850	00	FDF5
146	2851	00	FDF5
146	2852	00	FDF5
146	2853	00	FDF5
146	2854	00	FDF5
146	2855	00	FDF5
146	2856	00	FDF5
146	2857	00	FDF5
146	2858	00	FDF5
146	2859	00	FDF5
146	285A	00	FDF5
146	285B	00	FDF5
146	285C	00	FDF5
146	285D	00	FDF5
146	285E	00	FDF5
146	285F	00	FDF5
146	2860	00	FDF5
146	2861	00	FDF5
146	2862	00	FDF5
146	2863	00	FDF5
146	2864	00	FDF5
146	2865	00	FDF5
146	2866	00	FDF5
146	2867	00	FDF5
146	2868	00	FDF5
146	2869	00	FDF5
146	286A	00	FDF5
146	286B	00	FDF5
146	286C	00	FDF5
146	286D	00	FDF5
146	286E	00	FDF5
146	286F	00	FDF5
146	2870	00	FDF5
146	2871	00	FDF5
146	2872	00	FDF5
146	2873	00	FDF5
146	2874	00	FDF5
146	2875	00	FDF5
146	2876	00	FDF5
146	2877	00	FDF5
146	2878	00	FDF5
146	2879	00	FDF5
146	287A	00	FDF5
146	287B	00	FDF5
146	287C	00	FDF5
146	287D	00	FDF5
146	287E	00	FDF5
146	287F	00	FDF5
146	2880	00	FDF5
146	2881	00	FDF5
146	2882	00	FDF5
146	2883	00	FDF5
146	2884	00	FDF5
146	2885	00	FDF5
146	2886	00	FDF5
146	2887	00	FDF5
146	2888	00	FDF5
146	2889	00	FDF5
146	288A	00	FDF5
146	288B	00	FDF5
146	288C	00	FDF5
146	288D	00	FDF5
146	288E	00	FDF5
146	288F	00	FDF5
146	2890	00	FDF5
146	2891	00	FDF5
146	2892	00	FDF5
146	2893	00	FDF5
146	2894	00	FDF5
146	2895	00	FDF5
146	2896	00	FDF5
146	2897	00	FDF5
146	2898	00	FDF5
146	2899	00	FDF5
146	289A	00	FDF5
146	289B	00	FDF5
146	289C	00	FDF5
146	289D	00	FDF5
146	289E	00	FDF5
146	289F	00	FDF5
146	28A0	00	FDF5
146	28A1	00	FDF5
146	28A2	00	FDF5
146	28A3	00	FDF5
146	28A4	00	FDF5
146	28A5	00	FDF5
146	28A6	00	FDF5
146	28A7	00	FDF5
146	28A8	00	FDF5
146	28A9	00	FDF5
146	28AA	00	FDF5
146	28AB	00	FDF5
146	28AC	00	FDF5
146	28AD	00	FDF5
146	28AE	00	FDF5
146	28AF	00	FDF5
146	28B0	00	FDF5
146	28B1	00	FDF5
146	28B2	00	FDF5
146	28B3	00	FDF5
146	28B4	00	FDF5
146	28B5	00	FDF5
146	28B6	00	FDF5
146	28B7	00	FDF5
146	28B8	00	FDF5
146	28B9	00	FDF5
146	28BA	00	FDF5
146	28BB	00	FDF5
146	28BC	00	FDF5
146	28BD	00	FDF5
146	28BE	00	FDF5
146	28BF	00	FDF5
146	28C0	00	FDF5
146	28C1	00	FDF5
146	28C2	00	FDF5
146	28C3	00	FDF5
146	28C4	00	FDF5
146	28C5	00	FDF5
146	28C6	00	FDF5
146	28C7	00	FDF5
146	28C8	00	FDF5
146	28C9	00	FDF5
146	28CA	00	FDF5
146	28CB	00	FDF5
146	28CC	00	FDF5
146	28CD	00	FDF5
146	28CE	00	FDF5
146	28CF	00	FDF5
146	28D0	00	FDF5
146	28D1	00	FDF5
146	28D2	00	FDF5
146	28D3	00	FDF5
146	28D4	00	FDF5
146	28D5	00	FDF5
146	28D6	00	FDF5
146	28D7	00	FDF5
146	28D8	00	FDF5
146	28D9	00	FDF5
146	28DA	00	FDF5
146	28DB	00	FDF5
146	28DC	00	FDF5
146	28DD	00	FDF5
146	28DE	00	FDF5
146	28DF	00	FDF5
146	28E0	00	FDF5
146	28E1	00	FDF5
146	28E2	00	FDF5
146	28E3	00	FDF5
146	28E4	00	FDF5
146	28E5	00	FDF5
146	28E6	00	FDF5
146	28E7	00	FDF5
146	28E8	00	FDF5
146	28E9	00	FDF5
146	28EA	00	FDF5
146	28EB	00	FDF5
146	28EC	00	FDF5
146	28ED	00	FDF5
146	28EE	00	FDF5
146	28EF	00	FDF5
146	28F0	00	FDF5
146	28F1	00	FDF5
146	28F2	00	FDF5
146	28F3	00	FDF5
146	28F4	00	FDF5
146	28F5	00	FDF5
146	28F6	00	FDF5
146	28F7	00	FDF5
146	28F8	00	FDF5
146	28F9	00	FDF5
146	28FA	00	FDF5
146	28FB	00	FDF5
146	28FC	00	FDF5
146	28FD	00	FDF5
146	28FE	00	FDF5
146	28FF	00	FDF5
146	2900	00	FDF5
146	2901	00	FDF5
146	2902	00	FDF5
146	2903	00	FDF5
146	2904	00	FDF5
146	2905	00	FDF5
146	2906	00	FDF5
146	2907	00	FDF5
146	2908	00	FDF5
146	2909	00	FDF5
146	290A	00	FDF5
146	290B	00	FDF5
146	290C	00	FDF5
146	290D	00	FDF5
146	290E	00	FDF5
146	290F	00	FDF5
146	2910	00	FDF5
146	2911	00	FDF5
146	2912	00	FDF5
146	2913	00	FDF5
146	2914	00	FDF5
146	2915	00	FDF5
146	2916	00	FDF5
146	2917	00	FDF5
146	2918	00	FDF5
146	2919	00	FDF5
146	291A	00	FDF5
146	291B	00	FDF5
146	291C	00	FDF5
146	291D	00	FDF5
146	291E	00	FDF5
146	291F	00	FDF5
146	2920	00	FDF5
146	2921	00	FDF5
146	2922	00	FDF5
146	2923	00	FDF5
146	2924	00	FDF5
146	2925	00	FDF5
146	2926	00	FDF5
146	2927	00	FDF5
146	2928	00	FDF5
146	2929	00	FDF5
146	292A	00	FDF5
146	292B	00	FDF5
146	292C	00	FDF5
146	292D	00	FDF5
146	292E	00	FDF5
146	292F	00	FDF5
146	2930	00	FDF5
146	2931	00	FDF5
146	2932	00	FDF5
146	2933	00	FDF5
146	2934	00	FDF5
146	2935	00	FDF5
146	2936	00	FDF5
146	2937	00	FDF5
146	2938	00	FDF5
146	2939	00	FDF5
146	293A	00	FDF5
146	293B	00	FDF5
146	293C	00	FDF5
146	293D	00	FDF5
146	293E	00	FDF5
146	293F	00	FDF5
146	2940	00	FDF5
146	2941	00	FDF5
146	2942	00	FDF5
146	2943	00	FDF5
146	2944	00	FDF5
146	2945	00	FDF5
146	2946	00	FDF5
146	2947	00	FDF5
146	2948	00	FDF5
146	2949	00	FDF5
146	294A	00	FDF5
146	294B	00	FDF5
146	294C	00	FDF5
146	294D	00	FDF5
146	294E	00	FDF5
146	294F	00	FDF5
146	2950	00	FDF5
146	2951	00	FDF5
146	2952	00	FDF5
146	2953	00	FDF5
146	2954	00	FDF5
146	2955	00	FDF5
146	2956	00	FDF5
146	2957	00	FDF5
146	2958	00	FDF5
146	2959	00	FDF5
146	295A	00	FDF5
146	295B	00	FDF5
146	295C	00	FDF5
146	295D	00	FDF5
146	295E	00	FDF5
146	295F	00	FDF5
146	2960	00	FDF5
146	2961	00	FDF5
146	2962	00	FDF5
146	2963	00	FDF5
146	2964	00	FDF5
146	2965	00	FDF5
146	2966	00	FDF5
147	2967	00	FDF5
147	2968	00	FDF5
147	2969	00	FDF5
147	296A	00	FDF5
147	296B	00	FDF5
147	296C	00	FDF5
147	296D	00	FDF5
147	296E	00	FDF5
147	296F	00	FDF5
147	2970	00	FDF5
147	2971	00	FDF5
147	2972	00	FDF5
147	2973	00	FDF5
147	2974	00	FDF5
147	2975	00	FDF5
147	2976	00	FDF5
147	2977	00	FDF5
147	2978	00	FDF5
147	2979	00	FDF5
147	297A	00	FDF5
147	297B	00	FDF5
147	297C	00	FDF5
147	297D	00	FDF5
147	297E	00	FDF5
147	297F	00	FDF5
147	2980	00	FDF5
147	2981	00	FDF5
147	2982	00	FDF5
147	2983	00	FDF5
147	2984	00	FDF5
147	2985	00	FDF5
147	2986	00	FDF5
147	2987	00	FDF5
147	2988	00	FDF5
147	2989	00	FDF5
147	298A	00	FDF5
147	298B	00	FDF5
147	298C	00	FDF5
147	298D	00	FDF5
147	298E	00	FDF5
147	298F	00	FDF5
147	2990	00	FDF5
147	2991	00	FDF5
147	2992	00	FDF5
147	2993	00	FDF5
147	2994	00	FDF5
147	2995	00	FDF5
147	2996	00	FDF5
147	2997	00	FDF5
147	2998	00	FDF5
147	2999	00	FDF5
147	299A	00	FDF5
147	299B	00	FDF5
147	299C	00	FDF5
147	299D	00	FDF5
147	299E	00	FDF5
147	299F	00	FDF5
147	29A0	00	FDF5
147	29A1	00	FDF5
147	29A2	00	FDF5
147	29A3	00	FDF5
147	29A4	00	FDF5
147	29A5	00	FDF5
147	29A6	00	FDF5
147	29A7	00	FDF5
147	29A8	00	FDF5
147	29A9	00	FDF5
147	29AA	00	FDF5
147	29AB	00	FDF5
147	29AC	00	FDF5
147	29AD	00	FDF5
147	29AE	00	FDF5
147	29AF	00	FDF5
147	29B0	00	FDF5
147	29B1	00	FDF5
147	29B2	00	FDF5
147	29B3	00	FDF5
147	29B4	00	FDF5
147	29B5	00	FDF5
147	29B6	00	FDF5
147	29B7	00	FDF5
147	29B8	00	FDF5
147	29B9	00	FDF5
147	29BA	00	FDF5
147	29BB	00	FDF5
147	29BC	00	FDF5
147	29BD	00	FDF5
147	29BE	00	FDF5
147	29BF	00	FDF5
147	29C0	00	FDF5
147	29C1	00	FDF5
147	29C2	00	FDF5
147	29C3	00	FDF5
147	29C4	00	FDF5
147	29C5	00	FDF5
147	29C6	00	FDF5
147	29C7	00	FDF5
147	29C8	00	FDF5
147	29C9	00	FDF5
147	29CA	00	FDF5
147	29CB	00	FDF5
147	29CC	00	FDF5
147	29CD	00	FDF5
147	29CE	00	FDF5
147	29CF	00	FDF5
147	29D0	00	FDF5
147	29D1	00	FDF5
147	29D2	00	FDF5
147	29D3	00	FDF5
147	29D4	00	FDF5
147	29D5	00	FDF5
147	29D6	00	FDF5
147	29D7	00	FDF5
147	29D8	00	FDF5
147	29D9	00	FDF5
147	29DA	00	FDF5
147	29DB	00	FDF5
147	29DC	00	FDF5
147	29DD	00	FDF5
147	29DE	00	FDF5
147	29DF	00	FDF5
147	29E0	00	FDF5
147	29E1	00	FDF5
147	29E2	00	FDF5
147	29E3	00	FDF5
147	29E4	00	FDF5
147	29E5	00	FDF5
147	29E6	00	FDF5
147	29E7	00	FDF5
147	29E8	00	FDF5
147	29E9	00	FDF5
147	29EA	00	FDF5
147	29EB	00	FDF5
147	29EC	00	FDF5
147	29ED	00	FDF5
147	29EE	00	FDF5
147	29EF	00	FDF5
147	29F0	00	FDF5
147	29F1	00	FDF5
147	29F2	00	FDF5
147	29F3	00	FDF5
147	29F4	00	FDF5
147	29F5	00	FDF5
147	29F6	00	FDF5
147	29F7	00	FDF5
147	29F8	00	FDF5
147	29F9	00	FDF5
147	29FA	00	FDF5
147	29FB	00	FDF5
147	29FC	00	FDF5
147	29FD	00	FDF5
147	29FE	00	FDF5
147	29FF	00	FDF5
147	2A00	00	FDF5
147	2A01	00	FDF5
147	2A02	00	FDF5
147	2A03	00	FDF5
147	2A04	00	FDF5
147	2A05	00	FDF5
147	2A06	00	FDF5
147	2A07	00	FDF5
147	2A08	00	FDF5
147	2A09	00	FDF5
147	2A0A	00	FDF5
147	2A0B	00	FDF5
147	2A0C	00	FDF5
147	2A0D	00	FDF5
147	2A0E	00	FDF5
147	2A0F	00	FDF5
147	2A10	00	FDF5
147	2A11	00	FDF5
147	2A12	00	FDF5
147	2A13	00	FDF5
147	2A14	00	FDF5
147	2A15	00	FDF5
147	2A16	00	FDF5
147	2A17	00	FDF5
147	2A18	00	FDF5
147	2A19	00	FDF5
147	2A1A	00	FDF5
147	2A1B	00	FDF5
147	2A1C	00	FDF5
147	2A1D	00	FDF5
147	2A1E	00	FDF5
147	2A1F	00	FDF5
147	2A20	00	FDF5
147	2A21	00	FDF5
147	2A22	00	FDF5
147	2A23	00	FDF5
147	2A24	00	FDF5
147	2A25	00	FDF5
147	2A26	00	FDF5
147	2A27	00	FDF5
147	2A28	00	FDF5
147	2A29	00	FDF5
147	2A2A	00	FDF5
147	2A2B	00	FDF5
147	2A2C	00	FDF5
147	2A2D	00	FDF5
147	2A2E	00	FDF5
147	2A2F	00	FDF5
147	2A30	00	FDF5
147	2A31	00	FDF5
147	2A32	00	FDF5
147	2A33	00	FDF5
147	2A34	00	FDF5
147	2A35	00	FDF5
147	2A36	00	FDF5
147	2A37	00	FDF5
147	2A38	00	FDF5
147	2A39	00	FDF5
147	2A3A	00	FDF5
147	2A3B	00	FDF5
147	2A3C	00	FDF5
147	2A3D	00	FDF5
147	2A3E	00	FDF5
147	2A3F	00	FDF5
147	2A40	00	FDF5
147	2A41	00	FDF5
147	2A42	00	FDF5
147	2A43	00	FDF5
147	2A44	00	FDF5
147	2A45	00	FDF5
147	2A46	00	FDF5
147	2A47	00	FDF5
147	2A48	00	FDF5
147	2A49	00	FDF5
147	2A4A	00	FDF5
147	2A4B	00	FDF5
147	2A4C	00	FDF5
147	2A4D	00	FDF5
147	2A4E	00	FDF5
147	2A4F	00	FDF5
147	2A50	00	FDF5
147	2A51	00	FDF5
147	2A52	00	FDF5
147	2A53	00	FDF5
147	2A54	00	FDF5
147	2A55	00	FDF5
147	2A56	00	FDF5
147	2A57	00	FDF5
147	2A58	00	FDF5
147	2A59	00	FDF5
147	2A5A	00	FDF5
147	2A5B	00	FDF5
147	2A5C	00	FDF5
147	2A5D	00	FDF5
147	2A5E	00	FDF5
147	2A5F	00	FDF5
147	2A60	00	FDF5
147	2A61	00	FDF5
147	2A62	00	FDF5
147	2A63	00	FDF5
147	2A64	00	FDF5
147	2A65	00	FDF5
147	2A66	00	FDF5
147	2A67	00	FDF5
147	2A68	00	FDF5
147	2A69	00	FDF5
147	2A6A	00	FDF5
147	2A6B	00	FDF5
147	2A6C	00	FDF5
147	2A6D	00	FDF5
147	2A6E	00	FDF5
147	2A6F	00	FDF5
147	2A70	00	FDF5
147	2A71	00	FDF5
147	2A72	00	FDF5
147	2A73	00	FDF5
147	2A74	00	FDF5
147	2A75	00	FDF5
147	2A76	00	FDF5
147	2A77	00	FDF5
147	2A78	00	FDF5
147	2A79	00	FDF5
147	2A7A	00	FDF5
147	2A7B	00	FDF5
147	2A7C	00	FDF5
147	2A7D	00	FDF5
147	2A7E	00	FDF5
147	2A7F	00	FDF5
147	2A80	00	FDF5
147	2A81	00	FDF5
147	2A82	00	FDF5
147	2A83	00	FDF5
147	2A84	00	FDF5
147	2A85	00	FDF5
147	2A86	00	FDF5
147	2A87	00	FDF5
147	2A88	00	FDF5
147	2A89	00	FDF5
147	2A8A	00	FDF5
147	2A8B	00	FDF5
147	2A8C	00	FDF5
147	2A8D	00	FDF5
147	2A8E	00	FDF5
147	2A8F	00	FDF5
147	2A90	00	FDF5
147	2A91	00	FDF5
147	2A92	00	FDF5
147	2A93	00	FDF5
147	2A94	00	FDF5
147	2A95	00	FDF5
147	2A96	00	FDF5
147	2A97	00	FDF5
147	2A98	00	FDF5
147	2A99	00	FDF5
147	2A9A	00	FDF5
147	2A9B	00	FDF5
147	2A9C	00	FDF5
147	2A9D	00	FDF5
147	2A9E	00	FDF5
147	2A9F	00	FDF5
147	2AA0	00	FDF5
147	2AA1	00	FDF5
147	2AA2	00	FDF5
147	2AA3	00	FDF5
147	2AA4	00	FDF5
147	2AA5	00	FDF5
147	2AA6	00	FDF5
147	2AA7	00	FDF5
147	2AA8	00	FDF5
147	2AA9	00	FDF5
147	2AAA	00	FDF5
147	2AAB	00	FDF5
147	2AAC	00	FDF5
147	2AAD	00	FDF5
147	2AAE	00	FDF5
147	2AAF	00	FDF5
147	2AB0	00	FDF5
147	2AB1	00	FDF5
147	2AB2	00	FDF5
147	2AB3	00	FDF5
147	2AB4	00	FDF5
147	2AB5	00	FDF5
147	2AB6	00	FDF5
147	2AB7	00	FDF5
147	2AB8	00	FDF5
147	2AB9	00	FDF5
147	2ABA	00	FDF5
147	2ABB	00	FDF5
147	2ABC	00	FDF5
147	2ABD	00	FDF5
147	2ABE	00	FDF5
147	2ABF	00	FDF5
147	2AC0	00	FDF5
147	2AC1	00	FDF5
147	2AC2	00	FDF5
147	2AC3	00	FDF5
147	2AC4	00	FDF5
147	2AC5	00	FDF5
147	2AC6	00	FDF5
147	2AC7	00	FDF5
147	2AC8	00	FDF5
147	2AC9	00	FDF5
147	2ACA	00	FDF5
147	2ACB	00	FDF5
147	2ACC	00	FDF5
147	2ACD	00	FDF5
147	2ACE	00	FDF5
147	2ACF	00	FDF5
147	2AD0	00	FDF5
147	2AD1	00	FDF5
147	2AD2	00	FDF5
147	2AD3	00	FDF5
147	2AD4	00	FDF5
147	2AD5	00	FDF5
147	2AD6	00	FDF5
147	2AD7	00	FDF5
147	2AD8	00	FDF5
147	2AD9	00	FDF5
147	2ADA	00	FDF5
147	2ADB	00	FDF5
147	2ADC	00	FDF5
147	2ADD	00	FDF5
147	2ADE	00	FDF5
147	2ADF	00	FDF5
147	2AE0	00	FDF5
147	2AE1	00	FDF5
147	2AE2	00	FDF5
147	2AE3	00	FDF5
147	2AE4	00	FDF5
147	2AE5	00	FDF5
147	2AE6	00	FDF5
147	2AE7	00	FDF5
147	2AE8	00	FDF5
147	2AE9	00	FDF5
147	2AEA	00	FDF5
147	2AEB	00	FDF5
147	2AEC	00	FDF5
147	2AED	00	FDF5
147	2AEE	00	FDF5
147	2AEF	00	FDF5
147	2AF0	00	FDF5
147	2AF1	00	FDF5
147	2AF2	00	FDF5
147	2AF3	00	FDF5
147	2AF4	00	FDF5
147	2AF5	00	FDF5
147	2AF6	00	FDF5
147	2AF7	00	FDF5
147	2AF8	00	FDF5
147	2AF9	00	FDF5
147	2AFA	00	FDF5
147	2AFB	00	FDF5
147	2AFC	00	FDF5
147	2AFD	00	FDF5
147	2AFE	00	FDF5
147	2AFF	00	FDF5
147	2B00	00	FDF5
147	2B01	00	FDF5
147	2B02	00	FDF5
147	2B03	00	FDF5
147	2B04	00	FDF5
147	2B05	00	FDF5
147	2B06	00	FDF5
147	2B07	00	FDF5
147	2B08	00	FDF5
147	2B09	00	FDF5
147	2B0A	00	FDF5
147	2B0B	00	FDF5
147	2B0C	00	FDF5
147	2B0D	00	FDF5
147	2B0E	00	FDF5
147	2B0F	00	FDF5
147	2B10	00	FDF5
147	2B11	00	FDF5
147	2B12	00	FDF5
147	2B13	00	FDF5
147	2B14	00	FDF5
147	2B15	00	FDF5
147	2B16	00	FDF5
147	2B17	00	FDF5
147	2B18	00	FDF5
147	2B19	00	FDF5
147	2B1A	00	FDF5
147	2B1B	00	FDF5
147	2B1C	00	FDF5
147	2B1D	00	FDF5
147	2B1E	00	FDF5
147	2B1F	00	FDF5
147	2B20	00	FDF5
147	2B21	00	FDF5
147	2B22	00	FDF5
147	2B23	00	FDF5
147	2B24	00	FDF5
147	2B25	00	FDF5
147	2B26	00	FDF5
147	2B27	00	FDF5
147	2B28	00	FDF5
147	2B29	00	FDF5
147	2B2A	00	FDF5
147	2B2B	00	FDF5
147	2B2C	00	FDF5
147	2B2D	00	FDF5
147	2B2E	00	FDF5
147	2B2F	00	FDF5
147	2B30	00	FDF5
147	2B31	00	FDF5
147	2B32	00	FDF5
147	2B33	00	FDF5
147	2B34	00	FDF5
147	2B35	00	FDF5
147	2B36	00	FDF5
147	2B37	00	FDF5
147	2B38	00	FDF5
147	2B39	00	FDF5
147	2B3A	00	FDF5
147	2B3B	00	FDF5
147	2B3C	00	FDF5
147	2B3D	00	FDF5
147	2B3E	00	FDF5
147	2B3F	00	FDF5
147	2B40	00	FDF5
147	2B41	00	FDF5
147	2B42	00	FDF5
147	2B43	00	FDF5
147	2B44	00	FDF5
147	2B45	00	FDF5
147	2B46	00	FDF5
147	2B47	00	FDF5
147	2B48	00	FDF5
147	2B49	00	FDF5
147	2B4A	00	FDF5
147	2B4B	00	FDF5
147	2B4C	00	FDF5
147	2B4D	00	FDF5
147	2B4E	00	FDF5
147	2B4F	00	FDF5
147	2B50	00	FDF5
147	2B51	00	FDF5
147	2B52	00	FDF5
147	2B53	00	FDF5
147	2B54	00	FDF5
147	2B55	00	FDF5
147	2B56	00	FDF5
147	2B57	00	FDF5
147	2B58	00	FDF5
147	2B59	00	FDF5
147	2B5A	00	FDF5
147	2B5B	00	FDF5
147	2B5C	00	FDF5
147	2B5D	00	FDF5
147	2B5E	00	FDF5
147	2B5F	00	FDF5
147	2B60	00	FDF5
147	2B61	00	FDF5
147	2B62	00	FDF5
147	2B63	00	FDF5
147	2B64	00	FDF5
147	2B65	00	FDF5
147	2B66	00	FDF5
147	2B67	00	FDF5
147	2B68	00	FDF5
147	2B69	00	FDF5
147	2B6A	00	FDF5
147	2B6B	00	FDF5
147	2B6C	00	FDF5
147	2B6D	00	FDF5
147	2B6E	00	FDF5
147	2B6F	00	FDF5
147	2B70	00	FDF5
147	2B71	00	FDF5
147	2B72	00	FDF5
147	2B73	00	FDF5
147	2B74	00	FDF5
147	2B75	00	FDF5
147	2B76	00	FDF5
147	2B77	00	FDF5
147	2B78	00	FDF5
147	2B79	00	FDF5
147	2B7A	00	FDF5
147	2B7B	00	FDF5
147	2B7C	00	FDF5
147	2B7D	00	FDF5
147	2B7E	00	FDF5
147	2B7F	00	FDF5
147	2B80	00	FDF5
147	2B81	00	FDF5
147	2B82	00	FDF5
147	2B83	00	FDF5
147	2B84	00	FDF5
147	2B85	00	FDF5
147	2B86	00	FDF5
147	2B87	00	FDF5
147	2B88	00	FDF5
147	2B89	00	FDF5
147	2B8A	00	FDF5
147	2B8B	00	FDF5
147	2B8C	00	FDF5
147	2B8D	00	FDF5
147	2B8E	00	FDF5
147	2B8F	00	FDF5
147	2B90	00	FDF5
147	2B91	00	FDF5
147	2B92	00	FDF5
147	2B93	00	FDF5
147	2B94	00	FDF5
147	2B95	00	FDF5
147	2B96	00	FDF5
147	2B97	00	FDF5
147	2B98	00	FDF5
147	2B99	00	FDF5
147	2B9A	00	FDF5
147	2B9B	00	FDF5
147	2B9C	00	FDF5
147	2B9D	00	FDF5
147	2B9E	00	FDF5
147	2B9F	00	FDF5
147	2BA0	00	FDF5
147	2BA1	00	FDF5
147	2BA2	00	FDF5
147	2BA3	00	FDF5
147	2BA4	00	FDF5
147	2BA5	00	FDF5
147	2BA6	00	FDF5
147	2BA7	00	FDF5
147	2BA8	00	FDF5
147	2BA9	00	FDF5
147	2BAA	00	FDF5
147	2BAB	00	FDF5
147	2BAC	00	FDF5
147	2BAD	00	FDF5
147	2BAE	00	FDF5
147	2BAF	00	FDF5
147	2BB0	00	FDF5
147	2BB1	00	FDF5
147	2BB2	00	FDF5
147	2BB3	00	FDF5
147	2BB4	00	FDF5
147	2BB5	00	FDF5
147	2BB6	00	FDF5
147	2BB7	00	FDF5
147	2BB8	00	FDF5
147	2BB9	00	FDF5
147	2BBA	00	FDF5
147	2BBB	00	FDF5
147	2BBC	00	FDF5
147	2BBD	00	FDF5
147	2BBE	00	FDF5
147	2BBF	00	FDF5
147	2BC0	00	FDF5
147	2BC1	00	FDF5
147	2BC2	00	FDF5
147	2BC3	00	FDF5
147	2BC4	00	FDF5
147	2BC5	00	FDF5
147	2BC6	00	FDF5
147	2BC7	00	FDF5
147	2BC8	00	FDF5
147	2BC9	00	FDF5
147	2BCA	00	FDF5
147	2BCB	00	FDF5
147	2BCC	00	FDF5
147	2BCD	00	FDF5
147	2BCE	00	FDF5
147	2BCF	00	FDF5
147	2BD0	00	FDF5
147	2BD1	00	FDF5
147	2BD2	00	FDF5
147	2BD3	00	FDF5
147	2BD4	00	FDF5
147	2BD5	00	FDF5
147	2BD6	00	FDF5
147	2BD7	00	FDF5
147	2BD8	00	FDF5
147	2BD9	00	FDF5
147	2BDA	00	FDF5
147	2BDB	00	FDF5
147	2BDC	00	FDF5
147	2BDD	00	FDF5
147	2BDE	00	FDF5
147	2BDF	00	FDF5
147	2BE0	00	FDF5
147	2BE1	00	FDF5
147	2BE2	00	FDF5
147	2BE3	00	FDF5
147	2BE4	00	FDF5
147	2BE5	00	FDF5
147	2BE6	00	FDF5
147	2BE7	00	FDF5
147	2BE8	00	FDF5
147	2BE9	00	FDF5
147	2BEA	00	FDF5
147	2BEB	00	FDF5
147	2BEC	00	FDF5
147	2BED	00	FDF5
147	2BEE	00	FDF5
147	2BEF	00	FDF5
147	2BF0	00	FDF5
147	2BF1	00	FDF5
147	2BF2	00	FDF5
147	2BF3	00	FDF5
147	2BF4	00	FDF5
147	2BF5	00	FDF5
147	2BF6	00	FDF5
147	2BF7	00	FDF5
147	2BF8	00	FDF5
147	2BF9	00	FDF5
147	2BFA	00	FDF5
147	2BFB	00	FDF5
147	2BFC	00	FDF5
147	2BFD	00	FDF5
147	2BFE	00	FDF5
147	2BFF	00	FDF5
147	2BC0	00	FE12
147	2BC1	00	FE12
147	2BC2	00	FE12
147	2BC3	00	FE12
147	2BC4	00	FE12
147	2BC5	00	FE12
147	2BC6	00	FE12
147	2BC7	00	FE12
147	2BC8	00	FE12
147	2BC9	00	FE12
147	2BCA	00	FE12
147	2BCB	00	FE12
147	2BCC	00	FE12
147	2BCD	00	FE12
147	2BCE	00	FE12
147	2BCF	00	FE12
147	2BD0	00	FE12
147	2BD1	00	FE12
147	2BD2	00	FE12
147	2BD3	00	FE12
147	2BD4	00	FE12
147	2BD5	00	FE12
147	2BD6	00	FE12
147	2BD7	00	FE12
147	2BD8	00	FE12
147	2BD9	00	FE12
147	2BDA	00	FE12
147	2BDB	00	FE12
147	2BDC	00	FE12
147	2BDD	00	FE12
147	2BDE	00	FE12
147	2BDF	00	FE12
147	2BE0	00	FE12
147	2BE1	00	FE12
147	2BE2	00	FE12
147	2BE3	00	FE12
147	2BE4	00	FE12
147	2BE5	00	FE12
147	2BE6	00	FE12
147	2BE7	00	FE12
147	2BE8	00	FE12
147	2BE9	00	FE12
147	2BEA	00	FE12
147	2BEB	00	FE12
147	2BEC	00	FE12
147	2BED	00	FE12
147	2BEE	00	FE12
147	2BEF	00	FE12
147	2BF0	00	FE12
147	2BF1	00	FE12
147	2BF2	00	FE12
147	2BF3	00	FE12
147	2BF4	00	FE12
147	2BF5	00	FE12
147	2BF6	00	FE12
147	2BF7	00	FE12
147	2BF8	00	FE12
147	2BF9	00	FE12
147	2BFA	00	FE12
147	2BFB	00	FE12
147	2BFC	00	FE12
147	2BFD	00	FE12
147	2BFE	00	FE12
147	2BFF	00	FE12
150	2300	00	D705
150	2301	00	D70C
150	2302	00	D713
150	2303	00	D71A
150	2304	00	D721
150	2305	00	D728
150	2306	00	D72F
150	2307	00	D736
150	2308	00	D73D
150	2309	00	D744
150	230A	00	D74B
150	230B	00	D752
150	230C	00	D759
150	230D	00	D760
150	230E	00	D767
150	230F	00	D76E
150	2310	00	D775
150	2311	00	D77C
150	2312	00	D783
150	2313	00	D78A
150	2314	00	D791
150	2315	00	D798
150	2316	00	D79F
150	2317	00	D7A6
150	2318	00	D7AD
150	2319	00	D7B4
150	231A	00	D7BB
150	231B	00	D7C2
150	231C	00	D7C9
150	231D	00	D7D0
150	231E	00	D7D7
150	231F	00	D7DE
150	2320	00	D705
150	2321	00	D70C
150	2322	00	D713
150	2323	00	D71A
150	2324	00	D721
150	2325	00	D728
150	2326	00	D72F
150	2327	00	D736
150	2328	00	D73D
150	2329	00	D744
150	232A	00	D74B
150	232B	00	D752
150	232C	00	D759
150	232D	00	D760
150	232E	00	D767
150	232F	00	D76E
150	2330	00	D775
150	2331	00	D77C
150	2332	00	D783
150	2333	00	D78A
150	2334	00	D791
150	2335	00	D798
150	2336	00	D79F
150	2337	00	D7A6
150	2338	00	D7AD
150	2339	00	D7B4
150	233A	00	D7BB
150	233B	00	D7C2
150	233C	00	D7C9
150	233D	00	D7D0
150	233E	00	D7D7
150	233F	00	D7DE
151	2340	00	D705
151	2341	00	D70C
151	2342	00	D713
151	2343	00	D71A
151	2344	00	D721
151	2345	00	D728
151	2346	00	D72F
151	2347	00	D736
151	2348	00	D73D
151	2349	00	D744
151	234A	00	D74B
151	234B	00	D752
151	234C	00	D759
151	234D	00	D760
151	234E	00	D767
151	234F	00	D76E
151	2350	00	D775
151	2351	00	D77C
151	2352	00	D783
151	2353	00	D78A
151	2354	00	D791
151	2355	00	D798
151	2356	00	D79F
151	2357	00	D7A6
151	2358	00	D7AD
151	2359	00	D7B4
151	235A	00	D7BB
151	235B	00	D7C2
151	235C	00	D7C9
151	235D	00	D7D0
151	235E	00	D7D7
151	235F	00	D7DE
151	2360	00	D705
151	2361	00	D70C
151	2362	00	D713
151	2363	00	D71A
151	2364	00	D721
151	2365	00	D728
151	2366	00	D72F
151	2367	00	D736
151	2368	00	D73D
151	2369	00	D744
151	236A	00	D74B
151	236B	00	D752
151	236C	00	D759
151	236D	00	D760
151	236E	00	D767
151	236F	00	D76E
151	2370	00	D775
151	2371	00	D77C
151	2372	00	D783
151	2373	00	D78A
151	2374	00	D791
151	2375	00	D798
151	2376	00	D79F
151	2377	00	D7A6
151	2378	00	D7AD
151	2379	00	D7B4
151	237A	00	D7BB
151	237B	00	D7C2
151	237C	00	D7C9
151	237D	00	D7D0
151	237E	00	D7D7
151	237F	00	D7DE
215	2302	00	D7D7
215	2322	94	D7DE
217	2303	00	D7D7
217	2323	8E	D7DE
219	2304	00	D7D7
219	2324	00	D7DE
221	2305	00	D7D7
221	2325	98	D7DE
223	2306	00	D7D7
223	2326	8F	D7DE
223	2300	00	D705
223	2301	00	D70C
223	2302	00	D713
223	2303	00	D71A
223	2304	00	D721
223	2305	00	D728
223	2306	00	D72F
223	2307	00	D736
223	2308	00	D73D
223	2309	00	D744
223	230A	00	D74B
223	230B	00	D752
223	230C	00	D759
223	230D	00	D760
223	230E	00	D767
223	230F	00	D76E
223	2310	00	D775
223	2311	00	D77C
223	2312	00	D783
223	2313	00	D78A
223	2314	00	D791
223	2315	00	D798
223	2316	00	D79F
223	2317	00	D7A6
223	2318	00	D7AD
223	2319	00	D7B4
223	231A	00	D7BB
223	231B	00	D7C2
223	231C	00	D7C9
223	231D	00	D7D0
223	231E	00	D7D7
223	231F	00	D7DE
224	2320	00	D705
224	2321	00	D70C
224	2322	00	D713
224	2323	00	D71A
224	2324	00	D721
224	2325	00	D728
224	2326	00	D72F
224	2327	00	D736
224	2328	00	D73D
224	2329	00	D744
224	232A	00	D74B
224	232B	00	D752
224	232C	00	D759
224	232D	00	D760
224	232E	00	D767
224	232F	00	D76E
224	2330	00	D775
224	2331	00	D77C
224	2332	00	D783
224	2333	00	D78A
224	2334	00	D791
224	2335	00	D798
224	2336	00	D79F
224	2337	00	D7A6
224	2338	00	D7AD
224	2339	00	D7B4
224	233A	00	D7BB
224	233B	00	D7C2
224	233C	00	D7C9
224	233D	00	D7D0
224	233E	00	D7D7
224	233F	00	D7DE
224	2340	00	D705
224	2341	00	D70C
224	2342	00	D713
224	2343	00	D71A
224	2344	00	D721
224	2345	00	D728
224	2346	00	D72F
224	2347	00	D736
224	2348	00	D73D
224	2349	00	D744
224	234A	00	D74B
224	234B	00	D752
224	234C	00	D759
224	234D	00	D760
224	234E	00	D767
224	234F	00	D76E
224	2350	00	D775
224	2351	00	D77C
224	2352	00	D783
224	2353	00	D78A
224	2354	00	D791
224	2355	00	D798
224	2356	00	D79F
224	2357	00	D7A6
224	2358	00	D7AD
224	2359	00	D7B4
224	235A	00	D7BB
224	235B	00	D7C2
224	235C	00	D7C9
224	235D	00	D7D0
224	235E	00	D7D7
224	235F	00	D7DE
225	2360	00	D705
225	2361	00	D70C
225	2362	00	D713
225	2363	00	D71A
225	2364	00	D721
225	2365	00	D728
225	2366	00	D72F
225	2367	00	D736
225	2368	00	D73D
225	2369	00	D744
225	236A	00	D74B
225	236B	00	D752
225	236C	00	D759
225	236D	00	D760
225	236E	00	D767
225	236F	00	D76E
225	2370	00	D775
225	2371	00	D77C
225	2372	00	D783
225	2373	00	D78A
225	2374	00	D791
225	2375	00	D798
225	2376	00	D79F
225	2377	00	D7A6
225	2378	00	D7AD
225	2379	00	D7B4
225	237A	00	D7BB
225	237B	00	D7C2
225	237C	00	D7C9
225	237D	00	D7D0
225	237E	00	D7D7
225	237F	00	D7DE
285	2000	00	FDF5
285	2001	00	FDF5
285	2002	00	FDF5
285	2003	00	FDF5
285	2004	00	FDF5
285	2005	00	FDF5
285	2006	00	FDF5
285	2007	00	FDF5
285	2008	00	FDF5
285	2009	00	FDF5
285	200A	00	FDF5
285	200B	00	FDF5
285	200C	00	FDF5
285	200D	00	FDF5
285	200E	00	FDF5
285	200F	00	FDF5
285	2010	00	FDF5
285	2011	00	FDF5
285	2012	00	FDF5
285	2013	00	FDF5
285	2014	00	FDF5
285	2015	00	FDF5
285	2016	00	FDF5
285	2017	00	FDF5
285	2018	00	FDF5
285	2019	00	FDF5
285	201A	00	FDF5
285	201B	00	FDF5
285	201C	00	FDF5
285	201D	00	FDF5
285	201E	00	FDF5
285	201F	00	FDF5
285	2020	00	FDF5
285	2021	00	FDF5
285	2022	00	FDF5
285	2023	00	FDF5
285	2024	00	FDF5
285	2025	00	FDF5
285	2026	00	FDF5
285	2027	00	FDF5
285	2028	00	FDF5
285	2029	00	FDF5
285	202A	00	FDF5
285	202B	00	FDF5
285	202C	00	FDF5
285	202D	00	FDF5
285	202E	00	FDF5
285	202F	00	FDF5
285	2030	00	FDF5
285	2031	00	FDF5
285	2032	00	FDF5
285	2033	00	FDF5
285	2034	00	FDF5
285	2035	00	FDF5
285	2036	00	FDF5
285	2037	00	FDF5
285	2038	00	FDF5
285	2039	00	FDF5
285	203A	00	FDF5
285	203B	00	FDF5
285	203C	00	FDF5
285	203D	00	FDF5
285	203E	00	FDF5
285	203F	00	FDF5
285	2040	00	FDF5
285	2041	00	FDF5
285	2042	00	FDF5
285	2043	00	FDF5
285	2044	00	FDF5
285	2045	00	FDF5
285	2046	00	FDF5
285	2047	00	FDF5
285	2048	00	FDF5
285	2049	00	FDF5
285	204A	00	FDF5
285	204B	00	FDF5
285	204C	00	FDF5
285	204D	00	FDF5
285	204E	00	FDF5
285	204F	00	FDF5
285	2050	00	FDF5
285	2051	00	FDF5
285	2052	00	FDF5
285	2053	00	FDF5
285	2054	00	FDF5
285	2055	00	FDF5
285	2056	00	FDF5
285	2057	00	FDF5
285	2058	00	FDF5
285	2059	00	FDF5
285	205A	00	FDF5
285	205B	00	FDF5
285	205C	00	FDF5
285	205D	00	FDF5
285	205E	00	FDF5
285	205F	00	FDF5
285	2060	00	FDF5
285	2061	00	FDF5
285	2062	00	FDF5
285	2063	00	FDF5
285	2064	00	FDF5
285	2065	00	FDF5
285	2066	00	FDF5
285	2067	00	FDF5
285	2068	00	FDF5
285	2069	00	FDF5
285	206A	00	FDF5
285	206B	00	FDF5
285	206C	00	FDF5
285	206D	00	FDF5
285	206E	00	FDF5
285	206F	00	FDF5
285	2070	00	FDF5
285	2071	00	FDF5
285	2072	00	FDF5
285	2073	00	FDF5
285	2074	00	FDF5
285	2075	00	FDF5
285	2076	00	FDF5
285	2077	00	FDF5
285	2078	00	FDF5
285	2079	00	FDF5
285	207A	00	FDF5
285	207B	00	FDF5
285	207C	00	FDF5
285	207D	00	FDF5
285	207E	00	FDF5
285	207F	00	FDF5
285	2080	00	FDF5
285	2081	00	FDF5
285	2082	00	FDF5
285	2083	00	FDF5
285	2084	00	FDF5
285	2085	00	FDF5
285	2086	00	FDF5
285	2087	00	FDF5
285	2088	00	FDF5
285	2089	00	FDF5
285	208A	00	FDF5
285	208B	00	FDF5
285	208C	00	FDF5
285	208D	00	FDF5
285	208E	00	FDF5
285	208F	00	FDF5
285	2090	00	FDF5
285	2091	00	FDF5
285	2092	00	FDF5
285	2093	00	FDF5
285	2094	00	FDF5
285	2095	00	FDF5
285	2096	00	FDF5
285	2097	00	FDF5
285	2098	00	FDF5
285	2099	00	FDF5
285	209A	00	FDF5
285	209B	00	FDF5
285	209C	00	FDF5
285	209D	00	FDF5
285	209E	00	FDF5
285	209F	00	FDF5
285	20A0	00	FDF5
285	20A1	00	FDF5
285	20A2	00	FDF5
285	20A3	00	FDF5
285	20A4	00	FDF5
285	20A5	00	FDF5
285	20A6	00	FDF5
285	20A7	00	FDF5
285	20A8	00	FDF5
285	20A9	00	FDF5
285	20AA	00	FDF5
285	20AB	00	FDF5
285	20AC	00	FDF5
285	20AD	00	FDF5
285	20AE	00	FDF5
285	20AF	00	FDF5
285	20B0	00	FDF5
285	20B1	00	FDF5
285	20B2	00	FDF5
285	20B3	00	FDF5
285	20B4	00	FDF5
285	20B5	00	FDF5
285	20B6	00	FDF5
285	20B7	00	FDF5
285	20B8	00	FDF5
285	20B9	00	FDF5
285	20BA	00	FDF5
285	20BB	00	FDF5
285	20BC	00	FDF5
285	20BD	00	FDF5
285	20BE	00	FDF5
285	20BF	00	FDF5
285	20C0	00	FDF5
285	20C1	00	FDF5
285	20C2	00	FDF5
285	20C3	00	FDF5
285	20C4	00	FDF5
285	20C5	00	FDF5
285	20C6	00	FDF5
285	20C7	00	FDF5
285	20C8	00	FDF5
285	20C9	00	FDF5
285	20CA	00	FDF5
285	20CB	00	FDF5
285	20CC	00	FDF5
285	20CD	00	FDF5
285	20CE	00	FDF5
285	20CF	00	FDF5
285	20D0	00	FDF5
285	20D1	00	FDF5
285	20D2	00	FDF5
285	20D3	00	FDF5
285	20D4	00	FDF5
285	20D5	00	FDF5
285	20D6	00	FDF5
285	20D7	00	FDF5
285	20D8	00	FDF5
285	20D9	00	FDF5
285	20DA	00	FDF5
285	20DB	00	FDF5
285	20DC	00	FDF5
285	20DD	00	FDF5
285	20DE	00	FDF5
285	20DF	00	FDF5
285	20E0	00	FDF5
285	20E1	00	FDF5
285	20E2	00	FDF5
285	20E3	00	FDF5
285	20E4	00	FDF5
285	20E5	00	FDF5
285	20E6	00	FDF5
285	20E7	00	FDF5
285	20E8	00	FDF5
285	20E9	00	FDF5
285	20EA	00	FDF5
285	20EB	00	FDF5
285	20EC	00	FDF5
285	20ED	00	FDF5
285	20EE	00	FDF5
285	20EF	00	FDF5
285	20F0	00	FDF5
285	20F1	00	FDF5
285	20F2	00	FDF5
285	20F3	00	FDF5
285	20F4	00	FDF5
285	20F5	00	FDF5
285	20F6	00	FDF5
285	20F7	00	FDF5
285	20F8	00	FDF5
285	20F9	00	FDF5
285	20FA	00	FDF5
285	20FB	00	FDF5
285	20FC	00	FDF5
285	20FD	00	FDF5
285	20FE	00	FDF5
285	20FF	00	FDF5
285	2100	00	FDF5
285	2101	00	FDF5
285	2102	00	FDF5
285	2103	00	FDF5
285	2104	00	FDF5
285	2105	00	FDF5
285	2106	00	FDF5
285	2107	00	FDF5
285	2108	00	FDF5
285	2109	00	FDF5
285	210A	00	FDF5
285	210B	00	FDF5
285	210C	00	FDF5
285	210D	00	FDF5
285	210E	00	FDF5
285	210F	00	FDF5
285	2110	00	FDF5
285	2111	00	FDF5
285	2112	00	FDF5
285	2113	00	FDF5
285	2114	00	FDF5
285	2115	00	FDF5
285	2116	00	FDF5
285	2117	00	FDF5
285	2118	00	FDF5
285	2119	00	FDF5
285	211A	00	FDF5
285	211B	00	FDF5
285	211C	00	FDF5
285	211D	00	FDF5
285	211E	00	FDF5
285	211F	00	FDF5
285	2120	00	FDF5
285	2121	00	FDF5
285	2122	00	FDF5
285	2123	00	FDF5
285	2124	00	FDF5
285	2125	00	FDF5
285	2126	00	FDF5
285	2127	00	FDF5
285	2128	00	FDF5
285	2129	00	FDF5
285	212A	00	FDF5
285	212B	00	FDF5
285	212C	00	FDF5
285	212D	00	FDF5
285	212E	00	FDF5
285	212F	00	FDF5
285	2130	00	FDF5
285	2131	00	FDF5
285	2132	00	FDF5
285	2133	00	FDF5
285	2134	00	FDF5
285	2135	00	FDF5
285	2136	00	FDF5
285	2137	00	FDF5
285	2138	00	FDF5
285	2139	00	FDF5
285	213A	00	FDF5
285	213B	00	FDF5
285	213C	00	FDF5
285	213D	00	FDF5
285	213E	00	FDF5
285	213F	00	FDF5
285	2140	00	FDF5
285	2141	00	FDF5
285	2142	00	FDF5
285	2143	00	FDF5
285	2144	00	FDF5
285	2145	00	FDF5
285	2146	00	FDF5
285	2147	00	FDF5
285	2148	00	FDF5
285	2149	00	FDF5
285	214A	00	FDF5
285	214B	00	FDF5
285	214C	00	FDF5
285	214D	00	FDF5
285	214E	00	FDF5
285	214F	00	FDF5
285	2150	00	FDF5
285	2151	00	FDF5
285	2152	00	FDF5
285	2153	00	FDF5
285	2154	00	FDF5
285	2155	00	FDF5
285	2156	00	FDF5
285	2157	00	FDF5
285	2158	00	FDF5
285	2159	00	FDF5
285	215A	00	FDF5
285	215B	00	FDF5
285	215C	00	FDF5
285	215D	00	FDF5
285	215E	00	FDF5
285	215F	00	FDF5
285	2160	00	FDF5
285	2161	00	FDF5
285	2162	00	FDF5
285	2163	00	FDF5
285	2164	00	FDF5
285	2165	00	FDF5
285	2166	00	FDF5
285	2167	00	FDF5
285	2168	00	FDF5
285	2169	00	FDF5
285	216A	00	FDF5
285	216B	00	FDF5
285	216C	00	FDF5
285	216D	00	FDF5
285	216E	00	FDF5
285	216F	00	FDF5
285	2170	00	FDF5
285	2171	00	FDF5
285	2172	00	FDF5
285	2173	00	FDF5
285	2174	00	FDF5
285	2175	00	FDF5
285	2176	00	FDF5
285	2177	00	FDF5
285	2178	00	FDF5
285	2179	00	FDF5
285	217A	00	FDF5
285	217B	00	FDF5
285	217C	00	FDF5
285	217D	00	FDF5
285	217E	00	FDF5
285	217F	00	FDF5
285	2180	00	FDF5
285	2181	00	FDF5
285	2182	00	FDF5
285	2183	00	FDF5
285	2184	00	FDF5
285	2185	00	FDF5
285	2186	00	FDF5
285	2187	00	FDF5
285	2188	00	FDF5
285	2189	00	FDF5
285	218A	00	FDF5
285	218B	00	FDF5
285	218C	00	FDF5
285	218D	00	FDF5
285	218E	00	FDF5
285	218F	00	FDF5
285	2190	00	FDF5
285	2191	00	FDF5
285	2192	00	FDF5
285	2193	00	FDF5
285	2194	00	FDF5
285	2195	00	FDF5
285	2196	00	FDF5
285	2197	00	FDF5
285	2198	00	FDF5
285	2199	00	FDF5
285	219A	00	FDF5
285	219B	00	FDF5
285	219C	00	FDF5
285	219D	00	FDF5
285	219E	00	FDF5
285	219F	00	FDF5
285	21A0	00	FDF5
285	21A1	00	FDF5
285	21A2	00	FDF5
285	21A3	00	FDF5
285	21A4	00	FDF5
285	21A5	00	FDF5
285	21A6	00	FDF5
285	21A7	00	FDF5
285	21A8	00	FDF5
285	21A9	00	FDF5
285	21AA	00	FDF5
285	21AB	00	FDF5
285	21AC	00	FDF5
285	21AD	00	FDF5
285	21AE	00	FDF5
285	21AF	00	FDF5
285	21B0	00	FDF5
285	21B1	00	FDF5
285	21B2	00	FDF5
285	21B3	00	FDF5
285	21B4	00	FDF5
285	21B5	00	FDF5
285	21B6	00	FDF5
285	21B7	00	FDF5
285	21B8	00	FDF5
285	21B9	00	FDF5
285	21BA	00	FDF5
285	21BB	00	FDF5
285	21BC	00	FDF5
285	21BD	00	FDF5
285	21BE	00	FDF5
285	21BF	00	FDF5
285	21C0	00	FDF5
285	21C1	00	FDF5
285	21C2	00	FDF5
285	21C3	00	FDF5
285	21C4	00	FDF5
285	21C5	00	FDF5
285	21C6	00	FDF5
285	21C7	00	FDF5
285	21C8	00	FDF5
285	21C9	00	FDF5
285	21CA	00	FDF5
285	21CB	00	FDF5
285	21CC	00	FDF5
285	21CD	00	FDF5
285	21CE	00	FDF5
285	21CF	00	FDF5
285	21D0	00	FDF5
285	21D1	00	FDF5
285	21D2	00	FDF5
285	21D3	00	FDF5
285	21D4	00	FDF5
285	21D5	00	FDF5
285	21D6	00	FDF5
285	21D7	00	FDF5
285	21D8	00	FDF5
285	21D9	00	FDF5
285	21DA	00	FDF5
285	21DB	00	FDF5
285	21DC	00	FDF5
285	21DD	00	FDF5
285	21DE	00	FDF5
285	21DF	00	FDF5
285	21E0	00	FDF5
285	21E1	00	FDF5
285	21E2	00	FDF5
285	21E3	00	FDF5
285	21E4	00	FDF5
285	21E5	00	FDF5
285	21E6	00	FDF5
285	21E7	00	FDF5
285	21E8	00	FDF5
285	21E9	00	FDF5
285	21EA	00	FDF5
285	21EB	00	FDF5
285	21EC	00	FDF5
285	21ED	00	FDF5
285	21EE	00	FDF5
285	21EF	00	FDF5
285	21F0	00	FDF5
285	21F1	00	FDF5
285	21F2	00	FDF5
285	21F3	00	FDF5
285	21F4	00	FDF5
285	21F5	00	FDF5
285	21F6	00	FDF5
285	21F7	00	FDF5
285	21F8	00	FDF5
285	21F9	00	FDF5
285	21FA	00	FDF5
285	21FB	00	FDF5
285	21FC	00	FDF5
285	21FD	00	FDF5
285	21FE	00	FDF5
285	21FF	00	FDF5
285	2200	00	FDF5
285	2201	00	FDF5
285	2202	00	FDF5
285	2203	00	FDF5
285	2204	00	FDF5
285	2205	00	FDF5
285	2206	00	FDF5
285	2207	00	FDF5
285	2208	00	FDF5
285	2209	00	FDF5
285	220A	00	FDF5
285	220B	00	FDF5
285	220C	00	FDF5
285	220D	00	FDF5
285	220E	00	FDF5
285	220F	00	FDF5
285	2210	00	FDF5
285	2211	00	FDF5
285	2212	00	FDF5
285	2213	00	FDF5
285	2214	00	FDF5
285	2215	00	FDF5
285	2216	00	FDF5
285	2217	00	FDF5
285	2218	00	FDF5
285	2219	00	FDF5
285	221A	00	FDF5
285	221B	00	FDF5
285	221C	00	FDF5
285	221D	00	FDF5
285	221E	00	FDF5
285	221F	00	FDF5
285	2220	00	FDF5
285	2221	00	FDF5
285	2222	00	FDF5
285	2223	00	FDF5
285	2224	00	FDF5
285	2225	00	FDF5
285	2226	00	FDF5
285	2227	00	FDF5
285	2228	00	FDF5
285	2229	00	FDF5
285	222A	00	FDF5
285	222B	00	FDF5
285	222C	00	FDF5
285	222D	00	FDF5
285	222E	00	FDF5
285	222F	00	FDF5
285	2230	00	FDF5
285	2231	00	FDF5
285	2232	00	FDF5
285	2233	00	FDF5
285	2234	00	FDF5
285	2235	00	FDF5
285	2236	00	FDF5
285	2237	00	FDF5
285	2238	00	FDF5
285	2239	00	FDF5
285	223A	00	FDF5
285	223B	00	FDF5
285	223C	00	FDF5
285	223D	00	FDF5
285	223E	00	FDF5
285	223F	00	FDF5
285	2240	00	FDF5
285	2241	00	FDF5
285	2242	00	FDF5
285	2243	00	FDF5
285	2244	00	FDF5
285	2245	00	FDF5
285	2246	00	FDF5
285	2247	00	FDF5
285	2248	00	FDF5
285	2249	00	FDF5
285	224A	00	FDF5
285	224B	00	FDF5
285	224C	00	FDF5
285	224D	00	FDF5
285	224E	00	FDF5
285	224F	00	FDF5
285	2250	00	FDF5
285	2251	00	FDF5
285	2252	00	FDF5
285	2253	00	FDF5
285	2254	00	FDF5
285	2255	00	FDF5
285	2256	00	FDF5
285	2257	00	FDF5
285	2258	00	FDF5
285	2259	00	FDF5
285	225A	00	FDF5
285	225B	00	FDF5
285	225C	00	FDF5
285	225D	00	FDF5
285	225E	00	FDF5
285	225F	00	FDF5
285	2260	00	FDF5
285	2261	00	FDF5
285	2262	00	FDF5
285	2263	00	FDF5
285	2264	00	FDF5
285	2265	00	FDF5
285	2266	00	FDF5
285	2267	00	FDF5
285	2268	00	FDF5
285	2269	00	FDF5
285	226A	00	FDF5
285	226B	00	FDF5
285	226C	00	FDF5
285	226D	00	FDF5
285	226E	00	FDF5
285	226F	00	FDF5
285	2270	00	FDF5
285	2271	00	FDF5
285	2272	00	FDF5
285	2273	00	FDF5
285	2274	00	FDF5
285	2275	00	FDF5
285	2276	00	FDF5
285	2277	00	FDF5
285	2278	00	FDF5
285	2279	00	FDF5
285	227A	00	FDF5
285	227B	00	FDF5
285	227C	00	FDF5
285	227D	00	FDF5
285	227E	00	FDF5
285	227F	00	FDF5
285	2280	00	FDF5
285	2281	00	FDF5
285	2282	00	FDF5
285	2283	00	FDF5
285	2284	00	FDF5
285	2285	00	FDF5
285	2286	00	FDF5
285	2287	00	FDF5
285	2288	00	FDF5
285	2289	00	FDF5
285	228A	00	FDF5
285	228B	00	FDF5
285	228C	00	FDF5
285	228D	00	FDF5
285	228E	00	FDF5
285	228F	00	FDF5
285	2290	00	FDF5
285	2291	00	FDF5
285	2292	00	FDF5
285	2293	00	FDF5
285	2294	00	FDF5
285	2295	00	FDF5
285	2296	00	FDF5
285	2297	00	FDF5
285	2298	00	FDF5
285	2299	00	FDF5
285	229A	00	FDF5
285	229B	00	FDF5
285	229C	00	FDF5
285	229D	00	FDF5
285	229E	00	FDF5
285	229F	00	FDF5
285	22A0	00	FDF5
285	22A1	00	FDF5
285	22A2	00	FDF5
285	22A3	00	FDF5
285	22A4	00	FDF5
285	22A5	00	FDF5
285	22A6	00	FDF5
285	22A7	00	FDF5
285	22A8	00	FDF5
285	22A9	00	FDF5
285	22AA	00	FDF5
285	22AB	00	FDF5
285	22AC	00	FDF5
285	22AD	00	FDF5
285	22AE	00	FDF5
285	22AF	00	FDF5
285	22B0	00	FDF5
285	22B1	00	FDF5
285	22B2	00	FDF5
285	22B3	00	FDF5
285	22B4	00	FDF5
285	22B5	00	FDF5
285	22B6	00	FDF5
285	22B7	00	FDF5
285	22B8	00	FDF5
285	22B9	00	FDF5
285	22BA	00	FDF5
285	22BB	00	FDF5
285	22BC	00	FDF5
285	22BD	00	FDF5
285	22BE	00	FDF5
285	22BF	00	FDF5
285	22C0	00	FDF5
285	22C1	00	FDF5
285	22C2	00	FDF5
285	22C3	00	FDF5
285	22C4	00	FDF5
285	22C5	00	FDF5
285	22C6	00	FDF5
285	22C7	00	FDF5
285	22C8	00	FDF5
285	22C9	00	FDF5
285	22CA	00	FDF5
285	22CB	00	FDF5
285	22CC	00	FDF5
285	22CD	00	FDF5
285	22CE	00	FDF5
285	22CF	00	FDF5
285	22D0	00	FDF5
285	22D1	00	FDF5
285	22D2	00	FDF5
285	22D3	00	FDF5
285	22D4	00	FDF5
285	22D5	00	FDF5
285	22D6	00	FDF5
285	22D7	00	FDF5
285	22D8	00	FDF5
285	22D9	00	FDF5
285	22DA	00	FDF5
285	22DB	00	FDF5
285	22DC	00	FDF5
285	22DD	00	FDF5
285	22DE	00	FDF5
285	22DF	00	FDF5
285	22E0	00	FDF5
285	22E1	00	FDF5
285	22E2	00	FDF5
285	22E3	00	FDF5
285	22E4	00	FDF5
285	22E5	00	FDF5
285	22E6	00	FDF5
285	22E7	00	FDF5
285	22E8	00	FDF5
285	22E9	00	FDF5
285	22EA	00	FDF5
285	22EB	00	FDF5
285	22EC	00	FDF5
285	22ED	00	FDF5
285	22EE	00	FDF5
285	22EF	00	FDF5
285	22F0	00	FDF5
285	22F1	00	FDF5
285	22F2	00	FDF5
285	22F3	00	FDF5
285	22F4	00	FDF5
285	22F5	00	FDF5
285	22F6	00	FDF5
285	22F7	00	FDF5
285	22F8	00	FDF5
285	22F9	00	FDF5
285	22FA	00	FDF5
285	22FB	00	FDF5
285	22FC	00	FDF5
285	22FD	00	FDF5
285	22FE	00	FDF5
285	22FF	00	FDF5
285	2300	00	FDF5
285	2301	00	FDF5
285	2302	00	FDF5
285	2303	00	FDF5
285	2304	00	FDF5
285	2305	00	FDF5
285	2306	00	FDF5
285	2307	00	FDF5
285	2308	00	FDF5
285	2309	00	FDF5
285	230A	00	FDF5
285	230B	00	FDF5
285	230C	00	FDF5
285	230D	00	FDF5
285	230E	00	FDF5
285	230F	00	FDF5
285	2310	00	FDF5
285	2311	00	FDF5
285	2312	00	FDF5
285	2313	00	FDF5
285	2314	00	FDF5
285	2315	00	FDF5
285	2316	00	FDF5
285	2317	00	FDF5
285	2318	00	FDF5
285	2319	00	FDF5
285	231A	00	FDF5
285	231B	00	FDF5
285	231C	00	FDF5
285	231D	00	FDF5
285	231E	00	FDF5
285	231F	00	FDF5
285	2320	00	FDF5
285	2321	00	FDF5
285	2322	00	FDF5
285	2323	00	FDF5
285	2324	00	FDF5
285	2325	00	FDF5
285	2326	00	FDF5
285	2327	00	FDF5
285	2328	00	FDF5
285	2329	00	FDF5
285	232A	00	FDF5
285	232B	00	FDF5
285	232C	00	FDF5
285	232D	00	FDF5
285	232E	00	FDF5
285	232F	00	FDF5
285	2330	00	FDF5
285	2331	00	FDF5
285	2332	00	FDF5
285	2333	00	FDF5
285	2334	00	FDF5
285	2335	00	FDF5
285	2336	00	FDF5
285	2337	00	FDF5
285	2338	00	FDF5
285	2339	00	FDF5
285	233A	00	FDF5
285	233B	00	FDF5
285	233C	00	FDF5
285	233D	00	FDF5
285	233E	00	FDF5
285	233F	00	FDF5
285	2340	00	FDF5
285	2341	00	FDF5
285	2342	00	FDF5
285	2343	00	FDF5
285	2344	00	FDF5
285	2345	00	FDF5
285	2346	00	FDF5
285	2347	00	FDF5
285	2348	00	FDF5
285	2349	00	FDF5
285	234A	00	FDF5
285	234B	00	FDF5
285	234C	00	FDF5
285	234D	00	FDF5
285	234E	00	FDF5
285	234F	00	FDF5
285	2350	00	FDF5
285	2351	00	FDF5
285	2352	00	FDF5
285	2353	00	FDF5
285	2354	00	FDF5
285	2355	00	FDF5
285	2356	00	FDF5
285	2357	00	FDF5
285	2358	00	FDF5
285	2359	00	FDF5
285	235A	00	FDF5
285	235B	00	FDF5
285	235C	00	FDF5
285	235D	00	FDF5
285	235E	00	FDF5
285	235F	00	FDF5
285	2360	00	FDF5
285	2361	00	FDF5
285	2362	00	FDF5
285	2363	00	FDF5
285	2364	00	FDF5
285	2365	00	FDF5
285	2366	00	FDF5
285	2367	00	FDF5
285	2368	00	FDF5
285	2369	00	FDF5
285	236A	00	FDF5
285	236B	00	FDF5
285	236C	00	FDF5
285	236D	00	FDF5
285	236E	00	FDF5
285	236F	00	FDF5
285	2370	00	FDF5
285	2371	00	FDF5
285	2372	00	FDF5
285	2373	00	FDF5
285	2374	00	FDF5
285	2375	00	FDF5
285	2376	00	FDF5
285	2377	00	FDF5
285	2378	00	FDF5
285	2379	00	FDF5
285	237A	00	FDF5
285	237B	00	FDF5
285	237C	00	FDF5
285	237D	00	FDF5
285	237E	00	FDF5
285	237F	00	FDF5
285	2380	00	FDF5
285	2381	00	FDF5
285	2382	00	FDF5
285	2383	00	FDF5
285	2384	00	FDF5
285	2385	00	FDF5
285	2386	00	FDF5
285	2387	00	FDF5
285	2388	00	FDF5
285	2389	00	FDF5
285	238A	00	FDF5
285	238B	00	FDF5
285	238C	00	FDF5
285	238D	00	FDF5
285	238E	00	FDF5
285	238F	00	FDF5
285	2390	00	FDF5
285	2391	00	FDF5
285	2392	00	FDF5
285	2393	00	FDF5
285	2394	00	FDF5
285	2395	00	FDF5
285	2396	00	FDF5
285	2397	00	FDF5
285	2398	00	FDF5
285	2399	00	FDF5
285	239A	00	FDF5
285	239B	00	FDF5
285	239C	00	FDF5
285	239D	00	FDF5
285	239E	00	FDF5
285	239F	00	FDF5
285	23A0	00	FDF5
285	23A1	00	FDF5
285	23A2	00	FDF5
285	23A3	00	FDF5
285	23A4	00	FDF5
285	23A5	00	FDF5
285	23A6	00	FDF5
285	23A7	00	FDF5
285	23A8	00	FDF5
285	23A9	00	FDF5
285	23AA	00	FDF5
285	23AB	00	FDF5
285	23AC	00	FDF5
285	23AD	00	FDF5
285	23AE	00	FDF5
285	23AF	00	FDF5
285	23B0	00	FDF5
285	23B1	00	FDF5
285	23B2	00	FDF5
285	23B3	00	FDF5
285	23B4	00	FDF5
285	23B5	00	FDF5
285	23B6	00	FDF5
285	23B7	00	FDF5
285	23B8	00	FDF5
285	23B9	00	FDF5
285	23BA	00	FDF5
285	23BB	00	FDF5
285	23BC	00	FDF5
285	23BD	00	FDF5
285	23BE	00	FDF5
285	23BF	00	FDF5
285	23C0	00	FDF5
285	23C1	00	FDF5
285	23C2	00	FDF5
285	23C3	00	FDF5
285	23C4	00	FDF5
285	23C5	00	FDF5
285	23C6	00	FDF5
285	23C7	00	FDF5
285	23C8	00	FDF5
285	23C9	00	FDF5
285	23CA	00	FDF5
285	23CB	00	FDF5
285	23CC	00	FDF5
285	23CD	00	FDF5
285	23CE	00	FDF5
285	23CF	00	FDF5
285	23D0	00	FDF5
285	23D1	00	FDF5
285	23D2	00	FDF5
285	23D3	00	FDF5
285	23D4	00	FDF5
285	23D5	00	FDF5
285	23D6	00	FDF5
285	23D7	00	FDF5
285	23D8	00	FDF5
285	23D9	00	FDF5
285	23DA	00	FDF5
285	23DB	00	FDF5
285	23DC	00	FDF5
285	23DD	00	FDF5
285	23DE	00	FDF5
285	23DF	00	FDF5
285	23E0	00	FDF5
285	23E1	00	FDF5
285	23E2	00	FDF5
285	23E3	00	FDF5
285	23E4	00	FDF5
285	23E5	00	FDF5
285	23E6	00	FDF5
285	23E7	00	FDF5
285	23E8	00	FDF5
285	23E9	00	FDF5
285	23EA	00	FDF5
285	23EB	00	FDF5
285	23EC	00	FDF5
285	23ED	00	FDF5
285	23EE	00	FDF5
285	23EF	00	FDF5
285	23F0	00	FDF5
285	23F1	00	FDF5
285	23F2	00	FDF5
285	23F3	00	FDF5
285	23F4	00	FDF5
285	23F5	00	FDF5
285	23F6	00	FDF5
285	23F7	00	FDF5
285	23F8	00	FDF5
285	23F9	00	FDF5
285	23FA	00	FDF5
285	23FB	00	FDF5
285	23FC	00	FDF5
285	23FD	00	FDF5
285	23FE	00	FDF5
285	23FF	00	FDF5
285	23C0	00	FE12
285	23C1	00	FE12
285	23C2	00	FE12
285	23C3	00	FE12
285	23C4	00	FE12
285	23C5	00	FE12
285	23C6	00	FE12
285	23C7	00	FE12
285	23C8	00	FE12
285	23C9	00	FE12
285	23CA	00	FE12
285	23CB	00	FE12
285	23CC	00	FE12
285	23CD	00	FE12
285	23CE	00	FE12
285	23CF	00	FE12
285	23D0	00	FE12
285	23D1	00	FE12
285	23D2	00	FE12
285	23D3	00	FE12
285	23D4	00	FE12
285	23D5	00	FE12
285	23D6	00	FE12
285	23D7	00	FE12
285	23D8	00	FE12
285	23D9	00	FE12
285	23DA	00	FE12
285	23DB	00	FE12
285	23DC	00	FE12
285	23DD	00	FE12
285	23DE	00	FE12
285	23DF	00	FE12
285	23E0	00	FE12
285	23E1	00	FE12
285	23E2	00	FE12
285	23E3	00	FE12
285	23E4	00	FE12
285	23E5	00	FE12
285	23E6	00	FE12
285	23E7	00	FE12
285	23E8	00	FE12
285	23E9	00	FE12
285	23EA	00	FE12
285	23EB	00	FE12
285	23EC	00	FE12
285	23ED	00	FE12
285	23EE	00	FE12
285	23EF	00	FE12
285	23F0	00	FE12
285	23F1	00	FE12
285	23F2	00	FE12
285	23F3	00	FE12
285	23F4	00	FE12
285	23F5	00	FE12
285	23F6	00	FE12
285	23F7	00	FE12
285	23F8	00	FE12
285	23F9	00	FE12
285	23FA	00	FE12
285	23FB	00	FE12
285	23FC	00	FE12
285	23FD	00	FE12
285	23FE	00	FE12
285	23FF	00	FE12
285	2400	00	FDF5
285	2401	00	FDF5
285	2402	00	FDF5
285	2403	00	FDF5
285	2404	00	FDF5
285	2405	00	FDF5
285	2406	00	FDF5
285	2407	00	FDF5
285	2408	00	FDF5
285	2409	00	FDF5
285	240A	00	FDF5
285	240B	00	FDF5
285	240C	00	FDF5
285	240D	00	FDF5
285	240E	00	FDF5
285	240F	00	FDF5
285	2410	00	FDF5
285	2411	00	FDF5
285	2412	00	FDF5
285	2413	00	FDF5
285	2414	00	FDF5
285	2415	00	FDF5
285	2416	00	FDF5
285	2417	00	FDF5
285	2418	00	FDF5
285	2419	00	FDF5
285	241A	00	FDF5
285	241B	00	FDF5
285	241C	00	FDF5
285	241D	00	FDF5
285	241E	00	FDF5
285	241F	00	FDF5
285	2420	00	FDF5
285	2421	00	FDF5
285	2422	00	FDF5
285	2423	00	FDF5
285	2424	00	FDF5
285	2425	00	FDF5
285	2426	00	FDF5
285	2427	00	FDF5
285	2428	00	FDF5
285	2429	00	FDF5
285	242A	00	FDF5
285	242B	00	FDF5
285	242C	00	FDF5
285	242D	00	FDF5
285	242E	00	FDF5
285	242F	00	FDF5
285	2430	00	FDF5
285	2431	00	FDF5
285	2432	00	FDF5
285	2433	00	FDF5
285	2434	00	FDF5
285	2435	00	FDF5
285	2436	00	FDF5
285	2437	00	FDF5
285	2438	00	FDF5
285	2439	00	FDF5
285	243A	00	FDF5
285	243B	00	FDF5
285	243C	00	FDF5
285	243D	00	FDF5
285	243E	00	FDF5
285	243F	00	FDF5
285	2440	00	FDF5
285	2441	00	FDF5
285	2442	00	FDF5
285	2443	00	FDF5
285	2444	00	FDF5
285	2445	00	FDF5
285	2446	00	FDF5
285	2447	00	FDF5
285	2448	00	FDF5
285	2449	00	FDF5
285	244A	00	FDF5
285	244B	00	FDF5
285	244C	00	FDF5
285	244D	00	FDF5
285	244E	00	FDF5
285	244F	00	FDF5
285	2450	00	FDF5
285	2451	00	FDF5
285	2452	00	FDF5
285	2453	00	FDF5
285	2454	00	FDF5
285	2455	00	FDF5
285	2456	00	FDF5
285	2457	00	FDF5
285	2458	00	FDF5
285	2459	00	FDF5
285	245A	00	FDF5
285	245B	00	FDF5
285	245C	00	FDF5
285	245D	00	FDF5
285	245E	00	FDF5
285	245F	00	FDF5
285	2460	00	FDF5
285	2461	00	FDF5
285	2462	00	FDF5
285	2463	00	FDF5
285	2464	00	FDF5
285	2465	00	FDF5
285	2466	00	FDF5
285	2467	00	FDF5
285	2468	00	FDF5
285	2469	00	FDF5
285	246A	00	FDF5
285	246B	00	FDF5
285	246C	00	FDF5
285	246D	00	FDF5
285	246E	00	FDF5
285	246F	00	FDF5
285	2470	00	FDF5
285	2471	00	FDF5
285	2472	00	FDF5
285	2473	00	FDF5
285	2474	00	FDF5
285	2475	00	FDF5
285	2476	00	FDF5
285	2477	00	FDF5
285	2478	00	FDF5
285	2479	00	FDF5
285	247A	00	FDF5
285	247B	00	FDF5
285	247C	00	FDF5
285	247D	00	FDF5
285	247E	00	FDF5
285	247F	00	FDF5
285	2480	00	FDF5
285	2481	00	FDF5
285	2482	00	FDF5
285	2483	00	FDF5
285	2484	00	FDF5
285	2485	00	FDF5
285	2486	00	FDF5
285	2487	00	FDF5
285	2488	00	FDF5
285	2489	00	FDF5
285	248A	00	FDF5
285	248B	00	FDF5
285	248C	00	FDF5
285	248D	00	FDF5
285	248E	00	FDF5
285	248F	00	FDF5
285	2490	00	FDF5
285	2491	00	FDF5
285	2492	00	FDF5
285	2493	00	FDF5
285	2494	00	FDF5
285	2495	00	FDF5
285	2496	00	FDF5
285	2497	00	FDF5
285	2498	00	FDF5
285	2499	00	FDF5
285	249A	00	FDF5
285	249B	00	FDF5
285	249C	00	FDF5
285	249D	00	FDF5
285	249E	00	FDF5
285	249F	00	FDF5
285	24A0	00	FDF5
285	24A1	00	FDF5
285	24A2	00	FDF5
285	24A3	00	FDF5
285	24A4	00	FDF5
285	24A5	00	FDF5
285	24A6	00	FDF5
285	24A7	00	FDF5
285	24A8	00	FDF5
285	24A9	00	FDF5
285	24AA	00	FDF5
285	24AB	00	FDF5
285	24AC	00	FDF5
285	24AD	00	FDF5
285	24AE	00	FDF5
285	24AF	00	FDF5
285	24B0	00	FDF5
285	24B1	00	FDF5
285	24B2	00	FDF5
285	24B3	00	FDF5
285	24B4	00	FDF5
285	24B5	00	FDF5
285	24B6	00	FDF5
285	24B7	00	FDF5
285	24B8	00	FDF5
285	24B9	00	FDF5
285	24BA	00	FDF5
285	24BB	00	FDF5
285	24BC	00	FDF5
285	24BD	00	FDF5
285	24BE	00	FDF5
285	24BF	00	FDF5
285	24C0	00	FDF5
285	24C1	00	FDF5
285	24C2	00	FDF5
285	24C3	00	FDF5
285	24C4	00	FDF5
285	24C5	00	FDF5
285	24C6	00	FDF5
285	24C7	00	FDF5
285	24C8	00	FDF5
285	24C9	00	FDF5
285	24CA	00	FDF5
285	24CB	00	FDF5
285	24CC	00	FDF5
285	24CD	00	FDF5
285	24CE	00	FDF5
285	24CF	00	FDF5
285	24D0	00	FDF5
285	24D1	00	FDF5
285	24D2	00	FDF5
285	24D3	00	FDF5
285	24D4	00	FDF5
285	24D5	00	FDF5
285	24D6	00	FDF5
285	24D7	00	FDF5
285	24D8	00	FDF5
285	24D9	00	FDF5
285	24DA	00	FDF5
285	24DB	00	FDF5
285	24DC	00	FDF5
285	24DD	00	FDF5
285	24DE	00	FDF5
285	24DF	00	FDF5
285	24E0	00	FDF5
285	24E1	00	FDF5
285	24E2	00	FDF5
285	24E3	00	FDF5
285	24E4	00	FDF5
285	24E5	00	FDF5
285	24E6	00	FDF5
285	24E7	00	FDF5
285	24E8	00	FDF5
285	24E9	00	FDF5
285	24EA	00	FDF5
285	24EB	00	FDF5
285	24EC	00	FDF5
285	24ED	00	FDF5
285	24EE	00	FDF5
285	24EF	00	FDF5
285	24F0	00	FDF5
285	24F1	00	FDF5
285	24F2	00	FDF5
285	24F3	00	FDF5
285	24F4	00	FDF5
285	24F5	00	FDF5
285	24F6	00	FDF5
285	24F7	00	FDF5
285	24F8	00	FDF5
285	24F9	00	FDF5
285	24FA	00	FDF5
285	24FB	00	FDF5
285	24FC	00	FDF5
285	24FD	00	FDF5
285	24FE	00	FDF5
285	24FF	00	FDF5
285	2500	00	FDF5
285	2501	00	FDF5
285	2502	00	FDF5
285	2503	00	FDF5
285	2504	00	FDF5
285	2505	00	FDF5
285	2506	00	FDF5
285	2507	00	FDF5
285	2508	00	FDF5
285	2509	00	FDF5
285	250A	00	FDF5
285	250B	00	FDF5
285	250C	00	FDF5
285	250D	00	FDF5
285	250E	00	FDF5
285	250F	00	FDF5
285	2510	00	FDF5
285	2511	00	FDF5
285	2512	00	FDF5
285	2513	00	FDF5
285	2514	00	FDF5
285	2515	00	FDF5
285	2516	00	FDF5
285	2517	00	FDF5
285	2518	00	FDF5
285	2519	00	FDF5
285	251A	00	FDF5
285	251B	00	FDF5
285	251C	00	FDF5
285	251D	00	FDF5
285	251E	00	FDF5
285	251F	00	FDF5
285	2520	00	FDF5
285	2521	00	FDF5
285	2522	00	FDF5
285	2523	00	FDF5
285	2524	00	FDF5
285	2525	00	FDF5
285	2526	00	FDF5
285	2527	00	FDF5
285	2528	00	FDF5
285	2529	00	FDF5
285	252A	00	FDF5
285	252B	00	FDF5
285	252C	00	FDF5
285	252D	00	FDF5
285	252E	00	FDF5
285	252F	00	FDF5
285	2530	00	FDF5
285	2531	00	FDF5
285	2532	00	FDF5
285	2533	00	FDF5
285	2534	00	FDF5
285	2535	00	FDF5
285	2536	00	FDF5
285	2537	00	FDF5
285	2538	00	FDF5
285	2539	00	FDF5
285	253A	00	FDF5
285	253B	00	FDF5
285	253C	00	FDF5
285	253D	00	FDF5
285	253E	00	FDF5
285	253F	00	FDF5
285	2540	00	FDF5
285	2541	00	FDF5
285	2542	00	FDF5
285	2543	00	FDF5
285	2544	00	FDF5
285	2545	00	FDF5
285	2546	00	FDF5
285	2547	00	FDF5
285	2548	00	FDF5
285	2549	00	FDF5
285	254A	00	FDF5
285	254B	00	FDF5
285	254C	00	FDF5
285	254D	00	FDF5
285	254E	00	FDF5
285	254F	00	FDF5
285	2550	00	FDF5
285	2551	00	FDF5
285	2552	00	FDF5
285	2553	00	FDF5
285	2554	00	FDF5
285	2555	00	FDF5
285	2556	00	FDF5
285	2557	00	FDF5
285	2558	00	FDF5
285	2559	00	FDF5
285	255A	00	FDF5
285	255B	00	FDF5
285	255C	00	FDF5
285	255D	00	FDF5
285	255E	00	FDF5
285	255F	00	FDF5
285	2560	00	FDF5
285	2561	00	FDF5
285	2562	00	FDF5
285	2563	00	FDF5
285	2564	00	FDF5
285	2565	00	FDF5
285	2566	00	FDF5
285	2567	00	FDF5
285	2568	00	FDF5
285	2569	00	FDF5
285	256A	00	FDF5
285	256B	00	FDF5
285	256C	00	FDF5
285	256D	00	FDF5
285	256E	00	FDF5
285	256F	00	FDF5
285	2570	00	FDF5
285	2571	00	FDF5
285	2572	00	FDF5
285	2573	00	FDF5
285	2574	00	FDF5
285	2575	00	FDF5
285	2576	00	FDF5
285	2577	00	FDF5
285	2578	00	FDF5
285	2579	00	FDF5
285	257A	00	FDF5
285	257B	00	FDF5
285	257C	00	FDF5
285	257D	00	FDF5
285	257E	00	FDF5
285	257F	00	FDF5
285	2580	00	FDF5
285	2581	00	FDF5
285	2582	00	FDF5
285	2583	00	FDF5
285	2584	00	FDF5
285	2585	00	FDF5
285	2586	00	FDF5
285	2587	00	FDF5
285	2588	00	FDF5
285	2589	00	FDF5
285	258A	00	FDF5
285	258B	00	FDF5
285	258C	00	FDF5
285	258D	00	FDF5
285	258E	00	FDF5
285	258F	00	FDF5
285	2590	00	FDF5
285	2591	00	FDF5
285	2592	00	FDF5
285	2593	00	FDF5
285	2594	00	FDF5
285	2595	00	FDF5
285	2596	00	FDF5
285	2597	00	FDF5
285	2598	00	FDF5
285	2599	00	FDF5
285	259A	00	FDF5
285	259B	00	FDF5
285	259C	00	FDF5
285	259D	00	FDF5
285	259E	00	FDF5
285	259F	00	FDF5
285	25A0	00	FDF5
285	25A1	00	FDF5
285	25A2	00	FDF5
285	25A3	00	FDF5
285	25A4	00	FDF5
285	25A5	00	FDF5
285	25A6	00	FDF5
285	25A7	00	FDF5
285	25A8	00	FDF5
285	25A9	00	FDF5
285	25AA	00	FDF5
285	25AB	00	FDF5
285	25AC	00	FDF5
285	25AD	00	FDF5
285	25AE	00	FDF5
285	25AF	00	FDF5
285	25B0	00	FDF5
285	25B1	00	FDF5
285	25B2	00	FDF5
285	25B3	00	FDF5
285	25B4	00	FDF5
285	25B5	00	FDF5
285	25B6	00	FDF5
285	25B7	00	FDF5
285	25B8	00	FDF5
285	25B9	00	FDF5
285	25BA	00	FDF5
285	25BB	00	FDF5
285	25BC	00	FDF5
285	25BD	00	FDF5
285	25BE	00	FDF5
285	25BF	00	FDF5
285	25C0	00	FDF5
285	25C1	00	FDF5
285	25C2	00	FDF5
285	25C3	00	FDF5
285	25C4	00	FDF5
285	25C5	00	FDF5
285	25C6	00	FDF5
285	25C7	00	FDF5
285	25C8	00	FDF5
285	25C9	00	FDF5
285	25CA	00	FDF5
285	25CB	00	FDF5
285	25CC	00	FDF5
285	25CD	00	FDF5
285	25CE	00	FDF5
285	25CF	00	FDF5
285	25D0	00	FDF5
285	25D1	00	FDF5
285	25D2	00	FDF5
285	25D3	00	FDF5
285	25D4	00	FDF5
285	25D5	00	FDF5
285	25D6	00	FDF5
285	25D7	00	FDF5
285	25D8	00	FDF5
285	25D9	00	FDF5
285	25DA	00	FDF5
285	25DB	00	FDF5
285	25DC	00	FDF5
285	25DD	00	FDF5
285	25DE	00	FDF5
285	25DF	00	FDF5
285	25E0	00	FDF5
285	25E1	00	FDF5
285	25E2	00	FDF5
285	25E3	00	FDF5
285	25E4	00	FDF5
285	25E5	00	FDF5
285	25E6	00	FDF5
285	25E7	00	FDF5
285	25E8	00	FDF5
285	25E9	00	FDF5
285	25EA	00	FDF5
285	25EB	00	FDF5
285	25EC	00	FDF5
285	25ED	00	FDF5
285	25EE	00	FDF5
285	25EF	00	FDF5
285	25F0	00	FDF5
285	25F1	00	FDF5
285	25F2	00	FDF5
285	25F3	00	FDF5
285	25F4	00	FDF5
285	25F5	00	FDF5
285	25F6	00	FDF5
285	25F7	00	FDF5
285	25F8	00	FDF5
285	25F9	00	FDF5
285	25FA	00	FDF5
285	25FB	00	FDF5
285	25FC	00	FDF5
285	25FD	00	FDF5
285	25FE	00	FDF5
285	25FF	00	FDF5
285	2600	00	FDF5
285	2601	00	FDF5
285	2602	00	FDF5
285	2603	00	FDF5
285	2604	00	FDF5
285	2605	00	FDF5
285	2606	00	FDF5
285	2607	00	FDF5
285	2608	00	FDF5
285	2609	00	FDF5
285	260A	00	FDF5
285	260B	00	FDF5
285	260C	00	FDF5
285	260D	00	FDF5
285	260E	00	FDF5
285	260F	00	FDF5
285	2610	00	FDF5
285	2611	00	FDF5
285	2612	00	FDF5
285	2613	00	FDF5
285	2614	00	FDF5
285	2615	00	FDF5
285	2616	00	FDF5
285	2617	00	FDF5
285	2618	00	FDF5
285	2619	00	FDF5
285	261A	00	FDF5
285	261B	00	FDF5
285	261C	00	FDF5
285	261D	00	FDF5
285	261E	00	FDF5
285	261F	00	FDF5
285	2620	00	FDF5
285	2621	00	FDF5
285	2622	00	FDF5
285	2623	00	FDF5
285	2624	00	FDF5
285	2625	00	FDF5
285	2626	00	FDF5
285	2627	00	FDF5
285	2628	00	FDF5
285	2629	00	FDF5
285	262A	00	FDF5
285	262B	00	FDF5
285	262C	00	FDF5
285	262D	00	FDF5
285	262E	00	FDF5
285	262F	00	FDF5
285	2630	00	FDF5
285	2631	00	FDF5
285	2632	00	FDF5
285	2633	00	FDF5
285	2634	00	FDF5
285	2635	00	FDF5
285	2636	00	FDF5
285	2637	00	FDF5
285	2638	00	FDF5
285	2639	00	FDF5
285	263A	00	FDF5
285	263B	00	FDF5
285	263C	00	FDF5
285	263D	00	FDF5
285	263E	00	FDF5
285	263F	00	FDF5
285	2640	00	FDF5
285	2641	00	FDF5
285	2642	00	FDF5
285	2643	00	FDF5
285	2644	00	FDF5
285	2645	00	FDF5
285	2646	00	FDF5
285	2647	00	FDF5
285	2648	00	FDF5
285	2649	00	FDF5
285	264A	00	FDF5
285	264B	00	FDF5
285	264C	00	FDF5
285	264D	00	FDF5
285	264E	00	FDF5
285	264F	00	FDF5
285	2650	00	FDF5
285	2651	00	FDF5
285	2652	00	FDF5
285	2653	00	FDF5
285	2654	00	FDF5
285	2655	00	FDF5
285	2656	00	FDF5
285	2657	00	FDF5
285	2658	00	FDF5
285	2659	00	FDF5
285	265A	00	FDF5
285	265B	00	FDF5
285	265C	00	FDF5
285	265D	00	FDF5
285	265E	00	FDF5
285	265F	00	FDF5
285	2660	00	FDF5
285	2661	00	FDF5
285	2662	00	FDF5
285	2663	00	FDF5
285	2664	00	FDF5
285	2665	00	FDF5
285	2666	00	FDF5
285	2667	00	FDF5
285	2668	00	FDF5
285	2669	00	FDF5
285	266A	00	FDF5
285	266B	00	FDF5
285	266C	00	FDF5
285	266D	00	FDF5
285	266E	00	FDF5
285	266F	00	FDF5
285	2670	00	FDF5
285	2671	00	FDF5
285	2672	00	FDF5
285	2673	00	FDF5
285	2674	00	FDF5
285	2675	00	FDF5
285	2676	00	FDF5
285	2677	00	FDF5
285	2678	00	FDF5
285	2679	00	FDF5
285	267A	00	FDF5
285	267B	00	FDF5
285	267C	00	FDF5
285	267D	00	FDF5
285	267E	00	FDF5
285	267F	00	FDF5
285	2680	00	FDF5
285	2681	00	FDF5
285	2682	00	FDF5
285	2683	00	FDF5
285	2684	00	FDF5
285	2685	00	FDF5
285	2686	00	FDF5
285	2687	00	FDF5
285	2688	00	FDF5
285	2689	00	FDF5
285	268A	00	FDF5
285	268B	00	FDF5
285	268C	00	FDF5
285	268D	00	FDF5
285	268E	00	FDF5
285	268F	00	FDF5
285	2690	00	FDF5
285	2691	00	FDF5
285	2692	00	FDF5
285	2693	00	FDF5
285	2694	00	FDF5
285	2695	00	FDF5
285	2696	00	FDF5
285	2697	00	FDF5
285	2698	00	FDF5
285	2699	00	FDF5
285	269A	00	FDF5
285	269B	00	FDF5
285	269C	00	FDF5
285	269D	00	FDF5
285	269E	00	FDF5
285	269F	00	FDF5
285	26A0	00	FDF5
285	26A1	00	FDF5
285	26A2	00	FDF5
285	26A3	00	FDF5
285	26A4	00	FDF5
285	26A5	00	FDF5
285	26A6	00	FDF5
285	26A7	00	FDF5
285	26A8	00	FDF5
285	26A9	00	FDF5
285	26AA	00	FDF5
285	26AB	00	FDF5
285	26AC	00	FDF5
285	26AD	00	FDF5
285	26AE	00	FDF5
285	26AF	00	FDF5
285	26B0	00	FDF5
285	26B1	00	FDF5
285	26B2	00	FDF5
285	26B3	00	FDF5
285	26B4	00	FDF5
285	26B5	00	FDF5
285	26B6	00	FDF5
285	26B7	00	FDF5
285	26B8	00	FDF5
285	26B9	00	FDF5
285	26BA	00	FDF5
285	26BB	00	FDF5
285	26BC	00	FDF5
285	26BD	00	FDF5
285	26BE	00	FDF5
285	26BF	00	FDF5
285	26C0	00	FDF5
285	26C1	00	FDF5
285	26C2	00	FDF5
285	26C3	00	FDF5
285	26C4	00	FDF5
285	26C5	00	FDF5
285	26C6	00	FDF5
285	26C7	00	FDF5
285	26C8	00	FDF5
285	26C9	00	FDF5
285	26CA	00	FDF5
285	26CB	00	FDF5
285	26CC	00	FDF5
285	26CD	00	FDF5
285	26CE	00	FDF5
285	26CF	00	FDF5
285	26D0	00	FDF5
285	26D1	00	FDF5
285	26D2	00	FDF5
285	26D3	00	FDF5
285	26D4	00	FDF5
285	26D5	00	FDF5
285	26D6	00	FDF5
285	26D7	00	FDF5
285	26D8	00	FDF5
285	26D9	00	FDF5
285	26DA	00	FDF5
285	26DB	00	FDF5
285	26DC	00	FDF5
285	26DD	00	FDF5
285	26DE	00	FDF5
285	26DF	00	FDF5
285	26E0	00	FDF5
285	26E1	00	FDF5
285	26E2	00	FDF5
285	26E3	00	FDF5
285	26E4	00	FDF5
285	26E5	00	FDF5
285	26E6	00	FDF5
285	26E7	00	FDF5
285	26E8	00	FDF5
285	26E9	00	FDF5
285	26EA	00	FDF5
285	26EB	00	FDF5
285	26EC	00	FDF5
285	26ED	00	FDF5
285	26EE	00	FDF5
285	26EF	00	FDF5
285	26F0	00	FDF5
285	26F1	00	FDF5
285	26F2	00	FDF5
285	26F3	00	FDF5
285	26F4	00	FDF5
285	26F5	00	FDF5
285	26F6	00	FDF5
285	26F7	00	FDF5
285	26F8	00	FDF5
285	26F9	00	FDF5
285	26FA	00	FDF5
285	26FB	00	FDF5
285	26FC	00	FDF5
285	26FD	00	FDF5
285	26FE	00	FDF5
285	26FF	00	FDF5
285	2700	00	FDF5
285	2701	00	FDF5
285	2702	00	FDF5
285	2703	00	FDF5
285	2704	00	FDF5
285	2705	00	FDF5
285	2706	00	FDF5
285	2707	00	FDF5
285	2708	00	FDF5
285	2709	00	FDF5
285	270A	00	FDF5
285	270B	00	FDF5
285	270C	00	FDF5
285	270D	00	FDF5
285	270E	00	FDF5
285	270F	00	FDF5
285	2710	00	FDF5
285	2711	00	FDF5
285	2712	00	FDF5
285	2713	00	FDF5
285	2714	00	FDF5
285	2715	00	FDF5
285	2716	00	FDF5
285	2717	00	FDF5
285	2718	00	FDF5
285	2719	00	FDF5
285	271A	00	FDF5
285	271B	00	FDF5
285	271C	00	FDF5
285	271D	00	FDF5
285	271E	00	FDF5
285	271F	00	FDF5
285	2720	00	FDF5
285	2721	00	FDF5
285	2722	00	FDF5
285	2723	00	FDF5
285	2724	00	FDF5
285	2725	00	FDF5
285	2726	00	FDF5
285	2727	00	FDF5
285	2728	00	FDF5
285	2729	00	FDF5
285	272A	00	FDF5
285	272B	00	FDF5
285	272C	00	FDF5
285	272D	00	FDF5
285	272E	00	FDF5
285	272F	00	FDF5
285	2730	00	FDF5
285	2731	00	FDF5
285	2732	00	FDF5
285	2733	00	FDF5
285	2734	00	FDF5
285	2735	00	FDF5
285	2736	00	FDF5
285	2737	00	FDF5
285	2738	00	FDF5
285	2739	00	FDF5
285	273A	00	FDF5
285	273B	00	FDF5
285	273C	00	FDF5
285	273D	00	FDF5
285	273E	00	FDF5
285	273F	00	FDF5
285	2740	00	FDF5
285	2741	00	FDF5
285	2742	00	FDF5
285	2743	00	FDF5
285	2744	00	FDF5
285	2745	00	FDF5
285	2746	00	FDF5
285	2747	00	FDF5
285	2748	00	FDF5
285	2749	00	FDF5
285	274A	00	FDF5
285	274B	00	FDF5
285	274C	00	FDF5
285	274D	00	FDF5
285	274E	00	FDF5
285	274F	00	FDF5
285	2750	00	FDF5
285	2751	00	FDF5
285	2752	00	FDF5
285	2753	00	FDF5
285	2754	00	FDF5
285	2755	00	FDF5
285	2756	00	FDF5
285	2757	00	FDF5
285	2758	00	FDF5
285	2759	00	FDF5
285	275A	00	FDF5
285	275B	00	FDF5
285	275C	00	FDF5
285	275D	00	FDF5
285	275E	00	FDF5
285	275F	00	FDF5
285	2760	00	FDF5
285	2761	00	FDF5
285	2762	00	FDF5
285	2763	00	FDF5
285	2764	00	FDF5
285	2765	00	FDF5
285	2766	00	FDF5
285	2767	00	FDF5
285	2768	00	FDF5
285	2769	00	FDF5
285	276A	00	FDF5
285	276B	00	FDF5
285	276C	00	FDF5
285	276D	00	FDF5
285	276E	00	FDF5
285	276F	00	FDF5
285	2770	00	FDF5
285	2771	00	FDF5
285	2772	00	FDF5
285	2773	00	FDF5
285	2774	00	FDF5
285	2775	00	FDF5
285	2776	00	FDF5
285	2777	00	FDF5
285	2778	00	FDF5
285	2779	00	FDF5
285	277A	00	FDF5
285	277B	00	FDF5
285	277C	00	FDF5
285	277D	00	FDF5
285	277E	00	FDF5
285	277F	00	FDF5
285	2780	00	FDF5
285	2781	00	FDF5
285	2782	00	FDF5
285	2783	00	FDF5
285	2784	00	FDF5
285	2785	00	FDF5
285	2786	00	FDF5
285	2787	00	FDF5
285	2788	00	FDF5
285	2789	00	FDF5
285	278A	00	FDF5
285	278B	00	FDF5
285	278C	00	FDF5
285	278D	00	FDF5
285	278E	00	FDF5
285	278F	00	FDF5
285	2790	00	FDF5
285	2791	00	FDF5
285	2792	00	FDF5
285	2793	00	FDF5
285	2794	00	FDF5
285	2795	00	FDF5
285	2796	00	FDF5
285	2797	00	FDF5
285	2798	00	FDF5
285	2799	00	FDF5
285	279A	00	FDF5
285	279B	00	FDF5
285	279C	00	FDF5
285	279D	00	FDF5
285	279E	00	FDF5
285	279F	00	FDF5
285	27A0	00	FDF5
285	27A1	00	FDF5
285	27A2	00	FDF5
285	27A3	00	FDF5
285	27A4	00	FDF5
285	27A5	00	FDF5
285	27A6	00	FDF5
285	27A7	00	FDF5
285	27A8	00	FDF5
285	27A9	00	FDF5
285	27AA	00	FDF5
285	27AB	00	FDF5
285	27AC	00	FDF5
285	27AD	00	FDF5
285	27AE	00	FDF5
285	27AF	00	FDF5
285	27B0	00	FDF5
285	27B1	00	FDF5
285	27B2	00	FDF5
285	27B3	00	FDF5
285	27B4	00	FDF5
285	27B5	00	FDF5
285	27B6	00	FDF5
285	27B7	00	FDF5
285	27B8	00	FDF5
285	27B9	00	FDF5
285	27BA	00	FDF5
285	27BB	00	FDF5
285	27BC	00	FDF5
285	27BD	00	FDF5
285	27BE	00	FDF5
285	27BF	00	FDF5
285	27C0	00	FDF5
285	27C1	00	FDF5
285	27C2	00	FDF5
285	27C3	00	FDF5
285	27C4	00	FDF5
285	27C5	00	FDF5
285	27C6	00	FDF5
285	27C7	00	FDF5
285	27C8	00	FDF5
285	27C9	00	FDF5
285	27CA	00	FDF5
285	27CB	00	FDF5
285	27CC	00	FDF5
285	27CD	00	FDF5
285	27CE	00	FDF5
285	27CF	00	FDF5
285	27D0	00	FDF5
285	27D1	00	FDF5
285	27D2	00	FDF5
285	27D3	00	FDF5
285	27D4	00	FDF5
285	27D5	00	FDF5
285	27D6	00	FDF5
285	27D7	00	FDF5
285	27D8	00	FDF5
285	27D9	00	FDF5
285	27DA	00	FDF5
285	27DB	00	FDF5
285	27DC	00	FDF5
285	27DD	00	FDF5
285	27DE	00	FDF5
285	27DF	00	FDF5
285	27E0	00	FDF5
285	27E1	00	FDF5
285	27E2	00	FDF5
285	27E3	00	FDF5
285	27E4	00	FDF5
285	27E5	00	FDF5
285	27E6	00	FDF5
285	27E7	00	FDF5
285	27E8	00	FDF5
285	27E9	00	FDF5
285	27EA	00	FDF5
285	27EB	00	FDF5
285	27EC	00	FDF5
285	27ED	00	FDF5
285	27EE	00	FDF5
285	27EF	00	FDF5
285	27F0	00	FDF5
285	27F1	00	FDF5
285	27F2	00	FDF5
285	27F3	00	FDF5
285	27F4	00	FDF5
285	27F5	00	FDF5
285	27F6	00	FDF5
285	27F7	00	FDF5
285	27F8	00	FDF5
285	27F9	00	FDF5
285	27FA	00	FDF5
285	27FB	00	FDF5
285	27FC	00	FDF5
285	27FD	00	FDF5
285	27FE	00	FDF5
285	27FF	00	FDF5
285	27C0	00	FE12
285	27C1	00	FE12
285	27C2	00	FE12
285	27C3	00	FE12
285	27C4	00	FE12
285	27C5	00	FE12
285	27C6	00	FE12
285	27C7	00	FE12
285	27C8	00	FE12
285	27C9	00	FE12
285	27CA	00	FE12
285	27CB	00	FE12
285	27CC	00	FE12
285	27CD	00	FE12
285	27CE	00	FE12
285	27CF	00	FE12
285	27D0	00	FE12
285	27D1	00	FE12
285	27D2	00	FE12
285	27D3	00	FE12
285	27D4	00	FE12
285	27D5	00	FE12
285	27D6	00	FE12
285	27D7	00	FE12
285	27D8	00	FE12
285	27D9	00	FE12
285	27DA	00	FE12
285	27DB	00	FE12
285	27DC	00	FE12
285	27DD	00	FE12
285	27DE	00	FE12
285	27DF	00	FE12
285	27E0	00	FE12
285	27E1	00	FE12
285	27E2	00	FE12
285	27E3	00	FE12
285	27E4	00	FE12
285	27E5	00	FE12
285	27E6	00	FE12
285	27E7	00	FE12
285	27E8	00	FE12
285	27E9	00	FE12
285	27EA	00	FE12
285	27EB	00	FE12
285	27EC	00	FE12
285	27ED	00	FE12
285	27EE	00	FE12
285	27EF	00	FE12
285	27F0	00	FE12
285	27F1	00	FE12
285	27F2	00	FE12
285	27F3	00	FE12
285	27F4	00	FE12
285	27F5	00	FE12
285	27F6	00	FE12
285	27F7	00	FE12
285	27F8	00	FE12
285	27F9	00	FE12
285	27FA	00	FE12
285	27FB	00	FE12
285	27FC	00	FE12
285	27FD	00	FE12
285	27FE	00	FE12
285	27FF	00	FE12
285	2800	00	FDF5
285	2801	00	FDF5
285	2802	00	FDF5
285	2803	00	FDF5
285	2804	00	FDF5
285	2805	00	FDF5
285	2806	00	FDF5
285	2807	00	FDF5
285	2808	00	FDF5
285	2809	00	FDF5
285	280A	00	FDF5
285	280B	00	FDF5
285	280C	00	FDF5
285	280D	00	FDF5
285	280E	00	FDF5
285	280F	00	FDF5
285	2810	00	FDF5
285	2811	00	FDF5
285	2812	00	FDF5
285	2813	00	FDF5
285	2814	00	FDF5
285	2815	00	FDF5
285	2816	00	FDF5
285	2817	00	FDF5
285	2818	00	FDF5
285	2819	00	FDF5
285	281A	00	FDF5
285	281B	00	FDF5
285	281C	00	FDF5
285	281D	00	FDF5
285	281E	00	FDF5
285	281F	00	FDF5
285	2820	00	FDF5
285	2821	00	FDF5
285	2822	00	FDF5
285	2823	00	FDF5
285	2824	00	FDF5
285	2825	00	FDF5
285	2826	00	FDF5
285	2827	00	FDF5
285	2828	00	FDF5
285	2829	00	FDF5
285	282A	00	FDF5
285	282B	00	FDF5
285	282C	00	FDF5
285	282D	00	FDF5
285	282E	00	FDF5
285	282F	00	FDF5
285	2830	00	FDF5
285	2831	00	FDF5
285	2832	00	FDF5
285	2833	00	FDF5
285	2834	00	FDF5
285	2835	00	FDF5
285	2836	00	FDF5
285	2837	00	FDF5
285	2838	00	FDF5
285	2839	00	FDF5
285	283A	00	FDF5
285	283B	00	FDF5
285	283C	00	FDF5
285	283D	00	FDF5
285	283E	00	FDF5
285	283F	00	FDF5
285	2840	00	FDF5
285	2841	00	FDF5
285	2842	00	FDF5
285	2843	00	FDF5
285	2844	00	FDF5
285	2845	00	FDF5
285	2846	00	FDF5
285	2847	00	FDF5
285	2848	00	FDF5
285	2849	00	FDF5
285	284A	00	FDF5
285	284B	00	FDF5
285	284C	00	FDF5
285	284D	00	FDF5
285	284E	00	FDF5
285	284F	00	FDF5
285	2850	00	FDF5
285	2851	00	FDF5
285	2852	00	FDF5
285	2853	00	FDF5
285	2854	00	FDF5
285	2855	00	FDF5
285	2856	00	FDF5
285	2857	00	FDF5
285	2858	00	FDF5
285	2859	00	FDF5
285	285A	00	FDF5
285	285B	00	FDF5
285	285C	00	FDF5
285	285D	00	FDF5
285	285E	00	FDF5
285	285F	00	FDF5
285	2860	00	FDF5
285	2861	00	FDF5
285	2862	00	FDF5
285	2863	00	FDF5
285	2864	00	FDF5
285	2865	00	FDF5
285	2866	00	FDF5
285	2867	00	FDF5
285	2868	00	FDF5
285	2869	00	FDF5
285	286A	00	FDF5
285	286B	00	FDF5
285	286C	00	FDF5
285	286D	00	FDF5
285	286E	00	FDF5
285	286F	00	FDF5
285	2870	00	FDF5
285	2871	00	FDF5
285	2872	00	FDF5
285	2873	00	FDF5
285	2874	00	FDF5
285	2875	00	FDF5
285	2876	00	FDF5
285	2877	00	FDF5
285	2878	00	FDF5
285	2879	00	FDF5
285	287A	00	FDF5
285	287B	00	FDF5
285	287C	00	FDF5
285	287D	00	FDF5
285	287E	00	FDF5
285	287F	00	FDF5
285	2880	00	FDF5
285	2881	00	FDF5
285	2882	00	FDF5
285	2883	00	FDF5
285	2884	00	FDF5
285	2885	00	FDF5
285	2886	00	FDF5
285	2887	00	FDF5
285	2888	00	FDF5
285	2889	00	FDF5
285	288A	00	FDF5
285	288B	00	FDF5
285	288C	00	FDF5
285	288D	00	FDF5
285	288E	00	FDF5
285	288F	00	FDF5
285	2890	00	FDF5
285	2891	00	FDF5
285	2892	00	FDF5
285	2893	00	FDF5
285	2894	00	FDF5
285	2895	00	FDF5
285	2896	00	FDF5
285	2897	00	FDF5
285	2898	00	FDF5
285	2899	00	FDF5
285	289A	00	FDF5
285	289B	00	FDF5
285	289C	00	FDF5
285	289D	00	FDF5
285	289E	00	FDF5
285	289F	00	FDF5
285	28A0	00	FDF5
285	28A1	00	FDF5
285	28A2	00	FDF5
285	28A3	00	FDF5
285	28A4	00	FDF5
285	28A5	00	FDF5
285	28A6	00	FDF5
285	28A7	00	FDF5
285	28A8	00	FDF5
285	28A9	00	FDF5
285	28AA	00	FDF5
285	28AB	00	FDF5
285	28AC	00	FDF5
285	28AD	00	FDF5
285	28AE	00	FDF5
285	28AF	00	FDF5
285	28B0	00	FDF5
285	28B1	00	FDF5
285	28B2	00	FDF5
285	28B3	00	FDF5
285	28B4	00	FDF5
285	28B5	00	FDF5
285	28B6	00	FDF5
285	28B7	00	FDF5
285	28B8	00	FDF5
285	28B9	00	FDF5
285	28BA	00	FDF5
285	28BB	00	FDF5
285	28BC	00	FDF5
285	28BD	00	FDF5
285	28BE	00	FDF5
285	28BF	00	FDF5
285	28C0	00	FDF5
285	28C1	00	FDF5
285	28C2	00	FDF5
285	28C3	00	FDF5
285	28C4	00	FDF5
285	28C5	00	FDF5
285	28C6	00	FDF5
285	28C7	00	FDF5
285	28C8	00	FDF5
285	28C9	00	FDF5
285	28CA	00	FDF5
285	28CB	00	FDF5
285	28CC	00	FDF5
285	28CD	00	FDF5
285	28CE	00	FDF5
285	28CF	00	FDF5
285	28D0	00	FDF5
285	28D1	00	FDF5
285	28D2	00	FDF5
285	28D3	00	FDF5
285	28D4	00	FDF5
285	28D5	00	FDF5
285	28D6	00	FDF5
285	28D7	00	FDF5
285	28D8	00	FDF5
285	28D9	00	FDF5
285	28DA	00	FDF5
285	28DB	00	FDF5
285	28DC	00	FDF5
285	28DD	00	FDF5
285	28DE	00	FDF5
285	28DF	00	FDF5
285	28E0	00	FDF5
285	28E1	00	FDF5
285	28E2	00	FDF5
285	28E3	00	FDF5
285	28E4	00	FDF5
285	28E5	00	FDF5
285	28E6	00	FDF5
285	28E7	00	FDF5
285	28E8	00	FDF5
285	28E9	00	FDF5
285	28EA	00	FDF5
285	28EB	00	FDF5
285	28EC	00	FDF5
285	28ED	00	FDF5
285	28EE	00	FDF5
285	28EF	00	FDF5
285	28F0	00	FDF5
285	28F1	00	FDF5
285	28F2	00	FDF5
285	28F3	00	FDF5
285	28F4	00	FDF5
285	28F5	00	FDF5
285	28F6	00	FDF5
285	28F7	00	FDF5
285	28F8	00	FDF5
285	28F9	00	FDF5
285	28FA	00	FDF5
285	28FB	00	FDF5
285	28FC	00	FDF5
285	28FD	00	FDF5
285	28FE	00	FDF5
285	28FF	00	FDF5
285	2900	00	FDF5
285	2901	00	FDF5
285	2902	00	FDF5
285	2903	00	FDF5
285	2904	00	FDF5
285	2905	00	FDF5
285	2906	00	FDF5
285	2907	00	FDF5
285	2908	00	FDF5
285	2909	00	FDF5
285	290A	00	FDF5
285	290B	00	FDF5
285	290C	00	FDF5
285	290D	00	FDF5
285	290E	00	FDF5
285	290F	00	FDF5
285	2910	00	FDF5
285	2911	00	FDF5
285	2912	00	FDF5
285	2913	00	FDF5
285	2914	00	FDF5
285	2915	00	FDF5
285	2916	00	FDF5
285	2917	00	FDF5
285	2918	00	FDF5
285	2919	00	FDF5
285	291A	00	FDF5
285	291B	00	FDF5
285	291C	00	FDF5
285	291D	00	FDF5
285	291E	00	FDF5
285	291F	00	FDF5
285	2920	00	FDF5
285	2921	00	FDF5
285	2922	00	FDF5
285	2923	00	FDF5
285	2924	00	FDF5
285	2925	00	FDF5
285	2926	00	FDF5
285	2927	00	FDF5
285	2928	00	FDF5
285	2929	00	FDF5
285	292A	00	FDF5
285	292B	00	FDF5
285	292C	00	FDF5
285	292D	00	FDF5
285	292E	00	FDF5
285	292F	00	FDF5
285	2930	00	FDF5
285	2931	00	FDF5
285	2932	00	FDF5
285	2933	00	FDF5
285	2934	00	FDF5
285	2935	00	FDF5
285	2936	00	FDF5
285	2937	00	FDF5
285	2938	00	FDF5
285	2939	00	FDF5
285	293A	00	FDF5
285	293B	00	FDF5
285	293C	00	FDF5
285	293D	00	FDF5
285	293E	00	FDF5
285	293F	00	FDF5
285	2940	00	FDF5
285	2941	00	FDF5
285	2942	00	FDF5
285	2943	00	FDF5
285	2944	00	FDF5
285	2945	00	FDF5
285	2946	00	FDF5
285	2947	00	FDF5
285	2948	00	FDF5
285	2949	00	FDF5
285	294A	00	FDF5
285	294B	00	FDF5
285	294C	00	FDF5
285	294D	00	FDF5
285	294E	00	FDF5
285	294F	00	FDF5
285	2950	00	FDF5
285	2951	00	FDF5
285	2952	00	FDF5
285	2953	00	FDF5
285	2954	00	FDF5
285	2955	00	FDF5
285	2956	00	FDF5
285	2957	00	FDF5
285	2958	00	FDF5
285	2959	00	FDF5
285	295A	00	FDF5
285	295B	00	FDF5
285	295C	00	FDF5
285	295D	00	FDF5
285	295E	00	FDF5
285	295F	00	FDF5
285	2960	00	FDF5
285	2961	00	FDF5
285	2962	00	FDF5
285	2963	00	FDF5
285	2964	00	FDF5
285	2965	00	FDF5
285	2966	00	FDF5
285	2967	00	FDF5
285	2968	00	FDF5
285	2969	00	FDF5
285	296A	00	FDF5
285	296B	00	FDF5
285	296C	00	FDF5
285	296D	00	FDF5
285	296E	00	FDF5
285	296F	00	FDF5
285	2970	00	FDF5
285	2971	00	FDF5
285	2972	00	FDF5
285	2973	00	FDF5
285	2974	00	FDF5
285	2975	00	FDF5
285	2976	00	FDF5
285	2977	00	FDF5
285	2978	00	FDF5
285	2979	00	FDF5
285	297A	00	FDF5
285	297B	00	FDF5
285	297C	00	FDF5
285	297D	00	FDF5
285	297E	00	FDF5
285	297F	00	FDF5
285	2980	00	FDF5
285	2981	00	FDF5
285	2982	00	FDF5
285	2983	00	FDF5
285	2984	00	FDF5
285	2985	00	FDF5
285	2986	00	FDF5
285	2987	00	FDF5
285	2988	00	FDF5
285	2989	00	FDF5
285	298A	00	FDF5
285	298B	00	FDF5
285	298C	00	FDF5
285	298D	00	FDF5
285	298E	00	FDF5
285	298F	00	FDF5
285	2990	00	FDF5
285	2991	00	FDF5
285	2992	00	FDF5
285	2993	00	FDF5
285	2994	00	FDF5
285	2995	00	FDF5
285	2996	00	FDF5
285	2997	00	FDF5
285	2998	00	FDF5
285	2999	00	FDF5
285	299A	00	FDF5
285	299B	00	FDF5
285	299C	00	FDF5
285	299D	00	FDF5
285	299E	00	FDF5
285	299F	00	FDF5
285	29A0	00	FDF5
285	29A1	00	FDF5
285	29A2	00	FDF5
285	29A3	00	FDF5
285	29A4	00	FDF5
285	29A5	00	FDF5
285	29A6	00	FDF5
285	29A7	00	FDF5
285	29A8	00	FDF5
285	29A9	00	FDF5
285	29AA	00	FDF5
285	29AB	00	FDF5
285	29AC	00	FDF5
285	29AD	00	FDF5
285	29AE	00	FDF5
285	29AF	00	FDF5
285	29B0	00	FDF5
285	29B1	00	FDF5
285	29B2	00	FDF5
285	29B3	00	FDF5
285	29B4	00	FDF5
285	29B5	00	FDF5
285	29B6	00	FDF5
285	29B7	00	FDF5
285	29B8	00	FDF5
285	29B9	00	FDF5
285	29BA	00	FDF5
285	29BB	00	FDF5
285	29BC	00	FDF5
285	29BD	00	FDF5
285	29BE	00	FDF5
285	29BF	00	FDF5
285	29C0	00	FDF5
285	29C1	00	FDF5
285	29C2	00	FDF5
285	29C3	00	FDF5
285	29C4	00	FDF5
285	29C5	00	FDF5
285	29C6	00	FDF5
285	29C7	00	FDF5
285	29C8	00	FDF5
285	29C9	00	FDF5
285	29CA	00	FDF5
285	29CB	00	FDF5
285	29CC	00	FDF5
285	29CD	00	FDF5
285	29CE	00	FDF5
285	29CF	00	FDF5
285	29D0	00	FDF5
285	29D1	00	FDF5
285	29D2	00	FDF5
285	29D3	00	FDF5
285	29D4	00	FDF5
285	29D5	00	FDF5
285	29D6	00	FDF5
285	29D7	00	FDF5
285	29D8	00	FDF5
285	29D9	00	FDF5
285	29DA	00	FDF5
285	29DB	00	FDF5
285	29DC	00	FDF5
285	29DD	00	FDF5
285	29DE	00	FDF5
285	29DF	00	FDF5
285	29E0	00	FDF5
285	29E1	00	FDF5
285	29E2	00	FDF5
285	29E3	00	FDF5
285	29E4	00	FDF5
285	29E5	00	FDF5
285	29E6	00	FDF5
285	29E7	00	FDF5
285	29E8	00	FDF5
285	29E9	00	FDF5
285	29EA	00	FDF5
285	29EB	00	FDF5
285	29EC	00	FDF5
285	29ED	00	FDF5
285	29EE	00	FDF5
285	29EF	00	FDF5
285	29F0	00	FDF5
285	29F1	00	FDF5
285	29F2	00	FDF5
285	29F3	00	FDF5
285	29F4	00	FDF5
285	29F5	00	FDF5
285	29F6	00	FDF5
285	29F7	00	FDF5
285	29F8	00	FDF5
285	29F9	00	FDF5
285	29FA	00	FDF5
285	29FB	00	FDF5
285	29FC	00	FDF5
285	29FD	00	FDF5
285	29FE	00	FDF5
285	29FF	00	FDF5
285	2A00	00	FDF5
285	2A01	00	FDF5
285	2A02	00	FDF5
285	2A03	00	FDF5
285	2A04	00	FDF5
285	2A05	00	FDF5
285	2A06	00	FDF5
285	2A07	00	FDF5
285	2A08	00	FDF5
285	2A09	00	FDF5
285	2A0A	00	FDF5
285	2A0B	00	FDF5
285	2A0C	00	FDF5
285	2A0D	00	FDF5
285	2A0E	00	FDF5
285	2A0F	00	FDF5
285	2A10	00	FDF5
285	2A11	00	FDF5
285	2A12	00	FDF5
285	2A13	00	FDF5
285	2A14	00	FDF5
285	2A15	00	FDF5
285	2A16	00	FDF5
285	2A17	00	FDF5
285	2A18	00	FDF5
285	2A19	00	FDF5
285	2A1A	00	FDF5
285	2A1B	00	FDF5
285	2A1C	00	FDF5
285	2A1D	00	FDF5
285	2A1E	00	FDF5
285	2A1F	00	FDF5
285	2A20	00	FDF5
285	2A21	00	FDF5
285	2A22	00	FDF5
285	2A23	00	FDF5
285	2A24	00	FDF5
285	2A25	00	FDF5
285	2A26	00	FDF5
285	2A27	00	FDF5
285	2A28	00	FDF5
285	2A29	00	FDF5
285	2A2A	00	FDF5
285	2A2B	00	FDF5
285	2A2C	00	FDF5
285	2A2D	00	FDF5
285	2A2E	00	FDF5
285	2A2F	00	FDF5
285	2A30	00	FDF5
285	2A31	00	FDF5
285	2A32	00	FDF5
285	2A33	00	FDF5
285	2A34	00	FDF5
285	2A35	00	FDF5
285	2A36	00	FDF5
285	2A37	00	FDF5
285	2A38	00	FDF5
285	2A39	00	FDF5
285	2A3A	00	FDF5
285	2A3B	00	FDF5
285	2A3C	00	FDF5
285	2A3D	00	FDF5
285	2A3E	00	FDF5
285	2A3F	00	FDF5
285	2A40	00	FDF5
285	2A41	00	FDF5
285	2A42	00	FDF5
285	2A43	00	FDF5
285	2A44	00	FDF5
285	2A45	00	FDF5
285	2A46	00	FDF5
285	2A47	00	FDF5
285	2A48	00	FDF5
285	2A49	00	FDF5
285	2A4A	00	FDF5
285	2A4B	00	FDF5
285	2A4C	00	FDF5
285	2A4D	00	FDF5
285	2A4E	00	FDF5
285	2A4F	00	FDF5
285	2A50	00	FDF5
285	2A51	00	FDF5
285	2A52	00	FDF5
285	2A53	00	FDF5
285	2A54	00	FDF5
285	2A55	00	FDF5
285	2A56	00	FDF5
285	2A57	00	FDF5
285	2A58	00	FDF5
285	2A59	00	FDF5
285	2A5A	00	FDF5
285	2A5B	00	FDF5
285	2A5C	00	FDF5
285	2A5D	00	FDF5
285	2A5E	00	FDF5
285	2A5F	00	FDF5
285	2A60	00	FDF5
285	2A61	00	FDF5
285	2A62	00	FDF5
285	2A63	00	FDF5
285	2A64	00	FDF5
285	2A65	00	FDF5
285	2A66	00	FDF5
285	2A67	00	FDF5
285	2A68	00	FDF5
285	2A69	00	FDF5
285	2A6A	00	FDF5
285	2A6B	00	FDF5
285	2A6C	00	FDF5
285	2A6D	00	FDF5
285	2A6E	00	FDF5
285	2A6F	00	FDF5
285	2A70	00	FDF5
285	2A71	00	FDF5
285	2A72	00	FDF5
285	2A73	00	FDF5
285	2A74	00	FDF5
285	2A75	00	FDF5
285	2A76	00	FDF5
285	2A77	00	FDF5
285	2A78	00	FDF5
285	2A79	00	FDF5
285	2A7A	00	FDF5
285	2A7B	00	FDF5
285	2A7C	00	FDF5
285	2A7D	00	FDF5
285	2A7E	00	FDF5
285	2A7F	00	FDF5
285	2A80	00	FDF5
285	2A81	00	FDF5
285	2A82	00	FDF5
285	2A83	00	FDF5
285	2A84	00	FDF5
285	2A85	00	FDF5
285	2A86	00	FDF5
285	2A87	00	FDF5
285	2A88	00	FDF5
285	2A89	00	FDF5
285	2A8A	00	FDF5
285	2A8B	00	FDF5
285	2A8C	00	FDF5
285	2A8D	00	FDF5
285	2A8E	00	FDF5
285	2A8F	00	FDF5
285	2A90	00	FDF5
285	2A91	00	FDF5
285	2A92	00	FDF5
285	2A93	00	FDF5
285	2A94	00	FDF5
285	2A95	00	FDF5
285	2A96	00	FDF5
285	2A97	00	FDF5
285	2A98	00	FDF5
285	2A99	00	FDF5
285	2A9A	00	FDF5
285	2A9B	00	FDF5
285	2A9C	00	FDF5
285	2A9D	00	FDF5
285	2A9E	00	FDF5
285	2A9F	00	FDF5
285	2AA0	00	FDF5
285	2AA1	00	FDF5
285	2AA2	00	FDF5
285	2AA3	00	FDF5
285	2AA4	00	FDF5
285	2AA5	00	FDF5
285	2AA6	00	FDF5
285	2AA7	00	FDF5
285	2AA8	00	FDF5
285	2AA9	00	FDF5
285	2AAA	00	FDF5
285	2AAB	00	FDF5
285	2AAC	00	FDF5
285	2AAD	00	FDF5
285	2AAE	00	FDF5
285	2AAF	00	FDF5
285	2AB0	00	FDF5
285	2AB1	00	FDF5
285	2AB2	00	FDF5
285	2AB3	00	FDF5
285	2AB4	00	FDF5
285	2AB5	00	FDF5
285	2AB6	00	FDF5
285	2AB7	00	FDF5
285	2AB8	00	FDF5
285	2AB9	00	FDF5
285	2ABA	00	FDF5
285	2ABB	00	FDF5
285	2ABC	00	FDF5
285	2ABD	00	FDF5
285	2ABE	00	FDF5
285	2ABF	00	FDF5
285	2AC0	00	FDF5
285	2AC1	00	FDF5
285	2AC2	00	FDF5
285	2AC3	00	FDF5
285	2AC4	00	FDF5
285	2AC5	00	FDF5
285	2AC6	00	FDF5
285	2AC7	00	FDF5
285	2AC8	00	FDF5
285	2AC9	00	FDF5
285	2ACA	00	FDF5
285	2ACB	00	FDF5
285	2ACC	00	FDF5
285	2ACD	00	FDF5
285	2ACE	00	FDF5
285	2ACF	00	FDF5
285	2AD0	00	FDF5
285	2AD1	00	FDF5
285	2AD2	00	FDF5
285	2AD3	00	FDF5
285	2AD4	00	FDF5
285	2AD5	00	FDF5
285	2AD6	00	FDF5
285	2AD7	00	FDF5
285	2AD8	00	FDF5
285	2AD9	00	FDF5
285	2ADA	00	FDF5
285	2ADB	00	FDF5
285	2ADC	00	FDF5
285	2ADD	00	FDF5
285	2ADE	00	FDF5
285	2ADF	00	FDF5
285	2AE0	00	FDF5
285	2AE1	00	FDF5
285	2AE2	00	FDF5
285	2AE3	00	FDF5
285	2AE4	00	FDF5
285	2AE5	00	FDF5
285	2AE6	00	FDF5
285	2AE7	00	FDF5
285	2AE8	00	FDF5
285	2AE9	00	FDF5
285	2AEA	00	FDF5
285	2AEB	00	FDF5
285	2AEC	00	FDF5
285	2AED	00	FDF5
285	2AEE	00	FDF5
285	2AEF	00	FDF5
285	2AF0	00	FDF5
285	2AF1	00	FDF5
285	2AF2	00	FDF5
285	2AF3	00	FDF5
285	2AF4	00	FDF5
285	2AF5	00	FDF5
285	2AF6	00	FDF5
285	2AF7	00	FDF5
285	2AF8	00	FDF5
285	2AF9	00	FDF5
285	2AFA	00	FDF5
285	2AFB	00	FDF5
285	2AFC	00	FDF5
285	2AFD	00	FDF5
285	2AFE	00	FDF5
285	2AFF	00	FDF5
285	2B00	00	FDF5
285	2B01	00	FDF5
285	2B02	00	FDF5
285	2B03	00	FDF5
285	2B04	00	FDF5
285	2B05	00	FDF5
285	2B06	00	FDF5
285	2B07	00	FDF5
285	2B08	00	FDF5
285	2B09	00	FDF5
285	2B0A	00	FDF5
285	2B0B	00	FDF5
285	2B0C	00	FDF5
285	2B0D	00	FDF5
285	2B0E	00	FDF5
285	2B0F	00	FDF5
285	2B10	00	FDF5
285	2B11	00	FDF5
285	2B12	00	FDF5
285	2B13	00	FDF5
285	2B14	00	FDF5
285	2B15	00	FDF5
285	2B16	00	FDF5
285	2B17	00	FDF5
285	2B18	00	FDF5
285	2B19	00	FDF5
285	2B1A	00	FDF5
285	2B1B	00	FDF5
285	2B1C	00	FDF5
285	2B1D	00	FDF5
285	2B1E	00	FDF5
285	2B1F	00	FDF5
285	2B20	00	FDF5
285	2B21	00	FDF5
285	2B22	00	FDF5
285	2B23	00	FDF5
285	2B24	00	FDF5
285	2B25	00	FDF5
285	2B26	00	FDF5
285	2B27	00	FDF5
285	2B28	00	FDF5
285	2B29	00	FDF5
285	2B2A	00	FDF5
285	2B2B	00	FDF5
285	2B2C	00	FDF5
285	2B2D	00	FDF5
285	2B2E	00	FDF5
285	2B2F	00	FDF5
285	2B30	00	FDF5
285	2B31	00	FDF5
285	2B32	00	FDF5
285	2B33	00	FDF5
285	2B34	00	FDF5
285	2B35	00	FDF5
285	2B36	00	FDF5
285	2B37	00	FDF5
285	2B38	00	FDF5
285	2B39	00	FDF5
285	2B3A	00	FDF5
285	2B3B	00	FDF5
285	2B3C	00	FDF5
285	2B3D	00	FDF5
285	2B3E	00	FDF5
285	2B3F	00	FDF5
285	2B40	00	FDF5
285	2B41	00	FDF5
285	2B42	00	FDF5
285	2B43	00	FDF5
285	2B44	00	FDF5
285	2B45	00	FDF5
285	2B46	00	FDF5
285	2B47	00	FDF5
285	2B48	00	FDF5
285	2B49	00	FDF5
285	2B4A	00	FDF5
285	2B4B	00	FDF5
285	2B4C	00	FDF5
285	2B4D	00	FDF5
285	2B4E	00	FDF5
285	2B4F	00	FDF5
285	2B50	00	FDF5
285	2B51	00	FDF5
285	2B52	00	FDF5
285	2B53	00	FDF5
285	2B54	00	FDF5
285	2B55	00	FDF5
285	2B56	00	FDF5
285	2B57	00	FDF5
285	2B58	00	FDF5
285	2B59	00	FDF5
285	2B5A	00	FDF5
285	2B5B	00	FDF5
285	2B5C	00	FDF5
285	2B5D	00	FDF5
285	2B5E	00	FDF5
285	2B5F	00	FDF5
285	2B60	00	FDF5
285	2B61	00	FDF5
285	2B62	00	FDF5
285	2B63	00	FDF5
285	2B64	00	FDF5
285	2B65	00	FDF5
285	2B66	00	FDF5
285	2B67	00	FDF5
285	2B68	00	FDF5
285	2B69	00	FDF5
285	2B6A	00	FDF5
285	2B6B	00	FDF5
285	2B6C	00	FDF5
285	2B6D	00	FDF5
285	2B6E	00	FDF5
285	2B6F	00	FDF5
285	2B70	00	FDF5
285	2B71	00	FDF5
285	2B72	00	FDF5
285	2B73	00	FDF5
285	2B74	00	FDF5
285	2B75	00	FDF5
285	2B76	00	FDF5
285	2B77	00	FDF5
285	2B78	00	FDF5
285	2B79	00	FDF5
285	2B7A	00	FDF5
285	2B7B	00	FDF5
285	2B7C	00	FDF5
285	2B7D	00	FDF5
285	2B7E	00	FDF5
285	2B7F	00	FDF5
285	2B80	00	FDF5
285	2B81	00	FDF5
285	2B82	00	FDF5
285	2B83	00	FDF5
285	2B84	00	FDF5
285	2B85	00	FDF5
285	2B86	00	FDF5
285	2B87	00	FDF5
285	2B88	00	FDF5
285	2B89	00	FDF5
285	2B8A	00	FDF5
285	2B8B	00	FDF5
285	2B8C	00	FDF5
285	2B8D	00	FDF5
285	2B8E	00	FDF5
285	2B8F	00	FDF5
285	2B90	00	FDF5
285	2B91	00	FDF5
285	2B92	00	FDF5
285	2B93	00	FDF5
285	2B94	00	FDF5
285	2B95	00	FDF5
285	2B96	00	FDF5
285	2B97	00	FDF5
285	2B98	00	FDF5
285	2B99	00	FDF5
285	2B9A	00	FDF5
285	2B9B	00	FDF5
285	2B9C	00	FDF5
285	2B9D	00	FDF5
286	2B9E	00	FDF5
286	2B9F	00	FDF5
286	2BA0	00	FDF5
286	2BA1	00	FDF5
286	2BA2	00	FDF5
286	2BA3	00	FDF5
286	2BA4	00	FDF5
286	2BA5	00	FDF5
286	2BA6	00	FDF5
286	2BA7	00	FDF5
286	2BA8	00	FDF5
286	2BA9	00	FDF5
286	2BAA	00	FDF5
286	2BAB	00	FDF5
286	2BAC	00	FDF5
286	2BAD	00	FDF5
286	2BAE	00	FDF5
286	2BAF	00	FDF5
286	2BB0	00	FDF5
286	2BB1	00	FDF5
286	2BB2	00	FDF5
286	2BB3	00	FDF5
286	2BB4	00	FDF5
286	2BB5	00	FDF5
286	2BB6	00	FDF5
286	2BB7	00	FDF5
286	2BB8	00	FDF5
286	2BB9	00	FDF5
286	2BBA	00	FDF5
286	2BBB	00	FDF5
286	2BBC	00	FDF5
286	2BBD	00	FDF5
286	2BBE	00	FDF5
286	2BBF	00	FDF5
286	2BC0	00	FDF5
286	2BC1	00	FDF5
286	2BC2	00	FDF5
286	2BC3	00	FDF5
286	2BC4	00	FDF5
286	2BC5	00	FDF5
286	2BC6	00	FDF5
286	2BC7	00	FDF5
286	2BC8	00	FDF5
286	2BC9	00	FDF5
286	2BCA	00	FDF5
286	2BCB	00	FDF5
286	2BCC	00	FDF5
286	2BCD	00	FDF5
286	2BCE	00	FDF5
286	2BCF	00	FDF5
286	2BD0	00	FDF5
286	2BD1	00	FDF5
286	2BD2	00	FDF5
286	2BD3	00	FDF5
286	2BD4	00	FDF5
286	2BD5	00	FDF5
286	2BD6	00	FDF5
286	2BD7	00	FDF5
286	2BD8	00	FDF5
286	2BD9	00	FDF5
286	2BDA	00	FDF5
286	2BDB	00	FDF5
286	2BDC	00	FDF5
286	2BDD	00	FDF5
286	2BDE	00	FDF5
286	2BDF	00	FDF5
286	2BE0	00	FDF5
286	2BE1	00	FDF5
286	2BE2	00	FDF5
286	2BE3	00	FDF5
286	2BE4	00	FDF5
286	2BE5	00	FDF5
286	2BE6	00	FDF5
286	2BE7	00	FDF5
286	2BE8	00	FDF5
286	2BE9	00	FDF5
286	2BEA	00	FDF5
286	2BEB	00	FDF5
286	2BEC	00	FDF5
286	2BED	00	FDF5
286	2BEE	00	FDF5
286	2BEF	00	FDF5
286	2BF0	00	FDF5
286	2BF1	00	FDF5
286	2BF2	00	FDF5
286	2BF3	00	FDF5
286	2BF4	00	FDF5
286	2BF5	00	FDF5
286	2BF6	00	FDF5
286	2BF7	00	FDF5
286	2BF8	00	FDF5
286	2BF9	00	FDF5
286	2BFA	00	FDF5
286	2BFB	00	FDF5
286	2BFC	00	FDF5
286	2BFD	00	FDF5
286	2BFE	00	FDF5
286	2BFF	00	FDF5
286	2BC0	00	FE12
286	2BC1	00	FE12
286	2BC2	00	FE12
286	2BC3	00	FE12
286	2BC4	00	FE12
286	2BC5	00	FE12
286	2BC6	00	FE12
286	2BC7	00	FE12
286	2BC8	00	FE12
286	2BC9	00	FE12
286	2BCA	00	FE12
286	2BCB	00	FE12
286	2BCC	00	FE12
286	2BCD	00	FE12
286	2BCE	00	FE12
286	2BCF	00	FE12
286	2BD0	00	FE12
286	2BD1	00	FE12
286	2BD2	00	FE12
286	2BD3	00	FE12
286	2BD4	00	FE12
286	2BD5	00	FE12
286	2BD6	00	FE12
286	2BD7	00	FE12
286	2BD8	00	FE12
286	2BD9	00	FE12
286	2BDA	00	FE12
286	2BDB	00	FE12
286	2BDC	00	FE12
286	2BDD	00	FE12
286	2BDE	00	FE12
286	2BDF	00	FE12
286	2BE0	00	FE12
286	2BE1	00	FE12
286	2BE2	00	FE12
286	2BE3	00	FE12
286	2BE4	00	FE12
286	2BE5	00	FE12
286	2BE6	00	FE12
286	2BE7	00	FE12
286	2BE8	00	FE12
286	2BE9	00	FE12
286	2BEA	00	FE12
286	2BEB	00	FE12
286	2BEC	00	FE12
286	2BED	00	FE12
286	2BEE	00	FE12
286	2BEF	00	FE12
286	2BF0	00	FE12
286	2BF1	00	FE12
286	2BF2	00	FE12
286	2BF3	00	FE12
286	2BF4	00	FE12
286	2BF5	00	FE12
286	2BF6	00	FE12
286	2BF7	00	FE12
286	2BF8	00	FE12
286	2BF9	00	FE12
286	2BFA	00	FE12
286	2BFB	00	FE12
286	2BFC	00	FE12
286	2BFD	00	FE12
286	2BFE	00	FE12
286	2BFF	00	FE12
303	2080	82	D759
303	20A0	92	D760
303	20C0	8B	D767
303	20E0	80	D76E
303	2100	02	D775
303	2120	AE	D77C
303	2140	02	D783
303	2160	51	D78A
303	2180	16	D791
303	21A0	26	D798
303	21C0	10	D79F
303	21E0	20	D7A6
303	2200	07	D7AD
303	2220	03	D7B4
303	2240	03	D7BB
303	2260	08	D7C2
303	2280	03	D7C9
303	22A0	09	D7D0
303	22C0	03	D7D7
303	22E0	03	D7DE
303	23C8	A6	D7DE
303	23D0	67	D7DE
303	23D8	25	D7DE
303	23E0	55	D7DE
303	23E8	55	D7DE
303	2081	83	D759
303	20A1	93	D760
303	20C1	8C	D767
303	20E1	9C	D76E
303	2101	02	D775
303	2121	AF	D77C
303	2141	02	D783
303	2161	51	D78A
303	2181	17	D791
303	21A1	27	D798
303	21C1	11	D79F
303	21E1	21	D7A6
303	2201	07	D7AD
303	2221	08	D7B4
303	2241	03	D7BB
303	2261	08	D7C2
303	2281	03	D7C9
303	22A1	03	D7D0
303	22C1	09	D7D7
303	22E1	3C	D7DE
303	2082	D8	D759
303	20A2	D4	D760
303	20C2	CA	D767
303	20E2	DA	D76E
303	2102	D6	D775
303	2122	E8	D77C
303	2142	D8	D783
303	2162	E8	D78A
303	2182	D8	D791
303	21A2	D4	D798
303	21C2	EA	D79F
303	21E2	FA	D7A6
303	2202	07	D7AD
303	2222	03	D7B4
303	2242	03	D7BB
303	2262	03	D7C2
303	2282	03	D7C9
303	22A2	03	D7D0
303	22C2	03	D7D7
303	22E2	03	D7DE
303	2083	D9	D759
303	20A3	D5	D760
303	20C3	CB	D767
303	20E3	DB	D76E
303	2103	D7	D775
303	2123	E9	D77C
303	2143	D9	D783
303	2163	E9	D78A
303	2183	D9	D791
303	21A3	D5	D798
303	21C3	EB	D79F
303	21E3	FB	D7A6
303	2203	07	D7AD
303	2223	03	D7B4
303	2243	03	D7BB
303	2263	09	D7C2
303	2283	03	D7C9
303	22A3	09	D7D0
303	22C3	3C	D7D7
303	22E3	08	D7DE
303	23C8	A6	D7DE
303	23D0	67	D7DE
303	23D8	25	D7DE
303	23E0	55	D7DE
303	23E8	55	D7DE
303	2084	02	D759
303	20A4	8C	D760
303	20C4	80	D767
303	20E4	90	D76E
303	2104	02	D775
303	2124	02	D77C
303	2144	02	D783
303	2164	51	D78A
303	2184	18	D791
303	21A4	28	D798
303	21C4	EA	D79F
303	21E4	FA	D7A6
303	2204	07	D7AD
303	2224	08	D7B4
303	2244	03	D7BB
303	2264	03	D7C2
303	2284	03	D7C9
303	22A4	03	D7D0
303	22C4	03	D7D7
303	22E4	03	D7DE
303	23C9	66	D7DE
303	23D1	66	D7DE
303	23D9	85	D7DE
303	23E1	55	D7DE
303	23E9	55	D7DE
303	2085	02	D759
303	20A5	8D	D760
303	20C5	81	D767
303	20E5	91	D76E
303	2105	02	D775
303	2125	02	D77C
303	2145	02	D783
303	2165	51	D78A
303	2185	19	D791
303	21A5	29	D798
304	21C5	EB	D79F
304	21E5	FB	D7A6
304	2205	07	D7AD
304	2225	03	D7B4
304	2245	03	D7BB
304	2265	08	D7C2
304	2285	03	D7C9
304	22A5	09	D7D0
304	22C5	03	D7D7
304	22E5	03	D7DE
304	2086	D8	D759
304	20A6	E8	D760
304	20C6	D8	D767
304	20E6	E8	D76E
304	2106	D8	D775
304	2126	E8	D77C
304	2146	D8	D783
304	2166	E8	D78A
304	2186	D8	D791
304	21A6	D4	D798
304	21C6	10	D79F
304	21E6	20	D7A6
304	2206	07	D7AD
304	2226	08	D7B4
304	2246	08	D7BB
304	2266	03	D7C2
304	2286	09	D7C9
304	22A6	08	D7D0
304	22C6	03	D7D7
304	22E6	3C	D7DE
304	2087	D9	D759
304	20A7	E9	D760
304	20C7	D9	D767
304	20E7	E9	D76E
304	2107	D9	D775
304	2127	E9	D77C
304	2147	D9	D783
304	2167	E9	D78A
304	2187	D9	D791
304	21A7	D5	D798
304	21C7	11	D79F
304	21E7	21	D7A6
304	2207	07	D7AD
304	2227	03	D7B4
304	2247	03	D7BB
304	2267	03	D7C2
304	2287	03	D7C9
304	22A7	3C	D7D0
304	22C7	03	D7D7
304	22E7	03	D7DE
304	23C9	66	D7DE
304	23D1	66	D7DE
304	23D9	85	D7DE
304	23E1	55	D7DE
304	23E9	55	D7DE
304	2088	8C	D759
304	20A8	9C	D760
304	20C8	8C	D767
304	20E8	9C	D76E
304	2108	02	D775
304	2128	02	D77C
304	2148	E6	D783
304	2168	F6	D78A
304	2188	9E	D791
304	21A8	84	D798
304	21C8	84	D79F
304	21E8	9B	D7A6
304	2208	07	D7AD
304	2228	03	D7B4
304	2248	08	D7BB
304	2268	0A	D7C2
304	2288	36	D7C9
304	22A8	2B	D7D0
304	22C8	2B	D7D7
304	22E8	2B	D7DE
304	23CA	A6	D7DE
304	23D2	77	D7DE
304	23DA	84	D7DE
304	23E2	55	D7DE
304	23EA	55	D7DE
304	2089	8D	D759
304	20A9	9D	D760
304	20C9	8D	D767
304	20E9	9D	D76E
304	2109	E6	D775
304	2129	F6	D77C
304	2149	00	D783
304	2169	00	D78A
304	2189	9F	D791
304	21A9	8A	D798
304	21C9	8A	D79F
304	21E9	BF	D7A6
304	2209	07	D7AD
304	2229	03	D7B4
304	2249	03	D7BB
304	2269	0A	D7C2
304	2289	66	D7C9
304	22A9	77	D7D0
304	22C9	77	D7D7
304	22E9	77	D7DE
304	208A	D8	D759
304	20AA	D4	D760
304	20CA	CA	D767
304	20EA	DA	D76E
304	210A	D6	D775
304	212A	E8	D77C
304	214A	D8	D783
304	216A	E8	D78A
304	218A	D8	D791
304	21AA	D4	D798
304	21CA	10	D79F
304	21EA	20	D7A6
304	220A	07	D7AD
304	222A	08	D7B4
304	224A	03	D7BB
304	226A	0A	D7C2
304	228A	62	D7C9
304	22AA	65	D7D0
304	22CA	77	D7D7
304	22EA	77	D7DE
304	208B	D9	D759
304	20AB	D5	D760
304	20CB	CB	D767
304	20EB	DB	D76E
304	210B	D7	D775
304	212B	E9	D77C
304	214B	D9	D783
304	216B	E9	D78A
304	218B	D9	D791
304	21AB	D5	D798
304	21CB	11	D79F
304	21EB	21	D7A6
304	220B	07	D7AD
304	222B	03	D7B4
304	224B	03	D7BB
304	226B	0A	D7C2
304	228B	62	D7C9
304	22AB	66	D7D0
304	22CB	77	D7D7
304	22EB	77	D7DE
304	23CA	A6	D7DE
304	23D2	77	D7DE
304	23DA	84	D7DE
304	23E2	55	D7DE
304	23EA	55	D7DE
304	208C	00	D759
304	20AC	00	D760
304	20CC	E7	D767
304	20EC	F7	D76E
304	210C	8C	D775
304	212C	9C	D77C
304	214C	02	D783
304	216C	2A	D78A
304	218C	18	D791
304	21AC	28	D798
304	21CC	10	D79F
304	21EC	20	D7A6
304	220C	07	D7AD
304	222C	08	D7B4
304	224C	03	D7BB
304	226C	0A	D7C2
304	228C	10	D7C9
304	22AC	20	D7D0
304	22CC	65	D7D7
304	22EC	77	D7DE
304	23CB	FA	D7DE
304	23D3	FA	D7DE
304	23DB	A5	D7DE
304	23E3	55	D7DE
304	23EB	5A	D7DE
304	208D	CA	D759
304	20AD	DA	D760
304	20CD	02	D767
304	20ED	02	D76E
304	210D	8D	D775
304	212D	9D	D77C
304	214D	02	D783
304	216D	2A	D78A
304	218D	19	D791
304	21AD	29	D798
304	21CD	11	D79F
304	21ED	21	D7A6
304	220D	07	D7AD
304	222D	03	D7B4
304	224D	03	D7BB
304	226D	0A	D7C2
304	228D	11	D7C9
304	22AD	21	D7D0
304	22CD	66	D7D7
304	22ED	77	D7DE
305	208E	8C	D759
305	20AE	9C	D760
305	20CE	02	D767
305	20EE	02	D76E
305	210E	8E	D775
305	212E	83	D77C
305	214E	02	D783
305	216E	2A	D78A
305	218E	42	D791
305	21AE	52	D798
305	21CE	10	D79F
305	21EE	20	D7A6
305	220E	07	D7AD
305	222E	08	D7B4
305	224E	03	D7BB
305	226E	0A	D7C2
305	228E	10	D7C9
305	22AE	20	D7D0
305	22CE	62	D7D7
305	22EE	65	D7DE
305	208F	8D	D759
305	20AF	9D	D760
305	20CF	02	D767
305	20EF	AC	D76E
305	210F	02	D775
305	212F	02	D77C
305	214F	02	D783
305	216F	2A	D78A
305	218F	43	D791
305	21AF	53	D798
305	21CF	11	D79F
305	21EF	21	D7A6
305	220F	07	D7AD
305	222F	03	D7B4
305	224F	03	D7BB
305	226F	0A	D7C2
305	228F	11	D7C9
305	22AF	21	D7D0
305	22CF	62	D7D7
305	22EF	66	D7DE
305	23CB	FA	D7DE
305	23D3	FA	D7DE
305	23DB	A5	D7DE
305	23E3	55	D7DE
305	23EB	5A	D7DE
305	2090	8E	D759
305	20B0	83	D760
305	20D0	02	D767
305	20F0	AD	D76E
305	2110	02	D775
305	2130	02	D77C
305	2150	02	D783
305	2170	2A	D78A
305	2190	44	D791
305	21B0	54	D798
305	21D0	6F	D79F
305	21F0	6E	D7A6
305	2210	30	D7AD
305	2230	40	D7B4
305	2250	31	D7BB
305	2270	41	D7C2
305	2290	4F	D7C9
305	22B0	0B	D7D0
305	22D0	1C	D7D7
305	22F0	2C	D7DE
305	23CC	FA	D7DE
305	23D4	FF	D7DE
305	23DC	55	D7DE
305	23E4	55	D7DE
305	23EC	55	D7DE
305	2091	80	D759
305	20B1	02	D760
305	20D1	02	D767
305	20F1	AE	D76E
305	2111	02	D775
305	2131	02	D77C
305	2151	D0	D783
305	2171	2A	D78A
305	2191	42	D791
305	21B1	52	D798
305	21D1	5F	D79F
305	21F1	00	D7A6
305	2211	0F	D7AD
305	2231	1F	D7B4
305	2251	2F	D7BB
305	2271	3F	D7C2
305	2291	0D	D7C9
305	22B1	1D	D7D0
305	22D1	00	D7D7
305	22F1	00	D7DE
305	2092	9C	D759
305	20B2	02	D760
305	20D2	02	D767
305	20F2	AD	D76E
305	2112	02	D775
305	2132	02	D77C
305	2152	D1	D783
305	2172	2A	D78A
305	2192	43	D791
305	21B2	53	D798
305	21D2	5E	D79F
305	21F2	6E	D7A6
305	2212	0F	D7AD
305	2232	1F	D7B4
305	2252	2F	D7BB
305	2272	B2	D7C2
305	2292	0E	D7C9
305	22B2	1E	D7D0
305	22D2	00	D7D7
305	22F2	00	D7DE
305	2093	9D	D759
305	20B3	02	D760
305	20D3	02	D767
305	20F3	AD	D76E
305	2113	02	D775
305	2133	02	D77C
305	2153	D1	D783
305	2173	2A	D78A
305	2193	44	D791
305	21B3	54	D798
305	21D3	5F	D79F
305	21F3	00	D7A6
305	2213	0F	D7AD
305	2233	61	D7B4
305	2253	71	D7BB
305	2273	3F	D7C2
305	2293	4F	D7C9
305	22B3	0B	D7D0
305	22D3	1C	D7D7
305	22F3	1C	D7DE
305	23CC	FA	D7DE
305	23D4	FF	D7DE
305	23DC	55	D7DE
305	23E4	55	D7DE
305	23EC	55	D7DE
305	2094	83	D759
305	20B4	02	D760
305	20D4	02	D767
305	20F4	AE	D76E
305	2114	02	D775
305	2134	02	D77C
305	2154	D2	D783
305	2174	2A	D78A
305	2194	55	D791
305	21B4	55	D798
305	21D4	5E	D79F
305	21F4	6E	D7A6
305	2214	58	D7AD
305	2234	1F	D7B4
305	2254	2F	D7BB
305	2274	3F	D7C2
305	2294	4F	D7C9
305	22B4	00	D7D0
305	22D4	00	D7D7
305	22F4	00	D7DE
305	23CD	FE	D7DE
305	23D5	FF	D7DE
305	23DD	50	D7DE
305	23E5	55	D7DE
305	23ED	05	D7DE
305	2095	02	D759
305	20B5	02	D760
305	20D5	02	D767
305	20F5	AF	D76E
305	2115	02	D775
305	2135	A2	D77C
305	2155	D3	D783
305	2175	2A	D78A
305	2195	37	D791
305	21B5	5D	D798
305	21D5	5F	D79F
305	21F5	00	D7A6
305	2215	0F	D7AD
305	2235	1F	D7B4
305	2255	2F	D7BB
305	2275	3F	D7C2
305	2295	4F	D7C9
305	22B5	00	D7D0
305	22D5	00	D7D7
305	22F5	06	D7DE
305	2096	02	D759
305	20B6	02	D760
305	20D6	02	D767
305	20F6	02	D76E
305	2116	02	D775
305	2136	B1	D77C
305	2156	01	D783
305	2176	2A	D78A
305	2196	37	D791
305	21B6	5D	D798
305	21D6	5E	D79F
305	21F6	6E	D7A6
305	2216	0F	D7AD
305	2236	1F	D7B4
305	2256	2F	D7BB
305	2276	3F	D7C2
305	2296	4F	D7C9
305	22B6	00	D7D0
305	22D6	00	D7D7
305	22F6	06	D7DE
306	2097	02	D759
306	20B7	02	D760
306	20D7	02	D767
306	20F7	02	D76E
306	2117	A2	D775
306	2137	01	D77C
306	2157	C2	D783
306	2177	2A	D78A
306	2197	37	D791
306	21B7	5D	D798
306	21D7	5F	D79F
306	21F7	00	D7A6
306	2217	38	D7AD
306	2237	48	D7B4
306	2257	7F	D7BB
306	2277	3F	D7C2
306	2297	4F	D7C9
306	22B7	00	D7D0
306	22D7	00	D7D7
306	22F7	06	D7DE
306	23CD	FE	D7DE
306	23D5	FF	D7DE
306	23DD	50	D7DE
306	23E5	55	D7DE
306	23ED	05	D7DE
306	2098	02	D759
306	20B8	02	D760
306	20D8	02	D767
306	20F8	02	D76E
306	2118	A3	D775
306	2138	01	D77C
306	2158	C3	D783
306	2178	2A	D78A
306	2198	37	D791
306	21B8	56	D798
306	21D8	5E	D79F
306	21F8	6E	D7A6
306	2218	0F	D7AD
306	2238	1F	D7B4
306	2258	60	D7BB
306	2278	70	D7C2
306	2298	4F	D7C9
306	22B8	0B	D7D0
306	22D8	1C	D7D7
306	22F8	1C	D7DE
306	23CE	FF	D7DE
306	23D6	FF	D7DE
306	23DE	50	D7DE
306	23E6	55	D7DE
306	23EE	55	D7DE
306	2099	02	D759
306	20B9	02	D760
306	20D9	02	D767
306	20F9	94	D76E
306	2119	A4	D775
306	2139	B4	D77C
306	2159	C4	D783
306	2179	2A	D78A
306	2199	37	D791
306	21B9	57	D798
306	21D9	5F	D79F
306	21F9	00	D7A6
306	2219	0F	D7AD
306	2239	1F	D7B4
306	2259	2F	D7BB
306	2279	3F	D7C2
306	2299	0D	D7C9
306	22B9	1D	D7D0
306	22D9	00	D7D7
306	22F9	00	D7DE
306	209A	02	D759
306	20BA	02	D760
306	20DA	85	D767
306	20FA	95	D76E
306	211A	A5	D775
306	213A	B5	D77C
306	215A	C5	D783
306	217A	2A	D78A
306	219A	37	D791
306	21BA	64	D798
306	21DA	5E	D79F
306	21FA	6E	D7A6
306	221A	58	D7AD
306	223A	1F	D7B4
306	225A	2F	D7BB
306	227A	3F	D7C2
306	229A	0E	D7C9
306	22BA	1E	D7D0
306	22DA	00	D7D7
306	22FA	00	D7DE
306	209B	02	D759
306	20BB	02	D760
306	20DB	86	D767
306	20FB	96	D76E
306	211B	A6	D775
306	213B	02	D77C
306	215B	C6	D783
306	217B	2A	D78A
306	219B	63	D791
306	21BB	01	D798
306	21DB	5F	D79F
306	21FB	00	D7A6
306	221B	0F	D7AD
306	223B	1F	D7B4
306	225B	2F	D7BB
306	227B	3F	D7C2
306	229B	4F	D7C9
306	22BB	0B	D7D0
306	22DB	1C	D7D7
306	22FB	1C	D7DE
306	23CE	FF	D7DE
306	23D6	FF	D7DE
306	23DE	50	D7DE
306	23E6	55	D7DE
306	23EE	55	D7DE
306	209C	02	D759
306	20BC	02	D760
306	20DC	87	D767
306	20FC	03	D76E
306	211C	A7	D775
306	213C	B7	D77C
306	215C	C7	D783
306	217C	2A	D78A
306	219C	63	D791
306	21BC	01	D798
306	21DC	5E	D79F
306	21FC	6E	D7A6
306	221C	0F	D7AD
306	223C	61	D7B4
306	225C	71	D7BB
306	227C	3F	D7C2
306	229C	4F	D7C9
306	22BC	00	D7D0
306	22DC	00	D7D7
306	22FC	00	D7DE
306	23CF	FB	D7DE
306	23D7	FF	D7DE
306	23DF	5C	D7DE
306	23E7	55	D7DE
306	23EF	05	D7DE
306	209D	02	D759
306	20BD	02	D760
306	20DD	88	D767
306	20FD	98	D76E
306	211D	A8	D775
306	213D	B8	D77C
306	215D	C8	D783
306	217D	2A	D78A
306	219D	74	D791
306	21BD	01	D798
306	21DD	5F	D79F
306	21FD	00	D7A6
306	221D	0F	D7AD
306	223D	1F	D7B4
306	225D	2F	D7BB
306	227D	3F	D7C2
306	229D	4F	D7C9
306	22BD	00	D7D0
306	22DD	00	D7D7
306	22FD	06	D7DE
306	209E	80	D759
306	20BE	02	D760
306	20DE	89	D767
306	20FE	99	D76E
306	211E	A9	D775
306	213E	B9	D77C
306	215E	C9	D783
306	217E	2A	D78A
306	219E	50	D791
306	21BE	01	D798
306	21DE	5E	D79F
306	21FE	6E	D7A6
306	221E	38	D7AD
306	223E	48	D7B4
306	225E	2F	D7BB
306	227E	3F	D7C2
306	229E	4F	D7C9
306	22BE	00	D7D0
306	22DE	00	D7D7
306	22FE	06	D7DE
307	209F	9C	D759
307	20BF	02	D760
307	20DF	02	D767
307	20FF	9A	D76E
307	211F	AA	D775
307	213F	BA	D77C
307	215F	01	D783
307	217F	2A	D78A
307	219F	50	D791
307	21BF	01	D798
307	21DF	5F	D79F
307	21FF	00	D7A6
307	221F	0F	D7AD
307	223F	1F	D7B4
307	225F	7F	D7BB
307	227F	3F	D7C2
307	229F	4F	D7C9
307	22BF	00	D7D0
307	22DF	00	D7D7
307	22FF	06	D7DE
307	23CF	FB	D7DE
307	23D7	FF	D7DE
307	23DF	5C	D7DE
307	23E7	55	D7DE
307	23EF	05	D7DE
307	2480	82	D759
307	24A0	92	D760
307	24C0	AC	D767
307	24E0	02	D76E
307	2500	AB	D775
307	2520	BB	D77C
307	2540	CC	D783
307	2560	2A	D78A
307	2580	50	D791
307	25A0	01	D798
307	25C0	5E	D79F
307	25E0	6E	D7A6
307	2600	58	D7AD
307	2620	1F	D7B4
307	2640	60	D7BB
307	2660	70	D7C2
307	2680	4F	D7C9
307	26A0	0B	D7D0
307	26C0	0C	D7D7
307	26E0	1C	D7DE
307	27C8	76	D7DE
307	27D0	77	D7DE
307	27D8	57	D7DE
307	27E0	55	D7DE
307	27E8	55	D7DE
307	2481	83	D759
307	24A1	93	D760
307	24C1	AD	D767
307	24E1	02	D76E
307	2501	CF	D775
307	2521	BC	D77C
307	2541	CD	D783
307	2561	2A	D78A
307	2581	50	D791
307	25A1	01	D798
307	25C1	5F	D79F
307	25E1	00	D7A6
307	2601	0F	D7AD
307	2621	1F	D7B4
307	2641	2F	D7BB
307	2661	3F	D7C2
307	2681	0D	D7C9
307	26A1	1D	D7D0
307	26C1	00	D7D7
307	26E1	00	D7DE
307	2482	D8	D759
307	24A2	E8	D760
307	24C2	D8	D767
307	24E2	E8	D76E
307	2502	D8	D775
307	2522	E8	D77C
307	2542	D8	D783
307	2562	E8	D78A
307	2582	D8	D791
307	25A2	D4	D798
307	25C2	5E	D79F
307	25E2	6E	D7A6
307	2602	38	D7AD
307	2622	48	D7B4
307	2642	2F	D7BB
307	2662	3F	D7C2
307	2682	0E	D7C9
307	26A2	1E	D7D0
307	26C2	00	D7D7
307	26E2	00	D7DE
307	2483	D9	D759
307	24A3	E9	D760
307	24C3	D9	D767
307	24E3	E9	D76E
307	2503	D9	D775
307	2523	E9	D77C
307	2543	D9	D783
307	2563	E9	D78A
307	2583	D9	D791
307	25A3	D5	D798
307	25C3	00	D79F
307	25E3	00	D7A6
307	2603	0F	D7AD
307	2623	1F	D7B4
307	2643	2F	D7BB
307	2663	B2	D7C2
307	2683	B3	D7C9
307	26A3	0B	D7D0
307	26C3	0C	D7D7
307	26E3	1C	D7DE
307	27C8	76	D7DE
307	27D0	77	D7DE
307	27D8	57	D7DE
307	27E0	55	D7DE
307	27E8	55	D7DE
307	2484	8B	D759
307	24A4	80	D760
307	24C4	02	D767
307	24E4	8B	D76E
307	2504	80	D775
307	2524	02	D77C
307	2544	CE	D783
307	2564	2A	D78A
307	2584	9E	D791
307	25A4	84	D798
307	25C4	84	D79F
307	25E4	9B	D7A6
307	2604	2D	D7AD
307	2624	3D	D7B4
307	2644	3D	D7BB
307	2664	4D	D7C2
307	2684	10	D7C9
307	26A4	20	D7D0
307	26C4	62	D7D7
307	26E4	14	D7DE
307	27C9	AA	D7DE
307	27D1	FA	D7DE
307	27D9	0C	D7DE
307	27E1	55	D7DE
307	27E9	5A	D7DE
307	2485	8C	D759
307	24A5	9C	D760
307	24C5	02	D767
307	24E5	8C	D76E
307	2505	9C	D775
307	2525	02	D77C
307	2545	CF	D783
307	2565	2A	D78A
307	2585	9F	D791
307	25A5	8A	D798
307	25C5	8A	D79F
307	25E5	BF	D7A6
307	2605	07	D7AD
307	2625	08	D7B4
307	2645	03	D7BB
307	2665	0A	D7C2
307	2685	11	D7C9
307	26A5	21	D7D0
307	26C5	62	D7D7
307	26E5	15	D7DE
307	2486	8D	D759
307	24A6	82	D760
307	24C6	92	D767
307	24E6	8D	D76E
307	2506	82	D775
307	2526	92	D77C
307	2546	02	D783
307	2566	2A	D78A
307	2586	50	D791
307	25A6	1A	D798
307	25C6	EA	D79F
307	25E6	FA	D7A6
307	2606	07	D7AD
307	2626	03	D7B4
307	2646	09	D7BB
307	2666	0A	D7C2
307	2686	10	D7C9
307	26A6	20	D7D0
307	26C6	14	D7D7
307	26E6	77	D7DE
307	2487	8E	D759
307	24A7	83	D760
307	24C7	93	D767
307	24E7	8E	D76E
307	2507	83	D775
307	2527	93	D77C
307	2547	02	D783
307	2567	2A	D78A
307	2587	50	D791
307	25A7	1A	D798
307	25C7	EB	D79F
307	25E7	FB	D7A6
307	2607	07	D7AD
307	2627	08	D7B4
307	2647	03	D7BB
307	2667	0A	D7C2
307	2687	11	D7C9
307	26A7	68	D7D0
307	26C7	15	D7D7
307	26E7	77	D7DE
307	27C9	AA	D7DE
307	27D1	FA	D7DE
307	27D9	0C	D7DE
307	27E1	55	D7DE
308	27E9	5A	D7DE
308	2488	D8	D759
308	24A8	E8	D760
308	24C8	D8	D767
308	24E8	E8	D76E
308	2508	D8	D775
308	2528	E8	D77C
308	2548	D8	D783
308	2568	E8	D78A
308	2588	D8	D791
308	25A8	E8	D798
308	25C8	D8	D79F
308	25E8	D4	D7A6
308	2608	07	D7AD
308	2628	03	D7B4
308	2648	03	D7BB
308	2668	0A	D7C2
308	2688	62	D7C9
308	26A8	14	D7D0
308	26C8	77	D7D7
308	26E8	77	D7DE
308	27CA	D9	D7DE
308	27D2	DD	D7DE
308	27DA	9D	D7DE
308	27E2	55	D7DE
308	27EA	55	D7DE
308	2489	D9	D759
308	24A9	E9	D760
308	24C9	D9	D767
308	24E9	E9	D76E
308	2509	D9	D775
308	2529	E9	D77C
308	2549	D9	D783
308	2569	E9	D78A
308	2589	D9	D791
308	25A9	E9	D798
308	25C9	D9	D79F
308	25E9	D5	D7A6
308	2609	07	D7AD
308	2629	03	D7B4
308	2649	08	D7BB
308	2669	0A	D7C2
308	2689	62	D7C9
308	26A9	15	D7D0
308	26C9	77	D7D7
308	26E9	77	D7DE
308	248A	80	D759
308	24AA	90	D760
308	24CA	02	D767
308	24EA	02	D76E
308	250A	E6	D775
308	252A	F6	D77C
308	254A	00	D783
308	256A	00	D78A
308	258A	13	D791
308	25AA	1B	D798
308	25CA	10	D79F
308	25EA	20	D7A6
308	260A	07	D7AD
308	262A	08	D7B4
308	264A	03	D7BB
308	266A	0A	D7C2
308	268A	14	D7C9
308	26AA	77	D7D0
308	26CA	77	D7D7
308	26EA	77	D7DE
308	248B	81	D759
308	24AB	91	D760
308	24CB	E6	D767
308	24EB	F6	D76E
308	250B	00	D775
308	252B	00	D77C
308	254B	E7	D783
308	256B	33	D78A
308	258B	50	D791
308	25AB	1A	D798
308	25CB	11	D79F
308	25EB	21	D7A6
308	260B	07	D7AD
308	262B	03	D7B4
308	264B	09	D7BB
308	266B	0A	D7C2
308	268B	46	D7C9
308	26AB	47	D7D0
308	26CB	47	D7D7
308	26EB	47	D7DE
308	27CA	D9	D7DE
308	27D2	DD	D7DE
308	27DA	9D	D7DE
308	27E2	55	D7DE
308	27EA	55	D7DE
311	27F8	FF	CED5
311	27F9	FF	CED5
311	27FA	FF	CED5
311	27FB	FF	CED5
311	27FC	FF	CED5
311	27FD	FF	CED5
311	27FE	FF	CED5
311	27FF	FF	CED5
311	27F0	FF	CED5
311	27F1	FF	CED5
311	27F2	FF	CED5
311	27F3	FF	CED5
311	27F4	FF	CED5
311	27F5	FF	CED5
311	27F6	FF	CED5
311	27F7	FF	CED5
311	27C0	FF	CED5
311	27C1	FF	CED5
311	27C2	FF	CED5
311	27C3	FF	CED5
311	27C4	FF	CED5
311	27C5	FF	CED5
311	27C6	FF	CED5
311	27C7	FF	CED5
311	23F8	FF	CED5
311	23F9	FF	CED5
311	23FA	FF	CED5
311	23FB	FF	CED5
311	23FC	FF	CED5
311	23FD	FF	CED5
311	23FE	FF	CED5
311	23FF	FF	CED5
311	23F0	FF	CED5
311	23F1	FF	CED5
311	23F2	FF	CED5
311	23F3	FF	CED5
311	23F4	FF	CED5
311	23F5	FF	CED5
311	23F6	FF	CED5
311	23F7	FF	CED5
311	23C0	FF	CED5
311	23C1	FF	CED5
311	23C2	FF	CED5
311	23C3	FF	CED5
311	23C4	FF	CED5
311	23C5	FF	CED5
311	23C6	FF	CED5
311	23C7	FF	CED5
329	2302	C1	D7D7
329	2322	E1	D7DE
331	2303	98	D7D7
331	2323	B8	D7DE
333	2304	00	D7D7
333	2324	BB	D7DE
335	2305	96	D7D7
335	2325	B6	D7DE
337	2306	92	D7D7
337	2326	B2	D7DE
339	2307	00	D7D7
339	2327	CA	D7DE
341	2308	85	D7D7
341	2328	A5	D7DE
343	2309	87	D7D7
343	2329	A7	D7DE
345	230A	8A	D7D7
345	232A	AA	D7DE
347	230B	00	D7D7
347	232B	CA	D7DE
349	230C	83	D7D7
349	232C	A3	D7DE
351	230D	C5	D7D7
351	232D	E5	D7DE
353	230E	88	D7D7
353	232E	A8	D7DE
355	230F	98	D7D7
355	232F	B8	D7DE
357	2310	00	D7D7
357	2330	BB	D7DE
359	2311	92	D7D7
359	2331	B2	D7DE
361	2312	89	D7D7
361	2332	A9	D7DE
363	2313	8C	D7D7
363	2333	AC	D7DE
365	2314	00	D7D7
365	2334	B9	D7DE
367	2315	90	D7D7
367	2335	B0	D7DE
369	2316	C1	D7D7
369	2336	E1	D7DE
371	2317	81	D7D7
371	2337	A1	D7DE
373	2318	00	D7D7
373	2338	CA	D7DE
375	2342	84	D7D7
375	2362	A4	D7DE
377	2343	83	D7D7
377	2363	A3	D7DE
379	2344	97	D7D7
379	2364	B7	D7DE
381	2345	00	D7D7
381	2365	BA	D7DE
383	2346	00	D7D7
383	2366	B6	D7DE
385	2347	91	D7D7
385	2367	B1	D7DE
387	2348	C0	D7D7
387	2368	E0	D7DE
389	2349	96	D7D7
389	2369	B6	D7DE
391	234A	00	D7D7
391	236A	CA	D7DE
653	2300	00	D705
653	2301	00	D70C
653	2302	00	D713
653	2303	00	D71A
653	2304	00	D721
653	2305	00	D728
653	2306	00	D72F
653	2307	00	D736
653	2308	00	D73D
653	2309	00	D744
653	230A	00	D74B
653	230B	00	D752
653	230C	00	D759
653	230D	00	D760
653	230E	00	D767
653	230F	00	D76E
653	2310	00	D775
653	2311	00	D77C
653	2312	00	D783
653	2313	00	D78A
653	2314	00	D791
653	2315	00	D798
653	2316	00	D79F
653	2317	00	D7A6
653	2318	00	D7AD
653	2319	00	D7B4
653	231A	00	D7BB
653	231B	00	D7C2
653	231C	00	D7C9
653	231D	00	D7D0
653	231E	00	D7D7
653	231F	00	D7DE
653	2320	00	D705
653	2321	00	D70C
653	2322	00	D713
653	2323	00	D71A
653	2324	00	D721
653	2325	00	D728
653	2326	00	D72F
653	2327	00	D736
653	2328	00	D73D
653	2329	00	D744
653	232A	00	D74B
653	232B	00	D752
653	232C	00	D759
653	232D	00	D760
653	232E	00	D767
653	232F	00	D76E
653	2330	00	D775
653	2331	00	D77C
653	2332	00	D783
653	2333	00	D78A
653	2334	00	D791
653	2335	00	D798
653	2336	00	D79F
653	2337	00	D7A6
653	2338	00	D7AD
653	2339	00	D7B4
653	233A	00	D7BB
653	233B	00	D7C2
653	233C	00	D7C9
653	233D	00	D7D0
653	233E	00	D7D7
653	233F	00	D7DE
668	2000	00	FDF5
668	2001	00	FDF5
668	2002	00	FDF5
668	2003	00	FDF5
668	2004	00	FDF5
668	2005	00	FDF5
668	2006	00	FDF5
668	2007	00	FDF5
668	2008	00	FDF5
668	2009	00	FDF5
668	200A	00	FDF5
668	200B	00	FDF5
668	200C	00	FDF5
668	200D	00	FDF5
668	200E	00	FDF5
668	200F	00	FDF5
668	2010	00	FDF5
668	2011	00	FDF5
668	2012	00	FDF5
668	2013	00	FDF5
668	2014	00	FDF5
668	2015	00	FDF5
668	2016	00	FDF5
668	2017	00	FDF5
668	2018	00	FDF5
668	2019	00	FDF5
668	201A	00	FDF5
668	201B	00	FDF5
668	201C	00	FDF5
668	201D	00	FDF5
668	201E	00	FDF5
668	201F	00	FDF5
668	2020	00	FDF5
668	2021	00	FDF5
668	2022	00	FDF5
668	2023	00	FDF5
668	2024	00	FDF5
668	2025	00	FDF5
668	2026	00	FDF5
668	2027	00	FDF5
668	2028	00	FDF5
668	2029	00	FDF5
668	202A	00	FDF5
668	202B	00	FDF5
668	202C	00	FDF5
668	202D	00	FDF5
668	202E	00	FDF5
668	202F	00	FDF5
668	2030	00	FDF5
668	2031	00	FDF5
668	2032	00	FDF5
668	2033	00	FDF5
668	2034	00	FDF5
668	2035	00	FDF5
668	2036	00	FDF5
668	2037	00	FDF5
668	2038	00	FDF5
668	2039	00	FDF5
668	203A	00	FDF5
668	203B	00	FDF5
668	203C	00	FDF5
668	203D	00	FDF5
668	203E	00	FDF5
668	203F	00	FDF5
668	2040	00	FDF5
668	2041	00	FDF5
668	2042	00	FDF5
668	2043	00	FDF5
668	2044	00	FDF5
668	2045	00	FDF5
668	2046	00	FDF5
668	2047	00	FDF5
668	2048	00	FDF5
668	2049	00	FDF5
668	204A	00	FDF5
668	204B	00	FDF5
668	204C	00	FDF5
668	204D	00	FDF5
668	204E	00	FDF5
668	204F	00	FDF5
668	2050	00	FDF5
668	2051	00	FDF5
668	2052	00	FDF5
668	2053	00	FDF5
668	2054	00	FDF5
668	2055	00	FDF5
668	2056	00	FDF5
668	2057	00	FDF5
668	2058	00	FDF5
668	2059	00	FDF5
668	205A	00	FDF5
668	205B	00	FDF5
668	205C	00	FDF5
668	205D	00	FDF5
668	205E	00	FDF5
668	205F	00	FDF5
668	2060	00	FDF5
668	2061	00	FDF5
668	2062	00	FDF5
668	2063	00	FDF5
668	2064	00	FDF5
668	2065	00	FDF5
668	2066	00	FDF5
668	2067	00	FDF5
668	2068	00	FDF5
668	2069	00	FDF5
668	206A	00	FDF5
668	206B	00	FDF5
668	206C	00	FDF5
668	206D	00	FDF5
668	206E	00	FDF5
668	206F	00	FDF5
668	2070	00	FDF5
668	2071	00	FDF5
668	2072	00	FDF5
668	2073	00	FDF5
668	2074	00	FDF5
668	2075	00	FDF5
668	2076	00	FDF5
668	2077	00	FDF5
668	2078	00	FDF5
668	2079	00	FDF5
668	207A	00	FDF5
668	207B	00	FDF5
668	207C	00	FDF5
668	207D	00	FDF5
668	207E	00	FDF5
668	207F	00	FDF5
668	2080	00	FDF5
668	2081	00	FDF5
668	2082	00	FDF5
668	2083	00	FDF5
668	2084	00	FDF5
668	2085	00	FDF5
668	2086	00	FDF5
668	2087	00	FDF5
668	2088	00	FDF5
668	2089	00	FDF5
668	208A	00	FDF5
668	208B	00	FDF5
668	208C	00	FDF5
668	208D	00	FDF5
668	208E	00	FDF5
668	208F	00	FDF5
668	2090	00	FDF5
668	2091	00	FDF5
668	2092	00	FDF5
668	2093	00	FDF5
668	2094	00	FDF5
668	2095	00	FDF5
668	2096	00	FDF5
668	2097	00	FDF5
668	2098	00	FDF5
668	2099	00	FDF5
668	209A	00	FDF5
668	209B	00	FDF5
668	209C	00	FDF5
668	209D	00	FDF5
668	209E	00	FDF5
668	209F	00	FDF5
668	20A0	00	FDF5
668	20A1	00	FDF5
668	20A2	00	FDF5
668	20A3	00	FDF5
668	20A4	00	FDF5
668	20A5	00	FDF5
668	20A6	00	FDF5
668	20A7	00	FDF5
668	20A8	00	FDF5
668	20A9	00	FDF5
668	20AA	00	FDF5
668	20AB	00	FDF5
668	20AC	00	FDF5
668	20AD	00	FDF5
668	20AE	00	FDF5
668	20AF	00	FDF5
668	20B0	00	FDF5
668	20B1	00	FDF5
668	20B2	00	FDF5
668	20B3	00	FDF5
668	20B4	00	FDF5
668	20B5	00	FDF5
668	20B6	00	FDF5
668	20B7	00	FDF5
668	20B8	00	FDF5
668	20B9	00	FDF5
668	20BA	00	FDF5
668	20BB	00	FDF5
668	20BC	00	FDF5
668	20BD	00	FDF5
668	20BE	00	FDF5
668	20BF	00	FDF5
668	20C0	00	FDF5
668	20C1	00	FDF5
668	20C2	00	FDF5
668	20C3	00	FDF5
668	20C4	00	FDF5
668	20C5	00	FDF5
668	20C6	00	FDF5
668	20C7	00	FDF5
668	20C8	00	FDF5
668	20C9	00	FDF5
668	20CA	00	FDF5
668	20CB	00	FDF5
668	20CC	00	FDF5
668	20CD	00	FDF5
668	20CE	00	FDF5
668	20CF	00	FDF5
668	20D0	00	FDF5
668	20D1	00	FDF5
668	20D2	00	FDF5
668	20D3	00	FDF5
668	20D4	00	FDF5
668	20D5	00	FDF5
668	20D6	00	FDF5
668	20D7	00	FDF5
668	20D8	00	FDF5
668	20D9	00	FDF5
668	20DA	00	FDF5
668	20DB	00	FDF5
668	20DC	00	FDF5
668	20DD	00	FDF5
668	20DE	00	FDF5
668	20DF	00	FDF5
668	20E0	00	FDF5
668	20E1	00	FDF5
668	20E2	00	FDF5
668	20E3	00	FDF5
668	20E4	00	FDF5
668	20E5	00	FDF5
668	20E6	00	FDF5
668	20E7	00	FDF5
668	20E8	00	FDF5
668	20E9	00	FDF5
668	20EA	00	FDF5
668	20EB	00	FDF5
668	20EC	00	FDF5
668	20ED	00	FDF5
668	20EE	00	FDF5
668	20EF	00	FDF5
668	20F0	00	FDF5
668	20F1	00	FDF5
668	20F2	00	FDF5
668	20F3	00	FDF5
668	20F4	00	FDF5
668	20F5	00	FDF5
668	20F6	00	FDF5
668	20F7	00	FDF5
668	20F8	00	FDF5
668	20F9	00	FDF5
668	20FA	00	FDF5
668	20FB	00	FDF5
668	20FC	00	FDF5
668	20FD	00	FDF5
668	20FE	00	FDF5
668	20FF	00	FDF5
668	2100	00	FDF5
668	2101	00	FDF5
668	2102	00	FDF5
668	2103	00	FDF5
668	2104	00	FDF5
668	2105	00	FDF5
668	2106	00	FDF5
668	2107	00	FDF5
668	2108	00	FDF5
668	2109	00	FDF5
668	210A	00	FDF5
668	210B	00	FDF5
668	210C	00	FDF5
668	210D	00	FDF5
668	210E	00	FDF5
668	210F	00	FDF5
668	2110	00	FDF5
668	2111	00	FDF5
668	2112	00	FDF5
668	2113	00	FDF5
668	2114	00	FDF5
668	2115	00	FDF5
668	2116	00	FDF5
668	2117	00	FDF5
668	2118	00	FDF5
668	2119	00	FDF5
668	211A	00	FDF5
668	211B	00	FDF5
668	211C	00	FDF5
668	211D	00	FDF5
668	211E	00	FDF5
668	211F	00	FDF5
668	2120	00	FDF5
668	2121	00	FDF5
668	2122	00	FDF5
668	2123	00	FDF5
668	2124	00	FDF5
668	2125	00	FDF5
668	2126	00	FDF5
668	2127	00	FDF5
668	2128	00	FDF5
668	2129	00	FDF5
668	212A	00	FDF5
668	212B	00	FDF5
668	212C	00	FDF5
668	212D	00	FDF5
668	212E	00	FDF5
668	212F	00	FDF5
668	2130	00	FDF5
668	2131	00	FDF5
668	2132	00	FDF5
668	2133	00	FDF5
668	2134	00	FDF5
668	2135	00	FDF5
668	2136	00	FDF5
668	2137	00	FDF5
668	2138	00	FDF5
668	2139	00	FDF5
668	213A	00	FDF5
668	213B	00	FDF5
668	213C	00	FDF5
668	213D	00	FDF5
668	213E	00	FDF5
668	213F	00	FDF5
668	2140	00	FDF5
668	2141	00	FDF5
668	2142	00	FDF5
668	2143	00	FDF5
668	2144	00	FDF5
668	2145	00	FDF5
668	2146	00	FDF5
668	2147	00	FDF5
668	2148	00	FDF5
668	2149	00	FDF5
668	214A	00	FDF5
668	214B	00	FDF5
668	214C	00	FDF5
668	214D	00	FDF5
668	214E	00	FDF5
668	214F	00	FDF5
668	2150	00	FDF5
668	2151	00	FDF5
668	2152	00	FDF5
668	2153	00	FDF5
668	2154	00	FDF5
668	2155	00	FDF5
668	2156	00	FDF5
668	2157	00	FDF5
668	2158	00	FDF5
668	2159	00	FDF5
668	215A	00	FDF5
668	215B	00	FDF5
668	215C	00	FDF5
668	215D	00	FDF5
668	215E	00	FDF5
668	215F	00	FDF5
668	2160	00	FDF5
668	2161	00	FDF5
668	2162	00	FDF5
668	2163	00	FDF5
668	2164	00	FDF5
668	2165	00	FDF5
668	2166	00	FDF5
668	2167	00	FDF5
668	2168	00	FDF5
668	2169	00	FDF5
668	216A	00	FDF5
668	216B	00	FDF5
668	216C	00	FDF5
668	216D	00	FDF5
668	216E	00	FDF5
668	216F	00	FDF5
668	2170	00	FDF5
668	2171	00	FDF5
668	2172	00	FDF5
668	2173	00	FDF5
668	2174	00	FDF5
668	2175	00	FDF5
668	2176	00	FDF5
668	2177	00	FDF5
668	2178	00	FDF5
668	2179	00	FDF5
668	217A	00	FDF5
668	217B	00	FDF5
668	217C	00	FDF5
668	217D	00	FDF5
668	217E	00	FDF5
668	217F	00	FDF5
668	2180	00	FDF5
668	2181	00	FDF5
668	2182	00	FDF5
668	2183	00	FDF5
668	2184	00	FDF5
668	2185	00	FDF5
668	2186	00	FDF5
668	2187	00	FDF5
668	2188	00	FDF5
668	2189	00	FDF5
668	218A	00	FDF5
668	218B	00	FDF5
668	218C	00	FDF5
668	218D	00	FDF5
668	218E	00	FDF5
668	218F	00	FDF5
668	2190	00	FDF5
668	2191	00	FDF5
668	2192	00	FDF5
668	2193	00	FDF5
668	2194	00	FDF5
668	2195	00	FDF5
668	2196	00	FDF5
668	2197	00	FDF5
668	2198	00	FDF5
668	2199	00	FDF5
668	219A	00	FDF5
668	219B	00	FDF5
668	219C	00	FDF5
668	219D	00	FDF5
668	219E	00	FDF5
668	219F	00	FDF5
668	21A0	00	FDF5
668	21A1	00	FDF5
668	21A2	00	FDF5
668	21A3	00	FDF5
668	21A4	00	FDF5
668	21A5	00	FDF5
668	21A6	00	FDF5
668	21A7	00	FDF5
668	21A8	00	FDF5
668	21A9	00	FDF5
668	21AA	00	FDF5
668	21AB	00	FDF5
668	21AC	00	FDF5
668	21AD	00	FDF5
668	21AE	00	FDF5
668	21AF	00	FDF5
668	21B0	00	FDF5
668	21B1	00	FDF5
668	21B2	00	FDF5
668	21B3	00	FDF5
668	21B4	00	FDF5
668	21B5	00	FDF5
668	21B6	00	FDF5
668	21B7	00	FDF5
668	21B8	00	FDF5
668	21B9	00	FDF5
668	21BA	00	FDF5
668	21BB	00	FDF5
668	21BC	00	FDF5
668	21BD	00	FDF5
668	21BE	00	FDF5
668	21BF	00	FDF5
668	21C0	00	FDF5
668	21C1	00	FDF5
668	21C2	00	FDF5
668	21C3	00	FDF5
668	21C4	00	FDF5
668	21C5	00	FDF5
668	21C6	00	FDF5
668	21C7	00	FDF5
668	21C8	00	FDF5
668	21C9	00	FDF5
668	21CA	00	FDF5
668	21CB	00	FDF5
668	21CC	00	FDF5
668	21CD	00	FDF5
668	21CE	00	FDF5
668	21CF	00	FDF5
668	21D0	00	FDF5
668	21D1	00	FDF5
668	21D2	00	FDF5
668	21D3	00	FDF5
668	21D4	00	FDF5
668	21D5	00	FDF5
668	21D6	00	FDF5
668	21D7	00	FDF5
668	21D8	00	FDF5
668	21D9	00	FDF5
668	21DA	00	FDF5
668	21DB	00	FDF5
668	21DC	00	FDF5
668	21DD	00	FDF5
668	21DE	00	FDF5
668	21DF	00	FDF5
668	21E0	00	FDF5
668	21E1	00	FDF5
668	21E2	00	FDF5
668	21E3	00	FDF5
668	21E4	00	FDF5
668	21E5	00	FDF5
668	21E6	00	FDF5
668	21E7	00	FDF5
668	21E8	00	FDF5
668	21E9	00	FDF5
668	21EA	00	FDF5
668	21EB	00	FDF5
668	21EC	00	FDF5
668	21ED	00	FDF5
668	21EE	00	FDF5
668	21EF	00	FDF5
668	21F0	00	FDF5
668	21F1	00	FDF5
668	21F2	00	FDF5
668	21F3	00	FDF5
668	21F4	00	FDF5
668	21F5	00	FDF5
668	21F6	00	FDF5
668	21F7	00	FDF5
668	21F8	00	FDF5
668	21F9	00	FDF5
668	21FA	00	FDF5
668	21FB	00	FDF5
668	21FC	00	FDF5
668	21FD	00	FDF5
668	21FE	00	FDF5
668	21FF	00	FDF5
668	2200	00	FDF5
668	2201	00	FDF5
668	2202	00	FDF5
668	2203	00	FDF5
668	2204	00	FDF5
668	2205	00	FDF5
668	2206	00	FDF5
668	2207	00	FDF5
668	2208	00	FDF5
668	2209	00	FDF5
668	220A	00	FDF5
668	220B	00	FDF5
668	220C	00	FDF5
668	220D	00	FDF5
668	220E	00	FDF5
668	220F	00	FDF5
668	2210	00	FDF5
668	2211	00	FDF5
668	2212	00	FDF5
668	2213	00	FDF5
668	2214	00	FDF5
668	2215	00	FDF5
668	2216	00	FDF5
668	2217	00	FDF5
668	2218	00	FDF5
668	2219	00	FDF5
668	221A	00	FDF5
668	221B	00	FDF5
668	221C	00	FDF5
668	221D	00	FDF5
668	221E	00	FDF5
668	221F	00	FDF5
668	2220	00	FDF5
668	2221	00	FDF5
668	2222	00	FDF5
668	2223	00	FDF5
668	2224	00	FDF5
668	2225	00	FDF5
668	2226	00	FDF5
668	2227	00	FDF5
668	2228	00	FDF5
668	2229	00	FDF5
668	222A	00	FDF5
668	222B	00	FDF5
668	222C	00	FDF5
668	222D	00	FDF5
668	222E	00	FDF5
668	222F	00	FDF5
668	2230	00	FDF5
668	2231	00	FDF5
668	2232	00	FDF5
668	2233	00	FDF5
668	2234	00	FDF5
668	2235	00	FDF5
668	2236	00	FDF5
668	2237	00	FDF5
668	2238	00	FDF5
668	2239	00	FDF5
668	223A	00	FDF5
668	223B	00	FDF5
668	223C	00	FDF5
668	223D	00	FDF5
668	223E	00	FDF5
668	223F	00	FDF5
668	2240	00	FDF5
668	2241	00	FDF5
668	2242	00	FDF5
668	2243	00	FDF5
668	2244	00	FDF5
668	2245	00	FDF5
668	2246	00	FDF5
668	2247	00	FDF5
668	2248	00	FDF5
668	2249	00	FDF5
668	224A	00	FDF5
668	224B	00	FDF5
668	224C	00	FDF5
668	224D	00	FDF5
668	224E	00	FDF5
668	224F	00	FDF5
668	2250	00	FDF5
668	2251	00	FDF5
668	2252	00	FDF5
668	2253	00	FDF5
668	2254	00	FDF5
668	2255	00	FDF5
668	2256	00	FDF5
668	2257	00	FDF5
668	2258	00	FDF5
668	2259	00	FDF5
668	225A	00	FDF5
668	225B	00	FDF5
668	225C	00	FDF5
668	225D	00	FDF5
668	225E	00	FDF5
668	225F	00	FDF5
668	2260	00	FDF5
668	2261	00	FDF5
668	2262	00	FDF5
668	2263	00	FDF5
668	2264	00	FDF5
668	2265	00	FDF5
668	2266	00	FDF5
668	2267	00	FDF5
668	2268	00	FDF5
668	2269	00	FDF5
668	226A	00	FDF5
668	226B	00	FDF5
668	226C	00	FDF5
668	226D	00	FDF5
668	226E	00	FDF5
668	226F	00	FDF5
668	2270	00	FDF5
668	2271	00	FDF5
668	2272	00	FDF5
668	2273	00	FDF5
668	2274	00	FDF5
668	2275	00	FDF5
668	2276	00	FDF5
668	2277	00	FDF5
668	2278	00	FDF5
668	2279	00	FDF5
668	227A	00	FDF5
668	227B	00	FDF5
668	227C	00	FDF5
668	227D	00	FDF5
668	227E	00	FDF5
668	227F	00	FDF5
668	2280	00	FDF5
668	2281	00	FDF5
668	2282	00	FDF5
668	2283	00	FDF5
668	2284	00	FDF5
668	2285	00	FDF5
668	2286	00	FDF5
668	2287	00	FDF5
668	2288	00	FDF5
668	2289	00	FDF5
668	228A	00	FDF5
668	228B	00	FDF5
668	228C	00	FDF5
668	228D	00	FDF5
668	228E	00	FDF5
668	228F	00	FDF5
668	2290	00	FDF5
668	2291	00	FDF5
668	2292	00	FDF5
668	2293	00	FDF5
668	2294	00	FDF5
668	2295	00	FDF5
668	2296	00	FDF5
668	2297	00	FDF5
668	2298	00	FDF5
668	2299	00	FDF5
668	229A	00	FDF5
668	229B	00	FDF5
668	229C	00	FDF5
668	229D	00	FDF5
668	229E	00	FDF5
668	229F	00	FDF5
668	22A0	00	FDF5
668	22A1	00	FDF5
668	22A2	00	FDF5
668	22A3	00	FDF5
668	22A4	00	FDF5
668	22A5	00	FDF5
668	22A6	00	FDF5
668	22A7	00	FDF5
668	22A8	00	FDF5
668	22A9	00	FDF5
668	22AA	00	FDF5
668	22AB	00	FDF5
668	22AC	00	FDF5
668	22AD	00	FDF5
668	22AE	00	FDF5
668	22AF	00	FDF5
668	22B0	00	FDF5
668	22B1	00	FDF5
668	22B2	00	FDF5
668	22B3	00	FDF5
668	22B4	00	FDF5
668	22B5	00	FDF5
668	22B6	00	FDF5
668	22B7	00	FDF5
668	22B8	00	FDF5
668	22B9	00	FDF5
668	22BA	00	FDF5
668	22BB	00	FDF5
668	22BC	00	FDF5
668	22BD	00	FDF5
668	22BE	00	FDF5
668	22BF	00	FDF5
668	22C0	00	FDF5
668	22C1	00	FDF5
668	22C2	00	FDF5
668	22C3	00	FDF5
668	22C4	00	FDF5
668	22C5	00	FDF5
668	22C6	00	FDF5
668	22C7	00	FDF5
668	22C8	00	FDF5
668	22C9	00	FDF5
668	22CA	00	FDF5
668	22CB	00	FDF5
668	22CC	00	FDF5
668	22CD	00	FDF5
668	22CE	00	FDF5
668	22CF	00	FDF5
668	22D0	00	FDF5
668	22D1	00	FDF5
668	22D2	00	FDF5
668	22D3	00	FDF5
668	22D4	00	FDF5
668	22D5	00	FDF5
668	22D6	00	FDF5
668	22D7	00	FDF5
668	22D8	00	FDF5
668	22D9	00	FDF5
668	22DA	00	FDF5
668	22DB	00	FDF5
668	22DC	00	FDF5
668	22DD	00	FDF5
668	22DE	00	FDF5
668	22DF	00	FDF5
668	22E0	00	FDF5
668	22E1	00	FDF5
668	22E2	00	FDF5
668	22E3	00	FDF5
668	22E4	00	FDF5
668	22E5	00	FDF5
668	22E6	00	FDF5
668	22E7	00	FDF5
668	22E8	00	FDF5
668	22E9	00	FDF5
668	22EA	00	FDF5
668	22EB	00	FDF5
668	22EC	00	FDF5
668	22ED	00	FDF5
668	22EE	00	FDF5
668	22EF	00	FDF5
668	22F0	00	FDF5
668	22F1	00	FDF5
668	22F2	00	FDF5
668	22F3	00	FDF5
668	22F4	00	FDF5
668	22F5	00	FDF5
668	22F6	00	FDF5
668	22F7	00	FDF5
668	22F8	00	FDF5
668	22F9	00	FDF5
668	22FA	00	FDF5
668	22FB	00	FDF5
668	22FC	00	FDF5
668	22FD	00	FDF5
668	22FE	00	FDF5
668	22FF	00	FDF5
668	2300	00	FDF5
668	2301	00	FDF5
668	2302	00	FDF5
668	2303	00	FDF5
668	2304	00	FDF5
668	2305	00	FDF5
668	2306	00	FDF5
668	2307	00	FDF5
668	2308	00	FDF5
668	2309	00	FDF5
668	230A	00	FDF5
668	230B	00	FDF5
668	230C	00	FDF5
668	230D	00	FDF5
668	230E	00	FDF5
668	230F	00	FDF5
668	2310	00	FDF5
668	2311	00	FDF5
668	2312	00	FDF5
668	2313	00	FDF5
668	2314	00	FDF5
668	2315	00	FDF5
668	2316	00	FDF5
668	2317	00	FDF5
668	2318	00	FDF5
668	2319	00	FDF5
668	231A	00	FDF5
668	231B	00	FDF5
668	231C	00	FDF5
668	231D	00	FDF5
668	231E	00	FDF5
668	231F	00	FDF5
668	2320	00	FDF5
668	2321	00	FDF5
668	2322	00	FDF5
668	2323	00	FDF5
668	2324	00	FDF5
668	2325	00	FDF5
668	2326	00	FDF5
668	2327	00	FDF5
668	2328	00	FDF5
668	2329	00	FDF5
668	232A	00	FDF5
668	232B	00	FDF5
668	232C	00	FDF5
668	232D	00	FDF5
668	232E	00	FDF5
668	232F	00	FDF5
668	2330	00	FDF5
668	2331	00	FDF5
668	2332	00	FDF5
668	2333	00	FDF5
668	2334	00	FDF5
668	2335	00	FDF5
668	2336	00	FDF5
668	2337	00	FDF5
668	2338	00	FDF5
668	2339	00	FDF5
668	233A	00	FDF5
668	233B	00	FDF5
668	233C	00	FDF5
668	233D	00	FDF5
668	233E	00	FDF5
668	233F	00	FDF5
668	2340	00	FDF5
668	2341	00	FDF5
668	2342	00	FDF5
668	2343	00	FDF5
668	2344	00	FDF5
668	2345	00	FDF5
668	2346	00	FDF5
668	2347	00	FDF5
668	2348	00	FDF5
668	2349	00	FDF5
668	234A	00	FDF5
668	234B	00	FDF5
668	234C	00	FDF5
668	234D	00	FDF5
668	234E	00	FDF5
668	234F	00	FDF5
668	2350	00	FDF5
668	2351	00	FDF5
668	2352	00	FDF5
668	2353	00	FDF5
668	2354	00	FDF5
668	2355	00	FDF5
668	2356	00	FDF5
668	2357	00	FDF5
668	2358	00	FDF5
668	2359	00	FDF5
668	235A	00	FDF5
668	235B	00	FDF5
668	235C	00	FDF5
668	235D	00	FDF5
668	235E	00	FDF5
668	235F	00	FDF5
668	2360	00	FDF5
668	2361	00	FDF5
668	2362	00	FDF5
668	2363	00	FDF5
668	2364	00	FDF5
668	2365	00	FDF5
668	2366	00	FDF5
668	2367	00	FDF5
668	2368	00	FDF5
668	2369	00	FDF5
668	236A	00	FDF5
668	236B	00	FDF5
668	236C	00	FDF5
668	236D	00	FDF5
668	236E	00	FDF5
668	236F	00	FDF5
668	2370	00	FDF5
668	2371	00	FDF5
668	2372	00	FDF5
668	2373	00	FDF5
668	2374	00	FDF5
668	2375	00	FDF5
668	2376	00	FDF5
668	2377	00	FDF5
668	2378	00	FDF5
668	2379	00	FDF5
668	237A	00	FDF5
668	237B	00	FDF5
668	237C	00	FDF5
668	237D	00	FDF5
668	237E	00	FDF5
668	237F	00	FDF5
668	2380	00	FDF5
668	2381	00	FDF5
668	2382	00	FDF5
668	2383	00	FDF5
668	2384	00	FDF5
668	2385	00	FDF5
668	2386	00	FDF5
668	2387	00	FDF5
668	2388	00	FDF5
668	2389	00	FDF5
668	238A	00	FDF5
668	238B	00	FDF5
668	238C	00	FDF5
668	238D	00	FDF5
668	238E	00	FDF5
668	238F	00	FDF5
668	2390	00	FDF5
668	2391	00	FDF5
668	2392	00	FDF5
668	2393	00	FDF5
668	2394	00	FDF5
668	2395	00	FDF5
668	2396	00	FDF5
668	2397	00	FDF5
668	2398	00	FDF5
668	2399	00	FDF5
668	239A	00	FDF5
668	239B	00	FDF5
668	239C	00	FDF5
668	239D	00	FDF5
668	239E	00	FDF5
668	239F	00	FDF5
668	23A0	00	FDF5
668	23A1	00	FDF5
668	23A2	00	FDF5
668	23A3	00	FDF5
668	23A4	00	FDF5
668	23A5	00	FDF5
668	23A6	00	FDF5
668	23A7	00	FDF5
668	23A8	00	FDF5
668	23A9	00	FDF5
668	23AA	00	FDF5
668	23AB	00	FDF5
668	23AC	00	FDF5
668	23AD	00	FDF5
668	23AE	00	FDF5
668	23AF	00	FDF5
668	23B0	00	FDF5
668	23B1	00	FDF5
668	23B2	00	FDF5
668	23B3	00	FDF5
668	23B4	00	FDF5
668	23B5	00	FDF5
668	23B6	00	FDF5
668	23B7	00	FDF5
668	23B8	00	FDF5
668	23B9	00	FDF5
668	23BA	00	FDF5
668	23BB	00	FDF5
668	23BC	00	FDF5
668	23BD	00	FDF5
668	23BE	00	FDF5
668	23BF	00	FDF5
668	23C0	00	FDF5
668	23C1	00	FDF5
668	23C2	00	FDF5
668	23C3	00	FDF5
668	23C4	00	FDF5
668	23C5	00	FDF5
668	23C6	00	FDF5
668	23C7	00	FDF5
668	23C8	00	FDF5
668	23C9	00	FDF5
669	23CA	00	FDF5
669	23CB	00	FDF5
669	23CC	00	FDF5
669	23CD	00	FDF5
669	23CE	00	FDF5
669	23CF	00	FDF5
669	23D0	00	FDF5
669	23D1	00	FDF5
669	23D2	00	FDF5
669	23D3	00	FDF5
669	23D4	00	FDF5
669	23D5	00	FDF5
669	23D6	00	FDF5
669	23D7	00	FDF5
669	23D8	00	FDF5
669	23D9	00	FDF5
669	23DA	00	FDF5
669	23DB	00	FDF5
669	23DC	00	FDF5
669	23DD	00	FDF5
669	23DE	00	FDF5
669	23DF	00	FDF5
669	23E0	00	FDF5
669	23E1	00	FDF5
669	23E2	00	FDF5
669	23E3	00	FDF5
669	23E4	00	FDF5
669	23E5	00	FDF5
669	23E6	00	FDF5
669	23E7	00	FDF5
669	23E8	00	FDF5
669	23E9	00	FDF5
669	23EA	00	FDF5
669	23EB	00	FDF5
669	23EC	00	FDF5
669	23ED	00	FDF5
669	23EE	00	FDF5
669	23EF	00	FDF5
669	23F0	00	FDF5
669	23F1	00	FDF5
669	23F2	00	FDF5
669	23F3	00	FDF5
669	23F4	00	FDF5
669	23F5	00	FDF5
669	23F6	00	FDF5
669	23F7	00	FDF5
669	23F8	00	FDF5
669	23F9	00	FDF5
669	23FA	00	FDF5
669	23FB	00	FDF5
669	23FC	00	FDF5
669	23FD	00	FDF5
669	23FE	00	FDF5
669	23FF	00	FDF5
669	23C0	00	FE12
669	23C1	00	FE12
669	23C2	00	FE12
669	23C3	00	FE12
669	23C4	00	FE12
669	23C5	00	FE12
669	23C6	00	FE12
669	23C7	00	FE12
669	23C8	00	FE12
669	23C9	00	FE12
669	23CA	00	FE12
669	23CB	00	FE12
669	23CC	00	FE12
669	23CD	00	FE12
669	23CE	00	FE12
669	23CF	00	FE12
669	23D0	00	FE12
669	23D1	00	FE12
669	23D2	00	FE12
669	23D3	00	FE12
669	23D4	00	FE12
669	23D5	00	FE12
669	23D6	00	FE12
669	23D7	00	FE12
669	23D8	00	FE12
669	23D9	00	FE12
669	23DA	00	FE12
669	23DB	00	FE12
669	23DC	00	FE12
669	23DD	00	FE12
669	23DE	00	FE12
669	23DF	00	FE12
669	23E0	00	FE12
669	23E1	00	FE12
669	23E2	00	FE12
669	23E3	00	FE12
669	23E4	00	FE12
669	23E5	00	FE12
669	23E6	00	FE12
669	23E7	00	FE12
669	23E8	00	FE12
669	23E9	00	FE12
669	23EA	00	FE12
669	23EB	00	FE12
669	23EC	00	FE12
669	23ED	00	FE12
669	23EE	00	FE12
669	23EF	00	FE12
669	23F0	00	FE12
669	23F1	00	FE12
669	23F2	00	FE12
669	23F3	00	FE12
669	23F4	00	FE12
669	23F5	00	FE12
669	23F6	00	FE12
669	23F7	00	FE12
669	23F8	00	FE12
669	23F9	00	FE12
669	23FA	00	FE12
669	23FB	00	FE12
669	23FC	00	FE12
669	23FD	00	FE12
669	23FE	00	FE12
669	23FF	00	FE12
669	2400	00	FDF5
669	2401	00	FDF5
669	2402	00	FDF5
669	2403	00	FDF5
669	2404	00	FDF5
669	2405	00	FDF5
669	2406	00	FDF5
669	2407	00	FDF5
669	2408	00	FDF5
669	2409	00	FDF5
669	240A	00	FDF5
669	240B	00	FDF5
669	240C	00	FDF5
669	240D	00	FDF5
669	240E	00	FDF5
669	240F	00	FDF5
669	2410	00	FDF5
669	2411	00	FDF5
669	2412	00	FDF5
669	2413	00	FDF5
669	2414	00	FDF5
669	2415	00	FDF5
669	2416	00	FDF5
669	2417	00	FDF5
669	2418	00	FDF5
669	2419	00	FDF5
669	241A	00	FDF5
669	241B	00	FDF5
669	241C	00	FDF5
669	241D	00	FDF5
669	241E	00	FDF5
669	241F	00	FDF5
669	2420	00	FDF5
669	2421	00	FDF5
669	2422	00	FDF5
669	2423	00	FDF5
669	2424	00	FDF5
669	2425	00	FDF5
669	2426	00	FDF5
669	2427	00	FDF5
669	2428	00	FDF5
669	2429	00	FDF5
669	242A	00	FDF5
669	242B	00	FDF5
669	242C	00	FDF5
669	242D	00	FDF5
669	242E	00	FDF5
669	242F	00	FDF5
669	2430	00	FDF5
669	2431	00	FDF5
669	2432	00	FDF5
669	2433	00	FDF5
669	2434	00	FDF5
669	2435	00	FDF5
669	2436	00	FDF5
669	2437	00	FDF5
669	2438	00	FDF5
669	2439	00	FDF5
669	243A	00	FDF5
669	243B	00	FDF5
669	243C	00	FDF5
669	243D	00	FDF5
669	243E	00	FDF5
669	243F	00	FDF5
669	2440	00	FDF5
669	2441	00	FDF5
669	2442	00	FDF5
669	2443	00	FDF5
669	2444	00	FDF5
669	2445	00	FDF5
669	2446	00	FDF5
669	2447	00	FDF5
669	2448	00	FDF5
669	2449	00	FDF5
669	244A	00	FDF5
669	244B	00	FDF5
669	244C	00	FDF5
669	244D	00	FDF5
669	244E	00	FDF5
669	244F	00	FDF5
669	2450	00	FDF5
669	2451	00	FDF5
669	2452	00	FDF5
669	2453	00	FDF5
669	2454	00	FDF5
669	2455	00	FDF5
669	2456	00	FDF5
669	2457	00	FDF5
669	2458	00	FDF5
669	2459	00	FDF5
669	245A	00	FDF5
669	245B	00	FDF5
669	245C	00	FDF5
669	245D	00	FDF5
669	245E	00	FDF5
669	245F	00	FDF5
669	2460	00	FDF5
669	2461	00	FDF5
669	2462	00	FDF5
669	2463	00	FDF5
669	2464	00	FDF5
669	2465	00	FDF5
669	2466	00	FDF5
669	2467	00	FDF5
669	2468	00	FDF5
669	2469	00	FDF5
669	246A	00	FDF5
669	246B	00	FDF5
669	246C	00	FDF5
669	246D	00	FDF5
669	246E	00	FDF5
669	246F	00	FDF5
669	2470	00	FDF5
669	2471	00	FDF5
669	2472	00	FDF5
669	2473	00	FDF5
669	2474	00	FDF5
669	2475	00	FDF5
669	2476	00	FDF5
669	2477	00	FDF5
669	2478	00	FDF5
669	2479	00	FDF5
669	247A	00	FDF5
669	247B	00	FDF5
669	247C	00	FDF5
669	247D	00	FDF5
669	247E	00	FDF5
669	247F	00	FDF5
669	2480	00	FDF5
669	2481	00	FDF5
669	2482	00	FDF5
669	2483	00	FDF5
669	2484	00	FDF5
669	2485	00	FDF5
669	2486	00	FDF5
669	2487	00	FDF5
669	2488	00	FDF5
669	2489	00	FDF5
669	248A	00	FDF5
669	248B	00	FDF5
669	248C	00	FDF5
669	248D	00	FDF5
669	248E	00	FDF5
669	248F	00	FDF5
669	2490	00	FDF5
669	2491	00	FDF5
669	2492	00	FDF5
669	2493	00	FDF5
669	2494	00	FDF5
669	2495	00	FDF5
669	2496	00	FDF5
669	2497	00	FDF5
669	2498	00	FDF5
669	2499	00	FDF5
669	249A	00	FDF5
669	249B	00	FDF5
669	249C	00	FDF5
669	249D	00	FDF5
669	249E	00	FDF5
669	249F	00	FDF5
669	24A0	00	FDF5
669	24A1	00	FDF5
669	24A2	00	FDF5
669	24A3	00	FDF5
669	24A4	00	FDF5
669	24A5	00	FDF5
669	24A6	00	FDF5
669	24A7	00	FDF5
669	24A8	00	FDF5
669	24A9	00	FDF5
669	24AA	00	FDF5
669	24AB	00	FDF5
669	24AC	00	FDF5
669	24AD	00	FDF5
669	24AE	00	FDF5
669	24AF	00	FDF5
669	24B0	00	FDF5
669	24B1	00	FDF5
669	24B2	00	FDF5
669	24B3	00	FDF5
669	24B4	00	FDF5
669	24B5	00	FDF5
669	24B6	00	FDF5
669	24B7	00	FDF5
669	24B8	00	FDF5
669	24B9	00	FDF5
669	24BA	00	FDF5
669	24BB	00	FDF5
669	24BC	00	FDF5
669	24BD	00	FDF5
669	24BE	00	FDF5
669	24BF	00	FDF5
669	24C0	00	FDF5
669	24C1	00	FDF5
669	24C2	00	FDF5
669	24C3	00	FDF5
669	24C4	00	FDF5
669	24C5	00	FDF5
669	24C6	00	FDF5
669	24C7	00	FDF5
669	24C8	00	FDF5
669	24C9	00	FDF5
669	24CA	00	FDF5
669	24CB	00	FDF5
669	24CC	00	FDF5
669	24CD	00	FDF5
669	24CE	00	FDF5
669	24CF	00	FDF5
669	24D0	00	FDF5
669	24D1	00	FDF5
669	24D2	00	FDF5
669	24D3	00	FDF5
669	24D4	00	FDF5
669	24D5	00	FDF5
669	24D6	00	FDF5
669	24D7	00	FDF5
669	24D8	00	FDF5
669	24D9	00	FDF5
669	24DA	00	FDF5
669	24DB	00	FDF5
669	24DC	00	FDF5
669	24DD	00	FDF5
669	24DE	00	FDF5
669	24DF	00	FDF5
669	24E0	00	FDF5
669	24E1	00	FDF5
669	24E2	00	FDF5
669	24E3	00	FDF5
669	24E4	00	FDF5
669	24E5	00	FDF5
669	24E6	00	FDF5
669	24E7	00	FDF5
669	24E8	00	FDF5
669	24E9	00	FDF5
669	24EA	00	FDF5
669	24EB	00	FDF5
669	24EC	00	FDF5
669	24ED	00	FDF5
669	24EE	00	FDF5
669	24EF	00	FDF5
669	24F0	00	FDF5
669	24F1	00	FDF5
669	24F2	00	FDF5
669	24F3	00	FDF5
669	24F4	00	FDF5
669	24F5	00	FDF5
669	24F6	00	FDF5
669	24F7	00	FDF5
669	24F8	00	FDF5
669	24F9	00	FDF5
669	24FA	00	FDF5
669	24FB	00	FDF5
669	24FC	00	FDF5
669	24FD	00	FDF5
669	24FE	00	FDF5
669	24FF	00	FDF5
669	2500	00	FDF5
669	2501	00	FDF5
669	2502	00	FDF5
669	2503	00	FDF5
669	2504	00	FDF5
669	2505	00	FDF5
669	2506	00	FDF5
669	2507	00	FDF5
669	2508	00	FDF5
669	2509	00	FDF5
669	250A	00	FDF5
669	250B	00	FDF5
669	250C	00	FDF5
669	250D	00	FDF5
669	250E	00	FDF5
669	250F	00	FDF5
669	2510	00	FDF5
669	2511	00	FDF5
669	2512	00	FDF5
669	2513	00	FDF5
669	2514	00	FDF5
669	2515	00	FDF5
669	2516	00	FDF5
669	2517	00	FDF5
669	2518	00	FDF5
669	2519	00	FDF5
669	251A	00	FDF5
669	251B	00	FDF5
669	251C	00	FDF5
669	251D	00	FDF5
669	251E	00	FDF5
669	251F	00	FDF5
669	2520	00	FDF5
669	2521	00	FDF5
669	2522	00	FDF5
669	2523	00	FDF5
669	2524	00	FDF5
669	2525	00	FDF5
669	2526	00	FDF5
669	2527	00	FDF5
669	2528	00	FDF5
669	2529	00	FDF5
669	252A	00	FDF5
669	252B	00	FDF5
669	252C	00	FDF5
669	252D	00	FDF5
669	252E	00	FDF5
669	252F	00	FDF5
669	2530	00	FDF5
669	2531	00	FDF5
669	2532	00	FDF5
669	2533	00	FDF5
669	2534	00	FDF5
669	2535	00	FDF5
669	2536	00	FDF5
669	2537	00	FDF5
669	2538	00	FDF5
669	2539	00	FDF5
669	253A	00	FDF5
669	253B	00	FDF5
669	253C	00	FDF5
669	253D	00	FDF5
669	253E	00	FDF5
669	253F	00	FDF5
669	2540	00	FDF5
669	2541	00	FDF5
669	2542	00	FDF5
669	2543	00	FDF5
669	2544	00	FDF5
669	2545	00	FDF5
669	2546	00	FDF5
669	2547	00	FDF5
669	2548	00	FDF5
669	2549	00	FDF5
669	254A	00	FDF5
669	254B	00	FDF5
669	254C	00	FDF5
669	254D	00	FDF5
669	254E	00	FDF5
669	254F	00	FDF5
669	2550	00	FDF5
669	2551	00	FDF5
669	2552	00	FDF5
669	2553	00	FDF5
669	2554	00	FDF5
669	2555	00	FDF5
669	2556	00	FDF5
669	2557	00	FDF5
669	2558	00	FDF5
669	2559	00	FDF5
669	255A	00	FDF5
669	255B	00	FDF5
669	255C	00	FDF5
669	255D	00	FDF5
669	255E	00	FDF5
669	255F	00	FDF5
669	2560	00	FDF5
669	2561	00	FDF5
669	2562	00	FDF5
669	2563	00	FDF5
669	2564	00	FDF5
669	2565	00	FDF5
669	2566	00	FDF5
669	2567	00	FDF5
669	2568	00	FDF5
669	2569	00	FDF5
669	256A	00	FDF5
669	256B	00	FDF5
669	256C	00	FDF5
669	256D	00	FDF5
669	256E	00	FDF5
669	256F	00	FDF5
669	2570	00	FDF5
669	2571	00	FDF5
669	2572	00	FDF5
669	2573	00	FDF5
669	2574	00	FDF5
669	2575	00	FDF5
669	2576	00	FDF5
669	2577	00	FDF5
669	2578	00	FDF5
669	2579	00	FDF5
669	257A	00	FDF5
669	257B	00	FDF5
669	257C	00	FDF5
669	257D	00	FDF5
669	257E	00	FDF5
669	257F	00	FDF5
669	2580	00	FDF5
669	2581	00	FDF5
669	2582	00	FDF5
669	2583	00	FDF5
669	2584	00	FDF5
669	2585	00	FDF5
669	2586	00	FDF5
669	2587	00	FDF5
669	2588	00	FDF5
669	2589	00	FDF5
669	258A	00	FDF5
669	258B	00	FDF5
669	258C	00	FDF5
669	258D	00	FDF5
669	258E	00	FDF5
669	258F	00	FDF5
669	2590	00	FDF5
669	2591	00	FDF5
669	2592	00	FDF5
669	2593	00	FDF5
669	2594	00	FDF5
669	2595	00	FDF5
669	2596	00	FDF5
669	2597	00	FDF5
669	2598	00	FDF5
669	2599	00	FDF5
669	259A	00	FDF5
669	259B	00	FDF5
669	259C	00	FDF5
669	259D	00	FDF5
669	259E	00	FDF5
669	259F	00	FDF5
669	25A0	00	FDF5
669	25A1	00	FDF5
669	25A2	00	FDF5
669	25A3	00	FDF5
669	25A4	00	FDF5
669	25A5	00	FDF5
669	25A6	00	FDF5
669	25A7	00	FDF5
669	25A8	00	FDF5
669	25A9	00	FDF5
669	25AA	00	FDF5
669	25AB	00	FDF5
669	25AC	00	FDF5
669	25AD	00	FDF5
669	25AE	00	FDF5
669	25AF	00	FDF5
669	25B0	00	FDF5
669	25B1	00	FDF5
669	25B2	00	FDF5
669	25B3	00	FDF5
669	25B4	00	FDF5
669	25B5	00	FDF5
669	25B6	00	FDF5
669	25B7	00	FDF5
669	25B8	00	FDF5
669	25B9	00	FDF5
669	25BA	00	FDF5
669	25BB	00	FDF5
669	25BC	00	FDF5
669	25BD	00	FDF5
669	25BE	00	FDF5
669	25BF	00	FDF5
669	25C0	00	FDF5
669	25C1	00	FDF5
669	25C2	00	FDF5
669	25C3	00	FDF5
669	25C4	00	FDF5
669	25C5	00	FDF5
669	25C6	00	FDF5
669	25C7	00	FDF5
669	25C8	00	FDF5
669	25C9	00	FDF5
669	25CA	00	FDF5
669	25CB	00	FDF5
669	25CC	00	FDF5
669	25CD	00	FDF5
669	25CE	00	FDF5
669	25CF	00	FDF5
669	25D0	00	FDF5
669	25D1	00	FDF5
669	25D2	00	FDF5
669	25D3	00	FDF5
669	25D4	00	FDF5
669	25D5	00	FDF5
669	25D6	00	FDF5
669	25D7	00	FDF5
669	25D8	00	FDF5
669	25D9	00	FDF5
669	25DA	00	FDF5
669	25DB	00	FDF5
669	25DC	00	FDF5
669	25DD	00	FDF5
669	25DE	00	FDF5
669	25DF	00	FDF5
669	25E0	00	FDF5
669	25E1	00	FDF5
669	25E2	00	FDF5
669	25E3	00	FDF5
669	25E4	00	FDF5
669	25E5	00	FDF5
669	25E6	00	FDF5
669	25E7	00	FDF5
669	25E8	00	FDF5
669	25E9	00	FDF5
669	25EA	00	FDF5
669	25EB	00	FDF5
669	25EC	00	FDF5
669	25ED	00	FDF5
669	25EE	00	FDF5
669	25EF	00	FDF5
669	25F0	00	FDF5
669	25F1	00	FDF5
669	25F2	00	FDF5
669	25F3	00	FDF5
669	25F4	00	FDF5
669	25F5	00	FDF5
669	25F6	00	FDF5
669	25F7	00	FDF5
669	25F8	00	FDF5
669	25F9	00	FDF5
669	25FA	00	FDF5
669	25FB	00	FDF5
669	25FC	00	FDF5
669	25FD	00	FDF5
669	25FE	00	FDF5
669	25FF	00	FDF5
669	2600	00	FDF5
669	2601	00	FDF5
669	2602	00	FDF5
669	2603	00	FDF5
669	2604	00	FDF5
669	2605	00	FDF5
669	2606	00	FDF5
669	2607	00	FDF5
669	2608	00	FDF5
669	2609	00	FDF5
669	260A	00	FDF5
669	260B	00	FDF5
669	260C	00	FDF5
669	260D	00	FDF5
669	260E	00	FDF5
669	260F	00	FDF5
669	2610	00	FDF5
669	2611	00	FDF5
669	2612	00	FDF5
669	2613	00	FDF5
669	2614	00	FDF5
669	2615	00	FDF5
669	2616	00	FDF5
669	2617	00	FDF5
669	2618	00	FDF5
669	2619	00	FDF5
669	261A	00	FDF5
669	261B	00	FDF5
669	261C	00	FDF5
669	261D	00	FDF5
669	261E	00	FDF5
669	261F	00	FDF5
669	2620	00	FDF5
669	2621	00	FDF5
669	2622	00	FDF5
669	2623	00	FDF5
669	2624	00	FDF5
669	2625	00	FDF5
669	2626	00	FDF5
669	2627	00	FDF5
669	2628	00	FDF5
669	2629	00	FDF5
669	262A	00	FDF5
669	262B	00	FDF5
669	262C	00	FDF5
669	262D	00	FDF5
669	262E	00	FDF5
669	262F	00	FDF5
669	2630	00	FDF5
669	2631	00	FDF5
669	2632	00	FDF5
669	2633	00	FDF5
669	2634	00	FDF5
669	2635	00	FDF5
669	2636	00	FDF5
669	2637	00	FDF5
669	2638	00	FDF5
669	2639	00	FDF5
669	263A	00	FDF5
669	263B	00	FDF5
669	263C	00	FDF5
669	263D	00	FDF5
669	263E	00	FDF5
669	263F	00	FDF5
669	2640	00	FDF5
669	2641	00	FDF5
669	2642	00	FDF5
669	2643	00	FDF5
669	2644	00	FDF5
669	2645	00	FDF5
669	2646	00	FDF5
669	2647	00	FDF5
669	2648	00	FDF5
669	2649	00	FDF5
669	264A	00	FDF5
669	264B	00	FDF5
669	264C	00	FDF5
669	264D	00	FDF5
669	264E	00	FDF5
669	264F	00	FDF5
669	2650	00	FDF5
669	2651	00	FDF5
669	2652	00	FDF5
669	2653	00	FDF5
669	2654	00	FDF5
669	2655	00	FDF5
669	2656	00	FDF5
669	2657	00	FDF5
669	2658	00	FDF5
669	2659	00	FDF5
669	265A	00	FDF5
669	265B	00	FDF5
669	265C	00	FDF5
669	265D	00	FDF5
669	265E	00	FDF5
669	265F	00	FDF5
669	2660	00	FDF5
669	2661	00	FDF5
669	2662	00	FDF5
669	2663	00	FDF5
669	2664	00	FDF5
669	2665	00	FDF5
669	2666	00	FDF5
669	2667	00	FDF5
669	2668	00	FDF5
669	2669	00	FDF5
669	266A	00	FDF5
669	266B	00	FDF5
669	266C	00	FDF5
669	266D	00	FDF5
669	266E	00	FDF5
669	266F	00	FDF5
669	2670	00	FDF5
669	2671	00	FDF5
669	2672	00	FDF5
669	2673	00	FDF5
669	2674	00	FDF5
669	2675	00	FDF5
669	2676	00	FDF5
669	2677	00	FDF5
669	2678	00	FDF5
669	2679	00	FDF5
669	267A	00	FDF5
669	267B	00	FDF5
669	267C	00	FDF5
669	267D	00	FDF5
669	267E	00	FDF5
669	267F	00	FDF5
669	2680	00	FDF5
669	2681	00	FDF5
669	2682	00	FDF5
669	2683	00	FDF5
669	2684	00	FDF5
669	2685	00	FDF5
669	2686	00	FDF5
669	2687	00	FDF5
669	2688	00	FDF5
669	2689	00	FDF5
669	268A	00	FDF5
669	268B	00	FDF5
669	268C	00	FDF5
669	268D	00	FDF5
669	268E	00	FDF5
669	268F	00	FDF5
669	2690	00	FDF5
669	2691	00	FDF5
669	2692	00	FDF5
669	2693	00	FDF5
669	2694	00	FDF5
669	2695	00	FDF5
669	2696	00	FDF5
669	2697	00	FDF5
669	2698	00	FDF5
669	2699	00	FDF5
669	269A	00	FDF5
669	269B	00	FDF5
669	269C	00	FDF5
669	269D	00	FDF5
669	269E	00	FDF5
669	269F	00	FDF5
669	26A0	00	FDF5
669	26A1	00	FDF5
669	26A2	00	FDF5
669	26A3	00	FDF5
669	26A4	00	FDF5
669	26A5	00	FDF5
669	26A6	00	FDF5
669	26A7	00	FDF5
669	26A8	00	FDF5
669	26A9	00	FDF5
669	26AA	00	FDF5
669	26AB	00	FDF5
669	26AC	00	FDF5
669	26AD	00	FDF5
669	26AE	00	FDF5
669	26AF	00	FDF5
669	26B0	00	FDF5
669	26B1	00	FDF5
669	26B2	00	FDF5
669	26B3	00	FDF5
669	26B4	00	FDF5
669	26B5	00	FDF5
669	26B6	00	FDF5
669	26B7	00	FDF5
669	26B8	00	FDF5
669	26B9	00	FDF5
669	26BA	00	FDF5
669	26BB	00	FDF5
669	26BC	00	FDF5
669	26BD	00	FDF5
669	26BE	00	FDF5
669	26BF	00	FDF5
669	26C0	00	FDF5
669	26C1	00	FDF5
669	26C2	00	FDF5
669	26C3	00	FDF5
669	26C4	00	FDF5
669	26C5	00	FDF5
669	26C6	00	FDF5
669	26C7	00	FDF5
669	26C8	00	FDF5
669	26C9	00	FDF5
669	26CA	00	FDF5
669	26CB	00	FDF5
669	26CC	00	FDF5
669	26CD	00	FDF5
669	26CE	00	FDF5
669	26CF	00	FDF5
669	26D0	00	FDF5
669	26D1	00	FDF5
669	26D2	00	FDF5
669	26D3	00	FDF5
669	26D4	00	FDF5
669	26D5	00	FDF5
669	26D6	00	FDF5
669	26D7	00	FDF5
669	26D8	00	FDF5
669	26D9	00	FDF5
669	26DA	00	FDF5
669	26DB	00	FDF5
669	26DC	00	FDF5
669	26DD	00	FDF5
669	26DE	00	FDF5
669	26DF	00	FDF5
669	26E0	00	FDF5
669	26E1	00	FDF5
669	26E2	00	FDF5
669	26E3	00	FDF5
669	26E4	00	FDF5
669	26E5	00	FDF5
669	26E6	00	FDF5
669	26E7	00	FDF5
669	26E8	00	FDF5
669	26E9	00	FDF5
669	26EA	00	FDF5
669	26EB	00	FDF5
669	26EC	00	FDF5
669	26ED	00	FDF5
669	26EE	00	FDF5
669	26EF	00	FDF5
669	26F0	00	FDF5
669	26F1	00	FDF5
669	26F2	00	FDF5
669	26F3	00	FDF5
669	26F4	00	FDF5
669	26F5	00	FDF5
669	26F6	00	FDF5
669	26F7	00	FDF5
669	26F8	00	FDF5
669	26F9	00	FDF5
669	26FA	00	FDF5
669	26FB	00	FDF5
669	26FC	00	FDF5
669	26FD	00	FDF5
669	26FE	00	FDF5
669	26FF	00	FDF5
669	2700	00	FDF5
669	2701	00	FDF5
669	2702	00	FDF5
669	2703	00	FDF5
669	2704	00	FDF5
669	2705	00	FDF5
669	2706	00	FDF5
669	2707	00	FDF5
669	2708	00	FDF5
669	2709	00	FDF5
669	270A	00	FDF5
669	270B	00	FDF5
669	270C	00	FDF5
669	270D	00	FDF5
669	270E	00	FDF5
669	270F	00	FDF5
669	2710	00	FDF5
669	2711	00	FDF5
669	2712	00	FDF5
669	2713	00	FDF5
669	2714	00	FDF5
669	2715	00	FDF5
669	2716	00	FDF5
669	2717	00	FDF5
669	2718	00	FDF5
669	2719	00	FDF5
669	271A	00	FDF5
669	271B	00	FDF5
669	271C	00	FDF5
669	271D	00	FDF5
669	271E	00	FDF5
669	271F	00	FDF5
669	2720	00	FDF5
669	2721	00	FDF5
669	2722	00	FDF5
669	2723	00	FDF5
669	2724	00	FDF5
669	2725	00	FDF5
669	2726	00	FDF5
669	2727	00	FDF5
669	2728	00	FDF5
669	2729	00	FDF5
669	272A	00	FDF5
669	272B	00	FDF5
669	272C	00	FDF5
669	272D	00	FDF5
669	272E	00	FDF5
669	272F	00	FDF5
669	2730	00	FDF5
669	2731	00	FDF5
669	2732	00	FDF5
669	2733	00	FDF5
669	2734	00	FDF5
669	2735	00	FDF5
669	2736	00	FDF5
669	2737	00	FDF5
669	2738	00	FDF5
669	2739	00	FDF5
669	273A	00	FDF5
669	273B	00	FDF5
669	273C	00	FDF5
669	273D	00	FDF5
669	273E	00	FDF5
669	273F	00	FDF5
669	2740	00	FDF5
669	2741	00	FDF5
669	2742	00	FDF5
669	2743	00	FDF5
669	2744	00	FDF5
669	2745	00	FDF5
669	2746	00	FDF5
669	2747	00	FDF5
669	2748	00	FDF5
669	2749	00	FDF5
669	274A	00	FDF5
669	274B	00	FDF5
669	274C	00	FDF5
669	274D	00	FDF5
669	274E	00	FDF5
669	274F	00	FDF5
669	2750	00	FDF5
669	2751	00	FDF5
669	2752	00	FDF5
669	2753	00	FDF5
669	2754	00	FDF5
669	2755	00	FDF5
669	2756	00	FDF5
669	2757	00	FDF5
669	2758	00	FDF5
669	2759	00	FDF5
669	275A	00	FDF5
669	275B	00	FDF5
669	275C	00	FDF5
669	275D	00	FDF5
669	275E	00	FDF5
669	275F	00	FDF5
669	2760	00	FDF5
669	2761	00	FDF5
669	2762	00	FDF5
669	2763	00	FDF5
669	2764	00	FDF5
669	2765	00	FDF5
669	2766	00	FDF5
669	2767	00	FDF5
669	2768	00	FDF5
669	2769	00	FDF5
669	276A	00	FDF5
669	276B	00	FDF5
669	276C	00	FDF5
669	276D	00	FDF5
669	276E	00	FDF5
669	276F	00	FDF5
669	2770	00	FDF5
669	2771	00	FDF5
669	2772	00	FDF5
669	2773	00	FDF5
669	2774	00	FDF5
669	2775	00	FDF5
669	2776	00	FDF5
669	2777	00	FDF5
669	2778	00	FDF5
669	2779	00	FDF5
669	277A	00	FDF5
669	277B	00	FDF5
669	277C	00	FDF5
669	277D	00	FDF5
669	277E	00	FDF5
669	277F	00	FDF5
669	2780	00	FDF5
669	2781	00	FDF5
669	2782	00	FDF5
669	2783	00	FDF5
669	2784	00	FDF5
669	2785	00	FDF5
669	2786	00	FDF5
669	2787	00	FDF5
669	2788	00	FDF5
669	2789	00	FDF5
669	278A	00	FDF5
669	278B	00	FDF5
669	278C	00	FDF5
669	278D	00	FDF5
669	278E	00	FDF5
669	278F	00	FDF5
669	2790	00	FDF5
669	2791	00	FDF5
669	2792	00	FDF5
669	2793	00	FDF5
669	2794	00	FDF5
669	2795	00	FDF5
669	2796	00	FDF5
669	2797	00	FDF5
669	2798	00	FDF5
669	2799	00	FDF5
669	279A	00	FDF5
669	279B	00	FDF5
669	279C	00	FDF5
669	279D	00	FDF5
669	279E	00	FDF5
669	279F	00	FDF5
669	27A0	00	FDF5
669	27A1	00	FDF5
669	27A2	00	FDF5
669	27A3	00	FDF5
669	27A4	00	FDF5
669	27A5	00	FDF5
669	27A6	00	FDF5
669	27A7	00	FDF5
669	27A8	00	FDF5
669	27A9	00	FDF5
669	27AA	00	FDF5
669	27AB	00	FDF5
669	27AC	00	FDF5
669	27AD	00	FDF5
669	27AE	00	FDF5
669	27AF	00	FDF5
669	27B0	00	FDF5
669	27B1	00	FDF5
669	27B2	00	FDF5
669	27B3	00	FDF5
669	27B4	00	FDF5
669	27B5	00	FDF5
669	27B6	00	FDF5
669	27B7	00	FDF5
669	27B8	00	FDF5
669	27B9	00	FDF5
669	27BA	00	FDF5
669	27BB	00	FDF5
669	27BC	00	FDF5
669	27BD	00	FDF5
669	27BE	00	FDF5
669	27BF	00	FDF5
669	27C0	00	FDF5
669	27C1	00	FDF5
669	27C2	00	FDF5
669	27C3	00	FDF5
669	27C4	00	FDF5
669	27C5	00	FDF5
669	27C6	00	FDF5
669	27C7	00	FDF5
669	27C8	00	FDF5
669	27C9	00	FDF5
669	27CA	00	FDF5
669	27CB	00	FDF5
669	27CC	00	FDF5
669	27CD	00	FDF5
669	27CE	00	FDF5
669	27CF	00	FDF5
669	27D0	00	FDF5
669	27D1	00	FDF5
669	27D2	00	FDF5
669	27D3	00	FDF5
669	27D4	00	FDF5
669	27D5	00	FDF5
669	27D6	00	FDF5
669	27D7	00	FDF5
669	27D8	00	FDF5
669	27D9	00	FDF5
669	27DA	00	FDF5
669	27DB	00	FDF5
669	27DC	00	FDF5
669	27DD	00	FDF5
669	27DE	00	FDF5
669	27DF	00	FDF5
669	27E0	00	FDF5
669	27E1	00	FDF5
669	27E2	00	FDF5
669	27E3	00	FDF5
669	27E4	00	FDF5
669	27E5	00	FDF5
669	27E6	00	FDF5
669	27E7	00	FDF5
669	27E8	00	FDF5
669	27E9	00	FDF5
669	27EA	00	FDF5
669	27EB	00	FDF5
669	27EC	00	FDF5
669	27ED	00	FDF5
669	27EE	00	FDF5
669	27EF	00	FDF5
669	27F0	00	FDF5
669	27F1	00	FDF5
669	27F2	00	FDF5
669	27F3	00	FDF5
669	27F4	00	FDF5
669	27F5	00	FDF5
669	27F6	00	FDF5
669	27F7	00	FDF5
669	27F8	00	FDF5
669	27F9	00	FDF5
669	27FA	00	FDF5
669	27FB	00	FDF5
669	27FC	00	FDF5
669	27FD	00	FDF5
669	27FE	00	FDF5
669	27FF	00	FDF5
669	27C0	00	FE12
669	27C1	00	FE12
669	27C2	00	FE12
669	27C3	00	FE12
669	27C4	00	FE12
669	27C5	00	FE12
669	27C6	00	FE12
669	27C7	00	FE12
669	27C8	00	FE12
669	27C9	00	FE12
669	27CA	00	FE12
669	27CB	00	FE12
669	27CC	00	FE12
669	27CD	00	FE12
669	27CE	00	FE12
669	27CF	00	FE12
669	27D0	00	FE12
669	27D1	00	FE12
669	27D2	00	FE12
669	27D3	00	FE12
669	27D4	00	FE12
669	27D5	00	FE12
669	27D6	00	FE12
669	27D7	00	FE12
669	27D8	00	FE12
669	27D9	00	FE12
669	27DA	00	FE12
669	27DB	00	FE12
669	27DC	00	FE12
669	27DD	00	FE12
669	27DE	00	FE12
669	27DF	00	FE12
669	27E0	00	FE12
669	27E1	00	FE12
669	27E2	00	FE12
669	27E3	00	FE12
669	27E4	00	FE12
669	27E5	00	FE12
669	27E6	00	FE12
669	27E7	00	FE12
669	27E8	00	FE12
669	27E9	00	FE12
669	27EA	00	FE12
669	27EB	00	FE12
669	27EC	00	FE12
669	27ED	00	FE12
669	27EE	00	FE12
669	27EF	00	FE12
669	27F0	00	FE12
669	27F1	00	FE12
669	27F2	00	FE12
669	27F3	00	FE12
669	27F4	00	FE12
669	27F5	00	FE12
669	27F6	00	FE12
669	27F7	00	FE12
669	27F8	00	FE12
669	27F9	00	FE12
669	27FA	00	FE12
669	27FB	00	FE12
669	27FC	00	FE12
669	27FD	00	FE12
669	27FE	00	FE12
669	27FF	00	FE12
669	2800	00	FDF5
669	2801	00	FDF5
669	2802	00	FDF5
669	2803	00	FDF5
669	2804	00	FDF5
669	2805	00	FDF5
669	2806	00	FDF5
669	2807	00	FDF5
669	2808	00	FDF5
669	2809	00	FDF5
669	280A	00	FDF5
669	280B	00	FDF5
669	280C	00	FDF5
669	280D	00	FDF5
669	280E	00	FDF5
669	280F	00	FDF5
669	2810	00	FDF5
669	2811	00	FDF5
669	2812	00	FDF5
669	2813	00	FDF5
669	2814	00	FDF5
669	2815	00	FDF5
669	2816	00	FDF5
669	2817	00	FDF5
669	2818	00	FDF5
669	2819	00	FDF5
669	281A	00	FDF5
669	281B	00	FDF5
669	281C	00	FDF5
669	281D	00	FDF5
669	281E	00	FDF5
669	281F	00	FDF5
669	2820	00	FDF5
669	2821	00	FDF5
669	2822	00	FDF5
669	2823	00	FDF5
669	2824	00	FDF5
669	2825	00	FDF5
669	2826	00	FDF5
669	2827	00	FDF5
669	2828	00	FDF5
669	2829	00	FDF5
669	282A	00	FDF5
669	282B	00	FDF5
669	282C	00	FDF5
669	282D	00	FDF5
669	282E	00	FDF5
669	282F	00	FDF5
669	2830	00	FDF5
669	2831	00	FDF5
669	2832	00	FDF5
669	2833	00	FDF5
669	2834	00	FDF5
669	2835	00	FDF5
669	2836	00	FDF5
669	2837	00	FDF5
669	2838	00	FDF5
669	2839	00	FDF5
669	283A	00	FDF5
669	283B	00	FDF5
669	283C	00	FDF5
669	283D	00	FDF5
669	283E	00	FDF5
669	283F	00	FDF5
669	2840	00	FDF5
669	2841	00	FDF5
669	2842	00	FDF5
669	2843	00	FDF5
669	2844	00	FDF5
669	2845	00	FDF5
669	2846	00	FDF5
669	2847	00	FDF5
669	2848	00	FDF5
669	2849	00	FDF5
669	284A	00	FDF5
669	284B	00	FDF5
669	284C	00	FDF5
669	284D	00	FDF5
669	284E	00	FDF5
669	284F	00	FDF5
669	2850	00	FDF5
669	2851	00	FDF5
669	2852	00	FDF5
669	2853	00	FDF5
669	2854	00	FDF5
669	2855	00	FDF5
669	2856	00	FDF5
669	2857	00	FDF5
669	2858	00	FDF5
669	2859	00	FDF5
669	285A	00	FDF5
669	285B	00	FDF5
669	285C	00	FDF5
669	285D	00	FDF5
669	285E	00	FDF5
669	285F	00	FDF5
669	2860	00	FDF5
669	2861	00	FDF5
669	2862	00	FDF5
669	2863	00	FDF5
669	2864	00	FDF5
669	2865	00	FDF5
669	2866	00	FDF5
669	2867	00	FDF5
669	2868	00	FDF5
669	2869	00	FDF5
669	286A	00	FDF5
669	286B	00	FDF5
669	286C	00	FDF5
669	286D	00	FDF5
669	286E	00	FDF5
669	286F	00	FDF5
669	2870	00	FDF5
669	2871	00	FDF5
669	2872	00	FDF5
669	2873	00	FDF5
669	2874	00	FDF5
669	2875	00	FDF5
669	2876	00	FDF5
669	2877	00	FDF5
669	2878	00	FDF5
669	2879	00	FDF5
669	287A	00	FDF5
669	287B	00	FDF5
669	287C	00	FDF5
669	287D	00	FDF5
669	287E	00	FDF5
669	287F	00	FDF5
669	2880	00	FDF5
669	2881	00	FDF5
669	2882	00	FDF5
669	2883	00	FDF5
669	2884	00	FDF5
669	2885	00	FDF5
669	2886	00	FDF5
669	2887	00	FDF5
669	2888	00	FDF5
669	2889	00	FDF5
669	288A	00	FDF5
669	288B	00	FDF5
669	288C	00	FDF5
669	288D	00	FDF5
669	288E	00	FDF5
669	288F	00	FDF5
669	2890	00	FDF5
669	2891	00	FDF5
669	2892	00	FDF5
669	2893	00	FDF5
669	2894	00	FDF5
669	2895	00	FDF5
669	2896	00	FDF5
669	2897	00	FDF5
669	2898	00	FDF5
669	2899	00	FDF5
669	289A	00	FDF5
669	289B	00	FDF5
669	289C	00	FDF5
669	289D	00	FDF5
669	289E	00	FDF5
669	289F	00	FDF5
669	28A0	00	FDF5
669	28A1	00	FDF5
669	28A2	00	FDF5
669	28A3	00	FDF5
669	28A4	00	FDF5
669	28A5	00	FDF5
669	28A6	00	FDF5
669	28A7	00	FDF5
669	28A8	00	FDF5
669	28A9	00	FDF5
669	28AA	00	FDF5
669	28AB	00	FDF5
669	28AC	00	FDF5
669	28AD	00	FDF5
669	28AE	00	FDF5
669	28AF	00	FDF5
669	28B0	00	FDF5
669	28B1	00	FDF5
669	28B2	00	FDF5
669	28B3	00	FDF5
669	28B4	00	FDF5
669	28B5	00	FDF5
669	28B6	00	FDF5
669	28B7	00	FDF5
669	28B8	00	FDF5
669	28B9	00	FDF5
669	28BA	00	FDF5
669	28BB	00	FDF5
669	28BC	00	FDF5
669	28BD	00	FDF5
669	28BE	00	FDF5
669	28BF	00	FDF5
669	28C0	00	FDF5
669	28C1	00	FDF5
669	28C2	00	FDF5
669	28C3	00	FDF5
669	28C4	00	FDF5
669	28C5	00	FDF5
669	28C6	00	FDF5
669	28C7	00	FDF5
669	28C8	00	FDF5
669	28C9	00	FDF5
669	28CA	00	FDF5
669	28CB	00	FDF5
669	28CC	00	FDF5
669	28CD	00	FDF5
669	28CE	00	FDF5
669	28CF	00	FDF5
669	28D0	00	FDF5
669	28D1	00	FDF5
669	28D2	00	FDF5
669	28D3	00	FDF5
669	28D4	00	FDF5
669	28D5	00	FDF5
669	28D6	00	FDF5
669	28D7	00	FDF5
669	28D8	00	FDF5
669	28D9	00	FDF5
669	28DA	00	FDF5
669	28DB	00	FDF5
669	28DC	00	FDF5
669	28DD	00	FDF5
669	28DE	00	FDF5
669	28DF	00	FDF5
669	28E0	00	FDF5
669	28E1	00	FDF5
669	28E2	00	FDF5
669	28E3	00	FDF5
669	28E4	00	FDF5
669	28E5	00	FDF5
669	28E6	00	FDF5
669	28E7	00	FDF5
669	28E8	00	FDF5
669	28E9	00	FDF5
669	28EA	00	FDF5
669	28EB	00	FDF5
669	28EC	00	FDF5
669	28ED	00	FDF5
669	28EE	00	FDF5
669	28EF	00	FDF5
669	28F0	00	FDF5
669	28F1	00	FDF5
669	28F2	00	FDF5
669	28F3	00	FDF5
669	28F4	00	FDF5
669	28F5	00	FDF5
669	28F6	00	FDF5
669	28F7	00	FDF5
669	28F8	00	FDF5
669	28F9	00	FDF5
669	28FA	00	FDF5
669	28FB	00	FDF5
669	28FC	00	FDF5
669	28FD	00	FDF5
669	28FE	00	FDF5
669	28FF	00	FDF5
669	2900	00	FDF5
669	2901	00	FDF5
669	2902	00	FDF5
669	2903	00	FDF5
669	2904	00	FDF5
669	2905	00	FDF5
669	2906	00	FDF5
669	2907	00	FDF5
669	2908	00	FDF5
669	2909	00	FDF5
669	290A	00	FDF5
669	290B	00	FDF5
669	290C	00	FDF5
669	290D	00	FDF5
669	290E	00	FDF5
669	290F	00	FDF5
669	2910	00	FDF5
669	2911	00	FDF5
669	2912	00	FDF5
669	2913	00	FDF5
669	2914	00	FDF5
669	2915	00	FDF5
669	2916	00	FDF5
669	2917	00	FDF5
669	2918	00	FDF5
669	2919	00	FDF5
669	291A	00	FDF5
669	291B	00	FDF5
669	291C	00	FDF5
669	291D	00	FDF5
669	291E	00	FDF5
669	291F	00	FDF5
669	2920	00	FDF5
669	2921	00	FDF5
669	2922	00	FDF5
669	2923	00	FDF5
669	2924	00	FDF5
669	2925	00	FDF5
669	2926	00	FDF5
669	2927	00	FDF5
669	2928	00	FDF5
669	2929	00	FDF5
669	292A	00	FDF5
669	292B	00	FDF5
669	292C	00	FDF5
669	292D	00	FDF5
669	292E	00	FDF5
669	292F	00	FDF5
669	2930	00	FDF5
669	2931	00	FDF5
669	2932	00	FDF5
669	2933	00	FDF5
669	2934	00	FDF5
669	2935	00	FDF5
669	2936	00	FDF5
669	2937	00	FDF5
669	2938	00	FDF5
669	2939	00	FDF5
669	293A	00	FDF5
669	293B	00	FDF5
669	293C	00	FDF5
669	293D	00	FDF5
669	293E	00	FDF5
669	293F	00	FDF5
669	2940	00	FDF5
669	2941	00	FDF5
669	2942	00	FDF5
669	2943	00	FDF5
669	2944	00	FDF5
669	2945	00	FDF5
669	2946	00	FDF5
669	2947	00	FDF5
669	2948	00	FDF5
669	2949	00	FDF5
669	294A	00	FDF5
669	294B	00	FDF5
669	294C	00	FDF5
669	294D	00	FDF5
669	294E	00	FDF5
669	294F	00	FDF5
669	2950	00	FDF5
669	2951	00	FDF5
669	2952	00	FDF5
669	2953	00	FDF5
669	2954	00	FDF5
669	2955	00	FDF5
669	2956	00	FDF5
669	2957	00	FDF5
669	2958	00	FDF5
669	2959	00	FDF5
669	295A	00	FDF5
669	295B	00	FDF5
669	295C	00	FDF5
669	295D	00	FDF5
669	295E	00	FDF5
669	295F	00	FDF5
669	2960	00	FDF5
669	2961	00	FDF5
669	2962	00	FDF5
669	2963	00	FDF5
669	2964	00	FDF5
669	2965	00	FDF5
669	2966	00	FDF5
669	2967	00	FDF5
669	2968	00	FDF5
669	2969	00	FDF5
669	296A	00	FDF5
669	296B	00	FDF5
669	296C	00	FDF5
669	296D	00	FDF5
669	296E	00	FDF5
669	296F	00	FDF5
669	2970	00	FDF5
669	2971	00	FDF5
669	2972	00	FDF5
669	2973	00	FDF5
669	2974	00	FDF5
669	2975	00	FDF5
669	2976	00	FDF5
669	2977	00	FDF5
669	2978	00	FDF5
669	2979	00	FDF5
669	297A	00	FDF5
669	297B	00	FDF5
669	297C	00	FDF5
669	297D	00	FDF5
669	297E	00	FDF5
669	297F	00	FDF5
669	2980	00	FDF5
669	2981	00	FDF5
669	2982	00	FDF5
669	2983	00	FDF5
669	2984	00	FDF5
669	2985	00	FDF5
669	2986	00	FDF5
669	2987	00	FDF5
669	2988	00	FDF5
669	2989	00	FDF5
669	298A	00	FDF5
669	298B	00	FDF5
669	298C	00	FDF5
669	298D	00	FDF5
669	298E	00	FDF5
669	298F	00	FDF5
669	2990	00	FDF5
669	2991	00	FDF5
669	2992	00	FDF5
669	2993	00	FDF5
669	2994	00	FDF5
669	2995	00	FDF5
669	2996	00	FDF5
669	2997	00	FDF5
669	2998	00	FDF5
669	2999	00	FDF5
669	299A	00	FDF5
669	299B	00	FDF5
669	299C	00	FDF5
669	299D	00	FDF5
669	299E	00	FDF5
669	299F	00	FDF5
669	29A0	00	FDF5
669	29A1	00	FDF5
669	29A2	00	FDF5
669	29A3	00	FDF5
669	29A4	00	FDF5
669	29A5	00	FDF5
669	29A6	00	FDF5
669	29A7	00	FDF5
669	29A8	00	FDF5
669	29A9	00	FDF5
669	29AA	00	FDF5
669	29AB	00	FDF5
669	29AC	00	FDF5
669	29AD	00	FDF5
669	29AE	00	FDF5
669	29AF	00	FDF5
669	29B0	00	FDF5
669	29B1	00	FDF5
669	29B2	00	FDF5
669	29B3	00	FDF5
669	29B4	00	FDF5
669	29B5	00	FDF5
669	29B6	00	FDF5
669	29B7	00	FDF5
669	29B8	00	FDF5
669	29B9	00	FDF5
669	29BA	00	FDF5
669	29BB	00	FDF5
669	29BC	00	FDF5
669	29BD	00	FDF5
669	29BE	00	FDF5
669	29BF	00	FDF5
669	29C0	00	FDF5
669	29C1	00	FDF5
669	29C2	00	FDF5
669	29C3	00	FDF5
669	29C4	00	FDF5
669	29C5	00	FDF5
669	29C6	00	FDF5
669	29C7	00	FDF5
669	29C8	00	FDF5
669	29C9	00	FDF5
669	29CA	00	FDF5
669	29CB	00	FDF5
669	29CC	00	FDF5
669	29CD	00	FDF5
669	29CE	00	FDF5
669	29CF	00	FDF5
669	29D0	00	FDF5
669	29D1	00	FDF5
669	29D2	00	FDF5
669	29D3	00	FDF5
669	29D4	00	FDF5
669	29D5	00	FDF5
669	29D6	00	FDF5
669	29D7	00	FDF5
669	29D8	00	FDF5
669	29D9	00	FDF5
669	29DA	00	FDF5
669	29DB	00	FDF5
669	29DC	00	FDF5
669	29DD	00	FDF5
669	29DE	00	FDF5
669	29DF	00	FDF5
669	29E0	00	FDF5
669	29E1	00	FDF5
669	29E2	00	FDF5
669	29E3	00	FDF5
669	29E4	00	FDF5
669	29E5	00	FDF5
669	29E6	00	FDF5
669	29E7	00	FDF5
669	29E8	00	FDF5
669	29E9	00	FDF5
669	29EA	00	FDF5
669	29EB	00	FDF5
669	29EC	00	FDF5
669	29ED	00	FDF5
669	29EE	00	FDF5
669	29EF	00	FDF5
669	29F0	00	FDF5
669	29F1	00	FDF5
669	29F2	00	FDF5
669	29F3	00	FDF5
669	29F4	00	FDF5
669	29F5	00	FDF5
669	29F6	00	FDF5
669	29F7	00	FDF5
669	29F8	00	FDF5
669	29F9	00	FDF5
669	29FA	00	FDF5
669	29FB	00	FDF5
669	29FC	00	FDF5
669	29FD	00	FDF5
669	29FE	00	FDF5
669	29FF	00	FDF5
669	2A00	00	FDF5
669	2A01	00	FDF5
669	2A02	00	FDF5
669	2A03	00	FDF5
669	2A04	00	FDF5
669	2A05	00	FDF5
669	2A06	00	FDF5
669	2A07	00	FDF5
669	2A08	00	FDF5
669	2A09	00	FDF5
669	2A0A	00	FDF5
669	2A0B	00	FDF5
669	2A0C	00	FDF5
669	2A0D	00	FDF5
669	2A0E	00	FDF5
669	2A0F	00	FDF5
669	2A10	00	FDF5
669	2A11	00	FDF5
669	2A12	00	FDF5
669	2A13	00	FDF5
669	2A14	00	FDF5
669	2A15	00	FDF5
669	2A16	00	FDF5
669	2A17	00	FDF5
669	2A18	00	FDF5
669	2A19	00	FDF5
669	2A1A	00	FDF5
669	2A1B	00	FDF5
669	2A1C	00	FDF5
669	2A1D	00	FDF5
669	2A1E	00	FDF5
669	2A1F	00	FDF5
669	2A20	00	FDF5
669	2A21	00	FDF5
669	2A22	00	FDF5
669	2A23	00	FDF5
669	2A24	00	FDF5
669	2A25	00	FDF5
669	2A26	00	FDF5
669	2A27	00	FDF5
669	2A28	00	FDF5
669	2A29	00	FDF5
669	2A2A	00	FDF5
669	2A2B	00	FDF5
669	2A2C	00	FDF5
669	2A2D	00	FDF5
669	2A2E	00	FDF5
669	2A2F	00	FDF5
669	2A30	00	FDF5
669	2A31	00	FDF5
669	2A32	00	FDF5
669	2A33	00	FDF5
669	2A34	00	FDF5
669	2A35	00	FDF5
669	2A36	00	FDF5
669	2A37	00	FDF5
669	2A38	00	FDF5
669	2A39	00	FDF5
669	2A3A	00	FDF5
669	2A3B	00	FDF5
669	2A3C	00	FDF5
669	2A3D	00	FDF5
669	2A3E	00	FDF5
669	2A3F	00	FDF5
669	2A40	00	FDF5
669	2A41	00	FDF5
669	2A42	00	FDF5
669	2A43	00	FDF5
669	2A44	00	FDF5
669	2A45	00	FDF5
669	2A46	00	FDF5
669	2A47	00	FDF5
669	2A48	00	FDF5
669	2A49	00	FDF5
669	2A4A	00	FDF5
669	2A4B	00	FDF5
669	2A4C	00	FDF5
669	2A4D	00	FDF5
669	2A4E	00	FDF5
669	2A4F	00	FDF5
669	2A50	00	FDF5
669	2A51	00	FDF5
669	2A52	00	FDF5
669	2A53	00	FDF5
669	2A54	00	FDF5
669	2A55	00	FDF5
669	2A56	00	FDF5
669	2A57	00	FDF5
669	2A58	00	FDF5
669	2A59	00	FDF5
669	2A5A	00	FDF5
669	2A5B	00	FDF5
669	2A5C	00	FDF5
669	2A5D	00	FDF5
669	2A5E	00	FDF5
669	2A5F	00	FDF5
669	2A60	00	FDF5
669	2A61	00	FDF5
669	2A62	00	FDF5
669	2A63	00	FDF5
669	2A64	00	FDF5
669	2A65	00	FDF5
669	2A66	00	FDF5
669	2A67	00	FDF5
669	2A68	00	FDF5
669	2A69	00	FDF5
669	2A6A	00	FDF5
669	2A6B	00	FDF5
669	2A6C	00	FDF5
669	2A6D	00	FDF5
669	2A6E	00	FDF5
669	2A6F	00	FDF5
669	2A70	00	FDF5
669	2A71	00	FDF5
669	2A72	00	FDF5
669	2A73	00	FDF5
669	2A74	00	FDF5
669	2A75	00	FDF5
669	2A76	00	FDF5
669	2A77	00	FDF5
669	2A78	00	FDF5
669	2A79	00	FDF5
669	2A7A	00	FDF5
669	2A7B	00	FDF5
669	2A7C	00	FDF5
669	2A7D	00	FDF5
669	2A7E	00	FDF5
669	2A7F	00	FDF5
669	2A80	00	FDF5
669	2A81	00	FDF5
669	2A82	00	FDF5
669	2A83	00	FDF5
669	2A84	00	FDF5
669	2A85	00	FDF5
669	2A86	00	FDF5
669	2A87	00	FDF5
669	2A88	00	FDF5
669	2A89	00	FDF5
669	2A8A	00	FDF5
669	2A8B	00	FDF5
669	2A8C	00	FDF5
669	2A8D	00	FDF5
669	2A8E	00	FDF5
669	2A8F	00	FDF5
669	2A90	00	FDF5
669	2A91	00	FDF5
669	2A92	00	FDF5
669	2A93	00	FDF5
669	2A94	00	FDF5
669	2A95	00	FDF5
669	2A96	00	FDF5
669	2A97	00	FDF5
669	2A98	00	FDF5
669	2A99	00	FDF5
669	2A9A	00	FDF5
669	2A9B	00	FDF5
669	2A9C	00	FDF5
669	2A9D	00	FDF5
669	2A9E	00	FDF5
669	2A9F	00	FDF5
669	2AA0	00	FDF5
669	2AA1	00	FDF5
669	2AA2	00	FDF5
669	2AA3	00	FDF5
669	2AA4	00	FDF5
669	2AA5	00	FDF5
669	2AA6	00	FDF5
669	2AA7	00	FDF5
669	2AA8	00	FDF5
669	2AA9	00	FDF5
669	2AAA	00	FDF5
669	2AAB	00	FDF5
669	2AAC	00	FDF5
669	2AAD	00	FDF5
669	2AAE	00	FDF5
669	2AAF	00	FDF5
669	2AB0	00	FDF5
669	2AB1	00	FDF5
669	2AB2	00	FDF5
669	2AB3	00	FDF5
669	2AB4	00	FDF5
669	2AB5	00	FDF5
669	2AB6	00	FDF5
669	2AB7	00	FDF5
669	2AB8	00	FDF5
669	2AB9	00	FDF5
669	2ABA	00	FDF5
669	2ABB	00	FDF5
669	2ABC	00	FDF5
669	2ABD	00	FDF5
669	2ABE	00	FDF5
669	2ABF	00	FDF5
669	2AC0	00	FDF5
669	2AC1	00	FDF5
669	2AC2	00	FDF5
669	2AC3	00	FDF5
669	2AC4	00	FDF5
669	2AC5	00	FDF5
669	2AC6	00	FDF5
669	2AC7	00	FDF5
669	2AC8	00	FDF5
669	2AC9	00	FDF5
669	2ACA	00	FDF5
669	2ACB	00	FDF5
669	2ACC	00	FDF5
669	2ACD	00	FDF5
669	2ACE	00	FDF5
669	2ACF	00	FDF5
669	2AD0	00	FDF5
669	2AD1	00	FDF5
669	2AD2	00	FDF5
669	2AD3	00	FDF5
669	2AD4	00	FDF5
669	2AD5	00	FDF5
669	2AD6	00	FDF5
669	2AD7	00	FDF5
669	2AD8	00	FDF5
669	2AD9	00	FDF5
669	2ADA	00	FDF5
669	2ADB	00	FDF5
669	2ADC	00	FDF5
669	2ADD	00	FDF5
669	2ADE	00	FDF5
669	2ADF	00	FDF5
669	2AE0	00	FDF5
669	2AE1	00	FDF5
669	2AE2	00	FDF5
669	2AE3	00	FDF5
669	2AE4	00	FDF5
669	2AE5	00	FDF5
669	2AE6	00	FDF5
669	2AE7	00	FDF5
669	2AE8	00	FDF5
669	2AE9	00	FDF5
669	2AEA	00	FDF5
669	2AEB	00	FDF5
669	2AEC	00	FDF5
669	2AED	00	FDF5
669	2AEE	00	FDF5
669	2AEF	00	FDF5
669	2AF0	00	FDF5
669	2AF1	00	FDF5
669	2AF2	00	FDF5
669	2AF3	00	FDF5
669	2AF4	00	FDF5
669	2AF5	00	FDF5
669	2AF6	00	FDF5
669	2AF7	00	FDF5
669	2AF8	00	FDF5
669	2AF9	00	FDF5
669	2AFA	00	FDF5
669	2AFB	00	FDF5
669	2AFC	00	FDF5
669	2AFD	00	FDF5
669	2AFE	00	FDF5
669	2AFF	00	FDF5
669	2B00	00	FDF5
669	2B01	00	FDF5
669	2B02	00	FDF5
669	2B03	00	FDF5
669	2B04	00	FDF5
669	2B05	00	FDF5
669	2B06	00	FDF5
669	2B07	00	FDF5
669	2B08	00	FDF5
669	2B09	00	FDF5
669	2B0A	00	FDF5
669	2B0B	00	FDF5
669	2B0C	00	FDF5
669	2B0D	00	FDF5
669	2B0E	00	FDF5
669	2B0F	00	FDF5
669	2B10	00	FDF5
669	2B11	00	FDF5
669	2B12	00	FDF5
669	2B13	00	FDF5
669	2B14	00	FDF5
669	2B15	00	FDF5
669	2B16	00	FDF5
669	2B17	00	FDF5
669	2B18	00	FDF5
669	2B19	00	FDF5
669	2B1A	00	FDF5
669	2B1B	00	FDF5
669	2B1C	00	FDF5
669	2B1D	00	FDF5
669	2B1E	00	FDF5
669	2B1F	00	FDF5
669	2B20	00	FDF5
669	2B21	00	FDF5
669	2B22	00	FDF5
669	2B23	00	FDF5
669	2B24	00	FDF5
669	2B25	00	FDF5
669	2B26	00	FDF5
669	2B27	00	FDF5
669	2B28	00	FDF5
669	2B29	00	FDF5
669	2B2A	00	FDF5
669	2B2B	00	FDF5
669	2B2C	00	FDF5
669	2B2D	00	FDF5
669	2B2E	00	FDF5
669	2B2F	00	FDF5
669	2B30	00	FDF5
669	2B31	00	FDF5
669	2B32	00	FDF5
669	2B33	00	FDF5
669	2B34	00	FDF5
669	2B35	00	FDF5
669	2B36	00	FDF5
669	2B37	00	FDF5
669	2B38	00	FDF5
669	2B39	00	FDF5
669	2B3A	00	FDF5
669	2B3B	00	FDF5
669	2B3C	00	FDF5
669	2B3D	00	FDF5
669	2B3E	00	FDF5
669	2B3F	00	FDF5
669	2B40	00	FDF5
669	2B41	00	FDF5
669	2B42	00	FDF5
669	2B43	00	FDF5
669	2B44	00	FDF5
669	2B45	00	FDF5
669	2B46	00	FDF5
669	2B47	00	FDF5
669	2B48	00	FDF5
669	2B49	00	FDF5
669	2B4A	00	FDF5
669	2B4B	00	FDF5
669	2B4C	00	FDF5
669	2B4D	00	FDF5
669	2B4E	00	FDF5
669	2B4F	00	FDF5
669	2B50	00	FDF5
669	2B51	00	FDF5
669	2B52	00	FDF5
669	2B53	00	FDF5
669	2B54	00	FDF5
669	2B55	00	FDF5
669	2B56	00	FDF5
669	2B57	00	FDF5
669	2B58	00	FDF5
669	2B59	00	FDF5
669	2B5A	00	FDF5
669	2B5B	00	FDF5
669	2B5C	00	FDF5
669	2B5D	00	FDF5
669	2B5E	00	FDF5
669	2B5F	00	FDF5
669	2B60	00	FDF5
669	2B61	00	FDF5
669	2B62	00	FDF5
669	2B63	00	FDF5
669	2B64	00	FDF5
669	2B65	00	FDF5
669	2B66	00	FDF5
669	2B67	00	FDF5
669	2B68	00	FDF5
669	2B69	00	FDF5
669	2B6A	00	FDF5
669	2B6B	00	FDF5
669	2B6C	00	FDF5
669	2B6D	00	FDF5
669	2B6E	00	FDF5
669	2B6F	00	FDF5
669	2B70	00	FDF5
669	2B71	00	FDF5
669	2B72	00	FDF5
669	2B73	00	FDF5
669	2B74	00	FDF5
669	2B75	00	FDF5
669	2B76	00	FDF5
669	2B77	00	FDF5
669	2B78	00	FDF5
669	2B79	00	FDF5
669	2B7A	00	FDF5
669	2B7B	00	FDF5
669	2B7C	00	FDF5
669	2B7D	00	FDF5
669	2B7E	00	FDF5
669	2B7F	00	FDF5
669	2B80	00	FDF5
669	2B81	00	FDF5
669	2B82	00	FDF5
669	2B83	00	FDF5
669	2B84	00	FDF5
669	2B85	00	FDF5
669	2B86	00	FDF5
669	2B87	00	FDF5
669	2B88	00	FDF5
669	2B89	00	FDF5
669	2B8A	00	FDF5
669	2B8B	00	FDF5
669	2B8C	00	FDF5
669	2B8D	00	FDF5
669	2B8E	00	FDF5
669	2B8F	00	FDF5
669	2B90	00	FDF5
669	2B91	00	FDF5
669	2B92	00	FDF5
669	2B93	00	FDF5
669	2B94	00	FDF5
669	2B95	00	FDF5
669	2B96	00	FDF5
669	2B97	00	FDF5
669	2B98	00	FDF5
669	2B99	00	FDF5
669	2B9A	00	FDF5
669	2B9B	00	FDF5
669	2B9C	00	FDF5
669	2B9D	00	FDF5
669	2B9E	00	FDF5
669	2B9F	00	FDF5
669	2BA0	00	FDF5
669	2BA1	00	FDF5
669	2BA2	00	FDF5
669	2BA3	00	FDF5
669	2BA4	00	FDF5
669	2BA5	00	FDF5
669	2BA6	00	FDF5
669	2BA7	00	FDF5
669	2BA8	00	FDF5
669	2BA9	00	FDF5
669	2BAA	00	FDF5
669	2BAB	00	FDF5
669	2BAC	00	FDF5
669	2BAD	00	FDF5
669	2BAE	00	FDF5
669	2BAF	00	FDF5
669	2BB0	00	FDF5
669	2BB1	00	FDF5
669	2BB2	00	FDF5
669	2BB3	00	FDF5
669	2BB4	00	FDF5
669	2BB5	00	FDF5
669	2BB6	00	FDF5
669	2BB7	00	FDF5
669	2BB8	00	FDF5
669	2BB9	00	FDF5
669	2BBA	00	FDF5
669	2BBB	00	FDF5
669	2BBC	00	FDF5
669	2BBD	00	FDF5
669	2BBE	00	FDF5
669	2BBF	00	FDF5
669	2BC0	00	FDF5
669	2BC1	00	FDF5
669	2BC2	00	FDF5
669	2BC3	00	FDF5
669	2BC4	00	FDF5
669	2BC5	00	FDF5
669	2BC6	00	FDF5
669	2BC7	00	FDF5
669	2BC8	00	FDF5
669	2BC9	00	FDF5
669	2BCA	00	FDF5
669	2BCB	00	FDF5
669	2BCC	00	FDF5
669	2BCD	00	FDF5
669	2BCE	00	FDF5
669	2BCF	00	FDF5
669	2BD0	00	FDF5
669	2BD1	00	FDF5
669	2BD2	00	FDF5
669	2BD3	00	FDF5
669	2BD4	00	FDF5
669	2BD5	00	FDF5
669	2BD6	00	FDF5
669	2BD7	00	FDF5
669	2BD8	00	FDF5
669	2BD9	00	FDF5
669	2BDA	00	FDF5
669	2BDB	00	FDF5
669	2BDC	00	FDF5
669	2BDD	00	FDF5
669	2BDE	00	FDF5
669	2BDF	00	FDF5
669	2BE0	00	FDF5
669	2BE1	00	FDF5
669	2BE2	00	FDF5
669	2BE3	00	FDF5
669	2BE4	00	FDF5
669	2BE5	00	FDF5
669	2BE6	00	FDF5
669	2BE7	00	FDF5
669	2BE8	00	FDF5
669	2BE9	00	FDF5
669	2BEA	00	FDF5
669	2BEB	00	FDF5
669	2BEC	00	FDF5
669	2BED	00	FDF5
669	2BEE	00	FDF5
669	2BEF	00	FDF5
669	2BF0	00	FDF5
669	2BF1	00	FDF5
669	2BF2	00	FDF5
669	2BF3	00	FDF5
669	2BF4	00	FDF5
669	2BF5	00	FDF5
669	2BF6	00	FDF5
669	2BF7	00	FDF5
669	2BF8	00	FDF5
669	2BF9	00	FDF5
669	2BFA	00	FDF5
669	2BFB	00	FDF5
669	2BFC	00	FDF5
669	2BFD	00	FDF5
669	2BFE	00	FDF5
669	2BFF	00	FDF5
669	2BC0	00	FE12
669	2BC1	00	FE12
669	2BC2	00	FE12
669	2BC3	00	FE12
669	2BC4	00	FE12
669	2BC5	00	FE12
669	2BC6	00	FE12
669	2BC7	00	FE12
669	2BC8	00	FE12
669	2BC9	00	FE12
669	2BCA	00	FE12
669	2BCB	00	FE12
669	2BCC	00	FE12
669	2BCD	00	FE12
669	2BCE	00	FE12
669	2BCF	00	FE12
669	2BD0	00	FE12
669	2BD1	00	FE12
669	2BD2	00	FE12
669	2BD3	00	FE12
669	2BD4	00	FE12
669	2BD5	00	FE12
669	2BD6	00	FE12
669	2BD7	00	FE12
669	2BD8	00	FE12
669	2BD9	00	FE12
669	2BDA	00	FE12
669	2BDB	00	FE12
669	2BDC	00	FE12
669	2BDD	00	FE12
669	2BDE	00	FE12
669	2BDF	00	FE12
669	2BE0	00	FE12
669	2BE1	00	FE12
669	2BE2	00	FE12
669	2BE3	00	FE12
669	2BE4	00	FE12
669	2BE5	00	FE12
669	2BE6	00	FE12
669	2BE7	00	FE12
669	2BE8	00	FE12
669	2BE9	00	FE12
669	2BEA	00	FE12
669	2BEB	00	FE12
669	2BEC	00	FE12
669	2BED	00	FE12
669	2BEE	00	FE12
669	2BEF	00	FE12
669	2BF0	00	FE12
669	2BF1	00	FE12
669	2BF2	00	FE12
669	2BF3	00	FE12
669	2BF4	00	FE12
669	2BF5	00	FE12
669	2BF6	00	FE12
669	2BF7	00	FE12
669	2BF8	00	FE12
669	2BF9	00	FE12
669	2BFA	00	FE12
669	2BFB	00	FE12
669	2BFC	00	FE12
669	2BFD	00	FE12
669	2BFE	00	FE12
669	2BFF	00	FE12
679	2080	7A	D759
679	20A0	7A	D760
679	20C0	7A	D767
679	20E0	7A	D76E
679	2100	7A	D775
679	2120	7A	D77C
679	2140	7A	D783
679	2160	7A	D78A
679	2180	7A	D791
679	21A0	7A	D798
679	21C0	7A	D79F
679	21E0	7A	D7A6
679	2200	7A	D7AD
679	2220	7A	D7B4
679	2240	7A	D7BB
679	2260	7A	D7C2
679	2280	7A	D7C9
679	22A0	7A	D7D0
679	22C0	7A	D7D7
679	22E0	7A	D7DE
679	23C8	00	D7DE
679	23D0	00	D7DE
679	23D8	00	D7DE
679	23E0	00	D7DE
679	23E8	00	D7DE
679	2081	7A	D759
679	20A1	7A	D760
679	20C1	7A	D767
679	20E1	7A	D76E
679	2101	7A	D775
679	2121	7A	D77C
679	2141	7A	D783
679	2161	7A	D78A
679	2181	7A	D791
679	21A1	7A	D798
679	21C1	7A	D79F
679	21E1	7A	D7A6
679	2201	7A	D7AD
679	2221	7A	D7B4
679	2241	7A	D7BB
679	2261	7A	D7C2
679	2281	7A	D7C9
679	22A1	7A	D7D0
679	22C1	7A	D7D7
679	22E1	7A	D7DE
679	2082	7A	D759
679	20A2	7A	D760
679	20C2	7A	D767
679	20E2	7A	D76E
679	2102	7A	D775
679	2122	7A	D77C
679	2142	7A	D783
679	2162	7A	D78A
679	2182	7A	D791
679	21A2	7A	D798
679	21C2	7A	D79F
679	21E2	7A	D7A6
679	2202	7A	D7AD
679	2222	7A	D7B4
679	2242	7A	D7BB
679	2262	7A	D7C2
679	2282	7A	D7C9
679	22A2	7A	D7D0
679	22C2	7A	D7D7
679	22E2	7A	D7DE
679	2083	7A	D759
679	20A3	7A	D760
679	20C3	7A	D767
679	20E3	7A	D76E
679	2103	7A	D775
679	2123	7A	D77C
679	2143	7A	D783
679	2163	7A	D78A
679	2183	7A	D791
679	21A3	7A	D798
679	21C3	7A	D79F
679	21E3	7A	D7A6
679	2203	7A	D7AD
679	2223	7A	D7B4
679	2243	7A	D7BB
679	2263	7A	D7C2
679	2283	7A	D7C9
679	22A3	7A	D7D0
679	22C3	7A	D7D7
679	22E3	7A	D7DE
679	23C8	00	D7DE
679	23D0	00	D7DE
679	23D8	00	D7DE
679	23E0	00	D7DE
679	23E8	00	D7DE
679	2084	7A	D759
679	20A4	7A	D760
679	20C4	7A	D767
679	20E4	7A	D76E
679	2104	7A	D775
679	2124	7A	D77C
679	2144	7A	D783
679	2164	7A	D78A
679	2184	7A	D791
679	21A4	7A	D798
679	21C4	7A	D79F
679	21E4	7A	D7A6
679	2204	7A	D7AD
679	2224	7A	D7B4
679	2244	7A	D7BB
679	2264	7A	D7C2
679	2284	7A	D7C9
679	22A4	7A	D7D0
679	22C4	7A	D7D7
679	22E4	7A	D7DE
679	23C9	00	D7DE
679	23D1	00	D7DE
679	23D9	00	D7DE
679	23E1	00	D7DE
679	23E9	00	D7DE
679	2085	7A	D759
679	20A5	7A	D760
679	20C5	7A	D767
679	20E5	7A	D76E
679	2105	7A	D775
679	2125	7A	D77C
679	2145	7A	D783
679	2165	7A	D78A
679	2185	7A	D791
679	21A5	7A	D798
679	21C5	7A	D79F
679	21E5	7A	D7A6
679	2205	7A	D7AD
679	2225	7A	D7B4
679	2245	7A	D7BB
679	2265	7A	D7C2
679	2285	7A	D7C9
679	22A5	7A	D7D0
679	22C5	7A	D7D7
679	22E5	7A	D7DE
680	2086	7A	D759
680	20A6	7A	D760
680	20C6	7A	D767
680	20E6	7A	D76E
680	2106	7A	D775
680	2126	7A	D77C
680	2146	7A	D783
680	2166	7A	D78A
680	2186	7A	D791
680	21A6	7A	D798
680	21C6	7A	D79F
680	21E6	7A	D7A6
680	2206	7A	D7AD
680	2226	7A	D7B4
680	2246	7A	D7BB
680	2266	7A	D7C2
680	2286	7A	D7C9
680	22A6	7A	D7D0
680	22C6	7A	D7D7
680	22E6	7A	D7DE
680	2087	7A	D759
680	20A7	7A	D760
680	20C7	7A	D767
680	20E7	7A	D76E
680	2107	7A	D775
680	2127	7A	D77C
680	2147	7A	D783
680	2167	7A	D78A
680	2187	7A	D791
680	21A7	7A	D798
680	21C7	7A	D79F
680	21E7	7A	D7A6
680	2207	7A	D7AD
680	2227	7A	D7B4
680	2247	7A	D7BB
680	2267	7A	D7C2
680	2287	7A	D7C9
680	22A7	7A	D7D0
680	22C7	0D	D7D7
680	22E7	7A	D7DE
680	23C9	00	D7DE
680	23D1	00	D7DE
680	23D9	00	D7DE
680	23E1	00	D7DE
680	23E9	00	D7DE
680	2088	7A	D759
680	20A8	7A	D760
680	20C8	7A	D767
680	20E8	7A	D76E
680	2108	7A	D775
680	2128	7A	D77C
680	2148	7A	D783
680	2168	7A	D78A
680	2188	7A	D791
680	21A8	7A	D798
680	21C8	7A	D79F
680	21E8	7A	D7A6
680	2208	7A	D7AD
680	2228	7A	D7B4
680	2248	7A	D7BB
680	2268	7A	D7C2
680	2288	7A	D7C9
680	22A8	7A	D7D0
680	22C8	0F	D7D7
680	22E8	7A	D7DE
680	23CA	00	D7DE
680	23D2	00	D7DE
680	23DA	00	D7DE
680	23E2	00	D7DE
680	23EA	00	D7DE
680	2089	7A	D759
680	20A9	7A	D760
680	20C9	7A	D767
680	20E9	7A	D76E
680	2109	7A	D775
680	2129	7A	D77C
680	2149	7A	D783
680	2169	7A	D78A
680	2189	7A	D791
680	21A9	7A	D798
680	21C9	7A	D79F
680	21E9	7A	D7A6
680	2209	7A	D7AD
680	2229	7A	D7B4
680	2249	7A	D7BB
680	2269	7A	D7C2
680	2289	7A	D7C9
680	22A9	7A	D7D0
680	22C9	04	D7D7
680	22E9	7A	D7DE
680	208A	7A	D759
680	20AA	FF	D760
680	20CA	7A	D767
680	20EA	7A	D76E
680	210A	7A	D775
680	212A	7A	D77C
680	214A	7A	D783
680	216A	7A	D78A
680	218A	7A	D791
680	21AA	7A	D798
680	21CA	7A	D79F
680	21EA	7A	D7A6
680	220A	7A	D7AD
680	222A	7A	D7B4
680	224A	7A	D7BB
680	226A	7A	D7C2
680	228A	7A	D7C9
680	22AA	7A	D7D0
680	22CA	05	D7D7
680	22EA	7A	D7DE
680	208B	7A	D759
680	20AB	7A	D760
680	20CB	7A	D767
680	20EB	7A	D76E
680	210B	7A	D775
680	212B	7A	D77C
680	214B	7A	D783
680	216B	7A	D78A
680	218B	7A	D791
680	21AB	7A	D798
680	21CB	7A	D79F
680	21EB	7A	D7A6
680	220B	7A	D7AD
680	222B	7A	D7B4
680	224B	7A	D7BB
680	226B	7A	D7C2
680	228B	7A	D7C9
680	22AB	7A	D7D0
680	22CB	51	D7D7
680	22EB	7A	D7DE
680	23CA	00	D7DE
680	23D2	00	D7DE
680	23DA	00	D7DE
680	23E2	00	D7DE
680	23EA	00	D7DE
680	208C	7A	D759
680	20AC	7A	D760
680	20CC	7A	D767
680	20EC	7A	D76E
680	210C	7A	D775
680	212C	51	D77C
680	214C	7A	D783
680	216C	52	D78A
680	218C	7A	D791
680	21AC	7A	D798
680	21CC	7A	D79F
680	21EC	7A	D7A6
680	220C	7A	D7AD
680	222C	7A	D7B4
680	224C	7A	D7BB
680	226C	7A	D7C2
680	228C	7A	D7C9
680	22AC	7A	D7D0
680	22CC	7A	D7D7
680	22EC	7A	D7DE
680	23CB	00	D7DE
680	23D3	00	D7DE
680	23DB	00	D7DE
680	23E3	00	D7DE
680	23EB	00	D7DE
680	208D	7A	D759
680	20AD	13	D760
680	20CD	7A	D767
680	20ED	7A	D76E
680	210D	7A	D775
680	212D	7A	D77C
680	214D	7A	D783
680	216D	7A	D78A
680	218D	7A	D791
680	21AD	7A	D798
680	21CD	7A	D79F
680	21ED	7A	D7A6
680	220D	7A	D7AD
680	222D	7A	D7B4
680	224D	7A	D7BB
680	226D	7A	D7C2
680	228D	7A	D7C9
680	22AD	7A	D7D0
680	22CD	7A	D7D7
680	22ED	7A	D7DE
680	208E	7A	D759
680	20AE	05	D760
680	20CE	7A	D767
680	20EE	7A	D76E
680	210E	7A	D775
680	212E	10	D77C
680	214E	7A	D783
680	216E	10	D78A
680	218E	7A	D791
680	21AE	7A	D798
680	21CE	7A	D79F
680	21EE	7A	D7A6
680	220E	7A	D7AD
680	222E	7A	D7B4
680	224E	7A	D7BB
680	226E	7A	D7C2
680	228E	7A	D7C9
680	22AE	7A	D7D0
680	22CE	7A	D7D7
680	22EE	7A	D7DE
681	208F	7A	D759
681	20AF	14	D760
681	20CF	7A	D767
681	20EF	7A	D76E
681	210F	7A	D775
681	212F	0C	D77C
681	214F	7A	D783
681	216F	0C	D78A
681	218F	7A	D791
681	21AF	7A	D798
681	21CF	7A	D79F
681	21EF	7A	D7A6
681	220F	7A	D7AD
681	222F	7A	D7B4
681	224F	7A	D7BB
681	226F	7A	D7C2
681	228F	7A	D7C9
681	22AF	7A	D7D0
681	22CF	7A	D7D7
681	22EF	7A	D7DE
681	23CB	00	D7DE
681	23D3	00	D7DE
681	23DB	00	D7DE
681	23E3	00	D7DE
681	23EB	00	D7DE
681	2090	7A	D759
681	20B0	15	D760
681	20D0	7A	D767
681	20F0	7A	D76E
681	2110	7A	D775
681	2130	01	D77C
681	2150	7A	D783
681	2170	01	D78A
681	2190	7A	D791
681	21B0	7A	D798
681	21D0	7A	D79F
681	21F0	7A	D7A6
681	2210	7A	D7AD
681	2230	7A	D7B4
681	2250	7A	D7BB
681	2270	7A	D7C2
681	2290	7A	D7C9
681	22B0	7A	D7D0
681	22D0	7A	D7D7
681	22F0	7A	D7DE
681	23CC	00	D7DE
681	23D4	00	D7DE
681	23DC	00	D7DE
681	23E4	00	D7DE
681	23EC	00	D7DE
681	2091	7A	D759
681	20B1	10	D760
681	20D1	7A	D767
681	20F1	7A	D76E
681	2111	7A	D775
681	2131	19	D77C
681	2151	7A	D783
681	2171	19	D78A
681	2191	7A	D791
681	21B1	7A	D798
681	21D1	7A	D79F
681	21F1	7A	D7A6
681	2211	7A	D7AD
681	2231	7A	D7B4
681	2251	7A	D7BB
681	2271	7A	D7C2
681	2291	7A	D7C9
681	22B1	7A	D7D0
681	22D1	7A	D7D7
681	22F1	7A	D7DE
681	2092	7A	D759
681	20B2	7A	D760
681	20D2	7A	D767
681	20F2	7A	D76E
681	2112	7A	D775
681	2132	05	D77C
681	2152	7A	D783
681	2172	05	D78A
681	2192	7A	D791
681	21B2	7A	D798
681	21D2	7A	D79F
681	21F2	7A	D7A6
681	2212	7A	D7AD
681	2232	7A	D7B4
681	2252	7A	D7BB
681	2272	7A	D7C2
681	2292	7A	D7C9
681	22B2	7A	D7D0
681	22D2	7A	D7D7
681	22F2	7A	D7DE
681	2093	7A	D759
681	20B3	7A	D760
681	20D3	7A	D767
681	20F3	7A	D76E
681	2113	7A	D775
681	2133	12	D77C
681	2153	7A	D783
681	2173	12	D78A
681	2193	7A	D791
681	21B3	7A	D798
681	21D3	7A	D79F
681	21F3	7A	D7A6
681	2213	7A	D7AD
681	2233	7A	D7B4
681	2253	7A	D7BB
681	2273	7A	D7C2
681	2293	7A	D7C9
681	22B3	7A	D7D0
681	22D3	7A	D7D7
681	22F3	7A	D7DE
681	23CC	00	D7DE
681	23D4	00	D7DE
681	23DC	00	D7DE
681	23E4	00	D7DE
681	23EC	00	D7DE
681	2094	7A	D759
681	20B4	FF	D760
681	20D4	7A	D767
681	20F4	7A	D76E
681	2114	7A	D775
681	2134	7A	D77C
681	2154	7A	D783
681	2174	7A	D78A
681	2194	7A	D791
681	21B4	7A	D798
681	21D4	7A	D79F
681	21F4	7A	D7A6
681	2214	7A	D7AD
681	2234	7A	D7B4
681	2254	7A	D7BB
681	2274	7A	D7C2
681	2294	7A	D7C9
681	22B4	7A	D7D0
681	22D4	7A	D7D7
681	22F4	7A	D7DE
681	23CD	00	D7DE
681	23D5	00	D7DE
681	23DD	00	D7DE
681	23E5	00	D7DE
681	23ED	00	D7DE
681	2095	7A	D759
681	20B5	7A	D760
681	20D5	7A	D767
681	20F5	7A	D76E
681	2115	7A	D775
681	2135	7A	D77C
681	2155	7A	D783
681	2175	7A	D78A
681	2195	7A	D791
681	21B5	7A	D798
681	21D5	7A	D79F
681	21F5	7A	D7A6
681	2215	7A	D7AD
681	2235	7A	D7B4
681	2255	7A	D7BB
681	2275	7A	D7C2
681	2295	7A	D7C9
681	22B5	7A	D7D0
681	22D5	0D	D7D7
681	22F5	7A	D7DE
681	2096	7A	D759
681	20B6	7A	D760
681	20D6	7A	D767
681	20F6	7A	D76E
681	2116	7A	D775
681	2136	7A	D77C
681	2156	7A	D783
681	2176	7A	D78A
681	2196	7A	D791
681	21B6	7A	D798
681	21D6	7A	D79F
681	21F6	7A	D7A6
681	2216	7A	D7AD
681	2236	7A	D7B4
681	2256	7A	D7BB
681	2276	7A	D7C2
681	2296	7A	D7C9
681	22B6	7A	D7D0
681	22D6	0F	D7D7
681	22F6	7A	D7DE
682	2097	7A	D759
682	20B7	7A	D760
682	20D7	7A	D767
682	20F7	7A	D76E
682	2117	7A	D775
682	2137	7A	D77C
682	2157	7A	D783
682	2177	7A	D78A
682	2197	7A	D791
682	21B7	7A	D798
682	21D7	7A	D79F
682	21F7	7A	D7A6
682	2217	7A	D7AD
682	2237	7A	D7B4
682	2257	7A	D7BB
682	2277	7A	D7C2
682	2297	7A	D7C9
682	22B7	7A	D7D0
682	22D7	04	D7D7
682	22F7	7A	D7DE
682	23CD	00	D7DE
682	23D5	00	D7DE
682	23DD	00	D7DE
682	23E5	00	D7DE
682	23ED	00	D7DE
682	2098	7A	D759
682	20B8	7A	D760
682	20D8	7A	D767
682	20F8	7A	D76E
682	2118	7A	D775
682	2138	7A	D77C
682	2158	7A	D783
682	2178	7A	D78A
682	2198	7A	D791
682	21B8	7A	D798
682	21D8	7A	D79F
682	21F8	7A	D7A6
682	2218	7A	D7AD
682	2238	7A	D7B4
682	2258	7A	D7BB
682	2278	7A	D7C2
682	2298	7A	D7C9
682	22B8	7A	D7D0
682	22D8	05	D7D7
682	22F8	7A	D7DE
682	23CE	00	D7DE
682	23D6	00	D7DE
682	23DE	00	D7DE
682	23E6	00	D7DE
682	23EE	00	D7DE
682	2099	7A	D759
682	20B9	7A	D760
682	20D9	7A	D767
682	20F9	7A	D76E
682	2119	7A	D775
682	2139	7A	D77C
682	2159	7A	D783
682	2179	7A	D78A
682	2199	7A	D791
682	21B9	7A	D798
682	21D9	7A	D79F
682	21F9	7A	D7A6
682	2219	7A	D7AD
682	2239	7A	D7B4
682	2259	7A	D7BB
682	2279	7A	D7C2
682	2299	7A	D7C9
682	22B9	7A	D7D0
682	22D9	52	D7D7
682	22F9	7A	D7DE
682	209A	7A	D759
682	20BA	7A	D760
682	20DA	7A	D767
682	20FA	7A	D76E
682	211A	7A	D775
682	213A	7A	D77C
682	215A	7A	D783
682	217A	7A	D78A
682	219A	7A	D791
682	21BA	7A	D798
682	21DA	7A	D79F
682	21FA	7A	D7A6
682	221A	7A	D7AD
682	223A	7A	D7B4
682	225A	7A	D7BB
682	227A	7A	D7C2
682	229A	7A	D7C9
682	22BA	7A	D7D0
682	22DA	7A	D7D7
682	22FA	7A	D7DE
682	209B	7A	D759
682	20BB	7A	D760
682	20DB	7A	D767
682	20FB	7A	D76E
682	211B	7A	D775
682	213B	7A	D77C
682	215B	7A	D783
682	217B	7A	D78A
682	219B	7A	D791
682	21BB	7A	D798
682	21DB	7A	D79F
682	21FB	7A	D7A6
682	221B	7A	D7AD
682	223B	7A	D7B4
682	225B	7A	D7BB
682	227B	7A	D7C2
682	229B	7A	D7C9
682	22BB	7A	D7D0
682	22DB	7A	D7D7
682	22FB	7A	D7DE
682	23CE	00	D7DE
682	23D6	00	D7DE
682	23DE	00	D7DE
682	23E6	00	D7DE
682	23EE	00	D7DE
682	209C	7A	D759
682	20BC	7A	D760
682	20DC	7A	D767
682	20FC	7A	D76E
682	211C	7A	D775
682	213C	7A	D77C
682	215C	7A	D783
682	217C	7A	D78A
682	219C	7A	D791
682	21BC	7A	D798
682	21DC	7A	D79F
682	21FC	7A	D7A6
682	221C	7A	D7AD
682	223C	7A	D7B4
682	225C	7A	D7BB
682	227C	7A	D7C2
682	229C	7A	D7C9
682	22BC	7A	D7D0
682	22DC	7A	D7D7
682	22FC	7A	D7DE
682	23CF	00	D7DE
682	23D7	00	D7DE
682	23DF	00	D7DE
682	23E7	00	D7DE
682	23EF	00	D7DE
682	209D	7A	D759
682	20BD	7A	D760
682	20DD	7A	D767
682	20FD	7A	D76E
682	211D	7A	D775
682	213D	7A	D77C
682	215D	7A	D783
682	217D	7A	D78A
682	219D	7A	D791
682	21BD	7A	D798
682	21DD	7A	D79F
682	21FD	7A	D7A6
682	221D	7A	D7AD
682	223D	7A	D7B4
682	225D	7A	D7BB
682	227D	7A	D7C2
682	229D	7A	D7C9
682	22BD	7A	D7D0
682	22DD	7A	D7D7
682	22FD	7A	D7DE
682	209E	7A	D759
682	20BE	7A	D760
682	20DE	7A	D767
682	20FE	7A	D76E
682	211E	7A	D775
682	213E	7A	D77C
682	215E	7A	D783
682	217E	7A	D78A
682	219E	7A	D791
682	21BE	7A	D798
682	21DE	7A	D79F
682	21FE	7A	D7A6
682	221E	7A	D7AD
682	223E	7A	D7B4
682	225E	7A	D7BB
682	227E	7A	D7C2
682	229E	7A	D7C9
682	22BE	7A	D7D0
682	22DE	7A	D7D7
682	22FE	7A	D7DE
682	209F	7A	D759
682	20BF	7A	D760
682	20DF	7A	D767
682	20FF	7A	D76E
682	211F	7A	D775
682	213F	7A	D77C
682	215F	7A	D783
682	217F	7A	D78A
682	219F	7A	D791
682	21BF	7A	D798
682	21DF	7A	D79F
682	21FF	7A	D7A6
682	221F	7A	D7AD
682	223F	7A	D7B4
682	225F	7A	D7BB
682	227F	7A	D7C2
682	229F	7A	D7C9
682	22BF	7A	D7D0
682	22DF	7A	D7D7
682	22FF	7A	D7DE
682	23CF	00	D7DE
682	23D7	00	D7DE
682	23DF	00	D7DE
682	23E7	00	D7DE
683	23EF	00	D7DE
683	2480	7A	D759
683	24A0	7A	D760
683	24C0	7A	D767
683	24E0	7A	D76E
683	2500	7A	D775
683	2520	7A	D77C
683	2540	7A	D783
683	2560	7A	D78A
683	2580	7A	D791
683	25A0	7A	D798
683	25C0	7A	D79F
683	25E0	7A	D7A6
683	2600	7A	D7AD
683	2620	7A	D7B4
683	2640	7A	D7BB
683	2660	7A	D7C2
683	2680	7A	D7C9
683	26A0	7A	D7D0
683	26C0	7A	D7D7
683	26E0	7A	D7DE
683	27C8	00	D7DE
683	27D0	00	D7DE
683	27D8	00	D7DE
683	27E0	00	D7DE
683	27E8	00	D7DE
683	2481	7A	D759
683	24A1	7A	D760
683	24C1	7A	D767
683	24E1	7A	D76E
683	2501	7A	D775
683	2521	7A	D77C
683	2541	7A	D783
683	2561	7A	D78A
683	2581	7A	D791
683	25A1	7A	D798
683	25C1	7A	D79F
683	25E1	7A	D7A6
683	2601	7A	D7AD
683	2621	7A	D7B4
683	2641	7A	D7BB
683	2661	7A	D7C2
683	2681	7A	D7C9
683	26A1	7A	D7D0
683	26C1	7A	D7D7
683	26E1	7A	D7DE
683	2482	7A	D759
683	24A2	7A	D760
683	24C2	7A	D767
683	24E2	7A	D76E
683	2502	7A	D775
683	2522	7A	D77C
683	2542	7A	D783
683	2562	7A	D78A
683	2582	7A	D791
683	25A2	7A	D798
683	25C2	7A	D79F
683	25E2	7A	D7A6
683	2602	7A	D7AD
683	2622	7A	D7B4
683	2642	7A	D7BB
683	2662	7A	D7C2
683	2682	7A	D7C9
683	26A2	7A	D7D0
683	26C2	7A	D7D7
683	26E2	7A	D7DE
683	2483	7A	D759
683	24A3	7A	D760
683	24C3	7A	D767
683	24E3	7A	D76E
683	2503	7A	D775
683	2523	7A	D77C
683	2543	7A	D783
683	2563	7A	D78A
683	2583	7A	D791
683	25A3	7A	D798
683	25C3	7A	D79F
683	25E3	7A	D7A6
683	2603	7A	D7AD
683	2623	7A	D7B4
683	2643	7A	D7BB
683	2663	7A	D7C2
683	2683	7A	D7C9
683	26A3	7A	D7D0
683	26C3	7A	D7D7
683	26E3	7A	D7DE
683	27C8	00	D7DE
683	27D0	00	D7DE
683	27D8	00	D7DE
683	27E0	00	D7DE
683	27E8	00	D7DE
683	2484	7A	D759
683	24A4	7A	D760
683	24C4	7A	D767
683	24E4	7A	D76E
683	2504	7A	D775
683	2524	7A	D77C
683	2544	7A	D783
683	2564	7A	D78A
683	2584	7A	D791
683	25A4	7A	D798
683	25C4	7A	D79F
683	25E4	7A	D7A6
683	2604	7A	D7AD
683	2624	7A	D7B4
683	2644	7A	D7BB
683	2664	7A	D7C2
683	2684	7A	D7C9
683	26A4	7A	D7D0
683	26C4	7A	D7D7
683	26E4	7A	D7DE
683	27C9	00	D7DE
683	27D1	00	D7DE
683	27D9	00	D7DE
683	27E1	00	D7DE
683	27E9	00	D7DE
683	2485	7A	D759
683	24A5	7A	D760
683	24C5	7A	D767
683	24E5	7A	D76E
683	2505	7A	D775
683	2525	7A	D77C
683	2545	7A	D783
683	2565	7A	D78A
683	2585	7A	D791
683	25A5	7A	D798
683	25C5	7A	D79F
683	25E5	7A	D7A6
683	2605	7A	D7AD
683	2625	7A	D7B4
683	2645	7A	D7BB
683	2665	7A	D7C2
683	2685	7A	D7C9
683	26A5	7A	D7D0
683	26C5	7A	D7D7
683	26E5	7A	D7DE
683	2486	7A	D759
683	24A6	7A	D760
683	24C6	7A	D767
683	24E6	7A	D76E
683	2506	7A	D775
683	2526	7A	D77C
683	2546	7A	D783
683	2566	7A	D78A
683	2586	7A	D791
683	25A6	7A	D798
683	25C6	7A	D79F
683	25E6	7A	D7A6
683	2606	7A	D7AD
683	2626	7A	D7B4
683	2646	7A	D7BB
683	2666	7A	D7C2
683	2686	7A	D7C9
683	26A6	7A	D7D0
683	26C6	7A	D7D7
683	26E6	7A	D7DE
683	2487	7A	D759
683	24A7	7A	D760
683	24C7	7A	D767
683	24E7	7A	D76E
683	2507	7A	D775
683	2527	7A	D77C
683	2547	7A	D783
683	2567	7A	D78A
683	2587	7A	D791
683	25A7	7A	D798
683	25C7	7A	D79F
683	25E7	7A	D7A6
683	2607	7A	D7AD
683	2627	7A	D7B4
683	2647	7A	D7BB
683	2667	7A	D7C2
683	2687	7A	D7C9
683	26A7	7A	D7D0
683	26C7	7A	D7D7
683	26E7	7A	D7DE
683	27C9	00	D7DE
683	27D1	00	D7DE
683	27D9	00	D7DE
683	27E1	00	D7DE
684	27E9	00	D7DE
684	2488	7A	D759
684	24A8	7A	D760
684	24C8	7A	D767
684	24E8	7A	D76E
684	2508	7A	D775
684	2528	7A	D77C
684	2548	7A	D783
684	2568	7A	D78A
684	2588	7A	D791
684	25A8	7A	D798
684	25C8	7A	D79F
684	25E8	7A	D7A6
684	2608	7A	D7AD
684	2628	7A	D7B4
684	2648	7A	D7BB
684	2668	7A	D7C2
684	2688	7A	D7C9
684	26A8	7A	D7D0
684	26C8	7A	D7D7
684	26E8	7A	D7DE
684	27CA	00	D7DE
684	27D2	00	D7DE
684	27DA	00	D7DE
684	27E2	00	D7DE
684	27EA	00	D7DE
684	2489	7A	D759
684	24A9	7A	D760
684	24C9	7A	D767
684	24E9	7A	D76E
684	2509	7A	D775
684	2529	7A	D77C
684	2549	7A	D783
684	2569	7A	D78A
684	2589	7A	D791
684	25A9	7A	D798
684	25C9	7A	D79F
684	25E9	7A	D7A6
684	2609	7A	D7AD
684	2629	7A	D7B4
684	2649	7A	D7BB
684	2669	7A	D7C2
684	2689	7A	D7C9
684	26A9	7A	D7D0
684	26C9	7A	D7D7
684	26E9	7A	D7DE
684	248A	7A	D759
684	24AA	7A	D760
684	24CA	7A	D767
684	24EA	7A	D76E
684	250A	7A	D775
684	252A	7A	D77C
684	254A	7A	D783
684	256A	7A	D78A
684	258A	7A	D791
684	25AA	7A	D798
684	25CA	7A	D79F
684	25EA	7A	D7A6
684	260A	7A	D7AD
684	262A	7A	D7B4
684	264A	7A	D7BB
684	266A	7A	D7C2
684	268A	7A	D7C9
684	26AA	7A	D7D0
684	26CA	7A	D7D7
684	26EA	7A	D7DE
684	248B	7A	D759
684	24AB	7A	D760
684	24CB	7A	D767
684	24EB	7A	D76E
684	250B	7A	D775
684	252B	7A	D77C
684	254B	7A	D783
684	256B	7A	D78A
684	258B	7A	D791
684	25AB	7A	D798
684	25CB	7A	D79F
684	25EB	7A	D7A6
684	260B	7A	D7AD
684	262B	7A	D7B4
684	264B	7A	D7BB
684	266B	7A	D7C2
684	268B	7A	D7C9
684	26AB	7A	D7D0
684	26CB	7A	D7D7
684	26EB	7A	D7DE
684	27CA	00	D7DE
684	27D2	00	D7DE
684	27DA	00	D7DE
684	27E2	00	D7DE
684	27EA	00	D7DE
687	27F8	FF	CED5
687	27F9	FF	CED5
687	27FA	FF	CED5
687	27FB	FF	CED5
687	27FC	FF	CED5
687	27FD	FF	CED5
687	27FE	FF	CED5
687	27FF	FF	CED5
687	27F0	FF	CED5
687	27F1	FF	CED5
687	27F2	FF	CED5
687	27F3	FF	CED5
687	27F4	FF	CED5
687	27F5	FF	CED5
687	27F6	FF	CED5
687	27F7	FF	CED5
687	27C0	FF	CED5
687	27C1	FF	CED5
687	27C2	FF	CED5
687	27C3	FF	CED5
687	27C4	FF	CED5
687	27C5	FF	CED5
687	27C6	FF	CED5
687	27C7	FF	CED5
687	23F8	FF	CED5
687	23F9	FF	CED5
687	23FA	FF	CED5
687	23FB	FF	CED5
687	23FC	FF	CED5
687	23FD	FF	CED5
687	23FE	FF	CED5
687	23FF	FF	CED5
687	23F0	FF	CED5
687	23F1	FF	CED5
687	23F2	FF	CED5
687	23F3	FF	CED5
687	23F4	FF	CED5
687	23F5	FF	CED5
687	23F6	FF	CED5
687	23F7	FF	CED5
687	23C0	FF	CED5
687	23C1	FF	CED5
687	23C2	FF	CED5
687	23C3	FF	CED5
687	23C4	FF	CED5
687	23C5	FF	CED5
687	23C6	FF	CED5
687	23C7	FF	CED5
916	2000	00	FDF5
916	2001	00	FDF5
916	2002	00	FDF5
916	2003	00	FDF5
916	2004	00	FDF5
916	2005	00	FDF5
916	2006	00	FDF5
916	2007	00	FDF5
916	2008	00	FDF5
916	2009	00	FDF5
916	200A	00	FDF5
916	200B	00	FDF5
916	200C	00	FDF5
916	200D	00	FDF5
916	200E	00	FDF5
916	200F	00	FDF5
916	2010	00	FDF5
916	2011	00	FDF5
916	2012	00	FDF5
916	2013	00	FDF5
916	2014	00	FDF5
916	2015	00	FDF5
916	2016	00	FDF5
916	2017	00	FDF5
916	2018	00	FDF5
916	2019	00	FDF5
916	201A	00	FDF5
916	201B	00	FDF5
916	201C	00	FDF5
916	201D	00	FDF5
916	201E	00	FDF5
916	201F	00	FDF5
916	2020	00	FDF5
916	2021	00	FDF5
916	2022	00	FDF5
916	2023	00	FDF5
916	2024	00	FDF5
916	2025	00	FDF5
916	2026	00	FDF5
916	2027	00	FDF5
916	2028	00	FDF5
916	2029	00	FDF5
916	202A	00	FDF5
916	202B	00	FDF5
916	202C	00	FDF5
916	202D	00	FDF5
916	202E	00	FDF5
916	202F	00	FDF5
916	2030	00	FDF5
916	2031	00	FDF5
916	2032	00	FDF5
916	2033	00	FDF5
916	2034	00	FDF5
916	2035	00	FDF5
916	2036	00	FDF5
916	2037	00	FDF5
916	2038	00	FDF5
916	2039	00	FDF5
916	203A	00	FDF5
916	203B	00	FDF5
916	203C	00	FDF5
916	203D	00	FDF5
916	203E	00	FDF5
916	203F	00	FDF5
916	2040	00	FDF5
916	2041	00	FDF5
916	2042	00	FDF5
916	2043	00	FDF5
916	2044	00	FDF5
916	2045	00	FDF5
916	2046	00	FDF5
916	2047	00	FDF5
916	2048	00	FDF5
916	2049	00	FDF5
916	204A	00	FDF5
916	204B	00	FDF5
916	204C	00	FDF5
916	204D	00	FDF5
916	204E	00	FDF5
916	204F	00	FDF5
916	2050	00	FDF5
916	2051	00	FDF5
916	2052	00	FDF5
916	2053	00	FDF5
916	2054	00	FDF5
916	2055	00	FDF5
916	2056	00	FDF5
916	2057	00	FDF5
916	2058	00	FDF5
916	2059	00	FDF5
916	205A	00	FDF5
916	205B	00	FDF5
916	205C	00	FDF5
916	205D	00	FDF5
916	205E	00	FDF5
916	205F	00	FDF5
916	2060	00	FDF5
916	2061	00	FDF5
916	2062	00	FDF5
916	2063	00	FDF5
916	2064	00	FDF5
916	2065	00	FDF5
916	2066	00	FDF5
916	2067	00	FDF5
916	2068	00	FDF5
916	2069	00	FDF5
916	206A	00	FDF5
916	206B	00	FDF5
916	206C	00	FDF5
916	206D	00	FDF5
916	206E	00	FDF5
916	206F	00	FDF5
916	2070	00	FDF5
916	2071	00	FDF5
916	2072	00	FDF5
916	2073	00	FDF5
916	2074	00	FDF5
916	2075	00	FDF5
916	2076	00	FDF5
916	2077	00	FDF5
916	2078	00	FDF5
916	2079	00	FDF5
916	207A	00	FDF5
916	207B	00	FDF5
916	207C	00	FDF5
916	207D	00	FDF5
916	207E	00	FDF5
916	207F	00	FDF5
916	2080	00	FDF5
916	2081	00	FDF5
916	2082	00	FDF5
916	2083	00	FDF5
916	2084	00	FDF5
916	2085	00	FDF5
916	2086	00	FDF5
916	2087	00	FDF5
916	2088	00	FDF5
916	2089	00	FDF5
916	208A	00	FDF5
916	208B	00	FDF5
916	208C	00	FDF5
916	208D	00	FDF5
916	208E	00	FDF5
916	208F	00	FDF5
916	2090	00	FDF5
916	2091	00	FDF5
916	2092	00	FDF5
916	2093	00	FDF5
916	2094	00	FDF5
916	2095	00	FDF5
916	2096	00	FDF5
916	2097	00	FDF5
916	2098	00	FDF5
916	2099	00	FDF5
916	209A	00	FDF5
916	209B	00	FDF5
916	209C	00	FDF5
916	209D	00	FDF5
916	209E	00	FDF5
916	209F	00	FDF5
916	20A0	00	FDF5
916	20A1	00	FDF5
916	20A2	00	FDF5
916	20A3	00	FDF5
916	20A4	00	FDF5
916	20A5	00	FDF5
916	20A6	00	FDF5
916	20A7	00	FDF5
916	20A8	00	FDF5
916	20A9	00	FDF5
916	20AA	00	FDF5
916	20AB	00	FDF5
916	20AC	00	FDF5
916	20AD	00	FDF5
916	20AE	00	FDF5
916	20AF	00	FDF5
916	20B0	00	FDF5
916	20B1	00	FDF5
916	20B2	00	FDF5
916	20B3	00	FDF5
916	20B4	00	FDF5
916	20B5	00	FDF5
916	20B6	00	FDF5
916	20B7	00	FDF5
916	20B8	00	FDF5
916	20B9	00	FDF5
916	20BA	00	FDF5
916	20BB	00	FDF5
916	20BC	00	FDF5
916	20BD	00	FDF5
916	20BE	00	FDF5
916	20BF	00	FDF5
916	20C0	00	FDF5
916	20C1	00	FDF5
916	20C2	00	FDF5
916	20C3	00	FDF5
916	20C4	00	FDF5
916	20C5	00	FDF5
916	20C6	00	FDF5
916	20C7	00	FDF5
916	20C8	00	FDF5
916	20C9	00	FDF5
916	20CA	00	FDF5
916	20CB	00	FDF5
916	20CC	00	FDF5
916	20CD	00	FDF5
916	20CE	00	FDF5
916	20CF	00	FDF5
916	20D0	00	FDF5
916	20D1	00	FDF5
916	20D2	00	FDF5
916	20D3	00	FDF5
916	20D4	00	FDF5
916	20D5	00	FDF5
916	20D6	00	FDF5
916	20D7	00	FDF5
916	20D8	00	FDF5
916	20D9	00	FDF5
916	20DA	00	FDF5
916	20DB	00	FDF5
916	20DC	00	FDF5
916	20DD	00	FDF5
916	20DE	00	FDF5
916	20DF	00	FDF5
916	20E0	00	FDF5
916	20E1	00	FDF5
916	20E2	00	FDF5
916	20E3	00	FDF5
916	20E4	00	FDF5
916	20E5	00	FDF5
916	20E6	00	FDF5
916	20E7	00	FDF5
916	20E8	00	FDF5
916	20E9	00	FDF5
916	20EA	00	FDF5
916	20EB	00	FDF5
916	20EC	00	FDF5
916	20ED	00	FDF5
916	20EE	00	FDF5
916	20EF	00	FDF5
916	20F0	00	FDF5
916	20F1	00	FDF5
916	20F2	00	FDF5
916	20F3	00	FDF5
916	20F4	00	FDF5
916	20F5	00	FDF5
916	20F6	00	FDF5
916	20F7	00	FDF5
916	20F8	00	FDF5
916	20F9	00	FDF5
916	20FA	00	FDF5
916	20FB	00	FDF5
916	20FC	00	FDF5
916	20FD	00	FDF5
916	20FE	00	FDF5
916	20FF	00	FDF5
916	2100	00	FDF5
916	2101	00	FDF5
916	2102	00	FDF5
916	2103	00	FDF5
916	2104	00	FDF5
916	2105	00	FDF5
916	2106	00	FDF5
916	2107	00	FDF5
916	2108	00	FDF5
916	2109	00	FDF5
916	210A	00	FDF5
916	210B	00	FDF5
916	210C	00	FDF5
916	210D	00	FDF5
916	210E	00	FDF5
916	210F	00	FDF5
916	2110	00	FDF5
916	2111	00	FDF5
916	2112	00	FDF5
916	2113	00	FDF5
916	2114	00	FDF5
916	2115	00	FDF5
916	2116	00	FDF5
916	2117	00	FDF5
916	2118	00	FDF5
916	2119	00	FDF5
916	211A	00	FDF5
916	211B	00	FDF5
916	211C	00	FDF5
916	211D	00	FDF5
916	211E	00	FDF5
916	211F	00	FDF5
916	2120	00	FDF5
916	2121	00	FDF5
916	2122	00	FDF5
916	2123	00	FDF5
916	2124	00	FDF5
916	2125	00	FDF5
916	2126	00	FDF5
916	2127	00	FDF5
916	2128	00	FDF5
916	2129	00	FDF5
916	212A	00	FDF5
916	212B	00	FDF5
916	212C	00	FDF5
916	212D	00	FDF5
916	212E	00	FDF5
916	212F	00	FDF5
916	2130	00	FDF5
916	2131	00	FDF5
916	2132	00	FDF5
916	2133	00	FDF5
916	2134	00	FDF5
916	2135	00	FDF5
916	2136	00	FDF5
916	2137	00	FDF5
916	2138	00	FDF5
916	2139	00	FDF5
916	213A	00	FDF5
916	213B	00	FDF5
916	213C	00	FDF5
916	213D	00	FDF5
916	213E	00	FDF5
916	213F	00	FDF5
916	2140	00	FDF5
916	2141	00	FDF5
916	2142	00	FDF5
916	2143	00	FDF5
916	2144	00	FDF5
916	2145	00	FDF5
916	2146	00	FDF5
916	2147	00	FDF5
916	2148	00	FDF5
916	2149	00	FDF5
916	214A	00	FDF5
916	214B	00	FDF5
916	214C	00	FDF5
916	214D	00	FDF5
916	214E	00	FDF5
916	214F	00	FDF5
916	2150	00	FDF5
916	2151	00	FDF5
916	2152	00	FDF5
916	2153	00	FDF5
916	2154	00	FDF5
916	2155	00	FDF5
916	2156	00	FDF5
916	2157	00	FDF5
916	2158	00	FDF5
916	2159	00	FDF5
916	215A	00	FDF5
916	215B	00	FDF5
916	215C	00	FDF5
916	215D	00	FDF5
916	215E	00	FDF5
916	215F	00	FDF5
916	2160	00	FDF5
916	2161	00	FDF5
916	2162	00	FDF5
916	2163	00	FDF5
916	2164	00	FDF5
916	2165	00	FDF5
916	2166	00	FDF5
916	2167	00	FDF5
916	2168	00	FDF5
916	2169	00	FDF5
916	216A	00	FDF5
916	216B	00	FDF5
916	216C	00	FDF5
916	216D	00	FDF5
916	216E	00	FDF5
916	216F	00	FDF5
916	2170	00	FDF5
916	2171	00	FDF5
916	2172	00	FDF5
916	2173	00	FDF5
916	2174	00	FDF5
916	2175	00	FDF5
916	2176	00	FDF5
916	2177	00	FDF5
916	2178	00	FDF5
916	2179	00	FDF5
916	217A	00	FDF5
916	217B	00	FDF5
916	217C	00	FDF5
916	217D	00	FDF5
916	217E	00	FDF5
916	217F	00	FDF5
916	2180	00	FDF5
916	2181	00	FDF5
916	2182	00	FDF5
916	2183	00	FDF5
916	2184	00	FDF5
916	2185	00	FDF5
916	2186	00	FDF5
916	2187	00	FDF5
916	2188	00	FDF5
916	2189	00	FDF5
916	218A	00	FDF5
916	218B	00	FDF5
916	218C	00	FDF5
916	218D	00	FDF5
916	218E	00	FDF5
916	218F	00	FDF5
916	2190	00	FDF5
916	2191	00	FDF5
916	2192	00	FDF5
916	2193	00	FDF5
916	2194	00	FDF5
916	2195	00	FDF5
916	2196	00	FDF5
916	2197	00	FDF5
916	2198	00	FDF5
916	2199	00	FDF5
916	219A	00	FDF5
916	219B	00	FDF5
916	219C	00	FDF5
916	219D	00	FDF5
916	219E	00	FDF5
916	219F	00	FDF5
916	21A0	00	FDF5
916	21A1	00	FDF5
916	21A2	00	FDF5
916	21A3	00	FDF5
916	21A4	00	FDF5
916	21A5	00	FDF5
916	21A6	00	FDF5
916	21A7	00	FDF5
916	21A8	00	FDF5
916	21A9	00	FDF5
916	21AA	00	FDF5
916	21AB	00	FDF5
916	21AC	00	FDF5
916	21AD	00	FDF5
916	21AE	00	FDF5
916	21AF	00	FDF5
916	21B0	00	FDF5
916	21B1	00	FDF5
916	21B2	00	FDF5
916	21B3	00	FDF5
916	21B4	00	FDF5
916	21B5	00	FDF5
916	21B6	00	FDF5
916	21B7	00	FDF5
916	21B8	00	FDF5
916	21B9	00	FDF5
916	21BA	00	FDF5
916	21BB	00	FDF5
916	21BC	00	FDF5
916	21BD	00	FDF5
916	21BE	00	FDF5
916	21BF	00	FDF5
916	21C0	00	FDF5
916	21C1	00	FDF5
916	21C2	00	FDF5
916	21C3	00	FDF5
916	21C4	00	FDF5
916	21C5	00	FDF5
916	21C6	00	FDF5
916	21C7	00	FDF5
916	21C8	00	FDF5
916	21C9	00	FDF5
916	21CA	00	FDF5
916	21CB	00	FDF5
916	21CC	00	FDF5
916	21CD	00	FDF5
916	21CE	00	FDF5
916	21CF	00	FDF5
916	21D0	00	FDF5
916	21D1	00	FDF5
916	21D2	00	FDF5
916	21D3	00	FDF5
916	21D4	00	FDF5
916	21D5	00	FDF5
916	21D6	00	FDF5
916	21D7	00	FDF5
916	21D8	00	FDF5
916	21D9	00	FDF5
916	21DA	00	FDF5
916	21DB	00	FDF5
916	21DC	00	FDF5
916	21DD	00	FDF5
916	21DE	00	FDF5
916	21DF	00	FDF5
916	21E0	00	FDF5
916	21E1	00	FDF5
916	21E2	00	FDF5
916	21E3	00	FDF5
916	21E4	00	FDF5
916	21E5	00	FDF5
916	21E6	00	FDF5
916	21E7	00	FDF5
916	21E8	00	FDF5
916	21E9	00	FDF5
916	21EA	00	FDF5
916	21EB	00	FDF5
916	21EC	00	FDF5
916	21ED	00	FDF5
916	21EE	00	FDF5
916	21EF	00	FDF5
916	21F0	00	FDF5
916	21F1	00	FDF5
916	21F2	00	FDF5
916	21F3	00	FDF5
916	21F4	00	FDF5
916	21F5	00	FDF5
916	21F6	00	FDF5
916	21F7	00	FDF5
916	21F8	00	FDF5
916	21F9	00	FDF5
916	21FA	00	FDF5
916	21FB	00	FDF5
916	21FC	00	FDF5
916	21FD	00	FDF5
916	21FE	00	FDF5
916	21FF	00	FDF5
916	2200	00	FDF5
916	2201	00	FDF5
916	2202	00	FDF5
916	2203	00	FDF5
916	2204	00	FDF5
916	2205	00	FDF5
916	2206	00	FDF5
916	2207	00	FDF5
916	2208	00	FDF5
916	2209	00	FDF5
916	220A	00	FDF5
916	220B	00	FDF5
916	220C	00	FDF5
916	220D	00	FDF5
916	220E	00	FDF5
916	220F	00	FDF5
916	2210	00	FDF5
916	2211	00	FDF5
916	2212	00	FDF5
916	2213	00	FDF5
916	2214	00	FDF5
916	2215	00	FDF5
916	2216	00	FDF5
916	2217	00	FDF5
916	2218	00	FDF5
916	2219	00	FDF5
916	221A	00	FDF5
916	221B	00	FDF5
916	221C	00	FDF5
916	221D	00	FDF5
916	221E	00	FDF5
916	221F	00	FDF5
916	2220	00	FDF5
916	2221	00	FDF5
916	2222	00	FDF5
916	2223	00	FDF5
916	2224	00	FDF5
916	2225	00	FDF5
916	2226	00	FDF5
916	2227	00	FDF5
916	2228	00	FDF5
916	2229	00	FDF5
916	222A	00	FDF5
916	222B	00	FDF5
916	222C	00	FDF5
916	222D	00	FDF5
916	222E	00	FDF5
916	222F	00	FDF5
916	2230	00	FDF5
916	2231	00	FDF5
916	2232	00	FDF5
916	2233	00	FDF5
916	2234	00	FDF5
916	2235	00	FDF5
916	2236	00	FDF5
916	2237	00	FDF5
916	2238	00	FDF5
916	2239	00	FDF5
916	223A	00	FDF5
916	223B	00	FDF5
916	223C	00	FDF5
916	223D	00	FDF5
916	223E	00	FDF5
916	223F	00	FDF5
916	2240	00	FDF5
916	2241	00	FDF5
916	2242	00	FDF5
916	2243	00	FDF5
916	2244	00	FDF5
916	2245	00	FDF5
916	2246	00	FDF5
916	2247	00	FDF5
916	2248	00	FDF5
916	2249	00	FDF5
916	224A	00	FDF5
916	224B	00	FDF5
916	224C	00	FDF5
916	224D	00	FDF5
916	224E	00	FDF5
916	224F	00	FDF5
916	2250	00	FDF5
916	2251	00	FDF5
916	2252	00	FDF5
916	2253	00	FDF5
916	2254	00	FDF5
916	2255	00	FDF5
916	2256	00	FDF5
916	2257	00	FDF5
916	2258	00	FDF5
916	2259	00	FDF5
916	225A	00	FDF5
916	225B	00	FDF5
916	225C	00	FDF5
916	225D	00	FDF5
916	225E	00	FDF5
916	225F	00	FDF5
916	2260	00	FDF5
916	2261	00	FDF5
916	2262	00	FDF5
916	2263	00	FDF5
916	2264	00	FDF5
916	2265	00	FDF5
916	2266	00	FDF5
916	2267	00	FDF5
916	2268	00	FDF5
916	2269	00	FDF5
916	226A	00	FDF5
916	226B	00	FDF5
916	226C	00	FDF5
916	226D	00	FDF5
916	226E	00	FDF5
916	226F	00	FDF5
916	2270	00	FDF5
916	2271	00	FDF5
916	2272	00	FDF5
916	2273	00	FDF5
916	2274	00	FDF5
916	2275	00	FDF5
916	2276	00	FDF5
916	2277	00	FDF5
916	2278	00	FDF5
916	2279	00	FDF5
916	227A	00	FDF5
916	227B	00	FDF5
916	227C	00	FDF5
916	227D	00	FDF5
916	227E	00	FDF5
916	227F	00	FDF5
916	2280	00	FDF5
916	2281	00	FDF5
916	2282	00	FDF5
916	2283	00	FDF5
916	2284	00	FDF5
916	2285	00	FDF5
916	2286	00	FDF5
916	2287	00	FDF5
916	2288	00	FDF5
916	2289	00	FDF5
916	228A	00	FDF5
916	228B	00	FDF5
916	228C	00	FDF5
916	228D	00	FDF5
916	228E	00	FDF5
916	228F	00	FDF5
916	2290	00	FDF5
916	2291	00	FDF5
916	2292	00	FDF5
916	2293	00	FDF5
916	2294	00	FDF5
916	2295	00	FDF5
916	2296	00	FDF5
916	2297	00	FDF5
916	2298	00	FDF5
916	2299	00	FDF5
916	229A	00	FDF5
916	229B	00	FDF5
916	229C	00	FDF5
916	229D	00	FDF5
916	229E	00	FDF5
916	229F	00	FDF5
916	22A0	00	FDF5
916	22A1	00	FDF5
916	22A2	00	FDF5
916	22A3	00	FDF5
916	22A4	00	FDF5
916	22A5	00	FDF5
916	22A6	00	FDF5
916	22A7	00	FDF5
916	22A8	00	FDF5
916	22A9	00	FDF5
916	22AA	00	FDF5
916	22AB	00	FDF5
916	22AC	00	FDF5
916	22AD	00	FDF5
916	22AE	00	FDF5
916	22AF	00	FDF5
916	22B0	00	FDF5
916	22B1	00	FDF5
916	22B2	00	FDF5
916	22B3	00	FDF5
916	22B4	00	FDF5
916	22B5	00	FDF5
916	22B6	00	FDF5
916	22B7	00	FDF5
916	22B8	00	FDF5
916	22B9	00	FDF5
916	22BA	00	FDF5
916	22BB	00	FDF5
916	22BC	00	FDF5
916	22BD	00	FDF5
916	22BE	00	FDF5
916	22BF	00	FDF5
916	22C0	00	FDF5
916	22C1	00	FDF5
916	22C2	00	FDF5
916	22C3	00	FDF5
916	22C4	00	FDF5
916	22C5	00	FDF5
916	22C6	00	FDF5
916	22C7	00	FDF5
916	22C8	00	FDF5
916	22C9	00	FDF5
916	22CA	00	FDF5
916	22CB	00	FDF5
916	22CC	00	FDF5
916	22CD	00	FDF5
916	22CE	00	FDF5
916	22CF	00	FDF5
916	22D0	00	FDF5
916	22D1	00	FDF5
916	22D2	00	FDF5
916	22D3	00	FDF5
916	22D4	00	FDF5
916	22D5	00	FDF5
916	22D6	00	FDF5
916	22D7	00	FDF5
916	22D8	00	FDF5
916	22D9	00	FDF5
916	22DA	00	FDF5
916	22DB	00	FDF5
916	22DC	00	FDF5
916	22DD	00	FDF5
916	22DE	00	FDF5
916	22DF	00	FDF5
916	22E0	00	FDF5
916	22E1	00	FDF5
916	22E2	00	FDF5
916	22E3	00	FDF5
916	22E4	00	FDF5
916	22E5	00	FDF5
916	22E6	00	FDF5
916	22E7	00	FDF5
916	22E8	00	FDF5
916	22E9	00	FDF5
916	22EA	00	FDF5
916	22EB	00	FDF5
916	22EC	00	FDF5
916	22ED	00	FDF5
916	22EE	00	FDF5
916	22EF	00	FDF5
916	22F0	00	FDF5
916	22F1	00	FDF5
916	22F2	00	FDF5
916	22F3	00	FDF5
916	22F4	00	FDF5
916	22F5	00	FDF5
916	22F6	00	FDF5
916	22F7	00	FDF5
916	22F8	00	FDF5
916	22F9	00	FDF5
916	22FA	00	FDF5
916	22FB	00	FDF5
916	22FC	00	FDF5
916	22FD	00	FDF5
916	22FE	00	FDF5
916	22FF	00	FDF5
916	2300	00	FDF5
916	2301	00	FDF5
916	2302	00	FDF5
916	2303	00	FDF5
916	2304	00	FDF5
916	2305	00	FDF5
916	2306	00	FDF5
916	2307	00	FDF5
916	2308	00	FDF5
916	2309	00	FDF5
916	230A	00	FDF5
916	230B	00	FDF5
916	230C	00	FDF5
916	230D	00	FDF5
916	230E	00	FDF5
916	230F	00	FDF5
916	2310	00	FDF5
916	2311	00	FDF5
916	2312	00	FDF5
916	2313	00	FDF5
916	2314	00	FDF5
916	2315	00	FDF5
916	2316	00	FDF5
916	2317	00	FDF5
916	2318	00	FDF5
916	2319	00	FDF5
916	231A	00	FDF5
916	231B	00	FDF5
916	231C	00	FDF5
916	231D	00	FDF5
916	231E	00	FDF5
916	231F	00	FDF5
916	2320	00	FDF5
916	2321	00	FDF5
916	2322	00	FDF5
916	2323	00	FDF5
916	2324	00	FDF5
916	2325	00	FDF5
916	2326	00	FDF5
916	2327	00	FDF5
916	2328	00	FDF5
916	2329	00	FDF5
916	232A	00	FDF5
916	232B	00	FDF5
916	232C	00	FDF5
916	232D	00	FDF5
916	232E	00	FDF5
916	232F	00	FDF5
916	2330	00	FDF5
916	2331	00	FDF5
916	2332	00	FDF5
916	2333	00	FDF5
916	2334	00	FDF5
916	2335	00	FDF5
916	2336	00	FDF5
916	2337	00	FDF5
916	2338	00	FDF5
916	2339	00	FDF5
916	233A	00	FDF5
916	233B	00	FDF5
916	233C	00	FDF5
916	233D	00	FDF5
916	233E	00	FDF5
916	233F	00	FDF5
916	2340	00	FDF5
916	2341	00	FDF5
916	2342	00	FDF5
916	2343	00	FDF5
916	2344	00	FDF5
916	2345	00	FDF5
916	2346	00	FDF5
916	2347	00	FDF5
916	2348	00	FDF5
916	2349	00	FDF5
916	234A	00	FDF5
916	234B	00	FDF5
916	234C	00	FDF5
916	234D	00	FDF5
916	234E	00	FDF5
916	234F	00	FDF5
916	2350	00	FDF5
916	2351	00	FDF5
916	2352	00	FDF5
916	2353	00	FDF5
916	2354	00	FDF5
916	2355	00	FDF5
916	2356	00	FDF5
916	2357	00	FDF5
916	2358	00	FDF5
916	2359	00	FDF5
916	235A	00	FDF5
916	235B	00	FDF5
916	235C	00	FDF5
916	235D	00	FDF5
916	235E	00	FDF5
916	235F	00	FDF5
916	2360	00	FDF5
916	2361	00	FDF5
916	2362	00	FDF5
916	2363	00	FDF5
916	2364	00	FDF5
916	2365	00	FDF5
916	2366	00	FDF5
916	2367	00	FDF5
916	2368	00	FDF5
916	2369	00	FDF5
916	236A	00	FDF5
916	236B	00	FDF5
916	236C	00	FDF5
916	236D	00	FDF5
916	236E	00	FDF5
916	236F	00	FDF5
916	2370	00	FDF5
916	2371	00	FDF5
916	2372	00	FDF5
916	2373	00	FDF5
916	2374	00	FDF5
916	2375	00	FDF5
916	2376	00	FDF5
916	2377	00	FDF5
916	2378	00	FDF5
916	2379	00	FDF5
916	237A	00	FDF5
916	237B	00	FDF5
916	237C	00	FDF5
916	237D	00	FDF5
916	237E	00	FDF5
916	237F	00	FDF5
916	2380	00	FDF5
916	2381	00	FDF5
916	2382	00	FDF5
916	2383	00	FDF5
916	2384	00	FDF5
916	2385	00	FDF5
916	2386	00	FDF5
916	2387	00	FDF5
916	2388	00	FDF5
916	2389	00	FDF5
916	238A	00	FDF5
916	238B	00	FDF5
916	238C	00	FDF5
916	238D	00	FDF5
916	238E	00	FDF5
916	238F	00	FDF5
916	2390	00	FDF5
916	2391	00	FDF5
916	2392	00	FDF5
916	2393	00	FDF5
916	2394	00	FDF5
916	2395	00	FDF5
916	2396	00	FDF5
916	2397	00	FDF5
916	2398	00	FDF5
916	2399	00	FDF5
916	239A	00	FDF5
916	239B	00	FDF5
916	239C	00	FDF5
916	239D	00	FDF5
916	239E	00	FDF5
916	239F	00	FDF5
916	23A0	00	FDF5
916	23A1	00	FDF5
916	23A2	00	FDF5
916	23A3	00	FDF5
916	23A4	00	FDF5
916	23A5	00	FDF5
916	23A6	00	FDF5
916	23A7	00	FDF5
916	23A8	00	FDF5
916	23A9	00	FDF5
916	23AA	00	FDF5
916	23AB	00	FDF5
916	23AC	00	FDF5
916	23AD	00	FDF5
916	23AE	00	FDF5
916	23AF	00	FDF5
916	23B0	00	FDF5
916	23B1	00	FDF5
916	23B2	00	FDF5
916	23B3	00	FDF5
916	23B4	00	FDF5
916	23B5	00	FDF5
916	23B6	00	FDF5
916	23B7	00	FDF5
916	23B8	00	FDF5
916	23B9	00	FDF5
916	23BA	00	FDF5
916	23BB	00	FDF5
916	23BC	00	FDF5
916	23BD	00	FDF5
916	23BE	00	FDF5
916	23BF	00	FDF5
916	23C0	00	FDF5
916	23C1	00	FDF5
916	23C2	00	FDF5
916	23C3	00	FDF5
916	23C4	00	FDF5
916	23C5	00	FDF5
916	23C6	00	FDF5
916	23C7	00	FDF5
916	23C8	00	FDF5
916	23C9	00	FDF5
916	23CA	00	FDF5
916	23CB	00	FDF5
916	23CC	00	FDF5
916	23CD	00	FDF5
916	23CE	00	FDF5
916	23CF	00	FDF5
916	23D0	00	FDF5
916	23D1	00	FDF5
916	23D2	00	FDF5
916	23D3	00	FDF5
916	23D4	00	FDF5
916	23D5	00	FDF5
916	23D6	00	FDF5
916	23D7	00	FDF5
916	23D8	00	FDF5
916	23D9	00	FDF5
916	23DA	00	FDF5
916	23DB	00	FDF5
916	23DC	00	FDF5
916	23DD	00	FDF5
916	23DE	00	FDF5
916	23DF	00	FDF5
916	23E0	00	FDF5
916	23E1	00	FDF5
916	23E2	00	FDF5
916	23E3	00	FDF5
916	23E4	00	FDF5
916	23E5	00	FDF5
916	23E6	00	FDF5
916	23E7	00	FDF5
916	23E8	00	FDF5
916	23E9	00	FDF5
916	23EA	00	FDF5
916	23EB	00	FDF5
916	23EC	00	FDF5
916	23ED	00	FDF5
916	23EE	00	FDF5
916	23EF	00	FDF5
916	23F0	00	FDF5
916	23F1	00	FDF5
916	23F2	00	FDF5
916	23F3	00	FDF5
916	23F4	00	FDF5
916	23F5	00	FDF5
916	23F6	00	FDF5
916	23F7	00	FDF5
916	23F8	00	FDF5
916	23F9	00	FDF5
916	23FA	00	FDF5
916	23FB	00	FDF5
916	23FC	00	FDF5
916	23FD	00	FDF5
916	23FE	00	FDF5
916	23FF	00	FDF5
916	23C0	00	FE12
916	23C1	00	FE12
916	23C2	00	FE12
916	23C3	00	FE12
916	23C4	00	FE12
916	23C5	00	FE12
916	23C6	00	FE12
916	23C7	00	FE12
916	23C8	00	FE12
916	23C9	00	FE12
916	23CA	00	FE12
916	23CB	00	FE12
916	23CC	00	FE12
916	23CD	00	FE12
916	23CE	00	FE12
916	23CF	00	FE12
916	23D0	00	FE12
916	23D1	00	FE12
916	23D2	00	FE12
916	23D3	00	FE12
916	23D4	00	FE12
916	23D5	00	FE12
916	23D6	00	FE12
916	23D7	00	FE12
916	23D8	00	FE12
916	23D9	00	FE12
916	23DA	00	FE12
916	23DB	00	FE12
916	23DC	00	FE12
916	23DD	00	FE12
916	23DE	00	FE12
916	23DF	00	FE12
916	23E0	00	FE12
916	23E1	00	FE12
916	23E2	00	FE12
916	23E3	00	FE12
916	23E4	00	FE12
916	23E5	00	FE12
916	23E6	00	FE12
916	23E7	00	FE12
916	23E8	00	FE12
916	23E9	00	FE12
916	23EA	00	FE12
916	23EB	00	FE12
916	23EC	00	FE12
916	23ED	00	FE12
916	23EE	00	FE12
916	23EF	00	FE12
916	23F0	00	FE12
916	23F1	00	FE12
916	23F2	00	FE12
916	23F3	00	FE12
916	23F4	00	FE12
916	23F5	00	FE12
916	23F6	00	FE12
916	23F7	00	FE12
916	23F8	00	FE12
916	23F9	00	FE12
916	23FA	00	FE12
916	23FB	00	FE12
916	23FC	00	FE12
916	23FD	00	FE12
916	23FE	00	FE12
916	23FF	00	FE12
916	2400	00	FDF5
916	2401	00	FDF5
916	2402	00	FDF5
916	2403	00	FDF5
916	2404	00	FDF5
916	2405	00	FDF5
916	2406	00	FDF5
916	2407	00	FDF5
916	2408	00	FDF5
916	2409	00	FDF5
916	240A	00	FDF5
916	240B	00	FDF5
916	240C	00	FDF5
916	240D	00	FDF5
916	240E	00	FDF5
916	240F	00	FDF5
916	2410	00	FDF5
916	2411	00	FDF5
916	2412	00	FDF5
916	2413	00	FDF5
916	2414	00	FDF5
916	2415	00	FDF5
916	2416	00	FDF5
916	2417	00	FDF5
916	2418	00	FDF5
916	2419	00	FDF5
916	241A	00	FDF5
916	241B	00	FDF5
916	241C	00	FDF5
916	241D	00	FDF5
916	241E	00	FDF5
916	241F	00	FDF5
916	2420	00	FDF5
916	2421	00	FDF5
916	2422	00	FDF5
916	2423	00	FDF5
916	2424	00	FDF5
916	2425	00	FDF5
916	2426	00	FDF5
916	2427	00	FDF5
916	2428	00	FDF5
916	2429	00	FDF5
916	242A	00	FDF5
916	242B	00	FDF5
916	242C	00	FDF5
916	242D	00	FDF5
916	242E	00	FDF5
916	242F	00	FDF5
916	2430	00	FDF5
916	2431	00	FDF5
916	2432	00	FDF5
916	2433	00	FDF5
916	2434	00	FDF5
916	2435	00	FDF5
916	2436	00	FDF5
916	2437	00	FDF5
916	2438	00	FDF5
916	2439	00	FDF5
916	243A	00	FDF5
916	243B	00	FDF5
916	243C	00	FDF5
916	243D	00	FDF5
916	243E	00	FDF5
916	243F	00	FDF5
916	2440	00	FDF5
916	2441	00	FDF5
916	2442	00	FDF5
916	2443	00	FDF5
916	2444	00	FDF5
916	2445	00	FDF5
916	2446	00	FDF5
916	2447	00	FDF5
916	2448	00	FDF5
916	2449	00	FDF5
916	244A	00	FDF5
916	244B	00	FDF5
916	244C	00	FDF5
916	244D	00	FDF5
916	244E	00	FDF5
916	244F	00	FDF5
916	2450	00	FDF5
916	2451	00	FDF5
916	2452	00	FDF5
916	2453	00	FDF5
916	2454	00	FDF5
916	2455	00	FDF5
916	2456	00	FDF5
916	2457	00	FDF5
916	2458	00	FDF5
916	2459	00	FDF5
916	245A	00	FDF5
916	245B	00	FDF5
916	245C	00	FDF5
916	245D	00	FDF5
916	245E	00	FDF5
916	245F	00	FDF5
916	2460	00	FDF5
916	2461	00	FDF5
916	2462	00	FDF5
916	2463	00	FDF5
916	2464	00	FDF5
916	2465	00	FDF5
916	2466	00	FDF5
916	2467	00	FDF5
916	2468	00	FDF5
916	2469	00	FDF5
916	246A	00	FDF5
916	246B	00	FDF5
916	246C	00	FDF5
916	246D	00	FDF5
916	246E	00	FDF5
916	246F	00	FDF5
916	2470	00	FDF5
916	2471	00	FDF5
916	2472	00	FDF5
916	2473	00	FDF5
916	2474	00	FDF5
916	2475	00	FDF5
916	2476	00	FDF5
916	2477	00	FDF5
916	2478	00	FDF5
916	2479	00	FDF5
916	247A	00	FDF5
916	247B	00	FDF5
916	247C	00	FDF5
916	247D	00	FDF5
916	247E	00	FDF5
916	247F	00	FDF5
916	2480	00	FDF5
916	2481	00	FDF5
916	2482	00	FDF5
916	2483	00	FDF5
916	2484	00	FDF5
916	2485	00	FDF5
916	2486	00	FDF5
916	2487	00	FDF5
916	2488	00	FDF5
916	2489	00	FDF5
916	248A	00	FDF5
916	248B	00	FDF5
916	248C	00	FDF5
916	248D	00	FDF5
916	248E	00	FDF5
916	248F	00	FDF5
916	2490	00	FDF5
916	2491	00	FDF5
916	2492	00	FDF5
916	2493	00	FDF5
916	2494	00	FDF5
916	2495	00	FDF5
916	2496	00	FDF5
916	2497	00	FDF5
916	2498	00	FDF5
916	2499	00	FDF5
916	249A	00	FDF5
916	249B	00	FDF5
916	249C	00	FDF5
916	249D	00	FDF5
916	249E	00	FDF5
916	249F	00	FDF5
916	24A0	00	FDF5
916	24A1	00	FDF5
916	24A2	00	FDF5
916	24A3	00	FDF5
916	24A4	00	FDF5
916	24A5	00	FDF5
916	24A6	00	FDF5
916	24A7	00	FDF5
916	24A8	00	FDF5
916	24A9	00	FDF5
916	24AA	00	FDF5
916	24AB	00	FDF5
916	24AC	00	FDF5
916	24AD	00	FDF5
916	24AE	00	FDF5
916	24AF	00	FDF5
916	24B0	00	FDF5
916	24B1	00	FDF5
916	24B2	00	FDF5
916	24B3	00	FDF5
916	24B4	00	FDF5
916	24B5	00	FDF5
916	24B6	00	FDF5
916	24B7	00	FDF5
916	24B8	00	FDF5
916	24B9	00	FDF5
916	24BA	00	FDF5
916	24BB	00	FDF5
916	24BC	00	FDF5
916	24BD	00	FDF5
916	24BE	00	FDF5
916	24BF	00	FDF5
916	24C0	00	FDF5
916	24C1	00	FDF5
916	24C2	00	FDF5
916	24C3	00	FDF5
916	24C4	00	FDF5
916	24C5	00	FDF5
916	24C6	00	FDF5
916	24C7	00	FDF5
916	24C8	00	FDF5
916	24C9	00	FDF5
916	24CA	00	FDF5
916	24CB	00	FDF5
916	24CC	00	FDF5
916	24CD	00	FDF5
916	24CE	00	FDF5
916	24CF	00	FDF5
916	24D0	00	FDF5
916	24D1	00	FDF5
916	24D2	00	FDF5
916	24D3	00	FDF5
916	24D4	00	FDF5
916	24D5	00	FDF5
916	24D6	00	FDF5
916	24D7	00	FDF5
916	24D8	00	FDF5
916	24D9	00	FDF5
916	24DA	00	FDF5
916	24DB	00	FDF5
916	24DC	00	FDF5
916	24DD	00	FDF5
916	24DE	00	FDF5
916	24DF	00	FDF5
916	24E0	00	FDF5
916	24E1	00	FDF5
916	24E2	00	FDF5
916	24E3	00	FDF5
916	24E4	00	FDF5
916	24E5	00	FDF5
916	24E6	00	FDF5
916	24E7	00	FDF5
916	24E8	00	FDF5
916	24E9	00	FDF5
916	24EA	00	FDF5
916	24EB	00	FDF5
916	24EC	00	FDF5
916	24ED	00	FDF5
916	24EE	00	FDF5
916	24EF	00	FDF5
916	24F0	00	FDF5
916	24F1	00	FDF5
916	24F2	00	FDF5
916	24F3	00	FDF5
916	24F4	00	FDF5
916	24F5	00	FDF5
916	24F6	00	FDF5
916	24F7	00	FDF5
916	24F8	00	FDF5
916	24F9	00	FDF5
916	24FA	00	FDF5
916	24FB	00	FDF5
916	24FC	00	FDF5
916	24FD	00	FDF5
916	24FE	00	FDF5
916	24FF	00	FDF5
916	2500	00	FDF5
916	2501	00	FDF5
916	2502	00	FDF5
916	2503	00	FDF5
916	2504	00	FDF5
916	2505	00	FDF5
916	2506	00	FDF5
916	2507	00	FDF5
916	2508	00	FDF5
916	2509	00	FDF5
916	250A	00	FDF5
916	250B	00	FDF5
916	250C	00	FDF5
916	250D	00	FDF5
916	250E	00	FDF5
916	250F	00	FDF5
916	2510	00	FDF5
916	2511	00	FDF5
916	2512	00	FDF5
916	2513	00	FDF5
916	2514	00	FDF5
916	2515	00	FDF5
916	2516	00	FDF5
916	2517	00	FDF5
916	2518	00	FDF5
916	2519	00	FDF5
916	251A	00	FDF5
916	251B	00	FDF5
916	251C	00	FDF5
916	251D	00	FDF5
916	251E	00	FDF5
916	251F	00	FDF5
916	2520	00	FDF5
916	2521	00	FDF5
916	2522	00	FDF5
916	2523	00	FDF5
916	2524	00	FDF5
916	2525	00	FDF5
916	2526	00	FDF5
916	2527	00	FDF5
916	2528	00	FDF5
916	2529	00	FDF5
916	252A	00	FDF5
916	252B	00	FDF5
916	252C	00	FDF5
916	252D	00	FDF5
916	252E	00	FDF5
916	252F	00	FDF5
916	2530	00	FDF5
916	2531	00	FDF5
916	2532	00	FDF5
916	2533	00	FDF5
916	2534	00	FDF5
916	2535	00	FDF5
916	2536	00	FDF5
916	2537	00	FDF5
916	2538	00	FDF5
916	2539	00	FDF5
916	253A	00	FDF5
916	253B	00	FDF5
916	253C	00	FDF5
916	253D	00	FDF5
916	253E	00	FDF5
916	253F	00	FDF5
916	2540	00	FDF5
916	2541	00	FDF5
916	2542	00	FDF5
916	2543	00	FDF5
916	2544	00	FDF5
916	2545	00	FDF5
916	2546	00	FDF5
916	2547	00	FDF5
916	2548	00	FDF5
916	2549	00	FDF5
916	254A	00	FDF5
916	254B	00	FDF5
916	254C	00	FDF5
916	254D	00	FDF5
916	254E	00	FDF5
916	254F	00	FDF5
916	2550	00	FDF5
916	2551	00	FDF5
916	2552	00	FDF5
916	2553	00	FDF5
916	2554	00	FDF5
916	2555	00	FDF5
916	2556	00	FDF5
916	2557	00	FDF5
916	2558	00	FDF5
916	2559	00	FDF5
916	255A	00	FDF5
916	255B	00	FDF5
916	255C	00	FDF5
916	255D	00	FDF5
916	255E	00	FDF5
916	255F	00	FDF5
916	2560	00	FDF5
916	2561	00	FDF5
916	2562	00	FDF5
916	2563	00	FDF5
916	2564	00	FDF5
916	2565	00	FDF5
916	2566	00	FDF5
916	2567	00	FDF5
916	2568	00	FDF5
916	2569	00	FDF5
916	256A	00	FDF5
916	256B	00	FDF5
916	256C	00	FDF5
916	256D	00	FDF5
916	256E	00	FDF5
916	256F	00	FDF5
916	2570	00	FDF5
916	2571	00	FDF5
916	2572	00	FDF5
916	2573	00	FDF5
916	2574	00	FDF5
916	2575	00	FDF5
916	2576	00	FDF5
916	2577	00	FDF5
916	2578	00	FDF5
916	2579	00	FDF5
916	257A	00	FDF5
916	257B	00	FDF5
916	257C	00	FDF5
916	257D	00	FDF5
916	257E	00	FDF5
916	257F	00	FDF5
916	2580	00	FDF5
916	2581	00	FDF5
916	2582	00	FDF5
916	2583	00	FDF5
916	2584	00	FDF5
916	2585	00	FDF5
916	2586	00	FDF5
916	2587	00	FDF5
916	2588	00	FDF5
916	2589	00	FDF5
916	258A	00	FDF5
916	258B	00	FDF5
916	258C	00	FDF5
916	258D	00	FDF5
916	258E	00	FDF5
916	258F	00	FDF5
916	2590	00	FDF5
916	2591	00	FDF5
916	2592	00	FDF5
916	2593	00	FDF5
916	2594	00	FDF5
916	2595	00	FDF5
916	2596	00	FDF5
916	2597	00	FDF5
916	2598	00	FDF5
916	2599	00	FDF5
916	259A	00	FDF5
916	259B	00	FDF5
916	259C	00	FDF5
916	259D	00	FDF5
916	259E	00	FDF5
916	259F	00	FDF5
916	25A0	00	FDF5
916	25A1	00	FDF5
916	25A2	00	FDF5
916	25A3	00	FDF5
916	25A4	00	FDF5
916	25A5	00	FDF5
916	25A6	00	FDF5
916	25A7	00	FDF5
916	25A8	00	FDF5
916	25A9	00	FDF5
916	25AA	00	FDF5
916	25AB	00	FDF5
916	25AC	00	FDF5
916	25AD	00	FDF5
916	25AE	00	FDF5
916	25AF	00	FDF5
916	25B0	00	FDF5
916	25B1	00	FDF5
916	25B2	00	FDF5
916	25B3	00	FDF5
916	25B4	00	FDF5
916	25B5	00	FDF5
916	25B6	00	FDF5
916	25B7	00	FDF5
916	25B8	00	FDF5
916	25B9	00	FDF5
916	25BA	00	FDF5
916	25BB	00	FDF5
916	25BC	00	FDF5
916	25BD	00	FDF5
916	25BE	00	FDF5
916	25BF	00	FDF5
916	25C0	00	FDF5
916	25C1	00	FDF5
916	25C2	00	FDF5
916	25C3	00	FDF5
916	25C4	00	FDF5
916	25C5	00	FDF5
916	25C6	00	FDF5
916	25C7	00	FDF5
916	25C8	00	FDF5
916	25C9	00	FDF5
916	25CA	00	FDF5
916	25CB	00	FDF5
916	25CC	00	FDF5
916	25CD	00	FDF5
916	25CE	00	FDF5
916	25CF	00	FDF5
916	25D0	00	FDF5
916	25D1	00	FDF5
916	25D2	00	FDF5
916	25D3	00	FDF5
916	25D4	00	FDF5
916	25D5	00	FDF5
916	25D6	00	FDF5
916	25D7	00	FDF5
916	25D8	00	FDF5
916	25D9	00	FDF5
916	25DA	00	FDF5
916	25DB	00	FDF5
916	25DC	00	FDF5
916	25DD	00	FDF5
916	25DE	00	FDF5
916	25DF	00	FDF5
916	25E0	00	FDF5
916	25E1	00	FDF5
916	25E2	00	FDF5
916	25E3	00	FDF5
916	25E4	00	FDF5
916	25E5	00	FDF5
916	25E6	00	FDF5
916	25E7	00	FDF5
916	25E8	00	FDF5
916	25E9	00	FDF5
916	25EA	00	FDF5
916	25EB	00	FDF5
916	25EC	00	FDF5
916	25ED	00	FDF5
916	25EE	00	FDF5
916	25EF	00	FDF5
916	25F0	00	FDF5
916	25F1	00	FDF5
916	25F2	00	FDF5
916	25F3	00	FDF5
916	25F4	00	FDF5
916	25F5	00	FDF5
916	25F6	00	FDF5
916	25F7	00	FDF5
916	25F8	00	FDF5
916	25F9	00	FDF5
916	25FA	00	FDF5
916	25FB	00	FDF5
916	25FC	00	FDF5
916	25FD	00	FDF5
916	25FE	00	FDF5
916	25FF	00	FDF5
916	2600	00	FDF5
916	2601	00	FDF5
916	2602	00	FDF5
916	2603	00	FDF5
916	2604	00	FDF5
916	2605	00	FDF5
916	2606	00	FDF5
916	2607	00	FDF5
916	2608	00	FDF5
916	2609	00	FDF5
916	260A	00	FDF5
916	260B	00	FDF5
916	260C	00	FDF5
916	260D	00	FDF5
916	260E	00	FDF5
916	260F	00	FDF5
916	2610	00	FDF5
916	2611	00	FDF5
916	2612	00	FDF5
916	2613	00	FDF5
916	2614	00	FDF5
916	2615	00	FDF5
916	2616	00	FDF5
916	2617	00	FDF5
916	2618	00	FDF5
916	2619	00	FDF5
916	261A	00	FDF5
916	261B	00	FDF5
916	261C	00	FDF5
916	261D	00	FDF5
916	261E	00	FDF5
916	261F	00	FDF5
916	2620	00	FDF5
916	2621	00	FDF5
916	2622	00	FDF5
916	2623	00	FDF5
916	2624	00	FDF5
916	2625	00	FDF5
916	2626	00	FDF5
916	2627	00	FDF5
916	2628	00	FDF5
916	2629	00	FDF5
916	262A	00	FDF5
916	262B	00	FDF5
916	262C	00	FDF5
916	262D	00	FDF5
916	262E	00	FDF5
916	262F	00	FDF5
916	2630	00	FDF5
916	2631	00	FDF5
916	2632	00	FDF5
916	2633	00	FDF5
916	2634	00	FDF5
916	2635	00	FDF5
916	2636	00	FDF5
916	2637	00	FDF5
916	2638	00	FDF5
916	2639	00	FDF5
916	263A	00	FDF5
916	263B	00	FDF5
916	263C	00	FDF5
916	263D	00	FDF5
916	263E	00	FDF5
916	263F	00	FDF5
916	2640	00	FDF5
916	2641	00	FDF5
916	2642	00	FDF5
916	2643	00	FDF5
916	2644	00	FDF5
916	2645	00	FDF5
916	2646	00	FDF5
916	2647	00	FDF5
916	2648	00	FDF5
916	2649	00	FDF5
916	264A	00	FDF5
916	264B	00	FDF5
916	264C	00	FDF5
916	264D	00	FDF5
916	264E	00	FDF5
916	264F	00	FDF5
916	2650	00	FDF5
916	2651	00	FDF5
916	2652	00	FDF5
916	2653	00	FDF5
916	2654	00	FDF5
916	2655	00	FDF5
916	2656	00	FDF5
916	2657	00	FDF5
916	2658	00	FDF5
916	2659	00	FDF5
916	265A	00	FDF5
916	265B	00	FDF5
916	265C	00	FDF5
916	265D	00	FDF5
916	265E	00	FDF5
916	265F	00	FDF5
916	2660	00	FDF5
916	2661	00	FDF5
916	2662	00	FDF5
916	2663	00	FDF5
916	2664	00	FDF5
916	2665	00	FDF5
916	2666	00	FDF5
916	2667	00	FDF5
916	2668	00	FDF5
916	2669	00	FDF5
916	266A	00	FDF5
916	266B	00	FDF5
916	266C	00	FDF5
916	266D	00	FDF5
916	266E	00	FDF5
916	266F	00	FDF5
916	2670	00	FDF5
916	2671	00	FDF5
916	2672	00	FDF5
916	2673	00	FDF5
916	2674	00	FDF5
916	2675	00	FDF5
916	2676	00	FDF5
916	2677	00	FDF5
916	2678	00	FDF5
916	2679	00	FDF5
916	267A	00	FDF5
916	267B	00	FDF5
916	267C	00	FDF5
916	267D	00	FDF5
916	267E	00	FDF5
916	267F	00	FDF5
916	2680	00	FDF5
916	2681	00	FDF5
916	2682	00	FDF5
916	2683	00	FDF5
916	2684	00	FDF5
916	2685	00	FDF5
916	2686	00	FDF5
916	2687	00	FDF5
916	2688	00	FDF5
916	2689	00	FDF5
916	268A	00	FDF5
916	268B	00	FDF5
916	268C	00	FDF5
916	268D	00	FDF5
916	268E	00	FDF5
916	268F	00	FDF5
916	2690	00	FDF5
916	2691	00	FDF5
916	2692	00	FDF5
916	2693	00	FDF5
916	2694	00	FDF5
916	2695	00	FDF5
916	2696	00	FDF5
916	2697	00	FDF5
916	2698	00	FDF5
916	2699	00	FDF5
916	269A	00	FDF5
916	269B	00	FDF5
916	269C	00	FDF5
916	269D	00	FDF5
916	269E	00	FDF5
916	269F	00	FDF5
916	26A0	00	FDF5
916	26A1	00	FDF5
916	26A2	00	FDF5
916	26A3	00	FDF5
916	26A4	00	FDF5
916	26A5	00	FDF5
916	26A6	00	FDF5
916	26A7	00	FDF5
916	26A8	00	FDF5
916	26A9	00	FDF5
916	26AA	00	FDF5
916	26AB	00	FDF5
916	26AC	00	FDF5
916	26AD	00	FDF5
916	26AE	00	FDF5
916	26AF	00	FDF5
916	26B0	00	FDF5
916	26B1	00	FDF5
916	26B2	00	FDF5
916	26B3	00	FDF5
916	26B4	00	FDF5
916	26B5	00	FDF5
916	26B6	00	FDF5
916	26B7	00	FDF5
916	26B8	00	FDF5
916	26B9	00	FDF5
916	26BA	00	FDF5
916	26BB	00	FDF5
916	26BC	00	FDF5
916	26BD	00	FDF5
916	26BE	00	FDF5
916	26BF	00	FDF5
916	26C0	00	FDF5
916	26C1	00	FDF5
916	26C2	00	FDF5
916	26C3	00	FDF5
916	26C4	00	FDF5
916	26C5	00	FDF5
916	26C6	00	FDF5
916	26C7	00	FDF5
916	26C8	00	FDF5
916	26C9	00	FDF5
916	26CA	00	FDF5
916	26CB	00	FDF5
916	26CC	00	FDF5
916	26CD	00	FDF5
916	26CE	00	FDF5
916	26CF	00	FDF5
916	26D0	00	FDF5
916	26D1	00	FDF5
916	26D2	00	FDF5
916	26D3	00	FDF5
916	26D4	00	FDF5
916	26D5	00	FDF5
916	26D6	00	FDF5
916	26D7	00	FDF5
916	26D8	00	FDF5
916	26D9	00	FDF5
916	26DA	00	FDF5
916	26DB	00	FDF5
916	26DC	00	FDF5
916	26DD	00	FDF5
916	26DE	00	FDF5
916	26DF	00	FDF5
916	26E0	00	FDF5
916	26E1	00	FDF5
916	26E2	00	FDF5
916	26E3	00	FDF5
916	26E4	00	FDF5
916	26E5	00	FDF5
916	26E6	00	FDF5
916	26E7	00	FDF5
916	26E8	00	FDF5
916	26E9	00	FDF5
916	26EA	00	FDF5
916	26EB	00	FDF5
916	26EC	00	FDF5
916	26ED	00	FDF5
916	26EE	00	FDF5
916	26EF	00	FDF5
916	26F0	00	FDF5
916	26F1	00	FDF5
916	26F2	00	FDF5
916	26F3	00	FDF5
916	26F4	00	FDF5
916	26F5	00	FDF5
916	26F6	00	FDF5
916	26F7	00	FDF5
916	26F8	00	FDF5
916	26F9	00	FDF5
916	26FA	00	FDF5
916	26FB	00	FDF5
916	26FC	00	FDF5
916	26FD	00	FDF5
916	26FE	00	FDF5
916	26FF	00	FDF5
916	2700	00	FDF5
916	2701	00	FDF5
916	2702	00	FDF5
916	2703	00	FDF5
916	2704	00	FDF5
916	2705	00	FDF5
916	2706	00	FDF5
916	2707	00	FDF5
916	2708	00	FDF5
916	2709	00	FDF5
916	270A	00	FDF5
916	270B	00	FDF5
916	270C	00	FDF5
916	270D	00	FDF5
916	270E	00	FDF5
916	270F	00	FDF5
916	2710	00	FDF5
916	2711	00	FDF5
916	2712	00	FDF5
916	2713	00	FDF5
916	2714	00	FDF5
916	2715	00	FDF5
916	2716	00	FDF5
916	2717	00	FDF5
916	2718	00	FDF5
916	2719	00	FDF5
916	271A	00	FDF5
916	271B	00	FDF5
916	271C	00	FDF5
916	271D	00	FDF5
916	271E	00	FDF5
916	271F	00	FDF5
916	2720	00	FDF5
916	2721	00	FDF5
916	2722	00	FDF5
916	2723	00	FDF5
916	2724	00	FDF5
916	2725	00	FDF5
916	2726	00	FDF5
916	2727	00	FDF5
916	2728	00	FDF5
916	2729	00	FDF5
916	272A	00	FDF5
916	272B	00	FDF5
916	272C	00	FDF5
916	272D	00	FDF5
916	272E	00	FDF5
916	272F	00	FDF5
916	2730	00	FDF5
916	2731	00	FDF5
916	2732	00	FDF5
916	2733	00	FDF5
916	2734	00	FDF5
916	2735	00	FDF5
916	2736	00	FDF5
916	2737	00	FDF5
916	2738	00	FDF5
916	2739	00	FDF5
916	273A	00	FDF5
916	273B	00	FDF5
916	273C	00	FDF5
916	273D	00	FDF5
916	273E	00	FDF5
916	273F	00	FDF5
916	2740	00	FDF5
916	2741	00	FDF5
916	2742	00	FDF5
916	2743	00	FDF5
916	2744	00	FDF5
916	2745	00	FDF5
916	2746	00	FDF5
916	2747	00	FDF5
916	2748	00	FDF5
916	2749	00	FDF5
916	274A	00	FDF5
916	274B	00	FDF5
916	274C	00	FDF5
916	274D	00	FDF5
916	274E	00	FDF5
916	274F	00	FDF5
916	2750	00	FDF5
916	2751	00	FDF5
916	2752	00	FDF5
916	2753	00	FDF5
916	2754	00	FDF5
916	2755	00	FDF5
916	2756	00	FDF5
916	2757	00	FDF5
916	2758	00	FDF5
916	2759	00	FDF5
916	275A	00	FDF5
916	275B	00	FDF5
916	275C	00	FDF5
916	275D	00	FDF5
916	275E	00	FDF5
916	275F	00	FDF5
916	2760	00	FDF5
916	2761	00	FDF5
916	2762	00	FDF5
916	2763	00	FDF5
916	2764	00	FDF5
916	2765	00	FDF5
916	2766	00	FDF5
916	2767	00	FDF5
916	2768	00	FDF5
916	2769	00	FDF5
916	276A	00	FDF5
916	276B	00	FDF5
916	276C	00	FDF5
916	276D	00	FDF5
916	276E	00	FDF5
916	276F	00	FDF5
916	2770	00	FDF5
916	2771	00	FDF5
916	2772	00	FDF5
916	2773	00	FDF5
916	2774	00	FDF5
916	2775	00	FDF5
916	2776	00	FDF5
916	2777	00	FDF5
916	2778	00	FDF5
916	2779	00	FDF5
916	277A	00	FDF5
916	277B	00	FDF5
916	277C	00	FDF5
916	277D	00	FDF5
916	277E	00	FDF5
916	277F	00	FDF5
916	2780	00	FDF5
916	2781	00	FDF5
916	2782	00	FDF5
916	2783	00	FDF5
916	2784	00	FDF5
916	2785	00	FDF5
916	2786	00	FDF5
916	2787	00	FDF5
916	2788	00	FDF5
916	2789	00	FDF5
916	278A	00	FDF5
916	278B	00	FDF5
916	278C	00	FDF5
916	278D	00	FDF5
916	278E	00	FDF5
916	278F	00	FDF5
916	2790	00	FDF5
916	2791	00	FDF5
916	2792	00	FDF5
916	2793	00	FDF5
916	2794	00	FDF5
916	2795	00	FDF5
916	2796	00	FDF5
916	2797	00	FDF5
916	2798	00	FDF5
916	2799	00	FDF5
916	279A	00	FDF5
916	279B	00	FDF5
916	279C	00	FDF5
916	279D	00	FDF5
916	279E	00	FDF5
916	279F	00	FDF5
916	27A0	00	FDF5
916	27A1	00	FDF5
916	27A2	00	FDF5
916	27A3	00	FDF5
916	27A4	00	FDF5
916	27A5	00	FDF5
916	27A6	00	FDF5
916	27A7	00	FDF5
916	27A8	00	FDF5
916	27A9	00	FDF5
916	27AA	00	FDF5
916	27AB	00	FDF5
916	27AC	00	FDF5
916	27AD	00	FDF5
916	27AE	00	FDF5
916	27AF	00	FDF5
916	27B0	00	FDF5
916	27B1	00	FDF5
916	27B2	00	FDF5
916	27B3	00	FDF5
916	27B4	00	FDF5
916	27B5	00	FDF5
916	27B6	00	FDF5
916	27B7	00	FDF5
916	27B8	00	FDF5
916	27B9	00	FDF5
916	27BA	00	FDF5
916	27BB	00	FDF5
916	27BC	00	FDF5
916	27BD	00	FDF5
916	27BE	00	FDF5
916	27BF	00	FDF5
916	27C0	00	FDF5
916	27C1	00	FDF5
916	27C2	00	FDF5
916	27C3	00	FDF5
916	27C4	00	FDF5
916	27C5	00	FDF5
916	27C6	00	FDF5
916	27C7	00	FDF5
916	27C8	00	FDF5
916	27C9	00	FDF5
916	27CA	00	FDF5
916	27CB	00	FDF5
916	27CC	00	FDF5
916	27CD	00	FDF5
916	27CE	00	FDF5
916	27CF	00	FDF5
916	27D0	00	FDF5
916	27D1	00	FDF5
916	27D2	00	FDF5
916	27D3	00	FDF5
916	27D4	00	FDF5
916	27D5	00	FDF5
916	27D6	00	FDF5
916	27D7	00	FDF5
916	27D8	00	FDF5
916	27D9	00	FDF5
916	27DA	00	FDF5
916	27DB	00	FDF5
916	27DC	00	FDF5
916	27DD	00	FDF5
916	27DE	00	FDF5
916	27DF	00	FDF5
916	27E0	00	FDF5
916	27E1	00	FDF5
916	27E2	00	FDF5
916	27E3	00	FDF5
916	27E4	00	FDF5
916	27E5	00	FDF5
916	27E6	00	FDF5
916	27E7	00	FDF5
916	27E8	00	FDF5
916	27E9	00	FDF5
916	27EA	00	FDF5
916	27EB	00	FDF5
916	27EC	00	FDF5
916	27ED	00	FDF5
916	27EE	00	FDF5
916	27EF	00	FDF5
916	27F0	00	FDF5
916	27F1	00	FDF5
916	27F2	00	FDF5
916	27F3	00	FDF5
916	27F4	00	FDF5
916	27F5	00	FDF5
916	27F6	00	FDF5
916	27F7	00	FDF5
916	27F8	00	FDF5
916	27F9	00	FDF5
916	27FA	00	FDF5
916	27FB	00	FDF5
916	27FC	00	FDF5
916	27FD	00	FDF5
916	27FE	00	FDF5
916	27FF	00	FDF5
916	27C0	00	FE12
916	27C1	00	FE12
916	27C2	00	FE12
916	27C3	00	FE12
916	27C4	00	FE12
916	27C5	00	FE12
916	27C6	00	FE12
916	27C7	00	FE12
916	27C8	00	FE12
916	27C9	00	FE12
916	27CA	00	FE12
916	27CB	00	FE12
916	27CC	00	FE12
916	27CD	00	FE12
916	27CE	00	FE12
916	27CF	00	FE12
916	27D0	00	FE12
916	27D1	00	FE12
916	27D2	00	FE12
916	27D3	00	FE12
916	27D4	00	FE12
916	27D5	00	FE12
916	27D6	00	FE12
916	27D7	00	FE12
916	27D8	00	FE12
916	27D9	00	FE12
916	27DA	00	FE12
916	27DB	00	FE12
916	27DC	00	FE12
916	27DD	00	FE12
916	27DE	00	FE12
916	27DF	00	FE12
916	27E0	00	FE12
916	27E1	00	FE12
916	27E2	00	FE12
916	27E3	00	FE12
916	27E4	00	FE12
916	27E5	00	FE12
916	27E6	00	FE12
916	27E7	00	FE12
916	27E8	00	FE12
916	27E9	00	FE12
916	27EA	00	FE12
916	27EB	00	FE12
916	27EC	00	FE12
916	27ED	00	FE12
916	27EE	00	FE12
916	27EF	00	FE12
916	27F0	00	FE12
916	27F1	00	FE12
916	27F2	00	FE12
916	27F3	00	FE12
916	27F4	00	FE12
916	27F5	00	FE12
916	27F6	00	FE12
916	27F7	00	FE12
916	27F8	00	FE12
916	27F9	00	FE12
916	27FA	00	FE12
916	27FB	00	FE12
916	27FC	00	FE12
916	27FD	00	FE12
916	27FE	00	FE12
916	27FF	00	FE12
916	2800	00	FDF5
916	2801	00	FDF5
916	2802	00	FDF5
916	2803	00	FDF5
916	2804	00	FDF5
916	2805	00	FDF5
916	2806	00	FDF5
916	2807	00	FDF5
916	2808	00	FDF5
916	2809	00	FDF5
916	280A	00	FDF5
916	280B	00	FDF5
916	280C	00	FDF5
916	280D	00	FDF5
916	280E	00	FDF5
916	280F	00	FDF5
916	2810	00	FDF5
916	2811	00	FDF5
916	2812	00	FDF5
916	2813	00	FDF5
916	2814	00	FDF5
916	2815	00	FDF5
916	2816	00	FDF5
916	2817	00	FDF5
916	2818	00	FDF5
916	2819	00	FDF5
916	281A	00	FDF5
916	281B	00	FDF5
916	281C	00	FDF5
916	281D	00	FDF5
916	281E	00	FDF5
916	281F	00	FDF5
916	2820	00	FDF5
916	2821	00	FDF5
916	2822	00	FDF5
916	2823	00	FDF5
916	2824	00	FDF5
916	2825	00	FDF5
916	2826	00	FDF5
916	2827	00	FDF5
916	2828	00	FDF5
916	2829	00	FDF5
916	282A	00	FDF5
916	282B	00	FDF5
916	282C	00	FDF5
916	282D	00	FDF5
916	282E	00	FDF5
916	282F	00	FDF5
916	2830	00	FDF5
916	2831	00	FDF5
916	2832	00	FDF5
916	2833	00	FDF5
916	2834	00	FDF5
916	2835	00	FDF5
916	2836	00	FDF5
916	2837	00	FDF5
916	2838	00	FDF5
916	2839	00	FDF5
916	283A	00	FDF5
916	283B	00	FDF5
916	283C	00	FDF5
916	283D	00	FDF5
916	283E	00	FDF5
916	283F	00	FDF5
916	2840	00	FDF5
916	2841	00	FDF5
916	2842	00	FDF5
916	2843	00	FDF5
916	2844	00	FDF5
916	2845	00	FDF5
916	2846	00	FDF5
916	2847	00	FDF5
916	2848	00	FDF5
916	2849	00	FDF5
916	284A	00	FDF5
916	284B	00	FDF5
916	284C	00	FDF5
916	284D	00	FDF5
916	284E	00	FDF5
916	284F	00	FDF5
916	2850	00	FDF5
916	2851	00	FDF5
916	2852	00	FDF5
916	2853	00	FDF5
916	2854	00	FDF5
916	2855	00	FDF5
916	2856	00	FDF5
916	2857	00	FDF5
916	2858	00	FDF5
916	2859	00	FDF5
916	285A	00	FDF5
916	285B	00	FDF5
916	285C	00	FDF5
916	285D	00	FDF5
916	285E	00	FDF5
916	285F	00	FDF5
916	2860	00	FDF5
916	2861	00	FDF5
916	2862	00	FDF5
916	2863	00	FDF5
916	2864	00	FDF5
916	2865	00	FDF5
916	2866	00	FDF5
916	2867	00	FDF5
916	2868	00	FDF5
916	2869	00	FDF5
916	286A	00	FDF5
916	286B	00	FDF5
916	286C	00	FDF5
916	286D	00	FDF5
916	286E	00	FDF5
916	286F	00	FDF5
916	2870	00	FDF5
916	2871	00	FDF5
916	2872	00	FDF5
916	2873	00	FDF5
916	2874	00	FDF5
916	2875	00	FDF5
916	2876	00	FDF5
916	2877	00	FDF5
916	2878	00	FDF5
916	2879	00	FDF5
916	287A	00	FDF5
916	287B	00	FDF5
916	287C	00	FDF5
916	287D	00	FDF5
916	287E	00	FDF5
916	287F	00	FDF5
916	2880	00	FDF5
916	2881	00	FDF5
916	2882	00	FDF5
916	2883	00	FDF5
916	2884	00	FDF5
916	2885	00	FDF5
916	2886	00	FDF5
916	2887	00	FDF5
916	2888	00	FDF5
916	2889	00	FDF5
916	288A	00	FDF5
916	288B	00	FDF5
916	288C	00	FDF5
916	288D	00	FDF5
916	288E	00	FDF5
916	288F	00	FDF5
916	2890	00	FDF5
916	2891	00	FDF5
916	2892	00	FDF5
916	2893	00	FDF5
916	2894	00	FDF5
916	2895	00	FDF5
916	2896	00	FDF5
916	2897	00	FDF5
916	2898	00	FDF5
916	2899	00	FDF5
916	289A	00	FDF5
916	289B	00	FDF5
916	289C	00	FDF5
916	289D	00	FDF5
916	289E	00	FDF5
916	289F	00	FDF5
916	28A0	00	FDF5
916	28A1	00	FDF5
916	28A2	00	FDF5
916	28A3	00	FDF5
916	28A4	00	FDF5
916	28A5	00	FDF5
916	28A6	00	FDF5
916	28A7	00	FDF5
916	28A8	00	FDF5
916	28A9	00	FDF5
916	28AA	00	FDF5
916	28AB	00	FDF5
916	28AC	00	FDF5
916	28AD	00	FDF5
916	28AE	00	FDF5
916	28AF	00	FDF5
916	28B0	00	FDF5
916	28B1	00	FDF5
916	28B2	00	FDF5
916	28B3	00	FDF5
916	28B4	00	FDF5
916	28B5	00	FDF5
916	28B6	00	FDF5
916	28B7	00	FDF5
916	28B8	00	FDF5
916	28B9	00	FDF5
916	28BA	00	FDF5
916	28BB	00	FDF5
916	28BC	00	FDF5
916	28BD	00	FDF5
916	28BE	00	FDF5
916	28BF	00	FDF5
916	28C0	00	FDF5
916	28C1	00	FDF5
916	28C2	00	FDF5
916	28C3	00	FDF5
916	28C4	00	FDF5
916	28C5	00	FDF5
916	28C6	00	FDF5
916	28C7	00	FDF5
916	28C8	00	FDF5
916	28C9	00	FDF5
916	28CA	00	FDF5
917	28CB	00	FDF5
917	28CC	00	FDF5
917	28CD	00	FDF5
917	28CE	00	FDF5
917	28CF	00	FDF5
917	28D0	00	FDF5
917	28D1	00	FDF5
917	28D2	00	FDF5
917	28D3	00	FDF5
917	28D4	00	FDF5
917	28D5	00	FDF5
917	28D6	00	FDF5
917	28D7	00	FDF5
917	28D8	00	FDF5
917	28D9	00	FDF5
917	28DA	00	FDF5
917	28DB	00	FDF5
917	28DC	00	FDF5
917	28DD	00	FDF5
917	28DE	00	FDF5
917	28DF	00	FDF5
917	28E0	00	FDF5
917	28E1	00	FDF5
917	28E2	00	FDF5
917	28E3	00	FDF5
917	28E4	00	FDF5
917	28E5	00	FDF5
917	28E6	00	FDF5
917	28E7	00	FDF5
917	28E8	00	FDF5
917	28E9	00	FDF5
917	28EA	00	FDF5
917	28EB	00	FDF5
917	28EC	00	FDF5
917	28ED	00	FDF5
917	28EE	00	FDF5
917	28EF	00	FDF5
917	28F0	00	FDF5
917	28F1	00	FDF5
917	28F2	00	FDF5
917	28F3	00	FDF5
917	28F4	00	FDF5
917	28F5	00	FDF5
917	28F6	00	FDF5
917	28F7	00	FDF5
917	28F8	00	FDF5
917	28F9	00	FDF5
917	28FA	00	FDF5
917	28FB	00	FDF5
917	28FC	00	FDF5
917	28FD	00	FDF5
917	28FE	00	FDF5
917	28FF	00	FDF5
917	2900	00	FDF5
917	2901	00	FDF5
917	2902	00	FDF5
917	2903	00	FDF5
917	2904	00	FDF5
917	2905	00	FDF5
917	2906	00	FDF5
917	2907	00	FDF5
917	2908	00	FDF5
917	2909	00	FDF5
917	290A	00	FDF5
917	290B	00	FDF5
917	290C	00	FDF5
917	290D	00	FDF5
917	290E	00	FDF5
917	290F	00	FDF5
917	2910	00	FDF5
917	2911	00	FDF5
917	2912	00	FDF5
917	2913	00	FDF5
917	2914	00	FDF5
917	2915	00	FDF5
917	2916	00	FDF5
917	2917	00	FDF5
917	2918	00	FDF5
917	2919	00	FDF5
917	291A	00	FDF5
917	291B	00	FDF5
917	291C	00	FDF5
917	291D	00	FDF5
917	291E	00	FDF5
917	291F	00	FDF5
917	2920	00	FDF5
917	2921	00	FDF5
917	2922	00	FDF5
917	2923	00	FDF5
917	2924	00	FDF5
917	2925	00	FDF5
917	2926	00	FDF5
917	2927	00	FDF5
917	2928	00	FDF5
917	2929	00	FDF5
917	292A	00	FDF5
917	292B	00	FDF5
917	292C	00	FDF5
917	292D	00	FDF5
917	292E	00	FDF5
917	292F	00	FDF5
917	2930	00	FDF5
917	2931	00	FDF5
917	2932	00	FDF5
917	2933	00	FDF5
917	2934	00	FDF5
917	2935	00	FDF5
917	2936	00	FDF5
917	2937	00	FDF5
917	2938	00	FDF5
917	2939	00	FDF5
917	293A	00	FDF5
917	293B	00	FDF5
917	293C	00	FDF5
917	293D	00	FDF5
917	293E	00	FDF5
917	293F	00	FDF5
917	2940	00	FDF5
917	2941	00	FDF5
917	2942	00	FDF5
917	2943	00	FDF5
917	2944	00	FDF5
917	2945	00	FDF5
917	2946	00	FDF5
917	2947	00	FDF5
917	2948	00	FDF5
917	2949	00	FDF5
917	294A	00	FDF5
917	294B	00	FDF5
917	294C	00	FDF5
917	294D	00	FDF5
917	294E	00	FDF5
917	294F	00	FDF5
917	2950	00	FDF5
917	2951	00	FDF5
917	2952	00	FDF5
917	2953	00	FDF5
917	2954	00	FDF5
917	2955	00	FDF5
917	2956	00	FDF5
917	2957	00	FDF5
917	2958	00	FDF5
917	2959	00	FDF5
917	295A	00	FDF5
917	295B	00	FDF5
917	295C	00	FDF5
917	295D	00	FDF5
917	295E	00	FDF5
917	295F	00	FDF5
917	2960	00	FDF5
917	2961	00	FDF5
917	2962	00	FDF5
917	2963	00	FDF5
917	2964	00	FDF5
917	2965	00	FDF5
917	2966	00	FDF5
917	2967	00	FDF5
917	2968	00	FDF5
917	2969	00	FDF5
917	296A	00	FDF5
917	296B	00	FDF5
917	296C	00	FDF5
917	296D	00	FDF5
917	296E	00	FDF5
917	296F	00	FDF5
917	2970	00	FDF5
917	2971	00	FDF5
917	2972	00	FDF5
917	2973	00	FDF5
917	2974	00	FDF5
917	2975	00	FDF5
917	2976	00	FDF5
917	2977	00	FDF5
917	2978	00	FDF5
917	2979	00	FDF5
917	297A	00	FDF5
917	297B	00	FDF5
917	297C	00	FDF5
917	297D	00	FDF5
917	297E	00	FDF5
917	297F	00	FDF5
917	2980	00	FDF5
917	2981	00	FDF5
917	2982	00	FDF5
917	2983	00	FDF5
917	2984	00	FDF5
917	2985	00	FDF5
917	2986	00	FDF5
917	2987	00	FDF5
917	2988	00	FDF5
917	2989	00	FDF5
917	298A	00	FDF5
917	298B	00	FDF5
917	298C	00	FDF5
917	298D	00	FDF5
917	298E	00	FDF5
917	298F	00	FDF5
917	2990	00	FDF5
917	2991	00	FDF5
917	2992	00	FDF5
917	2993	00	FDF5
917	2994	00	FDF5
917	2995	00	FDF5
917	2996	00	FDF5
917	2997	00	FDF5
917	2998	00	FDF5
917	2999	00	FDF5
917	299A	00	FDF5
917	299B	00	FDF5
917	299C	00	FDF5
917	299D	00	FDF5
917	299E	00	FDF5
917	299F	00	FDF5
917	29A0	00	FDF5
917	29A1	00	FDF5
917	29A2	00	FDF5
917	29A3	00	FDF5
917	29A4	00	FDF5
917	29A5	00	FDF5
917	29A6	00	FDF5
917	29A7	00	FDF5
917	29A8	00	FDF5
917	29A9	00	FDF5
917	29AA	00	FDF5
917	29AB	00	FDF5
917	29AC	00	FDF5
917	29AD	00	FDF5
917	29AE	00	FDF5
917	29AF	00	FDF5
917	29B0	00	FDF5
917	29B1	00	FDF5
917	29B2	00	FDF5
917	29B3	00	FDF5
917	29B4	00	FDF5
917	29B5	00	FDF5
917	29B6	00	FDF5
917	29B7	00	FDF5
917	29B8	00	FDF5
917	29B9	00	FDF5
917	29BA	00	FDF5
917	29BB	00	FDF5
917	29BC	00	FDF5
917	29BD	00	FDF5
917	29BE	00	FDF5
917	29BF	00	FDF5
917	29C0	00	FDF5
917	29C1	00	FDF5
917	29C2	00	FDF5
917	29C3	00	FDF5
917	29C4	00	FDF5
917	29C5	00	FDF5
917	29C6	00	FDF5
917	29C7	00	FDF5
917	29C8	00	FDF5
917	29C9	00	FDF5
917	29CA	00	FDF5
917	29CB	00	FDF5
917	29CC	00	FDF5
917	29CD	00	FDF5
917	29CE	00	FDF5
917	29CF	00	FDF5
917	29D0	00	FDF5
917	29D1	00	FDF5
917	29D2	00	FDF5
917	29D3	00	FDF5
917	29D4	00	FDF5
917	29D5	00	FDF5
917	29D6	00	FDF5
917	29D7	00	FDF5
917	29D8	00	FDF5
917	29D9	00	FDF5
917	29DA	00	FDF5
917	29DB	00	FDF5
917	29DC	00	FDF5
917	29DD	00	FDF5
917	29DE	00	FDF5
917	29DF	00	FDF5
917	29E0	00	FDF5
917	29E1	00	FDF5
917	29E2	00	FDF5
917	29E3	00	FDF5
917	29E4	00	FDF5
917	29E5	00	FDF5
917	29E6	00	FDF5
917	29E7	00	FDF5
917	29E8	00	FDF5
917	29E9	00	FDF5
917	29EA	00	FDF5
917	29EB	00	FDF5
917	29EC	00	FDF5
917	29ED	00	FDF5
917	29EE	00	FDF5
917	29EF	00	FDF5
917	29F0	00	FDF5
917	29F1	00	FDF5
917	29F2	00	FDF5
917	29F3	00	FDF5
917	29F4	00	FDF5
917	29F5	00	FDF5
917	29F6	00	FDF5
917	29F7	00	FDF5
917	29F8	00	FDF5
917	29F9	00	FDF5
917	29FA	00	FDF5
917	29FB	00	FDF5
917	29FC	00	FDF5
917	29FD	00	FDF5
917	29FE	00	FDF5
917	29FF	00	FDF5
917	2A00	00	FDF5
917	2A01	00	FDF5
917	2A02	00	FDF5
917	2A03	00	FDF5
917	2A04	00	FDF5
917	2A05	00	FDF5
917	2A06	00	FDF5
917	2A07	00	FDF5
917	2A08	00	FDF5
917	2A09	00	FDF5
917	2A0A	00	FDF5
917	2A0B	00	FDF5
917	2A0C	00	FDF5
917	2A0D	00	FDF5
917	2A0E	00	FDF5
917	2A0F	00	FDF5
917	2A10	00	FDF5
917	2A11	00	FDF5
917	2A12	00	FDF5
917	2A13	00	FDF5
917	2A14	00	FDF5
917	2A15	00	FDF5
917	2A16	00	FDF5
917	2A17	00	FDF5
917	2A18	00	FDF5
917	2A19	00	FDF5
917	2A1A	00	FDF5
917	2A1B	00	FDF5
917	2A1C	00	FDF5
917	2A1D	00	FDF5
917	2A1E	00	FDF5
917	2A1F	00	FDF5
917	2A20	00	FDF5
917	2A21	00	FDF5
917	2A22	00	FDF5
917	2A23	00	FDF5
917	2A24	00	FDF5
917	2A25	00	FDF5
917	2A26	00	FDF5
917	2A27	00	FDF5
917	2A28	00	FDF5
917	2A29	00	FDF5
917	2A2A	00	FDF5
917	2A2B	00	FDF5
917	2A2C	00	FDF5
917	2A2D	00	FDF5
917	2A2E	00	FDF5
917	2A2F	00	FDF5
917	2A30	00	FDF5
917	2A31	00	FDF5
917	2A32	00	FDF5
917	2A33	00	FDF5
917	2A34	00	FDF5
917	2A35	00	FDF5
917	2A36	00	FDF5
917	2A37	00	FDF5
917	2A38	00	FDF5
917	2A39	00	FDF5
917	2A3A	00	FDF5
917	2A3B	00	FDF5
917	2A3C	00	FDF5
917	2A3D	00	FDF5
917	2A3E	00	FDF5
917	2A3F	00	FDF5
917	2A40	00	FDF5
917	2A41	00	FDF5
917	2A42	00	FDF5
917	2A43	00	FDF5
917	2A44	00	FDF5
917	2A45	00	FDF5
917	2A46	00	FDF5
917	2A47	00	FDF5
917	2A48	00	FDF5
917	2A49	00	FDF5
917	2A4A	00	FDF5
917	2A4B	00	FDF5
917	2A4C	00	FDF5
917	2A4D	00	FDF5
917	2A4E	00	FDF5
917	2A4F	00	FDF5
917	2A50	00	FDF5
917	2A51	00	FDF5
917	2A52	00	FDF5
917	2A53	00	FDF5
917	2A54	00	FDF5
917	2A55	00	FDF5
917	2A56	00	FDF5
917	2A57	00	FDF5
917	2A58	00	FDF5
917	2A59	00	FDF5
917	2A5A	00	FDF5
917	2A5B	00	FDF5
917	2A5C	00	FDF5
917	2A5D	00	FDF5
917	2A5E	00	FDF5
917	2A5F	00	FDF5
917	2A60	00	FDF5
917	2A61	00	FDF5
917	2A62	00	FDF5
917	2A63	00	FDF5
917	2A64	00	FDF5
917	2A65	00	FDF5
917	2A66	00	FDF5
917	2A67	00	FDF5
917	2A68	00	FDF5
917	2A69	00	FDF5
917	2A6A	00	FDF5
917	2A6B	00	FDF5
917	2A6C	00	FDF5
917	2A6D	00	FDF5
917	2A6E	00	FDF5
917	2A6F	00	FDF5
917	2A70	00	FDF5
917	2A71	00	FDF5
917	2A72	00	FDF5
917	2A73	00	FDF5
917	2A74	00	FDF5
917	2A75	00	FDF5
917	2A76	00	FDF5
917	2A77	00	FDF5
917	2A78	00	FDF5
917	2A79	00	FDF5
917	2A7A	00	FDF5
917	2A7B	00	FDF5
917	2A7C	00	FDF5
917	2A7D	00	FDF5
917	2A7E	00	FDF5
917	2A7F	00	FDF5
917	2A80	00	FDF5
917	2A81	00	FDF5
917	2A82	00	FDF5
917	2A83	00	FDF5
917	2A84	00	FDF5
917	2A85	00	FDF5
917	2A86	00	FDF5
917	2A87	00	FDF5
917	2A88	00	FDF5
917	2A89	00	FDF5
917	2A8A	00	FDF5
917	2A8B	00	FDF5
917	2A8C	00	FDF5
917	2A8D	00	FDF5
917	2A8E	00	FDF5
917	2A8F	00	FDF5
917	2A90	00	FDF5
917	2A91	00	FDF5
917	2A92	00	FDF5
917	2A93	00	FDF5
917	2A94	00	FDF5
917	2A95	00	FDF5
917	2A96	00	FDF5
917	2A97	00	FDF5
917	2A98	00	FDF5
917	2A99	00	FDF5
917	2A9A	00	FDF5
917	2A9B	00	FDF5
917	2A9C	00	FDF5
917	2A9D	00	FDF5
917	2A9E	00	FDF5
917	2A9F	00	FDF5
917	2AA0	00	FDF5
917	2AA1	00	FDF5
917	2AA2	00	FDF5
917	2AA3	00	FDF5
917	2AA4	00	FDF5
917	2AA5	00	FDF5
917	2AA6	00	FDF5
917	2AA7	00	FDF5
917	2AA8	00	FDF5
917	2AA9	00	FDF5
917	2AAA	00	FDF5
917	2AAB	00	FDF5
917	2AAC	00	FDF5
917	2AAD	00	FDF5
917	2AAE	00	FDF5
917	2AAF	00	FDF5
917	2AB0	00	FDF5
917	2AB1	00	FDF5
917	2AB2	00	FDF5
917	2AB3	00	FDF5
917	2AB4	00	FDF5
917	2AB5	00	FDF5
917	2AB6	00	FDF5
917	2AB7	00	FDF5
917	2AB8	00	FDF5
917	2AB9	00	FDF5
917	2ABA	00	FDF5
917	2ABB	00	FDF5
917	2ABC	00	FDF5
917	2ABD	00	FDF5
917	2ABE	00	FDF5
917	2ABF	00	FDF5
917	2AC0	00	FDF5
917	2AC1	00	FDF5
917	2AC2	00	FDF5
917	2AC3	00	FDF5
917	2AC4	00	FDF5
917	2AC5	00	FDF5
917	2AC6	00	FDF5
917	2AC7	00	FDF5
917	2AC8	00	FDF5
917	2AC9	00	FDF5
917	2ACA	00	FDF5
917	2ACB	00	FDF5
917	2ACC	00	FDF5
917	2ACD	00	FDF5
917	2ACE	00	FDF5
917	2ACF	00	FDF5
917	2AD0	00	FDF5
917	2AD1	00	FDF5
917	2AD2	00	FDF5
917	2AD3	00	FDF5
917	2AD4	00	FDF5
917	2AD5	00	FDF5
917	2AD6	00	FDF5
917	2AD7	00	FDF5
917	2AD8	00	FDF5
917	2AD9	00	FDF5
917	2ADA	00	FDF5
917	2ADB	00	FDF5
917	2ADC	00	FDF5
917	2ADD	00	FDF5
917	2ADE	00	FDF5
917	2ADF	00	FDF5
917	2AE0	00	FDF5
917	2AE1	00	FDF5
917	2AE2	00	FDF5
917	2AE3	00	FDF5
917	2AE4	00	FDF5
917	2AE5	00	FDF5
917	2AE6	00	FDF5
917	2AE7	00	FDF5
917	2AE8	00	FDF5
917	2AE9	00	FDF5
917	2AEA	00	FDF5
917	2AEB	00	FDF5
917	2AEC	00	FDF5
917	2AED	00	FDF5
917	2AEE	00	FDF5
917	2AEF	00	FDF5
917	2AF0	00	FDF5
917	2AF1	00	FDF5
917	2AF2	00	FDF5
917	2AF3	00	FDF5
917	2AF4	00	FDF5
917	2AF5	00	FDF5
917	2AF6	00	FDF5
917	2AF7	00	FDF5
917	2AF8	00	FDF5
917	2AF9	00	FDF5
917	2AFA	00	FDF5
917	2AFB	00	FDF5
917	2AFC	00	FDF5
917	2AFD	00	FDF5
917	2AFE	00	FDF5
917	2AFF	00	FDF5
917	2B00	00	FDF5
917	2B01	00	FDF5
917	2B02	00	FDF5
917	2B03	00	FDF5
917	2B04	00	FDF5
917	2B05	00	FDF5
917	2B06	00	FDF5
917	2B07	00	FDF5
917	2B08	00	FDF5
917	2B09	00	FDF5
917	2B0A	00	FDF5
917	2B0B	00	FDF5
917	2B0C	00	FDF5
917	2B0D	00	FDF5
917	2B0E	00	FDF5
917	2B0F	00	FDF5
917	2B10	00	FDF5
917	2B11	00	FDF5
917	2B12	00	FDF5
917	2B13	00	FDF5
917	2B14	00	FDF5
917	2B15	00	FDF5
917	2B16	00	FDF5
917	2B17	00	FDF5
917	2B18	00	FDF5
917	2B19	00	FDF5
917	2B1A	00	FDF5
917	2B1B	00	FDF5
917	2B1C	00	FDF5
917	2B1D	00	FDF5
917	2B1E	00	FDF5
917	2B1F	00	FDF5
917	2B20	00	FDF5
917	2B21	00	FDF5
917	2B22	00	FDF5
917	2B23	00	FDF5
917	2B24	00	FDF5
917	2B25	00	FDF5
917	2B26	00	FDF5
917	2B27	00	FDF5
917	2B28	00	FDF5
917	2B29	00	FDF5
917	2B2A	00	FDF5
917	2B2B	00	FDF5
917	2B2C	00	FDF5
917	2B2D	00	FDF5
917	2B2E	00	FDF5
917	2B2F	00	FDF5
917	2B30	00	FDF5
917	2B31	00	FDF5
917	2B32	00	FDF5
917	2B33	00	FDF5
917	2B34	00	FDF5
917	2B35	00	FDF5
917	2B36	00	FDF5
917	2B37	00	FDF5
917	2B38	00	FDF5
917	2B39	00	FDF5
917	2B3A	00	FDF5
917	2B3B	00	FDF5
917	2B3C	00	FDF5
917	2B3D	00	FDF5
917	2B3E	00	FDF5
917	2B3F	00	FDF5
917	2B40	00	FDF5
917	2B41	00	FDF5
917	2B42	00	FDF5
917	2B43	00	FDF5
917	2B44	00	FDF5
917	2B45	00	FDF5
917	2B46	00	FDF5
917	2B47	00	FDF5
917	2B48	00	FDF5
917	2B49	00	FDF5
917	2B4A	00	FDF5
917	2B4B	00	FDF5
917	2B4C	00	FDF5
917	2B4D	00	FDF5
917	2B4E	00	FDF5
917	2B4F	00	FDF5
917	2B50	00	FDF5
917	2B51	00	FDF5
917	2B52	00	FDF5
917	2B53	00	FDF5
917	2B54	00	FDF5
917	2B55	00	FDF5
917	2B56	00	FDF5
917	2B57	00	FDF5
917	2B58	00	FDF5
917	2B59	00	FDF5
917	2B5A	00	FDF5
917	2B5B	00	FDF5
917	2B5C	00	FDF5
917	2B5D	00	FDF5
917	2B5E	00	FDF5
917	2B5F	00	FDF5
917	2B60	00	FDF5
917	2B61	00	FDF5
917	2B62	00	FDF5
917	2B63	00	FDF5
917	2B64	00	FDF5
917	2B65	00	FDF5
917	2B66	00	FDF5
917	2B67	00	FDF5
917	2B68	00	FDF5
917	2B69	00	FDF5
917	2B6A	00	FDF5
917	2B6B	00	FDF5
917	2B6C	00	FDF5
917	2B6D	00	FDF5
917	2B6E	00	FDF5
917	2B6F	00	FDF5
917	2B70	00	FDF5
917	2B71	00	FDF5
917	2B72	00	FDF5
917	2B73	00	FDF5
917	2B74	00	FDF5
917	2B75	00	FDF5
917	2B76	00	FDF5
917	2B77	00	FDF5
917	2B78	00	FDF5
917	2B79	00	FDF5
917	2B7A	00	FDF5
917	2B7B	00	FDF5
917	2B7C	00	FDF5
917	2B7D	00	FDF5
917	2B7E	00	FDF5
917	2B7F	00	FDF5
917	2B80	00	FDF5
917	2B81	00	FDF5
917	2B82	00	FDF5
917	2B83	00	FDF5
917	2B84	00	FDF5
917	2B85	00	FDF5
917	2B86	00	FDF5
917	2B87	00	FDF5
917	2B88	00	FDF5
917	2B89	00	FDF5
917	2B8A	00	FDF5
917	2B8B	00	FDF5
917	2B8C	00	FDF5
917	2B8D	00	FDF5
917	2B8E	00	FDF5
917	2B8F	00	FDF5
917	2B90	00	FDF5
917	2B91	00	FDF5
917	2B92	00	FDF5
917	2B93	00	FDF5
917	2B94	00	FDF5
917	2B95	00	FDF5
917	2B96	00	FDF5
917	2B97	00	FDF5
917	2B98	00	FDF5
917	2B99	00	FDF5
917	2B9A	00	FDF5
917	2B9B	00	FDF5
917	2B9C	00	FDF5
917	2B9D	00	FDF5
917	2B9E	00	FDF5
917	2B9F	00	FDF5
917	2BA0	00	FDF5
917	2BA1	00	FDF5
917	2BA2	00	FDF5
917	2BA3	00	FDF5
917	2BA4	00	FDF5
917	2BA5	00	FDF5
917	2BA6	00	FDF5
917	2BA7	00	FDF5
917	2BA8	00	FDF5
917	2BA9	00	FDF5
917	2BAA	00	FDF5
917	2BAB	00	FDF5
917	2BAC	00	FDF5
917	2BAD	00	FDF5
917	2BAE	00	FDF5
917	2BAF	00	FDF5
917	2BB0	00	FDF5
917	2BB1	00	FDF5
917	2BB2	00	FDF5
917	2BB3	00	FDF5
917	2BB4	00	FDF5
917	2BB5	00	FDF5
917	2BB6	00	FDF5
917	2BB7	00	FDF5
917	2BB8	00	FDF5
917	2BB9	00	FDF5
917	2BBA	00	FDF5
917	2BBB	00	FDF5
917	2BBC	00	FDF5
917	2BBD	00	FDF5
917	2BBE	00	FDF5
917	2BBF	00	FDF5
917	2BC0	00	FDF5
917	2BC1	00	FDF5
917	2BC2	00	FDF5
917	2BC3	00	FDF5
917	2BC4	00	FDF5
917	2BC5	00	FDF5
917	2BC6	00	FDF5
917	2BC7	00	FDF5
917	2BC8	00	FDF5
917	2BC9	00	FDF5
917	2BCA	00	FDF5
917	2BCB	00	FDF5
917	2BCC	00	FDF5
917	2BCD	00	FDF5
917	2BCE	00	FDF5
917	2BCF	00	FDF5
917	2BD0	00	FDF5
917	2BD1	00	FDF5
917	2BD2	00	FDF5
917	2BD3	00	FDF5
917	2BD4	00	FDF5
917	2BD5	00	FDF5
917	2BD6	00	FDF5
917	2BD7	00	FDF5
917	2BD8	00	FDF5
917	2BD9	00	FDF5
917	2BDA	00	FDF5
917	2BDB	00	FDF5
917	2BDC	00	FDF5
917	2BDD	00	FDF5
917	2BDE	00	FDF5
917	2BDF	00	FDF5
917	2BE0	00	FDF5
917	2BE1	00	FDF5
917	2BE2	00	FDF5
917	2BE3	00	FDF5
917	2BE4	00	FDF5
917	2BE5	00	FDF5
917	2BE6	00	FDF5
917	2BE7	00	FDF5
917	2BE8	00	FDF5
917	2BE9	00	FDF5
917	2BEA	00	FDF5
917	2BEB	00	FDF5
917	2BEC	00	FDF5
917	2BED	00	FDF5
917	2BEE	00	FDF5
917	2BEF	00	FDF5
917	2BF0	00	FDF5
917	2BF1	00	FDF5
917	2BF2	00	FDF5
917	2BF3	00	FDF5
917	2BF4	00	FDF5
917	2BF5	00	FDF5
917	2BF6	00	FDF5
917	2BF7	00	FDF5
917	2BF8	00	FDF5
917	2BF9	00	FDF5
917	2BFA	00	FDF5
917	2BFB	00	FDF5
917	2BFC	00	FDF5
917	2BFD	00	FDF5
917	2BFE	00	FDF5
917	2BFF	00	FDF5
917	2BC0	00	FE12
917	2BC1	00	FE12
917	2BC2	00	FE12
917	2BC3	00	FE12
917	2BC4	00	FE12
917	2BC5	00	FE12
917	2BC6	00	FE12
917	2BC7	00	FE12
917	2BC8	00	FE12
917	2BC9	00	FE12
917	2BCA	00	FE12
917	2BCB	00	FE12
917	2BCC	00	FE12
917	2BCD	00	FE12
917	2BCE	00	FE12
917	2BCF	00	FE12
917	2BD0	00	FE12
917	2BD1	00	FE12
917	2BD2	00	FE12
917	2BD3	00	FE12
917	2BD4	00	FE12
917	2BD5	00	FE12
917	2BD6	00	FE12
917	2BD7	00	FE12
917	2BD8	00	FE12
917	2BD9	00	FE12
917	2BDA	00	FE12
917	2BDB	00	FE12
917	2BDC	00	FE12
917	2BDD	00	FE12
917	2BDE	00	FE12
917	2BDF	00	FE12
917	2BE0	00	FE12
917	2BE1	00	FE12
917	2BE2	00	FE12
917	2BE3	00	FE12
917	2BE4	00	FE12
917	2BE5	00	FE12
917	2BE6	00	FE12
917	2BE7	00	FE12
917	2BE8	00	FE12
917	2BE9	00	FE12
917	2BEA	00	FE12
917	2BEB	00	FE12
917	2BEC	00	FE12
917	2BED	00	FE12
917	2BEE	00	FE12
917	2BEF	00	FE12
917	2BF0	00	FE12
917	2BF1	00	FE12
917	2BF2	00	FE12
917	2BF3	00	FE12
917	2BF4	00	FE12
917	2BF5	00	FE12
917	2BF6	00	FE12
917	2BF7	00	FE12
917	2BF8	00	FE12
917	2BF9	00	FE12
917	2BFA	00	FE12
917	2BFB	00	FE12
917	2BFC	00	FE12
917	2BFD	00	FE12
917	2BFE	00	FE12
917	2BFF	00	FE12
919	2000	00	FDF5
919	2001	00	FDF5
919	2002	00	FDF5
919	2003	00	FDF5
919	2004	00	FDF5
919	2005	00	FDF5
919	2006	00	FDF5
919	2007	00	FDF5
919	2008	00	FDF5
919	2009	00	FDF5
919	200A	00	FDF5
919	200B	00	FDF5
919	200C	00	FDF5
919	200D	00	FDF5
919	200E	00	FDF5
919	200F	00	FDF5
919	2010	00	FDF5
919	2011	00	FDF5
919	2012	00	FDF5
919	2013	00	FDF5
919	2014	00	FDF5
919	2015	00	FDF5
919	2016	00	FDF5
919	2017	00	FDF5
919	2018	00	FDF5
919	2019	00	FDF5
919	201A	00	FDF5
919	201B	00	FDF5
919	201C	00	FDF5
919	201D	00	FDF5
919	201E	00	FDF5
919	201F	00	FDF5
919	2020	00	FDF5
919	2021	00	FDF5
919	2022	00	FDF5
919	2023	00	FDF5
919	2024	00	FDF5
919	2025	00	FDF5
919	2026	00	FDF5
919	2027	00	FDF5
919	2028	00	FDF5
919	2029	00	FDF5
919	202A	00	FDF5
919	202B	00	FDF5
919	202C	00	FDF5
919	202D	00	FDF5
919	202E	00	FDF5
919	202F	00	FDF5
919	2030	00	FDF5
919	2031	00	FDF5
919	2032	00	FDF5
919	2033	00	FDF5
919	2034	00	FDF5
919	2035	00	FDF5
919	2036	00	FDF5
919	2037	00	FDF5
919	2038	00	FDF5
919	2039	00	FDF5
919	203A	00	FDF5
919	203B	00	FDF5
919	203C	00	FDF5
919	203D	00	FDF5
919	203E	00	FDF5
919	203F	00	FDF5
919	2040	00	FDF5
919	2041	00	FDF5
919	2042	00	FDF5
919	2043	00	FDF5
919	2044	00	FDF5
919	2045	00	FDF5
919	2046	00	FDF5
919	2047	00	FDF5
919	2048	00	FDF5
919	2049	00	FDF5
919	204A	00	FDF5
919	204B	00	FDF5
919	204C	00	FDF5
919	204D	00	FDF5
919	204E	00	FDF5
919	204F	00	FDF5
919	2050	00	FDF5
919	2051	00	FDF5
919	2052	00	FDF5
919	2053	00	FDF5
919	2054	00	FDF5
919	2055	00	FDF5
919	2056	00	FDF5
919	2057	00	FDF5
919	2058	00	FDF5
919	2059	00	FDF5
919	205A	00	FDF5
919	205B	00	FDF5
919	205C	00	FDF5
919	205D	00	FDF5
919	205E	00	FDF5
919	205F	00	FDF5
919	2060	00	FDF5
919	2061	00	FDF5
919	2062	00	FDF5
919	2063	00	FDF5
919	2064	00	FDF5
919	2065	00	FDF5
919	2066	00	FDF5
919	2067	00	FDF5
919	2068	00	FDF5
919	2069	00	FDF5
919	206A	00	FDF5
919	206B	00	FDF5
919	206C	00	FDF5
919	206D	00	FDF5
919	206E	00	FDF5
919	206F	00	FDF5
919	2070	00	FDF5
919	2071	00	FDF5
919	2072	00	FDF5
919	2073	00	FDF5
919	2074	00	FDF5
919	2075	00	FDF5
919	2076	00	FDF5
919	2077	00	FDF5
919	2078	00	FDF5
919	2079	00	FDF5
919	207A	00	FDF5
919	207B	00	FDF5
919	207C	00	FDF5
919	207D	00	FDF5
919	207E	00	FDF5
919	207F	00	FDF5
919	2080	00	FDF5
919	2081	00	FDF5
919	2082	00	FDF5
919	2083	00	FDF5
919	2084	00	FDF5
919	2085	00	FDF5
919	2086	00	FDF5
919	2087	00	FDF5
919	2088	00	FDF5
919	2089	00	FDF5
919	208A	00	FDF5
919	208B	00	FDF5
919	208C	00	FDF5
919	208D	00	FDF5
919	208E	00	FDF5
919	208F	00	FDF5
919	2090	00	FDF5
919	2091	00	FDF5
919	2092	00	FDF5
919	2093	00	FDF5
919	2094	00	FDF5
919	2095	00	FDF5
919	2096	00	FDF5
919	2097	00	FDF5
919	2098	00	FDF5
919	2099	00	FDF5
919	209A	00	FDF5
919	209B	00	FDF5
919	209C	00	FDF5
919	209D	00	FDF5
919	209E	00	FDF5
919	209F	00	FDF5
919	20A0	00	FDF5
919	20A1	00	FDF5
919	20A2	00	FDF5
919	20A3	00	FDF5
919	20A4	00	FDF5
919	20A5	00	FDF5
919	20A6	00	FDF5
919	20A7	00	FDF5
919	20A8	00	FDF5
919	20A9	00	FDF5
919	20AA	00	FDF5
919	20AB	00	FDF5
919	20AC	00	FDF5
919	20AD	00	FDF5
919	20AE	00	FDF5
919	20AF	00	FDF5
919	20B0	00	FDF5
919	20B1	00	FDF5
919	20B2	00	FDF5
919	20B3	00	FDF5
919	20B4	00	FDF5
919	20B5	00	FDF5
919	20B6	00	FDF5
919	20B7	00	FDF5
919	20B8	00	FDF5
919	20B9	00	FDF5
919	20BA	00	FDF5
919	20BB	00	FDF5
919	20BC	00	FDF5
919	20BD	00	FDF5
919	20BE	00	FDF5
919	20BF	00	FDF5
919	20C0	00	FDF5
919	20C1	00	FDF5
919	20C2	00	FDF5
919	20C3	00	FDF5
919	20C4	00	FDF5
919	20C5	00	FDF5
919	20C6	00	FDF5
919	20C7	00	FDF5
919	20C8	00	FDF5
919	20C9	00	FDF5
919	20CA	00	FDF5
919	20CB	00	FDF5
919	20CC	00	FDF5
919	20CD	00	FDF5
919	20CE	00	FDF5
919	20CF	00	FDF5
919	20D0	00	FDF5
919	20D1	00	FDF5
919	20D2	00	FDF5
919	20D3	00	FDF5
919	20D4	00	FDF5
919	20D5	00	FDF5
919	20D6	00	FDF5
919	20D7	00	FDF5
919	20D8	00	FDF5
919	20D9	00	FDF5
919	20DA	00	FDF5
919	20DB	00	FDF5
919	20DC	00	FDF5
919	20DD	00	FDF5
919	20DE	00	FDF5
919	20DF	00	FDF5
919	20E0	00	FDF5
919	20E1	00	FDF5
919	20E2	00	FDF5
919	20E3	00	FDF5
919	20E4	00	FDF5
919	20E5	00	FDF5
919	20E6	00	FDF5
919	20E7	00	FDF5
919	20E8	00	FDF5
919	20E9	00	FDF5
919	20EA	00	FDF5
919	20EB	00	FDF5
919	20EC	00	FDF5
919	20ED	00	FDF5
919	20EE	00	FDF5
919	20EF	00	FDF5
919	20F0	00	FDF5
919	20F1	00	FDF5
919	20F2	00	FDF5
919	20F3	00	FDF5
919	20F4	00	FDF5
919	20F5	00	FDF5
919	20F6	00	FDF5
919	20F7	00	FDF5
919	20F8	00	FDF5
919	20F9	00	FDF5
919	20FA	00	FDF5
919	20FB	00	FDF5
919	20FC	00	FDF5
919	20FD	00	FDF5
919	20FE	00	FDF5
919	20FF	00	FDF5
919	2100	00	FDF5
919	2101	00	FDF5
919	2102	00	FDF5
919	2103	00	FDF5
919	2104	00	FDF5
919	2105	00	FDF5
919	2106	00	FDF5
919	2107	00	FDF5
919	2108	00	FDF5
919	2109	00	FDF5
919	210A	00	FDF5
919	210B	00	FDF5
919	210C	00	FDF5
919	210D	00	FDF5
919	210E	00	FDF5
919	210F	00	FDF5
919	2110	00	FDF5
919	2111	00	FDF5
919	2112	00	FDF5
919	2113	00	FDF5
919	2114	00	FDF5
919	2115	00	FDF5
919	2116	00	FDF5
919	2117	00	FDF5
919	2118	00	FDF5
919	2119	00	FDF5
919	211A	00	FDF5
919	211B	00	FDF5
919	211C	00	FDF5
919	211D	00	FDF5
919	211E	00	FDF5
919	211F	00	FDF5
919	2120	00	FDF5
919	2121	00	FDF5
919	2122	00	FDF5
919	2123	00	FDF5
919	2124	00	FDF5
919	2125	00	FDF5
919	2126	00	FDF5
919	2127	00	FDF5
919	2128	00	FDF5
919	2129	00	FDF5
919	212A	00	FDF5
919	212B	00	FDF5
919	212C	00	FDF5
919	212D	00	FDF5
919	212E	00	FDF5
919	212F	00	FDF5
919	2130	00	FDF5
919	2131	00	FDF5
919	2132	00	FDF5
919	2133	00	FDF5
919	2134	00	FDF5
919	2135	00	FDF5
919	2136	00	FDF5
919	2137	00	FDF5
919	2138	00	FDF5
919	2139	00	FDF5
919	213A	00	FDF5
919	213B	00	FDF5
919	213C	00	FDF5
919	213D	00	FDF5
919	213E	00	FDF5
919	213F	00	FDF5
919	2140	00	FDF5
919	2141	00	FDF5
919	2142	00	FDF5
919	2143	00	FDF5
919	2144	00	FDF5
919	2145	00	FDF5
919	2146	00	FDF5
919	2147	00	FDF5
919	2148	00	FDF5
919	2149	00	FDF5
919	214A	00	FDF5
919	214B	00	FDF5
919	214C	00	FDF5
919	214D	00	FDF5
919	214E	00	FDF5
919	214F	00	FDF5
919	2150	00	FDF5
919	2151	00	FDF5
919	2152	00	FDF5
919	2153	00	FDF5
919	2154	00	FDF5
919	2155	00	FDF5
919	2156	00	FDF5
919	2157	00	FDF5
919	2158	00	FDF5
919	2159	00	FDF5
919	215A	00	FDF5
919	215B	00	FDF5
919	215C	00	FDF5
919	215D	00	FDF5
919	215E	00	FDF5
919	215F	00	FDF5
919	2160	00	FDF5
919	2161	00	FDF5
919	2162	00	FDF5
919	2163	00	FDF5
919	2164	00	FDF5
919	2165	00	FDF5
919	2166	00	FDF5
919	2167	00	FDF5
919	2168	00	FDF5
919	2169	00	FDF5
919	216A	00	FDF5
919	216B	00	FDF5
919	216C	00	FDF5
919	216D	00	FDF5
919	216E	00	FDF5
919	216F	00	FDF5
919	2170	00	FDF5
919	2171	00	FDF5
919	2172	00	FDF5
919	2173	00	FDF5
919	2174	00	FDF5
919	2175	00	FDF5
919	2176	00	FDF5
919	2177	00	FDF5
919	2178	00	FDF5
919	2179	00	FDF5
919	217A	00	FDF5
919	217B	00	FDF5
919	217C	00	FDF5
919	217D	00	FDF5
919	217E	00	FDF5
919	217F	00	FDF5
919	2180	00	FDF5
919	2181	00	FDF5
919	2182	00	FDF5
919	2183	00	FDF5
919	2184	00	FDF5
919	2185	00	FDF5
919	2186	00	FDF5
919	2187	00	FDF5
919	2188	00	FDF5
919	2189	00	FDF5
919	218A	00	FDF5
919	218B	00	FDF5
919	218C	00	FDF5
919	218D	00	FDF5
919	218E	00	FDF5
919	218F	00	FDF5
919	2190	00	FDF5
919	2191	00	FDF5
919	2192	00	FDF5
919	2193	00	FDF5
919	2194	00	FDF5
919	2195	00	FDF5
919	2196	00	FDF5
919	2197	00	FDF5
919	2198	00	FDF5
919	2199	00	FDF5
919	219A	00	FDF5
919	219B	00	FDF5
919	219C	00	FDF5
919	219D	00	FDF5
919	219E	00	FDF5
919	219F	00	FDF5
919	21A0	00	FDF5
919	21A1	00	FDF5
919	21A2	00	FDF5
919	21A3	00	FDF5
919	21A4	00	FDF5
919	21A5	00	FDF5
919	21A6	00	FDF5
919	21A7	00	FDF5
919	21A8	00	FDF5
919	21A9	00	FDF5
919	21AA	00	FDF5
919	21AB	00	FDF5
919	21AC	00	FDF5
919	21AD	00	FDF5
919	21AE	00	FDF5
919	21AF	00	FDF5
919	21B0	00	FDF5
919	21B1	00	FDF5
919	21B2	00	FDF5
919	21B3	00	FDF5
919	21B4	00	FDF5
919	21B5	00	FDF5
919	21B6	00	FDF5
919	21B7	00	FDF5
919	21B8	00	FDF5
919	21B9	00	FDF5
919	21BA	00	FDF5
919	21BB	00	FDF5
919	21BC	00	FDF5
919	21BD	00	FDF5
919	21BE	00	FDF5
919	21BF	00	FDF5
919	21C0	00	FDF5
919	21C1	00	FDF5
919	21C2	00	FDF5
919	21C3	00	FDF5
919	21C4	00	FDF5
919	21C5	00	FDF5
919	21C6	00	FDF5
919	21C7	00	FDF5
919	21C8	00	FDF5
919	21C9	00	FDF5
919	21CA	00	FDF5
919	21CB	00	FDF5
919	21CC	00	FDF5
919	21CD	00	FDF5
919	21CE	00	FDF5
919	21CF	00	FDF5
919	21D0	00	FDF5
919	21D1	00	FDF5
919	21D2	00	FDF5
919	21D3	00	FDF5
919	21D4	00	FDF5
919	21D5	00	FDF5
919	21D6	00	FDF5
919	21D7	00	FDF5
919	21D8	00	FDF5
919	21D9	00	FDF5
919	21DA	00	FDF5
919	21DB	00	FDF5
919	21DC	00	FDF5
919	21DD	00	FDF5
919	21DE	00	FDF5
919	21DF	00	FDF5
919	21E0	00	FDF5
919	21E1	00	FDF5
919	21E2	00	FDF5
919	21E3	00	FDF5
919	21E4	00	FDF5
919	21E5	00	FDF5
919	21E6	00	FDF5
919	21E7	00	FDF5
919	21E8	00	FDF5
919	21E9	00	FDF5
919	21EA	00	FDF5
919	21EB	00	FDF5
919	21EC	00	FDF5
919	21ED	00	FDF5
919	21EE	00	FDF5
919	21EF	00	FDF5
919	21F0	00	FDF5
919	21F1	00	FDF5
919	21F2	00	FDF5
919	21F3	00	FDF5
919	21F4	00	FDF5
919	21F5	00	FDF5
919	21F6	00	FDF5
919	21F7	00	FDF5
919	21F8	00	FDF5
919	21F9	00	FDF5
919	21FA	00	FDF5
919	21FB	00	FDF5
919	21FC	00	FDF5
919	21FD	00	FDF5
919	21FE	00	FDF5
919	21FF	00	FDF5
919	2200	00	FDF5
919	2201	00	FDF5
919	2202	00	FDF5
919	2203	00	FDF5
919	2204	00	FDF5
919	2205	00	FDF5
919	2206	00	FDF5
919	2207	00	FDF5
919	2208	00	FDF5
919	2209	00	FDF5
919	220A	00	FDF5
919	220B	00	FDF5
919	220C	00	FDF5
919	220D	00	FDF5
919	220E	00	FDF5
919	220F	00	FDF5
919	2210	00	FDF5
919	2211	00	FDF5
919	2212	00	FDF5
919	2213	00	FDF5
919	2214	00	FDF5
919	2215	00	FDF5
919	2216	00	FDF5
919	2217	00	FDF5
919	2218	00	FDF5
919	2219	00	FDF5
919	221A	00	FDF5
919	221B	00	FDF5
919	221C	00	FDF5
919	221D	00	FDF5
919	221E	00	FDF5
919	221F	00	FDF5
919	2220	00	FDF5
919	2221	00	FDF5
919	2222	00	FDF5
919	2223	00	FDF5
919	2224	00	FDF5
919	2225	00	FDF5
919	2226	00	FDF5
919	2227	00	FDF5
919	2228	00	FDF5
919	2229	00	FDF5
919	222A	00	FDF5
919	222B	00	FDF5
919	222C	00	FDF5
919	222D	00	FDF5
919	222E	00	FDF5
919	222F	00	FDF5
919	2230	00	FDF5
919	2231	00	FDF5
919	2232	00	FDF5
919	2233	00	FDF5
919	2234	00	FDF5
919	2235	00	FDF5
919	2236	00	FDF5
919	2237	00	FDF5
919	2238	00	FDF5
919	2239	00	FDF5
919	223A	00	FDF5
919	223B	00	FDF5
919	223C	00	FDF5
919	223D	00	FDF5
919	223E	00	FDF5
919	223F	00	FDF5
919	2240	00	FDF5
919	2241	00	FDF5
919	2242	00	FDF5
919	2243	00	FDF5
919	2244	00	FDF5
919	2245	00	FDF5
919	2246	00	FDF5
919	2247	00	FDF5
919	2248	00	FDF5
919	2249	00	FDF5
919	224A	00	FDF5
919	224B	00	FDF5
919	224C	00	FDF5
919	224D	00	FDF5
919	224E	00	FDF5
919	224F	00	FDF5
919	2250	00	FDF5
919	2251	00	FDF5
919	2252	00	FDF5
919	2253	00	FDF5
919	2254	00	FDF5
919	2255	00	FDF5
919	2256	00	FDF5
919	2257	00	FDF5
919	2258	00	FDF5
919	2259	00	FDF5
919	225A	00	FDF5
919	225B	00	FDF5
919	225C	00	FDF5
919	225D	00	FDF5
919	225E	00	FDF5
919	225F	00	FDF5
919	2260	00	FDF5
919	2261	00	FDF5
919	2262	00	FDF5
919	2263	00	FDF5
919	2264	00	FDF5
919	2265	00	FDF5
919	2266	00	FDF5
919	2267	00	FDF5
919	2268	00	FDF5
919	2269	00	FDF5
919	226A	00	FDF5
919	226B	00	FDF5
919	226C	00	FDF5
919	226D	00	FDF5
919	226E	00	FDF5
919	226F	00	FDF5
919	2270	00	FDF5
919	2271	00	FDF5
919	2272	00	FDF5
919	2273	00	FDF5
919	2274	00	FDF5
919	2275	00	FDF5
919	2276	00	FDF5
919	2277	00	FDF5
919	2278	00	FDF5
919	2279	00	FDF5
919	227A	00	FDF5
919	227B	00	FDF5
919	227C	00	FDF5
919	227D	00	FDF5
919	227E	00	FDF5
919	227F	00	FDF5
919	2280	00	FDF5
919	2281	00	FDF5
919	2282	00	FDF5
919	2283	00	FDF5
919	2284	00	FDF5
919	2285	00	FDF5
919	2286	00	FDF5
919	2287	00	FDF5
919	2288	00	FDF5
919	2289	00	FDF5
919	228A	00	FDF5
919	228B	00	FDF5
919	228C	00	FDF5
919	228D	00	FDF5
919	228E	00	FDF5
919	228F	00	FDF5
919	2290	00	FDF5
919	2291	00	FDF5
919	2292	00	FDF5
919	2293	00	FDF5
919	2294	00	FDF5
919	2295	00	FDF5
919	2296	00	FDF5
919	2297	00	FDF5
919	2298	00	FDF5
919	2299	00	FDF5
919	229A	00	FDF5
919	229B	00	FDF5
919	229C	00	FDF5
919	229D	00	FDF5
919	229E	00	FDF5
919	229F	00	FDF5
919	22A0	00	FDF5
919	22A1	00	FDF5
919	22A2	00	FDF5
919	22A3	00	FDF5
919	22A4	00	FDF5
919	22A5	00	FDF5
919	22A6	00	FDF5
919	22A7	00	FDF5
919	22A8	00	FDF5
919	22A9	00	FDF5
919	22AA	00	FDF5
919	22AB	00	FDF5
919	22AC	00	FDF5
919	22AD	00	FDF5
919	22AE	00	FDF5
919	22AF	00	FDF5
919	22B0	00	FDF5
919	22B1	00	FDF5
919	22B2	00	FDF5
919	22B3	00	FDF5
919	22B4	00	FDF5
919	22B5	00	FDF5
919	22B6	00	FDF5
919	22B7	00	FDF5
919	22B8	00	FDF5
919	22B9	00	FDF5
919	22BA	00	FDF5
919	22BB	00	FDF5
919	22BC	00	FDF5
919	22BD	00	FDF5
919	22BE	00	FDF5
919	22BF	00	FDF5
919	22C0	00	FDF5
919	22C1	00	FDF5
919	22C2	00	FDF5
919	22C3	00	FDF5
919	22C4	00	FDF5
919	22C5	00	FDF5
919	22C6	00	FDF5
919	22C7	00	FDF5
919	22C8	00	FDF5
919	22C9	00	FDF5
919	22CA	00	FDF5
919	22CB	00	FDF5
919	22CC	00	FDF5
919	22CD	00	FDF5
919	22CE	00	FDF5
919	22CF	00	FDF5
919	22D0	00	FDF5
919	22D1	00	FDF5
919	22D2	00	FDF5
919	22D3	00	FDF5
919	22D4	00	FDF5
919	22D5	00	FDF5
919	22D6	00	FDF5
919	22D7	00	FDF5
919	22D8	00	FDF5
919	22D9	00	FDF5
919	22DA	00	FDF5
919	22DB	00	FDF5
919	22DC	00	FDF5
919	22DD	00	FDF5
919	22DE	00	FDF5
919	22DF	00	FDF5
919	22E0	00	FDF5
919	22E1	00	FDF5
919	22E2	00	FDF5
919	22E3	00	FDF5
919	22E4	00	FDF5
919	22E5	00	FDF5
919	22E6	00	FDF5
919	22E7	00	FDF5
919	22E8	00	FDF5
919	22E9	00	FDF5
919	22EA	00	FDF5
919	22EB	00	FDF5
919	22EC	00	FDF5
919	22ED	00	FDF5
919	22EE	00	FDF5
919	22EF	00	FDF5
919	22F0	00	FDF5
919	22F1	00	FDF5
919	22F2	00	FDF5
919	22F3	00	FDF5
919	22F4	00	FDF5
919	22F5	00	FDF5
919	22F6	00	FDF5
919	22F7	00	FDF5
919	22F8	00	FDF5
919	22F9	00	FDF5
919	22FA	00	FDF5
919	22FB	00	FDF5
919	22FC	00	FDF5
919	22FD	00	FDF5
919	22FE	00	FDF5
919	22FF	00	FDF5
919	2300	00	FDF5
919	2301	00	FDF5
919	2302	00	FDF5
919	2303	00	FDF5
919	2304	00	FDF5
919	2305	00	FDF5
919	2306	00	FDF5
919	2307	00	FDF5
919	2308	00	FDF5
919	2309	00	FDF5
919	230A	00	FDF5
919	230B	00	FDF5
919	230C	00	FDF5
919	230D	00	FDF5
919	230E	00	FDF5
919	230F	00	FDF5
919	2310	00	FDF5
919	2311	00	FDF5
919	2312	00	FDF5
919	2313	00	FDF5
919	2314	00	FDF5
919	2315	00	FDF5
919	2316	00	FDF5
919	2317	00	FDF5
919	2318	00	FDF5
919	2319	00	FDF5
919	231A	00	FDF5
919	231B	00	FDF5
919	231C	00	FDF5
919	231D	00	FDF5
919	231E	00	FDF5
919	231F	00	FDF5
919	2320	00	FDF5
919	2321	00	FDF5
919	2322	00	FDF5
919	2323	00	FDF5
919	2324	00	FDF5
919	2325	00	FDF5
919	2326	00	FDF5
919	2327	00	FDF5
919	2328	00	FDF5
919	2329	00	FDF5
919	232A	00	FDF5
919	232B	00	FDF5
919	232C	00	FDF5
919	232D	00	FDF5
919	232E	00	FDF5
919	232F	00	FDF5
919	2330	00	FDF5
919	2331	00	FDF5
919	2332	00	FDF5
919	2333	00	FDF5
919	2334	00	FDF5
919	2335	00	FDF5
919	2336	00	FDF5
919	2337	00	FDF5
919	2338	00	FDF5
919	2339	00	FDF5
919	233A	00	FDF5
919	233B	00	FDF5
919	233C	00	FDF5
919	233D	00	FDF5
919	233E	00	FDF5
919	233F	00	FDF5
919	2340	00	FDF5
919	2341	00	FDF5
919	2342	00	FDF5
919	2343	00	FDF5
919	2344	00	FDF5
919	2345	00	FDF5
919	2346	00	FDF5
919	2347	00	FDF5
919	2348	00	FDF5
919	2349	00	FDF5
919	234A	00	FDF5
919	234B	00	FDF5
919	234C	00	FDF5
919	234D	00	FDF5
919	234E	00	FDF5
919	234F	00	FDF5
919	2350	00	FDF5
919	2351	00	FDF5
919	2352	00	FDF5
919	2353	00	FDF5
919	2354	00	FDF5
919	2355	00	FDF5
919	2356	00	FDF5
919	2357	00	FDF5
919	2358	00	FDF5
919	2359	00	FDF5
919	235A	00	FDF5
919	235B	00	FDF5
919	235C	00	FDF5
919	235D	00	FDF5
919	235E	00	FDF5
919	235F	00	FDF5
919	2360	00	FDF5
919	2361	00	FDF5
919	2362	00	FDF5
919	2363	00	FDF5
919	2364	00	FDF5
919	2365	00	FDF5
919	2366	00	FDF5
919	2367	00	FDF5
919	2368	00	FDF5
919	2369	00	FDF5
919	236A	00	FDF5
919	236B	00	FDF5
919	236C	00	FDF5
919	236D	00	FDF5
919	236E	00	FDF5
919	236F	00	FDF5
919	2370	00	FDF5
919	2371	00	FDF5
919	2372	00	FDF5
919	2373	00	FDF5
919	2374	00	FDF5
919	2375	00	FDF5
919	2376	00	FDF5
919	2377	00	FDF5
919	2378	00	FDF5
919	2379	00	FDF5
919	237A	00	FDF5
919	237B	00	FDF5
919	237C	00	FDF5
919	237D	00	FDF5
919	237E	00	FDF5
919	237F	00	FDF5
919	2380	00	FDF5
919	2381	00	FDF5
919	2382	00	FDF5
919	2383	00	FDF5
919	2384	00	FDF5
919	2385	00	FDF5
919	2386	00	FDF5
919	2387	00	FDF5
919	2388	00	FDF5
919	2389	00	FDF5
919	238A	00	FDF5
919	238B	00	FDF5
919	238C	00	FDF5
919	238D	00	FDF5
919	238E	00	FDF5
919	238F	00	FDF5
919	2390	00	FDF5
919	2391	00	FDF5
919	2392	00	FDF5
919	2393	00	FDF5
919	2394	00	FDF5
919	2395	00	FDF5
919	2396	00	FDF5
919	2397	00	FDF5
919	2398	00	FDF5
919	2399	00	FDF5
919	239A	00	FDF5
919	239B	00	FDF5
919	239C	00	FDF5
919	239D	00	FDF5
919	239E	00	FDF5
919	239F	00	FDF5
919	23A0	00	FDF5
919	23A1	00	FDF5
919	23A2	00	FDF5
919	23A3	00	FDF5
919	23A4	00	FDF5
919	23A5	00	FDF5
919	23A6	00	FDF5
919	23A7	00	FDF5
919	23A8	00	FDF5
919	23A9	00	FDF5
919	23AA	00	FDF5
919	23AB	00	FDF5
919	23AC	00	FDF5
919	23AD	00	FDF5
919	23AE	00	FDF5
919	23AF	00	FDF5
919	23B0	00	FDF5
919	23B1	00	FDF5
919	23B2	00	FDF5
919	23B3	00	FDF5
919	23B4	00	FDF5
919	23B5	00	FDF5
919	23B6	00	FDF5
919	23B7	00	FDF5
919	23B8	00	FDF5
919	23B9	00	FDF5
919	23BA	00	FDF5
919	23BB	00	FDF5
919	23BC	00	FDF5
919	23BD	00	FDF5
919	23BE	00	FDF5
919	23BF	00	FDF5
919	23C0	00	FDF5
919	23C1	00	FDF5
919	23C2	00	FDF5
919	23C3	00	FDF5
919	23C4	00	FDF5
919	23C5	00	FDF5
919	23C6	00	FDF5
919	23C7	00	FDF5
919	23C8	00	FDF5
919	23C9	00	FDF5
919	23CA	00	FDF5
919	23CB	00	FDF5
919	23CC	00	FDF5
919	23CD	00	FDF5
919	23CE	00	FDF5
919	23CF	00	FDF5
919	23D0	00	FDF5
919	23D1	00	FDF5
919	23D2	00	FDF5
919	23D3	00	FDF5
919	23D4	00	FDF5
919	23D5	00	FDF5
919	23D6	00	FDF5
919	23D7	00	FDF5
919	23D8	00	FDF5
919	23D9	00	FDF5
919	23DA	00	FDF5
919	23DB	00	FDF5
919	23DC	00	FDF5
919	23DD	00	FDF5
919	23DE	00	FDF5
919	23DF	00	FDF5
919	23E0	00	FDF5
919	23E1	00	FDF5
919	23E2	00	FDF5
919	23E3	00	FDF5
919	23E4	00	FDF5
919	23E5	00	FDF5
919	23E6	00	FDF5
919	23E7	00	FDF5
919	23E8	00	FDF5
919	23E9	00	FDF5
919	23EA	00	FDF5
919	23EB	00	FDF5
919	23EC	00	FDF5
919	23ED	00	FDF5
919	23EE	00	FDF5
919	23EF	00	FDF5
919	23F0	00	FDF5
919	23F1	00	FDF5
919	23F2	00	FDF5
919	23F3	00	FDF5
919	23F4	00	FDF5
919	23F5	00	FDF5
919	23F6	00	FDF5
919	23F7	00	FDF5
919	23F8	00	FDF5
919	23F9	00	FDF5
919	23FA	00	FDF5
919	23FB	00	FDF5
919	23FC	00	FDF5
919	23FD	00	FDF5
919	23FE	00	FDF5
919	23FF	00	FDF5
919	23C0	00	FE12
919	23C1	00	FE12
919	23C2	00	FE12
919	23C3	00	FE12
919	23C4	00	FE12
919	23C5	00	FE12
919	23C6	00	FE12
919	23C7	00	FE12
919	23C8	00	FE12
919	23C9	00	FE12
919	23CA	00	FE12
919	23CB	00	FE12
919	23CC	00	FE12
919	23CD	00	FE12
919	23CE	00	FE12
919	23CF	00	FE12
919	23D0	00	FE12
919	23D1	00	FE12
919	23D2	00	FE12
919	23D3	00	FE12
919	23D4	00	FE12
919	23D5	00	FE12
919	23D6	00	FE12
919	23D7	00	FE12
919	23D8	00	FE12
919	23D9	00	FE12
919	23DA	00	FE12
919	23DB	00	FE12
919	23DC	00	FE12
919	23DD	00	FE12
919	23DE	00	FE12
919	23DF	00	FE12
919	23E0	00	FE12
919	23E1	00	FE12
919	23E2	00	FE12
919	23E3	00	FE12
919	23E4	00	FE12
919	23E5	00	FE12
919	23E6	00	FE12
919	23E7	00	FE12
919	23E8	00	FE12
919	23E9	00	FE12
919	23EA	00	FE12
919	23EB	00	FE12
919	23EC	00	FE12
919	23ED	00	FE12
919	23EE	00	FE12
919	23EF	00	FE12
919	23F0	00	FE12
919	23F1	00	FE12
919	23F2	00	FE12
919	23F3	00	FE12
919	23F4	00	FE12
919	23F5	00	FE12
919	23F6	00	FE12
919	23F7	00	FE12
919	23F8	00	FE12
919	23F9	00	FE12
919	23FA	00	FE12
919	23FB	00	FE12
919	23FC	00	FE12
919	23FD	00	FE12
919	23FE	00	FE12
919	23FF	00	FE12
919	2400	00	FDF5
919	2401	00	FDF5
919	2402	00	FDF5
919	2403	00	FDF5
919	2404	00	FDF5
919	2405	00	FDF5
919	2406	00	FDF5
919	2407	00	FDF5
919	2408	00	FDF5
919	2409	00	FDF5
919	240A	00	FDF5
919	240B	00	FDF5
919	240C	00	FDF5
919	240D	00	FDF5
919	240E	00	FDF5
919	240F	00	FDF5
919	2410	00	FDF5
919	2411	00	FDF5
919	2412	00	FDF5
919	2413	00	FDF5
919	2414	00	FDF5
919	2415	00	FDF5
919	2416	00	FDF5
919	2417	00	FDF5
919	2418	00	FDF5
919	2419	00	FDF5
919	241A	00	FDF5
919	241B	00	FDF5
919	241C	00	FDF5
919	241D	00	FDF5
919	241E	00	FDF5
919	241F	00	FDF5
919	2420	00	FDF5
919	2421	00	FDF5
919	2422	00	FDF5
919	2423	00	FDF5
919	2424	00	FDF5
919	2425	00	FDF5
919	2426	00	FDF5
919	2427	00	FDF5
919	2428	00	FDF5
919	2429	00	FDF5
919	242A	00	FDF5
919	242B	00	FDF5
919	242C	00	FDF5
919	242D	00	FDF5
919	242E	00	FDF5
919	242F	00	FDF5
919	2430	00	FDF5
919	2431	00	FDF5
919	2432	00	FDF5
919	2433	00	FDF5
919	2434	00	FDF5
919	2435	00	FDF5
919	2436	00	FDF5
919	2437	00	FDF5
919	2438	00	FDF5
919	2439	00	FDF5
919	243A	00	FDF5
919	243B	00	FDF5
919	243C	00	FDF5
919	243D	00	FDF5
919	243E	00	FDF5
919	243F	00	FDF5
919	2440	00	FDF5
919	2441	00	FDF5
919	2442	00	FDF5
919	2443	00	FDF5
919	2444	00	FDF5
919	2445	00	FDF5
919	2446	00	FDF5
919	2447	00	FDF5
919	2448	00	FDF5
919	2449	00	FDF5
919	244A	00	FDF5
919	244B	00	FDF5
919	244C	00	FDF5
919	244D	00	FDF5
919	244E	00	FDF5
919	244F	00	FDF5
919	2450	00	FDF5
919	2451	00	FDF5
919	2452	00	FDF5
919	2453	00	FDF5
919	2454	00	FDF5
919	2455	00	FDF5
919	2456	00	FDF5
919	2457	00	FDF5
919	2458	00	FDF5
919	2459	00	FDF5
919	245A	00	FDF5
919	245B	00	FDF5
919	245C	00	FDF5
919	245D	00	FDF5
919	245E	00	FDF5
919	245F	00	FDF5
919	2460	00	FDF5
919	2461	00	FDF5
919	2462	00	FDF5
919	2463	00	FDF5
919	2464	00	FDF5
919	2465	00	FDF5
919	2466	00	FDF5
919	2467	00	FDF5
919	2468	00	FDF5
919	2469	00	FDF5
919	246A	00	FDF5
919	246B	00	FDF5
919	246C	00	FDF5
919	246D	00	FDF5
919	246E	00	FDF5
919	246F	00	FDF5
919	2470	00	FDF5
919	2471	00	FDF5
919	2472	00	FDF5
919	2473	00	FDF5
919	2474	00	FDF5
919	2475	00	FDF5
919	2476	00	FDF5
919	2477	00	FDF5
919	2478	00	FDF5
919	2479	00	FDF5
919	247A	00	FDF5
919	247B	00	FDF5
919	247C	00	FDF5
919	247D	00	FDF5
919	247E	00	FDF5
919	247F	00	FDF5
919	2480	00	FDF5
919	2481	00	FDF5
919	2482	00	FDF5
919	2483	00	FDF5
919	2484	00	FDF5
919	2485	00	FDF5
919	2486	00	FDF5
919	2487	00	FDF5
919	2488	00	FDF5
919	2489	00	FDF5
919	248A	00	FDF5
919	248B	00	FDF5
919	248C	00	FDF5
919	248D	00	FDF5
919	248E	00	FDF5
919	248F	00	FDF5
919	2490	00	FDF5
919	2491	00	FDF5
919	2492	00	FDF5
919	2493	00	FDF5
919	2494	00	FDF5
919	2495	00	FDF5
919	2496	00	FDF5
919	2497	00	FDF5
919	2498	00	FDF5
919	2499	00	FDF5
919	249A	00	FDF5
919	249B	00	FDF5
919	249C	00	FDF5
919	249D	00	FDF5
919	249E	00	FDF5
919	249F	00	FDF5
919	24A0	00	FDF5
919	24A1	00	FDF5
919	24A2	00	FDF5
919	24A3	00	FDF5
919	24A4	00	FDF5
919	24A5	00	FDF5
919	24A6	00	FDF5
919	24A7	00	FDF5
919	24A8	00	FDF5
919	24A9	00	FDF5
919	24AA	00	FDF5
919	24AB	00	FDF5
919	24AC	00	FDF5
919	24AD	00	FDF5
919	24AE	00	FDF5
919	24AF	00	FDF5
919	24B0	00	FDF5
919	24B1	00	FDF5
919	24B2	00	FDF5
919	24B3	00	FDF5
919	24B4	00	FDF5
919	24B5	00	FDF5
919	24B6	00	FDF5
919	24B7	00	FDF5
919	24B8	00	FDF5
919	24B9	00	FDF5
919	24BA	00	FDF5
919	24BB	00	FDF5
919	24BC	00	FDF5
919	24BD	00	FDF5
919	24BE	00	FDF5
919	24BF	00	FDF5
919	24C0	00	FDF5
919	24C1	00	FDF5
919	24C2	00	FDF5
919	24C3	00	FDF5
919	24C4	00	FDF5
919	24C5	00	FDF5
919	24C6	00	FDF5
919	24C7	00	FDF5
919	24C8	00	FDF5
919	24C9	00	FDF5
919	24CA	00	FDF5
919	24CB	00	FDF5
919	24CC	00	FDF5
919	24CD	00	FDF5
919	24CE	00	FDF5
919	24CF	00	FDF5
919	24D0	00	FDF5
919	24D1	00	FDF5
919	24D2	00	FDF5
919	24D3	00	FDF5
919	24D4	00	FDF5
919	24D5	00	FDF5
919	24D6	00	FDF5
919	24D7	00	FDF5
919	24D8	00	FDF5
919	24D9	00	FDF5
919	24DA	00	FDF5
919	24DB	00	FDF5
919	24DC	00	FDF5
919	24DD	00	FDF5
919	24DE	00	FDF5
919	24DF	00	FDF5
919	24E0	00	FDF5
919	24E1	00	FDF5
919	24E2	00	FDF5
919	24E3	00	FDF5
919	24E4	00	FDF5
919	24E5	00	FDF5
919	24E6	00	FDF5
919	24E7	00	FDF5
919	24E8	00	FDF5
919	24E9	00	FDF5
919	24EA	00	FDF5
919	24EB	00	FDF5
919	24EC	00	FDF5
919	24ED	00	FDF5
919	24EE	00	FDF5
919	24EF	00	FDF5
919	24F0	00	FDF5
919	24F1	00	FDF5
919	24F2	00	FDF5
919	24F3	00	FDF5
919	24F4	00	FDF5
919	24F5	00	FDF5
919	24F6	00	FDF5
919	24F7	00	FDF5
919	24F8	00	FDF5
919	24F9	00	FDF5
919	24FA	00	FDF5
919	24FB	00	FDF5
919	24FC	00	FDF5
919	24FD	00	FDF5
919	24FE	00	FDF5
919	24FF	00	FDF5
919	2500	00	FDF5
919	2501	00	FDF5
919	2502	00	FDF5
919	2503	00	FDF5
919	2504	00	FDF5
919	2505	00	FDF5
919	2506	00	FDF5
919	2507	00	FDF5
919	2508	00	FDF5
919	2509	00	FDF5
919	250A	00	FDF5
919	250B	00	FDF5
919	250C	00	FDF5
919	250D	00	FDF5
919	250E	00	FDF5
919	250F	00	FDF5
919	2510	00	FDF5
919	2511	00	FDF5
919	2512	00	FDF5
919	2513	00	FDF5
919	2514	00	FDF5
919	2515	00	FDF5
919	2516	00	FDF5
919	2517	00	FDF5
919	2518	00	FDF5
919	2519	00	FDF5
919	251A	00	FDF5
919	251B	00	FDF5
919	251C	00	FDF5
919	251D	00	FDF5
919	251E	00	FDF5
919	251F	00	FDF5
919	2520	00	FDF5
919	2521	00	FDF5
919	2522	00	FDF5
919	2523	00	FDF5
919	2524	00	FDF5
919	2525	00	FDF5
919	2526	00	FDF5
919	2527	00	FDF5
919	2528	00	FDF5
919	2529	00	FDF5
919	252A	00	FDF5
919	252B	00	FDF5
919	252C	00	FDF5
919	252D	00	FDF5
919	252E	00	FDF5
919	252F	00	FDF5
919	2530	00	FDF5
919	2531	00	FDF5
919	2532	00	FDF5
919	2533	00	FDF5
919	2534	00	FDF5
919	2535	00	FDF5
919	2536	00	FDF5
919	2537	00	FDF5
919	2538	00	FDF5
919	2539	00	FDF5
919	253A	00	FDF5
919	253B	00	FDF5
919	253C	00	FDF5
919	253D	00	FDF5
919	253E	00	FDF5
919	253F	00	FDF5
919	2540	00	FDF5
919	2541	00	FDF5
919	2542	00	FDF5
919	2543	00	FDF5
919	2544	00	FDF5
919	2545	00	FDF5
919	2546	00	FDF5
919	2547	00	FDF5
919	2548	00	FDF5
919	2549	00	FDF5
919	254A	00	FDF5
919	254B	00	FDF5
919	254C	00	FDF5
919	254D	00	FDF5
919	254E	00	FDF5
919	254F	00	FDF5
919	2550	00	FDF5
919	2551	00	FDF5
919	2552	00	FDF5
919	2553	00	FDF5
919	2554	00	FDF5
919	2555	00	FDF5
919	2556	00	FDF5
919	2557	00	FDF5
919	2558	00	FDF5
919	2559	00	FDF5
919	255A	00	FDF5
919	255B	00	FDF5
919	255C	00	FDF5
919	255D	00	FDF5
919	255E	00	FDF5
919	255F	00	FDF5
919	2560	00	FDF5
919	2561	00	FDF5
919	2562	00	FDF5
919	2563	00	FDF5
919	2564	00	FDF5
919	2565	00	FDF5
919	2566	00	FDF5
919	2567	00	FDF5
919	2568	00	FDF5
919	2569	00	FDF5
919	256A	00	FDF5
919	256B	00	FDF5
919	256C	00	FDF5
919	256D	00	FDF5
919	256E	00	FDF5
919	256F	00	FDF5
919	2570	00	FDF5
919	2571	00	FDF5
919	2572	00	FDF5
919	2573	00	FDF5
919	2574	00	FDF5
919	2575	00	FDF5
919	2576	00	FDF5
919	2577	00	FDF5
919	2578	00	FDF5
919	2579	00	FDF5
919	257A	00	FDF5
919	257B	00	FDF5
919	257C	00	FDF5
919	257D	00	FDF5
919	257E	00	FDF5
919	257F	00	FDF5
919	2580	00	FDF5
919	2581	00	FDF5
919	2582	00	FDF5
919	2583	00	FDF5
919	2584	00	FDF5
919	2585	00	FDF5
919	2586	00	FDF5
919	2587	00	FDF5
919	2588	00	FDF5
919	2589	00	FDF5
919	258A	00	FDF5
919	258B	00	FDF5
919	258C	00	FDF5
919	258D	00	FDF5
919	258E	00	FDF5
919	258F	00	FDF5
919	2590	00	FDF5
919	2591	00	FDF5
919	2592	00	FDF5
919	2593	00	FDF5
919	2594	00	FDF5
919	2595	00	FDF5
919	2596	00	FDF5
919	2597	00	FDF5
919	2598	00	FDF5
919	2599	00	FDF5
919	259A	00	FDF5
919	259B	00	FDF5
919	259C	00	FDF5
919	259D	00	FDF5
919	259E	00	FDF5
919	259F	00	FDF5
919	25A0	00	FDF5
919	25A1	00	FDF5
919	25A2	00	FDF5
919	25A3	00	FDF5
919	25A4	00	FDF5
919	25A5	00	FDF5
919	25A6	00	FDF5
919	25A7	00	FDF5
919	25A8	00	FDF5
919	25A9	00	FDF5
919	25AA	00	FDF5
919	25AB	00	FDF5
919	25AC	00	FDF5
919	25AD	00	FDF5
919	25AE	00	FDF5
919	25AF	00	FDF5
919	25B0	00	FDF5
919	25B1	00	FDF5
919	25B2	00	FDF5
919	25B3	00	FDF5
919	25B4	00	FDF5
919	25B5	00	FDF5
919	25B6	00	FDF5
919	25B7	00	FDF5
919	25B8	00	FDF5
919	25B9	00	FDF5
919	25BA	00	FDF5
919	25BB	00	FDF5
919	25BC	00	FDF5
919	25BD	00	FDF5
919	25BE	00	FDF5
919	25BF	00	FDF5
919	25C0	00	FDF5
919	25C1	00	FDF5
919	25C2	00	FDF5
919	25C3	00	FDF5
919	25C4	00	FDF5
919	25C5	00	FDF5
919	25C6	00	FDF5
919	25C7	00	FDF5
919	25C8	00	FDF5
919	25C9	00	FDF5
919	25CA	00	FDF5
919	25CB	00	FDF5
919	25CC	00	FDF5
919	25CD	00	FDF5
919	25CE	00	FDF5
919	25CF	00	FDF5
919	25D0	00	FDF5
919	25D1	00	FDF5
919	25D2	00	FDF5
919	25D3	00	FDF5
919	25D4	00	FDF5
919	25D5	00	FDF5
919	25D6	00	FDF5
919	25D7	00	FDF5
919	25D8	00	FDF5
919	25D9	00	FDF5
919	25DA	00	FDF5
919	25DB	00	FDF5
919	25DC	00	FDF5
919	25DD	00	FDF5
919	25DE	00	FDF5
919	25DF	00	FDF5
919	25E0	00	FDF5
919	25E1	00	FDF5
919	25E2	00	FDF5
919	25E3	00	FDF5
919	25E4	00	FDF5
919	25E5	00	FDF5
919	25E6	00	FDF5
919	25E7	00	FDF5
919	25E8	00	FDF5
919	25E9	00	FDF5
919	25EA	00	FDF5
919	25EB	00	FDF5
919	25EC	00	FDF5
919	25ED	00	FDF5
919	25EE	00	FDF5
919	25EF	00	FDF5
919	25F0	00	FDF5
919	25F1	00	FDF5
919	25F2	00	FDF5
919	25F3	00	FDF5
919	25F4	00	FDF5
919	25F5	00	FDF5
919	25F6	00	FDF5
919	25F7	00	FDF5
919	25F8	00	FDF5
919	25F9	00	FDF5
919	25FA	00	FDF5
919	25FB	00	FDF5
919	25FC	00	FDF5
919	25FD	00	FDF5
919	25FE	00	FDF5
919	25FF	00	FDF5
919	2600	00	FDF5
919	2601	00	FDF5
919	2602	00	FDF5
919	2603	00	FDF5
919	2604	00	FDF5
919	2605	00	FDF5
919	2606	00	FDF5
919	2607	00	FDF5
919	2608	00	FDF5
919	2609	00	FDF5
919	260A	00	FDF5
919	260B	00	FDF5
919	260C	00	FDF5
919	260D	00	FDF5
919	260E	00	FDF5
919	260F	00	FDF5
919	2610	00	FDF5
919	2611	00	FDF5
919	2612	00	FDF5
919	2613	00	FDF5
919	2614	00	FDF5
919	2615	00	FDF5
919	2616	00	FDF5
919	2617	00	FDF5
919	2618	00	FDF5
919	2619	00	FDF5
919	261A	00	FDF5
919	261B	00	FDF5
919	261C	00	FDF5
919	261D	00	FDF5
919	261E	00	FDF5
919	261F	00	FDF5
919	2620	00	FDF5
919	2621	00	FDF5
919	2622	00	FDF5
919	2623	00	FDF5
919	2624	00	FDF5
919	2625	00	FDF5
919	2626	00	FDF5
919	2627	00	FDF5
919	2628	00	FDF5
919	2629	00	FDF5
919	262A	00	FDF5
919	262B	00	FDF5
919	262C	00	FDF5
919	262D	00	FDF5
919	262E	00	FDF5
919	262F	00	FDF5
919	2630	00	FDF5
919	2631	00	FDF5
919	2632	00	FDF5
919	2633	00	FDF5
919	2634	00	FDF5
919	2635	00	FDF5
919	2636	00	FDF5
919	2637	00	FDF5
919	2638	00	FDF5
919	2639	00	FDF5
919	263A	00	FDF5
919	263B	00	FDF5
919	263C	00	FDF5
919	263D	00	FDF5
919	263E	00	FDF5
919	263F	00	FDF5
919	2640	00	FDF5
919	2641	00	FDF5
919	2642	00	FDF5
919	2643	00	FDF5
919	2644	00	FDF5
919	2645	00	FDF5
919	2646	00	FDF5
919	2647	00	FDF5
919	2648	00	FDF5
919	2649	00	FDF5
919	264A	00	FDF5
919	264B	00	FDF5
919	264C	00	FDF5
919	264D	00	FDF5
919	264E	00	FDF5
919	264F	00	FDF5
919	2650	00	FDF5
919	2651	00	FDF5
919	2652	00	FDF5
919	2653	00	FDF5
919	2654	00	FDF5
919	2655	00	FDF5
919	2656	00	FDF5
919	2657	00	FDF5
919	2658	00	FDF5
919	2659	00	FDF5
919	265A	00	FDF5
919	265B	00	FDF5
919	265C	00	FDF5
919	265D	00	FDF5
919	265E	00	FDF5
919	265F	00	FDF5
919	2660	00	FDF5
919	2661	00	FDF5
919	2662	00	FDF5
919	2663	00	FDF5
919	2664	00	FDF5
919	2665	00	FDF5
919	2666	00	FDF5
919	2667	00	FDF5
919	2668	00	FDF5
919	2669	00	FDF5
919	266A	00	FDF5
919	266B	00	FDF5
919	266C	00	FDF5
919	266D	00	FDF5
919	266E	00	FDF5
919	266F	00	FDF5
919	2670	00	FDF5
919	2671	00	FDF5
919	2672	00	FDF5
919	2673	00	FDF5
919	2674	00	FDF5
919	2675	00	FDF5
919	2676	00	FDF5
919	2677	00	FDF5
919	2678	00	FDF5
919	2679	00	FDF5
919	267A	00	FDF5
919	267B	00	FDF5
919	267C	00	FDF5
919	267D	00	FDF5
919	267E	00	FDF5
919	267F	00	FDF5
919	2680	00	FDF5
919	2681	00	FDF5
919	2682	00	FDF5
919	2683	00	FDF5
919	2684	00	FDF5
919	2685	00	FDF5
919	2686	00	FDF5
919	2687	00	FDF5
919	2688	00	FDF5
919	2689	00	FDF5
919	268A	00	FDF5
919	268B	00	FDF5
919	268C	00	FDF5
919	268D	00	FDF5
919	268E	00	FDF5
919	268F	00	FDF5
919	2690	00	FDF5
919	2691	00	FDF5
919	2692	00	FDF5
919	2693	00	FDF5
919	2694	00	FDF5
919	2695	00	FDF5
919	2696	00	FDF5
919	2697	00	FDF5
919	2698	00	FDF5
919	2699	00	FDF5
919	269A	00	FDF5
919	269B	00	FDF5
919	269C	00	FDF5
919	269D	00	FDF5
919	269E	00	FDF5
919	269F	00	FDF5
919	26A0	00	FDF5
919	26A1	00	FDF5
919	26A2	00	FDF5
919	26A3	00	FDF5
919	26A4	00	FDF5
919	26A5	00	FDF5
919	26A6	00	FDF5
919	26A7	00	FDF5
919	26A8	00	FDF5
919	26A9	00	FDF5
919	26AA	00	FDF5
919	26AB	00	FDF5
919	26AC	00	FDF5
919	26AD	00	FDF5
919	26AE	00	FDF5
919	26AF	00	FDF5
919	26B0	00	FDF5
919	26B1	00	FDF5
919	26B2	00	FDF5
919	26B3	00	FDF5
919	26B4	00	FDF5
919	26B5	00	FDF5
919	26B6	00	FDF5
919	26B7	00	FDF5
919	26B8	00	FDF5
919	26B9	00	FDF5
919	26BA	00	FDF5
919	26BB	00	FDF5
919	26BC	00	FDF5
919	26BD	00	FDF5
919	26BE	00	FDF5
919	26BF	00	FDF5
919	26C0	00	FDF5
919	26C1	00	FDF5
919	26C2	00	FDF5
919	26C3	00	FDF5
919	26C4	00	FDF5
919	26C5	00	FDF5
919	26C6	00	FDF5
919	26C7	00	FDF5
919	26C8	00	FDF5
919	26C9	00	FDF5
919	26CA	00	FDF5
919	26CB	00	FDF5
919	26CC	00	FDF5
919	26CD	00	FDF5
919	26CE	00	FDF5
919	26CF	00	FDF5
919	26D0	00	FDF5
919	26D1	00	FDF5
919	26D2	00	FDF5
919	26D3	00	FDF5
919	26D4	00	FDF5
919	26D5	00	FDF5
919	26D6	00	FDF5
919	26D7	00	FDF5
919	26D8	00	FDF5
919	26D9	00	FDF5
919	26DA	00	FDF5
919	26DB	00	FDF5
919	26DC	00	FDF5
919	26DD	00	FDF5
919	26DE	00	FDF5
919	26DF	00	FDF5
919	26E0	00	FDF5
919	26E1	00	FDF5
919	26E2	00	FDF5
919	26E3	00	FDF5
919	26E4	00	FDF5
919	26E5	00	FDF5
919	26E6	00	FDF5
919	26E7	00	FDF5
919	26E8	00	FDF5
919	26E9	00	FDF5
919	26EA	00	FDF5
919	26EB	00	FDF5
919	26EC	00	FDF5
919	26ED	00	FDF5
919	26EE	00	FDF5
919	26EF	00	FDF5
919	26F0	00	FDF5
919	26F1	00	FDF5
919	26F2	00	FDF5
919	26F3	00	FDF5
919	26F4	00	FDF5
919	26F5	00	FDF5
919	26F6	00	FDF5
919	26F7	00	FDF5
919	26F8	00	FDF5
919	26F9	00	FDF5
919	26FA	00	FDF5
919	26FB	00	FDF5
919	26FC	00	FDF5
919	26FD	00	FDF5
919	26FE	00	FDF5
919	26FF	00	FDF5
919	2700	00	FDF5
919	2701	00	FDF5
919	2702	00	FDF5
919	2703	00	FDF5
919	2704	00	FDF5
919	2705	00	FDF5
919	2706	00	FDF5
919	2707	00	FDF5
919	2708	00	FDF5
919	2709	00	FDF5
919	270A	00	FDF5
919	270B	00	FDF5
919	270C	00	FDF5
919	270D	00	FDF5
919	270E	00	FDF5
919	270F	00	FDF5
919	2710	00	FDF5
919	2711	00	FDF5
919	2712	00	FDF5
919	2713	00	FDF5
919	2714	00	FDF5
919	2715	00	FDF5
919	2716	00	FDF5
919	2717	00	FDF5
919	2718	00	FDF5
919	2719	00	FDF5
919	271A	00	FDF5
919	271B	00	FDF5
919	271C	00	FDF5
919	271D	00	FDF5
919	271E	00	FDF5
919	271F	00	FDF5
919	2720	00	FDF5
919	2721	00	FDF5
919	2722	00	FDF5
919	2723	00	FDF5
919	2724	00	FDF5
919	2725	00	FDF5
919	2726	00	FDF5
919	2727	00	FDF5
919	2728	00	FDF5
919	2729	00	FDF5
919	272A	00	FDF5
919	272B	00	FDF5
919	272C	00	FDF5
919	272D	00	FDF5
919	272E	00	FDF5
919	272F	00	FDF5
919	2730	00	FDF5
919	2731	00	FDF5
919	2732	00	FDF5
919	2733	00	FDF5
919	2734	00	FDF5
919	2735	00	FDF5
919	2736	00	FDF5
919	2737	00	FDF5
919	2738	00	FDF5
919	2739	00	FDF5
919	273A	00	FDF5
919	273B	00	FDF5
919	273C	00	FDF5
919	273D	00	FDF5
919	273E	00	FDF5
919	273F	00	FDF5
919	2740	00	FDF5
919	2741	00	FDF5
919	2742	00	FDF5
919	2743	00	FDF5
919	2744	00	FDF5
919	2745	00	FDF5
919	2746	00	FDF5
919	2747	00	FDF5
919	2748	00	FDF5
919	2749	00	FDF5
919	274A	00	FDF5
919	274B	00	FDF5
919	274C	00	FDF5
919	274D	00	FDF5
919	274E	00	FDF5
919	274F	00	FDF5
919	2750	00	FDF5
919	2751	00	FDF5
919	2752	00	FDF5
919	2753	00	FDF5
919	2754	00	FDF5
919	2755	00	FDF5
919	2756	00	FDF5
919	2757	00	FDF5
919	2758	00	FDF5
919	2759	00	FDF5
919	275A	00	FDF5
919	275B	00	FDF5
919	275C	00	FDF5
919	275D	00	FDF5
919	275E	00	FDF5
919	275F	00	FDF5
919	2760	00	FDF5
919	2761	00	FDF5
919	2762	00	FDF5
919	2763	00	FDF5
919	2764	00	FDF5
919	2765	00	FDF5
919	2766	00	FDF5
919	2767	00	FDF5
919	2768	00	FDF5
919	2769	00	FDF5
919	276A	00	FDF5
919	276B	00	FDF5
919	276C	00	FDF5
919	276D	00	FDF5
919	276E	00	FDF5
919	276F	00	FDF5
919	2770	00	FDF5
919	2771	00	FDF5
919	2772	00	FDF5
919	2773	00	FDF5
919	2774	00	FDF5
919	2775	00	FDF5
919	2776	00	FDF5
919	2777	00	FDF5
919	2778	00	FDF5
919	2779	00	FDF5
919	277A	00	FDF5
919	277B	00	FDF5
919	277C	00	FDF5
919	277D	00	FDF5
919	277E	00	FDF5
919	277F	00	FDF5
919	2780	00	FDF5
919	2781	00	FDF5
919	2782	00	FDF5
919	2783	00	FDF5
919	2784	00	FDF5
919	2785	00	FDF5
919	2786	00	FDF5
919	2787	00	FDF5
919	2788	00	FDF5
919	2789	00	FDF5
919	278A	00	FDF5
919	278B	00	FDF5
919	278C	00	FDF5
919	278D	00	FDF5
919	278E	00	FDF5
919	278F	00	FDF5
919	2790	00	FDF5
919	2791	00	FDF5
919	2792	00	FDF5
919	2793	00	FDF5
919	2794	00	FDF5
919	2795	00	FDF5
919	2796	00	FDF5
919	2797	00	FDF5
919	2798	00	FDF5
919	2799	00	FDF5
919	279A	00	FDF5
919	279B	00	FDF5
919	279C	00	FDF5
919	279D	00	FDF5
919	279E	00	FDF5
919	279F	00	FDF5
919	27A0	00	FDF5
919	27A1	00	FDF5
919	27A2	00	FDF5
919	27A3	00	FDF5
919	27A4	00	FDF5
919	27A5	00	FDF5
919	27A6	00	FDF5
919	27A7	00	FDF5
919	27A8	00	FDF5
919	27A9	00	FDF5
919	27AA	00	FDF5
919	27AB	00	FDF5
919	27AC	00	FDF5
919	27AD	00	FDF5
919	27AE	00	FDF5
919	27AF	00	FDF5
919	27B0	00	FDF5
919	27B1	00	FDF5
919	27B2	00	FDF5
919	27B3	00	FDF5
919	27B4	00	FDF5
919	27B5	00	FDF5
919	27B6	00	FDF5
919	27B7	00	FDF5
919	27B8	00	FDF5
919	27B9	00	FDF5
919	27BA	00	FDF5
919	27BB	00	FDF5
919	27BC	00	FDF5
919	27BD	00	FDF5
919	27BE	00	FDF5
919	27BF	00	FDF5
919	27C0	00	FDF5
919	27C1	00	FDF5
919	27C2	00	FDF5
919	27C3	00	FDF5
919	27C4	00	FDF5
919	27C5	00	FDF5
919	27C6	00	FDF5
919	27C7	00	FDF5
919	27C8	00	FDF5
919	27C9	00	FDF5
919	27CA	00	FDF5
919	27CB	00	FDF5
919	27CC	00	FDF5
919	27CD	00	FDF5
919	27CE	00	FDF5
919	27CF	00	FDF5
919	27D0	00	FDF5
919	27D1	00	FDF5
919	27D2	00	FDF5
919	27D3	00	FDF5
919	27D4	00	FDF5
919	27D5	00	FDF5
919	27D6	00	FDF5
919	27D7	00	FDF5
919	27D8	00	FDF5
919	27D9	00	FDF5
919	27DA	00	FDF5
919	27DB	00	FDF5
919	27DC	00	FDF5
919	27DD	00	FDF5
919	27DE	00	FDF5
919	27DF	00	FDF5
919	27E0	00	FDF5
919	27E1	00	FDF5
919	27E2	00	FDF5
919	27E3	00	FDF5
919	27E4	00	FDF5
919	27E5	00	FDF5
919	27E6	00	FDF5
919	27E7	00	FDF5
919	27E8	00	FDF5
919	27E9	00	FDF5
919	27EA	00	FDF5
919	27EB	00	FDF5
919	27EC	00	FDF5
919	27ED	00	FDF5
919	27EE	00	FDF5
919	27EF	00	FDF5
919	27F0	00	FDF5
919	27F1	00	FDF5
919	27F2	00	FDF5
919	27F3	00	FDF5
919	27F4	00	FDF5
919	27F5	00	FDF5
919	27F6	00	FDF5
919	27F7	00	FDF5
919	27F8	00	FDF5
919	27F9	00	FDF5
919	27FA	00	FDF5
919	27FB	00	FDF5
919	27FC	00	FDF5
919	27FD	00	FDF5
919	27FE	00	FDF5
919	27FF	00	FDF5
919	27C0	00	FE12
919	27C1	00	FE12
919	27C2	00	FE12
919	27C3	00	FE12
919	27C4	00	FE12
919	27C5	00	FE12
919	27C6	00	FE12
919	27C7	00	FE12
919	27C8	00	FE12
919	27C9	00	FE12
919	27CA	00	FE12
919	27CB	00	FE12
919	27CC	00	FE12
919	27CD	00	FE12
919	27CE	00	FE12
919	27CF	00	FE12
919	27D0	00	FE12
919	27D1	00	FE12
919	27D2	00	FE12
919	27D3	00	FE12
919	27D4	00	FE12
919	27D5	00	FE12
919	27D6	00	FE12
919	27D7	00	FE12
919	27D8	00	FE12
919	27D9	00	FE12
919	27DA	00	FE12
919	27DB	00	FE12
919	27DC	00	FE12
919	27DD	00	FE12
919	27DE	00	FE12
919	27DF	00	FE12
919	27E0	00	FE12
919	27E1	00	FE12
919	27E2	00	FE12
919	27E3	00	FE12
919	27E4	00	FE12
919	27E5	00	FE12
919	27E6	00	FE12
919	27E7	00	FE12
919	27E8	00	FE12
919	27E9	00	FE12
919	27EA	00	FE12
919	27EB	00	FE12
919	27EC	00	FE12
919	27ED	00	FE12
919	27EE	00	FE12
919	27EF	00	FE12
919	27F0	00	FE12
919	27F1	00	FE12
919	27F2	00	FE12
919	27F3	00	FE12
919	27F4	00	FE12
919	27F5	00	FE12
919	27F6	00	FE12
919	27F7	00	FE12
919	27F8	00	FE12
919	27F9	00	FE12
919	27FA	00	FE12
919	27FB	00	FE12
919	27FC	00	FE12
919	27FD	00	FE12
919	27FE	00	FE12
919	27FF	00	FE12
919	2800	00	FDF5
919	2801	00	FDF5
919	2802	00	FDF5
919	2803	00	FDF5
919	2804	00	FDF5
919	2805	00	FDF5
919	2806	00	FDF5
919	2807	00	FDF5
919	2808	00	FDF5
919	2809	00	FDF5
919	280A	00	FDF5
919	280B	00	FDF5
919	280C	00	FDF5
919	280D	00	FDF5
919	280E	00	FDF5
919	280F	00	FDF5
919	2810	00	FDF5
919	2811	00	FDF5
919	2812	00	FDF5
919	2813	00	FDF5
919	2814	00	FDF5
919	2815	00	FDF5
919	2816	00	FDF5
919	2817	00	FDF5
919	2818	00	FDF5
919	2819	00	FDF5
919	281A	00	FDF5
919	281B	00	FDF5
919	281C	00	FDF5
919	281D	00	FDF5
919	281E	00	FDF5
919	281F	00	FDF5
919	2820	00	FDF5
919	2821	00	FDF5
919	2822	00	FDF5
919	2823	00	FDF5
919	2824	00	FDF5
919	2825	00	FDF5
919	2826	00	FDF5
919	2827	00	FDF5
919	2828	00	FDF5
919	2829	00	FDF5
919	282A	00	FDF5
919	282B	00	FDF5
919	282C	00	FDF5
919	282D	00	FDF5
919	282E	00	FDF5
919	282F	00	FDF5
919	2830	00	FDF5
919	2831	00	FDF5
919	2832	00	FDF5
919	2833	00	FDF5
919	2834	00	FDF5
919	2835	00	FDF5
919	2836	00	FDF5
919	2837	00	FDF5
919	2838	00	FDF5
919	2839	00	FDF5
919	283A	00	FDF5
919	283B	00	FDF5
919	283C	00	FDF5
919	283D	00	FDF5
919	283E	00	FDF5
919	283F	00	FDF5
919	2840	00	FDF5
919	2841	00	FDF5
919	2842	00	FDF5
919	2843	00	FDF5
919	2844	00	FDF5
919	2845	00	FDF5
919	2846	00	FDF5
919	2847	00	FDF5
919	2848	00	FDF5
919	2849	00	FDF5
919	284A	00	FDF5
919	284B	00	FDF5
919	284C	00	FDF5
919	284D	00	FDF5
919	284E	00	FDF5
919	284F	00	FDF5
919	2850	00	FDF5
919	2851	00	FDF5
919	2852	00	FDF5
919	2853	00	FDF5
919	2854	00	FDF5
919	2855	00	FDF5
919	2856	00	FDF5
919	2857	00	FDF5
919	2858	00	FDF5
919	2859	00	FDF5
919	285A	00	FDF5
919	285B	00	FDF5
919	285C	00	FDF5
919	285D	00	FDF5
919	285E	00	FDF5
919	285F	00	FDF5
919	2860	00	FDF5
919	2861	00	FDF5
919	2862	00	FDF5
919	2863	00	FDF5
919	2864	00	FDF5
919	2865	00	FDF5
919	2866	00	FDF5
919	2867	00	FDF5
919	2868	00	FDF5
919	2869	00	FDF5
919	286A	00	FDF5
919	286B	00	FDF5
919	286C	00	FDF5
919	286D	00	FDF5
919	286E	00	FDF5
919	286F	00	FDF5
919	2870	00	FDF5
919	2871	00	FDF5
919	2872	00	FDF5
919	2873	00	FDF5
919	2874	00	FDF5
919	2875	00	FDF5
919	2876	00	FDF5
919	2877	00	FDF5
919	2878	00	FDF5
919	2879	00	FDF5
919	287A	00	FDF5
919	287B	00	FDF5
919	287C	00	FDF5
919	287D	00	FDF5
919	287E	00	FDF5
919	287F	00	FDF5
919	2880	00	FDF5
919	2881	00	FDF5
919	2882	00	FDF5
919	2883	00	FDF5
919	2884	00	FDF5
919	2885	00	FDF5
919	2886	00	FDF5
919	2887	00	FDF5
919	2888	00	FDF5
919	2889	00	FDF5
919	288A	00	FDF5
919	288B	00	FDF5
919	288C	00	FDF5
919	288D	00	FDF5
919	288E	00	FDF5
919	288F	00	FDF5
919	2890	00	FDF5
919	2891	00	FDF5
919	2892	00	FDF5
919	2893	00	FDF5
919	2894	00	FDF5
919	2895	00	FDF5
919	2896	00	FDF5
919	2897	00	FDF5
919	2898	00	FDF5
919	2899	00	FDF5
919	289A	00	FDF5
919	289B	00	FDF5
919	289C	00	FDF5
919	289D	00	FDF5
919	289E	00	FDF5
919	289F	00	FDF5
919	28A0	00	FDF5
919	28A1	00	FDF5
919	28A2	00	FDF5
919	28A3	00	FDF5
919	28A4	00	FDF5
919	28A5	00	FDF5
919	28A6	00	FDF5
919	28A7	00	FDF5
919	28A8	00	FDF5
919	28A9	00	FDF5
919	28AA	00	FDF5
919	28AB	00	FDF5
919	28AC	00	FDF5
919	28AD	00	FDF5
919	28AE	00	FDF5
919	28AF	00	FDF5
919	28B0	00	FDF5
919	28B1	00	FDF5
919	28B2	00	FDF5
919	28B3	00	FDF5
919	28B4	00	FDF5
919	28B5	00	FDF5
919	28B6	00	FDF5
919	28B7	00	FDF5
919	28B8	00	FDF5
919	28B9	00	FDF5
919	28BA	00	FDF5
919	28BB	00	FDF5
919	28BC	00	FDF5
919	28BD	00	FDF5
919	28BE	00	FDF5
919	28BF	00	FDF5
919	28C0	00	FDF5
919	28C1	00	FDF5
919	28C2	00	FDF5
919	28C3	00	FDF5
919	28C4	00	FDF5
919	28C5	00	FDF5
919	28C6	00	FDF5
919	28C7	00	FDF5
919	28C8	00	FDF5
919	28C9	00	FDF5
919	28CA	00	FDF5
919	28CB	00	FDF5
919	28CC	00	FDF5
919	28CD	00	FDF5
919	28CE	00	FDF5
919	28CF	00	FDF5
919	28D0	00	FDF5
919	28D1	00	FDF5
919	28D2	00	FDF5
919	28D3	00	FDF5
919	28D4	00	FDF5
919	28D5	00	FDF5
919	28D6	00	FDF5
919	28D7	00	FDF5
919	28D8	00	FDF5
919	28D9	00	FDF5
919	28DA	00	FDF5
919	28DB	00	FDF5
919	28DC	00	FDF5
919	28DD	00	FDF5
919	28DE	00	FDF5
919	28DF	00	FDF5
919	28E0	00	FDF5
919	28E1	00	FDF5
919	28E2	00	FDF5
919	28E3	00	FDF5
919	28E4	00	FDF5
919	28E5	00	FDF5
919	28E6	00	FDF5
919	28E7	00	FDF5
919	28E8	00	FDF5
919	28E9	00	FDF5
919	28EA	00	FDF5
919	28EB	00	FDF5
919	28EC	00	FDF5
919	28ED	00	FDF5
919	28EE	00	FDF5
919	28EF	00	FDF5
919	28F0	00	FDF5
919	28F1	00	FDF5
919	28F2	00	FDF5
919	28F3	00	FDF5
919	28F4	00	FDF5
919	28F5	00	FDF5
919	28F6	00	FDF5
919	28F7	00	FDF5
919	28F8	00	FDF5
919	28F9	00	FDF5
919	28FA	00	FDF5
919	28FB	00	FDF5
919	28FC	00	FDF5
919	28FD	00	FDF5
919	28FE	00	FDF5
919	28FF	00	FDF5
919	2900	00	FDF5
919	2901	00	FDF5
919	2902	00	FDF5
919	2903	00	FDF5
919	2904	00	FDF5
919	2905	00	FDF5
919	2906	00	FDF5
919	2907	00	FDF5
919	2908	00	FDF5
919	2909	00	FDF5
919	290A	00	FDF5
919	290B	00	FDF5
919	290C	00	FDF5
919	290D	00	FDF5
919	290E	00	FDF5
919	290F	00	FDF5
919	2910	00	FDF5
919	2911	00	FDF5
919	2912	00	FDF5
919	2913	00	FDF5
919	2914	00	FDF5
919	2915	00	FDF5
919	2916	00	FDF5
919	2917	00	FDF5
919	2918	00	FDF5
919	2919	00	FDF5
919	291A	00	FDF5
919	291B	00	FDF5
919	291C	00	FDF5
919	291D	00	FDF5
919	291E	00	FDF5
919	291F	00	FDF5
919	2920	00	FDF5
919	2921	00	FDF5
919	2922	00	FDF5
919	2923	00	FDF5
919	2924	00	FDF5
919	2925	00	FDF5
919	2926	00	FDF5
919	2927	00	FDF5
919	2928	00	FDF5
919	2929	00	FDF5
919	292A	00	FDF5
919	292B	00	FDF5
919	292C	00	FDF5
919	292D	00	FDF5
919	292E	00	FDF5
919	292F	00	FDF5
919	2930	00	FDF5
919	2931	00	FDF5
919	2932	00	FDF5
919	2933	00	FDF5
919	2934	00	FDF5
919	2935	00	FDF5
919	2936	00	FDF5
919	2937	00	FDF5
919	2938	00	FDF5
919	2939	00	FDF5
919	293A	00	FDF5
919	293B	00	FDF5
919	293C	00	FDF5
919	293D	00	FDF5
919	293E	00	FDF5
919	293F	00	FDF5
919	2940	00	FDF5
919	2941	00	FDF5
919	2942	00	FDF5
919	2943	00	FDF5
919	2944	00	FDF5
919	2945	00	FDF5
919	2946	00	FDF5
919	2947	00	FDF5
919	2948	00	FDF5
919	2949	00	FDF5
919	294A	00	FDF5
919	294B	00	FDF5
919	294C	00	FDF5
919	294D	00	FDF5
919	294E	00	FDF5
919	294F	00	FDF5
919	2950	00	FDF5
919	2951	00	FDF5
919	2952	00	FDF5
919	2953	00	FDF5
919	2954	00	FDF5
919	2955	00	FDF5
919	2956	00	FDF5
919	2957	00	FDF5
919	2958	00	FDF5
919	2959	00	FDF5
919	295A	00	FDF5
919	295B	00	FDF5
919	295C	00	FDF5
919	295D	00	FDF5
919	295E	00	FDF5
919	295F	00	FDF5
919	2960	00	FDF5
919	2961	00	FDF5
919	2962	00	FDF5
919	2963	00	FDF5
919	2964	00	FDF5
919	2965	00	FDF5
919	2966	00	FDF5
919	2967	00	FDF5
919	2968	00	FDF5
919	2969	00	FDF5
919	296A	00	FDF5
919	296B	00	FDF5
919	296C	00	FDF5
919	296D	00	FDF5
919	296E	00	FDF5
919	296F	00	FDF5
919	2970	00	FDF5
919	2971	00	FDF5
919	2972	00	FDF5
919	2973	00	FDF5
919	2974	00	FDF5
919	2975	00	FDF5
919	2976	00	FDF5
919	2977	00	FDF5
919	2978	00	FDF5
919	2979	00	FDF5
919	297A	00	FDF5
919	297B	00	FDF5
919	297C	00	FDF5
919	297D	00	FDF5
919	297E	00	FDF5
919	297F	00	FDF5
919	2980	00	FDF5
919	2981	00	FDF5
919	2982	00	FDF5
919	2983	00	FDF5
919	2984	00	FDF5
919	2985	00	FDF5
919	2986	00	FDF5
919	2987	00	FDF5
919	2988	00	FDF5
919	2989	00	FDF5
919	298A	00	FDF5
919	298B	00	FDF5
919	298C	00	FDF5
919	298D	00	FDF5
919	298E	00	FDF5
919	298F	00	FDF5
919	2990	00	FDF5
919	2991	00	FDF5
919	2992	00	FDF5
919	2993	00	FDF5
919	2994	00	FDF5
919	2995	00	FDF5
919	2996	00	FDF5
919	2997	00	FDF5
919	2998	00	FDF5
919	2999	00	FDF5
919	299A	00	FDF5
919	299B	00	FDF5
919	299C	00	FDF5
919	299D	00	FDF5
919	299E	00	FDF5
919	299F	00	FDF5
919	29A0	00	FDF5
919	29A1	00	FDF5
919	29A2	00	FDF5
919	29A3	00	FDF5
919	29A4	00	FDF5
919	29A5	00	FDF5
919	29A6	00	FDF5
919	29A7	00	FDF5
919	29A8	00	FDF5
919	29A9	00	FDF5
919	29AA	00	FDF5
919	29AB	00	FDF5
919	29AC	00	FDF5
919	29AD	00	FDF5
919	29AE	00	FDF5
919	29AF	00	FDF5
919	29B0	00	FDF5
919	29B1	00	FDF5
919	29B2	00	FDF5
919	29B3	00	FDF5
919	29B4	00	FDF5
919	29B5	00	FDF5
919	29B6	00	FDF5
919	29B7	00	FDF5
919	29B8	00	FDF5
919	29B9	00	FDF5
919	29BA	00	FDF5
919	29BB	00	FDF5
919	29BC	00	FDF5
919	29BD	00	FDF5
919	29BE	00	FDF5
919	29BF	00	FDF5
919	29C0	00	FDF5
919	29C1	00	FDF5
919	29C2	00	FDF5
919	29C3	00	FDF5
919	29C4	00	FDF5
919	29C5	00	FDF5
919	29C6	00	FDF5
919	29C7	00	FDF5
919	29C8	00	FDF5
919	29C9	00	FDF5
919	29CA	00	FDF5
919	29CB	00	FDF5
919	29CC	00	FDF5
919	29CD	00	FDF5
919	29CE	00	FDF5
919	29CF	00	FDF5
919	29D0	00	FDF5
919	29D1	00	FDF5
919	29D2	00	FDF5
919	29D3	00	FDF5
919	29D4	00	FDF5
919	29D5	00	FDF5
919	29D6	00	FDF5
919	29D7	00	FDF5
919	29D8	00	FDF5
919	29D9	00	FDF5
919	29DA	00	FDF5
919	29DB	00	FDF5
919	29DC	00	FDF5
919	29DD	00	FDF5
919	29DE	00	FDF5
919	29DF	00	FDF5
919	29E0	00	FDF5
919	29E1	00	FDF5
919	29E2	00	FDF5
919	29E3	00	FDF5
919	29E4	00	FDF5
919	29E5	00	FDF5
919	29E6	00	FDF5
919	29E7	00	FDF5
919	29E8	00	FDF5
919	29E9	00	FDF5
919	29EA	00	FDF5
919	29EB	00	FDF5
919	29EC	00	FDF5
919	29ED	00	FDF5
919	29EE	00	FDF5
919	29EF	00	FDF5
919	29F0	00	FDF5
919	29F1	00	FDF5
919	29F2	00	FDF5
919	29F3	00	FDF5
919	29F4	00	FDF5
919	29F5	00	FDF5
919	29F6	00	FDF5
919	29F7	00	FDF5
919	29F8	00	FDF5
919	29F9	00	FDF5
919	29FA	00	FDF5
919	29FB	00	FDF5
919	29FC	00	FDF5
919	29FD	00	FDF5
919	29FE	00	FDF5
919	29FF	00	FDF5
919	2A00	00	FDF5
919	2A01	00	FDF5
919	2A02	00	FDF5
919	2A03	00	FDF5
919	2A04	00	FDF5
919	2A05	00	FDF5
919	2A06	00	FDF5
919	2A07	00	FDF5
919	2A08	00	FDF5
919	2A09	00	FDF5
919	2A0A	00	FDF5
919	2A0B	00	FDF5
919	2A0C	00	FDF5
919	2A0D	00	FDF5
919	2A0E	00	FDF5
919	2A0F	00	FDF5
919	2A10	00	FDF5
919	2A11	00	FDF5
919	2A12	00	FDF5
919	2A13	00	FDF5
919	2A14	00	FDF5
919	2A15	00	FDF5
919	2A16	00	FDF5
919	2A17	00	FDF5
919	2A18	00	FDF5
919	2A19	00	FDF5
919	2A1A	00	FDF5
919	2A1B	00	FDF5
919	2A1C	00	FDF5
919	2A1D	00	FDF5
919	2A1E	00	FDF5
919	2A1F	00	FDF5
919	2A20	00	FDF5
919	2A21	00	FDF5
919	2A22	00	FDF5
919	2A23	00	FDF5
919	2A24	00	FDF5
919	2A25	00	FDF5
919	2A26	00	FDF5
919	2A27	00	FDF5
919	2A28	00	FDF5
919	2A29	00	FDF5
919	2A2A	00	FDF5
919	2A2B	00	FDF5
919	2A2C	00	FDF5
919	2A2D	00	FDF5
919	2A2E	00	FDF5
919	2A2F	00	FDF5
919	2A30	00	FDF5
919	2A31	00	FDF5
919	2A32	00	FDF5
919	2A33	00	FDF5
919	2A34	00	FDF5
919	2A35	00	FDF5
919	2A36	00	FDF5
919	2A37	00	FDF5
919	2A38	00	FDF5
919	2A39	00	FDF5
919	2A3A	00	FDF5
919	2A3B	00	FDF5
919	2A3C	00	FDF5
919	2A3D	00	FDF5
919	2A3E	00	FDF5
919	2A3F	00	FDF5
919	2A40	00	FDF5
919	2A41	00	FDF5
919	2A42	00	FDF5
919	2A43	00	FDF5
919	2A44	00	FDF5
919	2A45	00	FDF5
919	2A46	00	FDF5
919	2A47	00	FDF5
919	2A48	00	FDF5
919	2A49	00	FDF5
919	2A4A	00	FDF5
919	2A4B	00	FDF5
919	2A4C	00	FDF5
919	2A4D	00	FDF5
919	2A4E	00	FDF5
919	2A4F	00	FDF5
919	2A50	00	FDF5
919	2A51	00	FDF5
919	2A52	00	FDF5
919	2A53	00	FDF5
919	2A54	00	FDF5
919	2A55	00	FDF5
919	2A56	00	FDF5
919	2A57	00	FDF5
919	2A58	00	FDF5
919	2A59	00	FDF5
919	2A5A	00	FDF5
919	2A5B	00	FDF5
919	2A5C	00	FDF5
919	2A5D	00	FDF5
919	2A5E	00	FDF5
919	2A5F	00	FDF5
919	2A60	00	FDF5
919	2A61	00	FDF5
919	2A62	00	FDF5
919	2A63	00	FDF5
919	2A64	00	FDF5
919	2A65	00	FDF5
919	2A66	00	FDF5
919	2A67	00	FDF5
919	2A68	00	FDF5
919	2A69	00	FDF5
919	2A6A	00	FDF5
919	2A6B	00	FDF5
919	2A6C	00	FDF5
919	2A6D	00	FDF5
919	2A6E	00	FDF5
919	2A6F	00	FDF5
919	2A70	00	FDF5
919	2A71	00	FDF5
919	2A72	00	FDF5
919	2A73	00	FDF5
919	2A74	00	FDF5
919	2A75	00	FDF5
919	2A76	00	FDF5
919	2A77	00	FDF5
919	2A78	00	FDF5
919	2A79	00	FDF5
919	2A7A	00	FDF5
919	2A7B	00	FDF5
919	2A7C	00	FDF5
919	2A7D	00	FDF5
919	2A7E	00	FDF5
919	2A7F	00	FDF5
919	2A80	00	FDF5
919	2A81	00	FDF5
919	2A82	00	FDF5
919	2A83	00	FDF5
919	2A84	00	FDF5
919	2A85	00	FDF5
919	2A86	00	FDF5
919	2A87	00	FDF5
919	2A88	00	FDF5
919	2A89	00	FDF5
919	2A8A	00	FDF5
919	2A8B	00	FDF5
919	2A8C	00	FDF5
919	2A8D	00	FDF5
919	2A8E	00	FDF5
919	2A8F	00	FDF5
919	2A90	00	FDF5
919	2A91	00	FDF5
919	2A92	00	FDF5
919	2A93	00	FDF5
919	2A94	00	FDF5
919	2A95	00	FDF5
919	2A96	00	FDF5
919	2A97	00	FDF5
919	2A98	00	FDF5
919	2A99	00	FDF5
919	2A9A	00	FDF5
919	2A9B	00	FDF5
919	2A9C	00	FDF5
919	2A9D	00	FDF5
919	2A9E	00	FDF5
919	2A9F	00	FDF5
919	2AA0	00	FDF5
919	2AA1	00	FDF5
919	2AA2	00	FDF5
919	2AA3	00	FDF5
919	2AA4	00	FDF5
919	2AA5	00	FDF5
919	2AA6	00	FDF5
919	2AA7	00	FDF5
919	2AA8	00	FDF5
919	2AA9	00	FDF5
919	2AAA	00	FDF5
919	2AAB	00	FDF5
919	2AAC	00	FDF5
919	2AAD	00	FDF5
919	2AAE	00	FDF5
919	2AAF	00	FDF5
919	2AB0	00	FDF5
919	2AB1	00	FDF5
919	2AB2	00	FDF5
919	2AB3	00	FDF5
919	2AB4	00	FDF5
919	2AB5	00	FDF5
919	2AB6	00	FDF5
919	2AB7	00	FDF5
919	2AB8	00	FDF5
919	2AB9	00	FDF5
919	2ABA	00	FDF5
919	2ABB	00	FDF5
919	2ABC	00	FDF5
919	2ABD	00	FDF5
919	2ABE	00	FDF5
919	2ABF	00	FDF5
919	2AC0	00	FDF5
919	2AC1	00	FDF5
919	2AC2	00	FDF5
919	2AC3	00	FDF5
919	2AC4	00	FDF5
919	2AC5	00	FDF5
919	2AC6	00	FDF5
919	2AC7	00	FDF5
919	2AC8	00	FDF5
919	2AC9	00	FDF5
919	2ACA	00	FDF5
919	2ACB	00	FDF5
919	2ACC	00	FDF5
919	2ACD	00	FDF5
919	2ACE	00	FDF5
919	2ACF	00	FDF5
919	2AD0	00	FDF5
919	2AD1	00	FDF5
919	2AD2	00	FDF5
919	2AD3	00	FDF5
919	2AD4	00	FDF5
919	2AD5	00	FDF5
919	2AD6	00	FDF5
919	2AD7	00	FDF5
919	2AD8	00	FDF5
919	2AD9	00	FDF5
919	2ADA	00	FDF5
919	2ADB	00	FDF5
919	2ADC	00	FDF5
919	2ADD	00	FDF5
919	2ADE	00	FDF5
919	2ADF	00	FDF5
919	2AE0	00	FDF5
919	2AE1	00	FDF5
919	2AE2	00	FDF5
919	2AE3	00	FDF5
919	2AE4	00	FDF5
919	2AE5	00	FDF5
919	2AE6	00	FDF5
919	2AE7	00	FDF5
919	2AE8	00	FDF5
919	2AE9	00	FDF5
919	2AEA	00	FDF5
919	2AEB	00	FDF5
919	2AEC	00	FDF5
919	2AED	00	FDF5
919	2AEE	00	FDF5
919	2AEF	00	FDF5
919	2AF0	00	FDF5
919	2AF1	00	FDF5
919	2AF2	00	FDF5
919	2AF3	00	FDF5
919	2AF4	00	FDF5
919	2AF5	00	FDF5
919	2AF6	00	FDF5
919	2AF7	00	FDF5
919	2AF8	00	FDF5
919	2AF9	00	FDF5
919	2AFA	00	FDF5
919	2AFB	00	FDF5
919	2AFC	00	FDF5
919	2AFD	00	FDF5
919	2AFE	00	FDF5
919	2AFF	00	FDF5
919	2B00	00	FDF5
919	2B01	00	FDF5
919	2B02	00	FDF5
919	2B03	00	FDF5
919	2B04	00	FDF5
919	2B05	00	FDF5
919	2B06	00	FDF5
919	2B07	00	FDF5
919	2B08	00	FDF5
919	2B09	00	FDF5
919	2B0A	00	FDF5
919	2B0B	00	FDF5
919	2B0C	00	FDF5
919	2B0D	00	FDF5
919	2B0E	00	FDF5
919	2B0F	00	FDF5
919	2B10	00	FDF5
919	2B11	00	FDF5
919	2B12	00	FDF5
919	2B13	00	FDF5
919	2B14	00	FDF5
919	2B15	00	FDF5
919	2B16	00	FDF5
919	2B17	00	FDF5
919	2B18	00	FDF5
919	2B19	00	FDF5
919	2B1A	00	FDF5
919	2B1B	00	FDF5
919	2B1C	00	FDF5
919	2B1D	00	FDF5
919	2B1E	00	FDF5
919	2B1F	00	FDF5
919	2B20	00	FDF5
919	2B21	00	FDF5
919	2B22	00	FDF5
919	2B23	00	FDF5
919	2B24	00	FDF5
919	2B25	00	FDF5
919	2B26	00	FDF5
919	2B27	00	FDF5
919	2B28	00	FDF5
919	2B29	00	FDF5
919	2B2A	00	FDF5
919	2B2B	00	FDF5
919	2B2C	00	FDF5
919	2B2D	00	FDF5
919	2B2E	00	FDF5
919	2B2F	00	FDF5
919	2B30	00	FDF5
919	2B31	00	FDF5
919	2B32	00	FDF5
919	2B33	00	FDF5
919	2B34	00	FDF5
919	2B35	00	FDF5
919	2B36	00	FDF5
919	2B37	00	FDF5
919	2B38	00	FDF5
919	2B39	00	FDF5
919	2B3A	00	FDF5
919	2B3B	00	FDF5
919	2B3C	00	FDF5
919	2B3D	00	FDF5
919	2B3E	00	FDF5
919	2B3F	00	FDF5
919	2B40	00	FDF5
919	2B41	00	FDF5
919	2B42	00	FDF5
919	2B43	00	FDF5
919	2B44	00	FDF5
919	2B45	00	FDF5
919	2B46	00	FDF5
919	2B47	00	FDF5
919	2B48	00	FDF5
919	2B49	00	FDF5
919	2B4A	00	FDF5
919	2B4B	00	FDF5
919	2B4C	00	FDF5
919	2B4D	00	FDF5
919	2B4E	00	FDF5
919	2B4F	00	FDF5
919	2B50	00	FDF5
919	2B51	00	FDF5
919	2B52	00	FDF5
919	2B53	00	FDF5
919	2B54	00	FDF5
919	2B55	00	FDF5
919	2B56	00	FDF5
919	2B57	00	FDF5
919	2B58	00	FDF5
919	2B59	00	FDF5
919	2B5A	00	FDF5
919	2B5B	00	FDF5
919	2B5C	00	FDF5
919	2B5D	00	FDF5
919	2B5E	00	FDF5
919	2B5F	00	FDF5
919	2B60	00	FDF5
919	2B61	00	FDF5
920	2B62	00	FDF5
920	2B63	00	FDF5
920	2B64	00	FDF5
920	2B65	00	FDF5
920	2B66	00	FDF5
920	2B67	00	FDF5
920	2B68	00	FDF5
920	2B69	00	FDF5
920	2B6A	00	FDF5
920	2B6B	00	FDF5
920	2B6C	00	FDF5
920	2B6D	00	FDF5
920	2B6E	00	FDF5
920	2B6F	00	FDF5
920	2B70	00	FDF5
920	2B71	00	FDF5
920	2B72	00	FDF5
920	2B73	00	FDF5
920	2B74	00	FDF5
920	2B75	00	FDF5
920	2B76	00	FDF5
920	2B77	00	FDF5
920	2B78	00	FDF5
920	2B79	00	FDF5
920	2B7A	00	FDF5
920	2B7B	00	FDF5
920	2B7C	00	FDF5
920	2B7D	00	FDF5
920	2B7E	00	FDF5
920	2B7F	00	FDF5
920	2B80	00	FDF5
920	2B81	00	FDF5
920	2B82	00	FDF5
920	2B83	00	FDF5
920	2B84	00	FDF5
920	2B85	00	FDF5
920	2B86	00	FDF5
920	2B87	00	FDF5
920	2B88	00	FDF5
920	2B89	00	FDF5
920	2B8A	00	FDF5
920	2B8B	00	FDF5
920	2B8C	00	FDF5
920	2B8D	00	FDF5
920	2B8E	00	FDF5
920	2B8F	00	FDF5
920	2B90	00	FDF5
920	2B91	00	FDF5
920	2B92	00	FDF5
920	2B93	00	FDF5
920	2B94	00	FDF5
920	2B95	00	FDF5
920	2B96	00	FDF5
920	2B97	00	FDF5
920	2B98	00	FDF5
920	2B99	00	FDF5
920	2B9A	00	FDF5
920	2B9B	00	FDF5
920	2B9C	00	FDF5
920	2B9D	00	FDF5
920	2B9E	00	FDF5
920	2B9F	00	FDF5
920	2BA0	00	FDF5
920	2BA1	00	FDF5
920	2BA2	00	FDF5
920	2BA3	00	FDF5
920	2BA4	00	FDF5
920	2BA5	00	FDF5
920	2BA6	00	FDF5
920	2BA7	00	FDF5
920	2BA8	00	FDF5
920	2BA9	00	FDF5
920	2BAA	00	FDF5
920	2BAB	00	FDF5
920	2BAC	00	FDF5
920	2BAD	00	FDF5
920	2BAE	00	FDF5
920	2BAF	00	FDF5
920	2BB0	00	FDF5
920	2BB1	00	FDF5
920	2BB2	00	FDF5
920	2BB3	00	FDF5
920	2BB4	00	FDF5
920	2BB5	00	FDF5
920	2BB6	00	FDF5
920	2BB7	00	FDF5
920	2BB8	00	FDF5
920	2BB9	00	FDF5
920	2BBA	00	FDF5
920	2BBB	00	FDF5
920	2BBC	00	FDF5
920	2BBD	00	FDF5
920	2BBE	00	FDF5
920	2BBF	00	FDF5
920	2BC0	00	FDF5
920	2BC1	00	FDF5
920	2BC2	00	FDF5
920	2BC3	00	FDF5
920	2BC4	00	FDF5
920	2BC5	00	FDF5
920	2BC6	00	FDF5
920	2BC7	00	FDF5
920	2BC8	00	FDF5
920	2BC9	00	FDF5
920	2BCA	00	FDF5
920	2BCB	00	FDF5
920	2BCC	00	FDF5
920	2BCD	00	FDF5
920	2BCE	00	FDF5
920	2BCF	00	FDF5
920	2BD0	00	FDF5
920	2BD1	00	FDF5
920	2BD2	00	FDF5
920	2BD3	00	FDF5
920	2BD4	00	FDF5
920	2BD5	00	FDF5
920	2BD6	00	FDF5
920	2BD7	00	FDF5
920	2BD8	00	FDF5
920	2BD9	00	FDF5
920	2BDA	00	FDF5
920	2BDB	00	FDF5
920	2BDC	00	FDF5
920	2BDD	00	FDF5
920	2BDE	00	FDF5
920	2BDF	00	FDF5
920	2BE0	00	FDF5
920	2BE1	00	FDF5
920	2BE2	00	FDF5
920	2BE3	00	FDF5
920	2BE4	00	FDF5
920	2BE5	00	FDF5
920	2BE6	00	FDF5
920	2BE7	00	FDF5
920	2BE8	00	FDF5
920	2BE9	00	FDF5
920	2BEA	00	FDF5
920	2BEB	00	FDF5
920	2BEC	00	FDF5
920	2BED	00	FDF5
920	2BEE	00	FDF5
920	2BEF	00	FDF5
920	2BF0	00	FDF5
920	2BF1	00	FDF5
920	2BF2	00	FDF5
920	2BF3	00	FDF5
920	2BF4	00	FDF5
920	2BF5	00	FDF5
920	2BF6	00	FDF5
920	2BF7	00	FDF5
920	2BF8	00	FDF5
920	2BF9	00	FDF5
920	2BFA	00	FDF5
920	2BFB	00	FDF5
920	2BFC	00	FDF5
920	2BFD	00	FDF5
920	2BFE	00	FDF5
920	2BFF	00	FDF5
920	2BC0	00	FE12
920	2BC1	00	FE12
920	2BC2	00	FE12
920	2BC3	00	FE12
920	2BC4	00	FE12
920	2BC5	00	FE12
920	2BC6	00	FE12
920	2BC7	00	FE12
920	2BC8	00	FE12
920	2BC9	00	FE12
920	2BCA	00	FE12
920	2BCB	00	FE12
920	2BCC	00	FE12
920	2BCD	00	FE12
920	2BCE	00	FE12
920	2BCF	00	FE12
920	2BD0	00	FE12
920	2BD1	00	FE12
920	2BD2	00	FE12
920	2BD3	00	FE12
920	2BD4	00	FE12
920	2BD5	00	FE12
920	2BD6	00	FE12
920	2BD7	00	FE12
920	2BD8	00	FE12
920	2BD9	00	FE12
920	2BDA	00	FE12
920	2BDB	00	FE12
920	2BDC	00	FE12
920	2BDD	00	FE12
920	2BDE	00	FE12
920	2BDF	00	FE12
920	2BE0	00	FE12
920	2BE1	00	FE12
920	2BE2	00	FE12
920	2BE3	00	FE12
920	2BE4	00	FE12
920	2BE5	00	FE12
920	2BE6	00	FE12
920	2BE7	00	FE12
920	2BE8	00	FE12
920	2BE9	00	FE12
920	2BEA	00	FE12
920	2BEB	00	FE12
920	2BEC	00	FE12
920	2BED	00	FE12
920	2BEE	00	FE12
920	2BEF	00	FE12
920	2BF0	00	FE12
920	2BF1	00	FE12
920	2BF2	00	FE12
920	2BF3	00	FE12
920	2BF4	00	FE12
920	2BF5	00	FE12
920	2BF6	00	FE12
920	2BF7	00	FE12
920	2BF8	00	FE12
920	2BF9	00	FE12
920	2BFA	00	FE12
920	2BFB	00	FE12
920	2BFC	00	FE12
920	2BFD	00	FE12
920	2BFE	00	FE12
920	2BFF	00	FE12
922	2000	00	FDF5
922	2001	00	FDF5
922	2002	00	FDF5
922	2003	00	FDF5
922	2004	00	FDF5
922	2005	00	FDF5
922	2006	00	FDF5
922	2007	00	FDF5
922	2008	00	FDF5
922	2009	00	FDF5
922	200A	00	FDF5
922	200B	00	FDF5
922	200C	00	FDF5
922	200D	00	FDF5
922	200E	00	FDF5
922	200F	00	FDF5
922	2010	00	FDF5
922	2011	00	FDF5
922	2012	00	FDF5
922	2013	00	FDF5
922	2014	00	FDF5
922	2015	00	FDF5
922	2016	00	FDF5
922	2017	00	FDF5
922	2018	00	FDF5
922	2019	00	FDF5
922	201A	00	FDF5
922	201B	00	FDF5
922	201C	00	FDF5
922	201D	00	FDF5
922	201E	00	FDF5
922	201F	00	FDF5
922	2020	00	FDF5
922	2021	00	FDF5
922	2022	00	FDF5
922	2023	00	FDF5
922	2024	00	FDF5
922	2025	00	FDF5
922	2026	00	FDF5
922	2027	00	FDF5
922	2028	00	FDF5
922	2029	00	FDF5
922	202A	00	FDF5
922	202B	00	FDF5
922	202C	00	FDF5
922	202D	00	FDF5
922	202E	00	FDF5
922	202F	00	FDF5
922	2030	00	FDF5
922	2031	00	FDF5
922	2032	00	FDF5
922	2033	00	FDF5
922	2034	00	FDF5
922	2035	00	FDF5
922	2036	00	FDF5
922	2037	00	FDF5
922	2038	00	FDF5
922	2039	00	FDF5
922	203A	00	FDF5
922	203B	00	FDF5
922	203C	00	FDF5
922	203D	00	FDF5
922	203E	00	FDF5
922	203F	00	FDF5
922	2040	00	FDF5
922	2041	00	FDF5
922	2042	00	FDF5
922	2043	00	FDF5
922	2044	00	FDF5
922	2045	00	FDF5
922	2046	00	FDF5
922	2047	00	FDF5
922	2048	00	FDF5
922	2049	00	FDF5
922	204A	00	FDF5
922	204B	00	FDF5
922	204C	00	FDF5
922	204D	00	FDF5
922	204E	00	FDF5
922	204F	00	FDF5
922	2050	00	FDF5
922	2051	00	FDF5
922	2052	00	FDF5
922	2053	00	FDF5
922	2054	00	FDF5
922	2055	00	FDF5
922	2056	00	FDF5
922	2057	00	FDF5
922	2058	00	FDF5
922	2059	00	FDF5
922	205A	00	FDF5
922	205B	00	FDF5
922	205C	00	FDF5
922	205D	00	FDF5
922	205E	00	FDF5
922	205F	00	FDF5
922	2060	00	FDF5
922	2061	00	FDF5
922	2062	00	FDF5
922	2063	00	FDF5
922	2064	00	FDF5
922	2065	00	FDF5
922	2066	00	FDF5
922	2067	00	FDF5
922	2068	00	FDF5
922	2069	00	FDF5
922	206A	00	FDF5
922	206B	00	FDF5
922	206C	00	FDF5
922	206D	00	FDF5
922	206E	00	FDF5
922	206F	00	FDF5
922	2070	00	FDF5
922	2071	00	FDF5
922	2072	00	FDF5
922	2073	00	FDF5
922	2074	00	FDF5
922	2075	00	FDF5
922	2076	00	FDF5
922	2077	00	FDF5
922	2078	00	FDF5
922	2079	00	FDF5
922	207A	00	FDF5
922	207B	00	FDF5
922	207C	00	FDF5
922	207D	00	FDF5
922	207E	00	FDF5
922	207F	00	FDF5
922	2080	00	FDF5
922	2081	00	FDF5
922	2082	00	FDF5
922	2083	00	FDF5
922	2084	00	FDF5
922	2085	00	FDF5
922	2086	00	FDF5
922	2087	00	FDF5
922	2088	00	FDF5
922	2089	00	FDF5
922	208A	00	FDF5
922	208B	00	FDF5
922	208C	00	FDF5
922	208D	00	FDF5
922	208E	00	FDF5
922	208F	00	FDF5
922	2090	00	FDF5
922	2091	00	FDF5
922	2092	00	FDF5
922	2093	00	FDF5
922	2094	00	FDF5
922	2095	00	FDF5
922	2096	00	FDF5
922	2097	00	FDF5
922	2098	00	FDF5
922	2099	00	FDF5
922	209A	00	FDF5
922	209B	00	FDF5
922	209C	00	FDF5
922	209D	00	FDF5
922	209E	00	FDF5
922	209F	00	FDF5
922	20A0	00	FDF5
922	20A1	00	FDF5
922	20A2	00	FDF5
922	20A3	00	FDF5
922	20A4	00	FDF5
922	20A5	00	FDF5
922	20A6	00	FDF5
922	20A7	00	FDF5
922	20A8	00	FDF5
922	20A9	00	FDF5
922	20AA	00	FDF5
922	20AB	00	FDF5
922	20AC	00	FDF5
922	20AD	00	FDF5
922	20AE	00	FDF5
922	20AF	00	FDF5
922	20B0	00	FDF5
922	20B1	00	FDF5
922	20B2	00	FDF5
922	20B3	00	FDF5
922	20B4	00	FDF5
922	20B5	00	FDF5
922	20B6	00	FDF5
922	20B7	00	FDF5
922	20B8	00	FDF5
922	20B9	00	FDF5
922	20BA	00	FDF5
922	20BB	00	FDF5
922	20BC	00	FDF5
922	20BD	00	FDF5
922	20BE	00	FDF5
922	20BF	00	FDF5
922	20C0	00	FDF5
922	20C1	00	FDF5
922	20C2	00	FDF5
922	20C3	00	FDF5
922	20C4	00	FDF5
922	20C5	00	FDF5
922	20C6	00	FDF5
922	20C7	00	FDF5
922	20C8	00	FDF5
922	20C9	00	FDF5
922	20CA	00	FDF5
922	20CB	00	FDF5
922	20CC	00	FDF5
922	20CD	00	FDF5
922	20CE	00	FDF5
922	20CF	00	FDF5
922	20D0	00	FDF5
922	20D1	00	FDF5
922	20D2	00	FDF5
922	20D3	00	FDF5
922	20D4	00	FDF5
922	20D5	00	FDF5
922	20D6	00	FDF5
922	20D7	00	FDF5
922	20D8	00	FDF5
922	20D9	00	FDF5
922	20DA	00	FDF5
922	20DB	00	FDF5
922	20DC	00	FDF5
922	20DD	00	FDF5
922	20DE	00	FDF5
922	20DF	00	FDF5
922	20E0	00	FDF5
922	20E1	00	FDF5
922	20E2	00	FDF5
922	20E3	00	FDF5
922	20E4	00	FDF5
922	20E5	00	FDF5
922	20E6	00	FDF5
922	20E7	00	FDF5
922	20E8	00	FDF5
922	20E9	00	FDF5
922	20EA	00	FDF5
922	20EB	00	FDF5
922	20EC	00	FDF5
922	20ED	00	FDF5
922	20EE	00	FDF5
922	20EF	00	FDF5
922	20F0	00	FDF5
922	20F1	00	FDF5
922	20F2	00	FDF5
922	20F3	00	FDF5
922	20F4	00	FDF5
922	20F5	00	FDF5
922	20F6	00	FDF5
922	20F7	00	FDF5
922	20F8	00	FDF5
922	20F9	00	FDF5
922	20FA	00	FDF5
922	20FB	00	FDF5
922	20FC	00	FDF5
922	20FD	00	FDF5
922	20FE	00	FDF5
922	20FF	00	FDF5
922	2100	00	FDF5
922	2101	00	FDF5
922	2102	00	FDF5
922	2103	00	FDF5
922	2104	00	FDF5
922	2105	00	FDF5
922	2106	00	FDF5
922	2107	00	FDF5
922	2108	00	FDF5
922	2109	00	FDF5
922	210A	00	FDF5
922	210B	00	FDF5
922	210C	00	FDF5
922	210D	00	FDF5
922	210E	00	FDF5
922	210F	00	FDF5
922	2110	00	FDF5
922	2111	00	FDF5
922	2112	00	FDF5
922	2113	00	FDF5
922	2114	00	FDF5
922	2115	00	FDF5
922	2116	00	FDF5
922	2117	00	FDF5
922	2118	00	FDF5
922	2119	00	FDF5
922	211A	00	FDF5
922	211B	00	FDF5
922	211C	00	FDF5
922	211D	00	FDF5
922	211E	00	FDF5
922	211F	00	FDF5
922	2120	00	FDF5
922	2121	00	FDF5
922	2122	00	FDF5
922	2123	00	FDF5
922	2124	00	FDF5
922	2125	00	FDF5
922	2126	00	FDF5
922	2127	00	FDF5
922	2128	00	FDF5
922	2129	00	FDF5
922	212A	00	FDF5
922	212B	00	FDF5
922	212C	00	FDF5
922	212D	00	FDF5
922	212E	00	FDF5
922	212F	00	FDF5
922	2130	00	FDF5
922	2131	00	FDF5
922	2132	00	FDF5
922	2133	00	FDF5
922	2134	00	FDF5
922	2135	00	FDF5
922	2136	00	FDF5
922	2137	00	FDF5
922	2138	00	FDF5
922	2139	00	FDF5
922	213A	00	FDF5
922	213B	00	FDF5
922	213C	00	FDF5
922	213D	00	FDF5
922	213E	00	FDF5
922	213F	00	FDF5
922	2140	00	FDF5
922	2141	00	FDF5
922	2142	00	FDF5
922	2143	00	FDF5
922	2144	00	FDF5
922	2145	00	FDF5
922	2146	00	FDF5
922	2147	00	FDF5
922	2148	00	FDF5
922	2149	00	FDF5
922	214A	00	FDF5
922	214B	00	FDF5
922	214C	00	FDF5
922	214D	00	FDF5
922	214E	00	FDF5
922	214F	00	FDF5
922	2150	00	FDF5
922	2151	00	FDF5
922	2152	00	FDF5
922	2153	00	FDF5
922	2154	00	FDF5
922	2155	00	FDF5
922	2156	00	FDF5
922	2157	00	FDF5
922	2158	00	FDF5
922	2159	00	FDF5
922	215A	00	FDF5
922	215B	00	FDF5
922	215C	00	FDF5
922	215D	00	FDF5
922	215E	00	FDF5
922	215F	00	FDF5
922	2160	00	FDF5
922	2161	00	FDF5
922	2162	00	FDF5
922	2163	00	FDF5
922	2164	00	FDF5
922	2165	00	FDF5
922	2166	00	FDF5
922	2167	00	FDF5
922	2168	00	FDF5
922	2169	00	FDF5
922	216A	00	FDF5
922	216B	00	FDF5
922	216C	00	FDF5
922	216D	00	FDF5
922	216E	00	FDF5
922	216F	00	FDF5
922	2170	00	FDF5
922	2171	00	FDF5
922	2172	00	FDF5
922	2173	00	FDF5
922	2174	00	FDF5
922	2175	00	FDF5
922	2176	00	FDF5
922	2177	00	FDF5
922	2178	00	FDF5
922	2179	00	FDF5
922	217A	00	FDF5
922	217B	00	FDF5
922	217C	00	FDF5
922	217D	00	FDF5
922	217E	00	FDF5
922	217F	00	FDF5
922	2180	00	FDF5
922	2181	00	FDF5
922	2182	00	FDF5
922	2183	00	FDF5
922	2184	00	FDF5
922	2185	00	FDF5
922	2186	00	FDF5
922	2187	00	FDF5
922	2188	00	FDF5
922	2189	00	FDF5
922	218A	00	FDF5
922	218B	00	FDF5
922	218C	00	FDF5
922	218D	00	FDF5
922	218E	00	FDF5
922	218F	00	FDF5
922	2190	00	FDF5
922	2191	00	FDF5
922	2192	00	FDF5
922	2193	00	FDF5
922	2194	00	FDF5
922	2195	00	FDF5
922	2196	00	FDF5
922	2197	00	FDF5
922	2198	00	FDF5
922	2199	00	FDF5
922	219A	00	FDF5
922	219B	00	FDF5
922	219C	00	FDF5
922	219D	00	FDF5
922	219E	00	FDF5
922	219F	00	FDF5
922	21A0	00	FDF5
922	21A1	00	FDF5
922	21A2	00	FDF5
922	21A3	00	FDF5
922	21A4	00	FDF5
922	21A5	00	FDF5
922	21A6	00	FDF5
922	21A7	00	FDF5
922	21A8	00	FDF5
922	21A9	00	FDF5
922	21AA	00	FDF5
922	21AB	00	FDF5
922	21AC	00	FDF5
922	21AD	00	FDF5
922	21AE	00	FDF5
922	21AF	00	FDF5
922	21B0	00	FDF5
922	21B1	00	FDF5
922	21B2	00	FDF5
922	21B3	00	FDF5
922	21B4	00	FDF5
922	21B5	00	FDF5
922	21B6	00	FDF5
922	21B7	00	FDF5
922	21B8	00	FDF5
922	21B9	00	FDF5
922	21BA	00	FDF5
922	21BB	00	FDF5
922	21BC	00	FDF5
922	21BD	00	FDF5
922	21BE	00	FDF5
922	21BF	00	FDF5
922	21C0	00	FDF5
922	21C1	00	FDF5
922	21C2	00	FDF5
922	21C3	00	FDF5
922	21C4	00	FDF5
922	21C5	00	FDF5
922	21C6	00	FDF5
922	21C7	00	FDF5
922	21C8	00	FDF5
922	21C9	00	FDF5
922	21CA	00	FDF5
922	21CB	00	FDF5
922	21CC	00	FDF5
922	21CD	00	FDF5
922	21CE	00	FDF5
922	21CF	00	FDF5
922	21D0	00	FDF5
922	21D1	00	FDF5
922	21D2	00	FDF5
922	21D3	00	FDF5
922	21D4	00	FDF5
922	21D5	00	FDF5
922	21D6	00	FDF5
922	21D7	00	FDF5
922	21D8	00	FDF5
922	21D9	00	FDF5
922	21DA	00	FDF5
922	21DB	00	FDF5
922	21DC	00	FDF5
922	21DD	00	FDF5
922	21DE	00	FDF5
922	21DF	00	FDF5
922	21E0	00	FDF5
922	21E1	00	FDF5
922	21E2	00	FDF5
922	21E3	00	FDF5
922	21E4	00	FDF5
922	21E5	00	FDF5
922	21E6	00	FDF5
922	21E7	00	FDF5
922	21E8	00	FDF5
922	21E9	00	FDF5
922	21EA	00	FDF5
922	21EB	00	FDF5
922	21EC	00	FDF5
922	21ED	00	FDF5
922	21EE	00	FDF5
922	21EF	00	FDF5
922	21F0	00	FDF5
922	21F1	00	FDF5
922	21F2	00	FDF5
922	21F3	00	FDF5
922	21F4	00	FDF5
922	21F5	00	FDF5
922	21F6	00	FDF5
922	21F7	00	FDF5
922	21F8	00	FDF5
922	21F9	00	FDF5
922	21FA	00	FDF5
922	21FB	00	FDF5
922	21FC	00	FDF5
922	21FD	00	FDF5
922	21FE	00	FDF5
922	21FF	00	FDF5
922	2200	00	FDF5
922	2201	00	FDF5
922	2202	00	FDF5
922	2203	00	FDF5
922	2204	00	FDF5
922	2205	00	FDF5
922	2206	00	FDF5
922	2207	00	FDF5
922	2208	00	FDF5
922	2209	00	FDF5
922	220A	00	FDF5
922	220B	00	FDF5
922	220C	00	FDF5
922	220D	00	FDF5
922	220E	00	FDF5
922	220F	00	FDF5
922	2210	00	FDF5
922	2211	00	FDF5
922	2212	00	FDF5
922	2213	00	FDF5
922	2214	00	FDF5
922	2215	00	FDF5
922	2216	00	FDF5
922	2217	00	FDF5
922	2218	00	FDF5
922	2219	00	FDF5
922	221A	00	FDF5
922	221B	00	FDF5
922	221C	00	FDF5
922	221D	00	FDF5
922	221E	00	FDF5
922	221F	00	FDF5
922	2220	00	FDF5
922	2221	00	FDF5
922	2222	00	FDF5
922	2223	00	FDF5
922	2224	00	FDF5
922	2225	00	FDF5
922	2226	00	FDF5
922	2227	00	FDF5
922	2228	00	FDF5
922	2229	00	FDF5
922	222A	00	FDF5
922	222B	00	FDF5
922	222C	00	FDF5
922	222D	00	FDF5
922	222E	00	FDF5
922	222F	00	FDF5
922	2230	00	FDF5
922	2231	00	FDF5
922	2232	00	FDF5
922	2233	00	FDF5
922	2234	00	FDF5
922	2235	00	FDF5
922	2236	00	FDF5
922	2237	00	FDF5
922	2238	00	FDF5
922	2239	00	FDF5
922	223A	00	FDF5
922	223B	00	FDF5
922	223C	00	FDF5
922	223D	00	FDF5
922	223E	00	FDF5
922	223F	00	FDF5
922	2240	00	FDF5
922	2241	00	FDF5
922	2242	00	FDF5
922	2243	00	FDF5
922	2244	00	FDF5
922	2245	00	FDF5
922	2246	00	FDF5
922	2247	00	FDF5
922	2248	00	FDF5
922	2249	00	FDF5
922	224A	00	FDF5
922	224B	00	FDF5
922	224C	00	FDF5
922	224D	00	FDF5
922	224E	00	FDF5
922	224F	00	FDF5
922	2250	00	FDF5
922	2251	00	FDF5
922	2252	00	FDF5
922	2253	00	FDF5
922	2254	00	FDF5
922	2255	00	FDF5
922	2256	00	FDF5
922	2257	00	FDF5
922	2258	00	FDF5
922	2259	00	FDF5
922	225A	00	FDF5
922	225B	00	FDF5
922	225C	00	FDF5
922	225D	00	FDF5
922	225E	00	FDF5
922	225F	00	FDF5
922	2260	00	FDF5
922	2261	00	FDF5
922	2262	00	FDF5
922	2263	00	FDF5
922	2264	00	FDF5
922	2265	00	FDF5
922	2266	00	FDF5
922	2267	00	FDF5
922	2268	00	FDF5
922	2269	00	FDF5
922	226A	00	FDF5
922	226B	00	FDF5
922	226C	00	FDF5
922	226D	00	FDF5
922	226E	00	FDF5
922	226F	00	FDF5
922	2270	00	FDF5
922	2271	00	FDF5
922	2272	00	FDF5
922	2273	00	FDF5
922	2274	00	FDF5
922	2275	00	FDF5
922	2276	00	FDF5
922	2277	00	FDF5
922	2278	00	FDF5
922	2279	00	FDF5
922	227A	00	FDF5
922	227B	00	FDF5
922	227C	00	FDF5
922	227D	00	FDF5
922	227E	00	FDF5
922	227F	00	FDF5
922	2280	00	FDF5
922	2281	00	FDF5
922	2282	00	FDF5
922	2283	00	FDF5
922	2284	00	FDF5
922	2285	00	FDF5
922	2286	00	FDF5
922	2287	00	FDF5
922	2288	00	FDF5
922	2289	00	FDF5
922	228A	00	FDF5
922	228B	00	FDF5
922	228C	00	FDF5
922	228D	00	FDF5
922	228E	00	FDF5
922	228F	00	FDF5
922	2290	00	FDF5
922	2291	00	FDF5
922	2292	00	FDF5
922	2293	00	FDF5
922	2294	00	FDF5
922	2295	00	FDF5
922	2296	00	FDF5
922	2297	00	FDF5
922	2298	00	FDF5
922	2299	00	FDF5
922	229A	00	FDF5
922	229B	00	FDF5
922	229C	00	FDF5
922	229D	00	FDF5
922	229E	00	FDF5
922	229F	00	FDF5
922	22A0	00	FDF5
922	22A1	00	FDF5
922	22A2	00	FDF5
922	22A3	00	FDF5
922	22A4	00	FDF5
922	22A5	00	FDF5
922	22A6	00	FDF5
922	22A7	00	FDF5
922	22A8	00	FDF5
922	22A9	00	FDF5
922	22AA	00	FDF5
922	22AB	00	FDF5
922	22AC	00	FDF5
922	22AD	00	FDF5
922	22AE	00	FDF5
922	22AF	00	FDF5
922	22B0	00	FDF5
922	22B1	00	FDF5
922	22B2	00	FDF5
922	22B3	00	FDF5
922	22B4	00	FDF5
922	22B5	00	FDF5
922	22B6	00	FDF5
922	22B7	00	FDF5
922	22B8	00	FDF5
922	22B9	00	FDF5
922	22BA	00	FDF5
922	22BB	00	FDF5
922	22BC	00	FDF5
922	22BD	00	FDF5
922	22BE	00	FDF5
922	22BF	00	FDF5
922	22C0	00	FDF5
922	22C1	00	FDF5
922	22C2	00	FDF5
922	22C3	00	FDF5
922	22C4	00	FDF5
922	22C5	00	FDF5
922	22C6	00	FDF5
922	22C7	00	FDF5
922	22C8	00	FDF5
922	22C9	00	FDF5
922	22CA	00	FDF5
922	22CB	00	FDF5
922	22CC	00	FDF5
922	22CD	00	FDF5
922	22CE	00	FDF5
922	22CF	00	FDF5
922	22D0	00	FDF5
922	22D1	00	FDF5
922	22D2	00	FDF5
922	22D3	00	FDF5
922	22D4	00	FDF5
922	22D5	00	FDF5
922	22D6	00	FDF5
922	22D7	00	FDF5
922	22D8	00	FDF5
922	22D9	00	FDF5
922	22DA	00	FDF5
922	22DB	00	FDF5
922	22DC	00	FDF5
922	22DD	00	FDF5
922	22DE	00	FDF5
922	22DF	00	FDF5
922	22E0	00	FDF5
922	22E1	00	FDF5
922	22E2	00	FDF5
922	22E3	00	FDF5
922	22E4	00	FDF5
922	22E5	00	FDF5
922	22E6	00	FDF5
922	22E7	00	FDF5
922	22E8	00	FDF5
922	22E9	00	FDF5
922	22EA	00	FDF5
922	22EB	00	FDF5
922	22EC	00	FDF5
922	22ED	00	FDF5
922	22EE	00	FDF5
922	22EF	00	FDF5
922	22F0	00	FDF5
922	22F1	00	FDF5
922	22F2	00	FDF5
922	22F3	00	FDF5
922	22F4	00	FDF5
922	22F5	00	FDF5
922	22F6	00	FDF5
922	22F7	00	FDF5
922	22F8	00	FDF5
922	22F9	00	FDF5
922	22FA	00	FDF5
922	22FB	00	FDF5
922	22FC	00	FDF5
922	22FD	00	FDF5
922	22FE	00	FDF5
922	22FF	00	FDF5
922	2300	00	FDF5
922	2301	00	FDF5
922	2302	00	FDF5
922	2303	00	FDF5
922	2304	00	FDF5
922	2305	00	FDF5
922	2306	00	FDF5
922	2307	00	FDF5
922	2308	00	FDF5
922	2309	00	FDF5
922	230A	00	FDF5
922	230B	00	FDF5
922	230C	00	FDF5
922	230D	00	FDF5
922	230E	00	FDF5
922	230F	00	FDF5
922	2310	00	FDF5
922	2311	00	FDF5
922	2312	00	FDF5
922	2313	00	FDF5
922	2314	00	FDF5
922	2315	00	FDF5
922	2316	00	FDF5
922	2317	00	FDF5
922	2318	00	FDF5
922	2319	00	FDF5
922	231A	00	FDF5
922	231B	00	FDF5
922	231C	00	FDF5
922	231D	00	FDF5
922	231E	00	FDF5
922	231F	00	FDF5
922	2320	00	FDF5
922	2321	00	FDF5
922	2322	00	FDF5
922	2323	00	FDF5
922	2324	00	FDF5
922	2325	00	FDF5
922	2326	00	FDF5
922	2327	00	FDF5
922	2328	00	FDF5
922	2329	00	FDF5
922	232A	00	FDF5
922	232B	00	FDF5
922	232C	00	FDF5
922	232D	00	FDF5
922	232E	00	FDF5
922	232F	00	FDF5
922	2330	00	FDF5
922	2331	00	FDF5
922	2332	00	FDF5
922	2333	00	FDF5
922	2334	00	FDF5
922	2335	00	FDF5
922	2336	00	FDF5
922	2337	00	FDF5
922	2338	00	FDF5
922	2339	00	FDF5
922	233A	00	FDF5
922	233B	00	FDF5
922	233C	00	FDF5
922	233D	00	FDF5
922	233E	00	FDF5
922	233F	00	FDF5
922	2340	00	FDF5
922	2341	00	FDF5
922	2342	00	FDF5
922	2343	00	FDF5
922	2344	00	FDF5
922	2345	00	FDF5
922	2346	00	FDF5
922	2347	00	FDF5
922	2348	00	FDF5
922	2349	00	FDF5
922	234A	00	FDF5
922	234B	00	FDF5
922	234C	00	FDF5
922	234D	00	FDF5
922	234E	00	FDF5
922	234F	00	FDF5
922	2350	00	FDF5
922	2351	00	FDF5
922	2352	00	FDF5
922	2353	00	FDF5
922	2354	00	FDF5
922	2355	00	FDF5
922	2356	00	FDF5
922	2357	00	FDF5
922	2358	00	FDF5
922	2359	00	FDF5
922	235A	00	FDF5
922	235B	00	FDF5
922	235C	00	FDF5
922	235D	00	FDF5
922	235E	00	FDF5
922	235F	00	FDF5
922	2360	00	FDF5
922	2361	00	FDF5
922	2362	00	FDF5
922	2363	00	FDF5
922	2364	00	FDF5
922	2365	00	FDF5
922	2366	00	FDF5
922	2367	00	FDF5
922	2368	00	FDF5
922	2369	00	FDF5
922	236A	00	FDF5
922	236B	00	FDF5
922	236C	00	FDF5
922	236D	00	FDF5
922	236E	00	FDF5
922	236F	00	FDF5
922	2370	00	FDF5
922	2371	00	FDF5
922	2372	00	FDF5
922	2373	00	FDF5
922	2374	00	FDF5
922	2375	00	FDF5
922	2376	00	FDF5
922	2377	00	FDF5
922	2378	00	FDF5
922	2379	00	FDF5
922	237A	00	FDF5
922	237B	00	FDF5
922	237C	00	FDF5
922	237D	00	FDF5
922	237E	00	FDF5
922	237F	00	FDF5
922	2380	00	FDF5
922	2381	00	FDF5
922	2382	00	FDF5
922	2383	00	FDF5
922	2384	00	FDF5
922	2385	00	FDF5
922	2386	00	FDF5
922	2387	00	FDF5
922	2388	00	FDF5
922	2389	00	FDF5
922	238A	00	FDF5
922	238B	00	FDF5
922	238C	00	FDF5
922	238D	00	FDF5
922	238E	00	FDF5
922	238F	00	FDF5
922	2390	00	FDF5
922	2391	00	FDF5
922	2392	00	FDF5
922	2393	00	FDF5
922	2394	00	FDF5
922	2395	00	FDF5
922	2396	00	FDF5
922	2397	00	FDF5
922	2398	00	FDF5
922	2399	00	FDF5
922	239A	00	FDF5
922	239B	00	FDF5
922	239C	00	FDF5
922	239D	00	FDF5
922	239E	00	FDF5
922	239F	00	FDF5
922	23A0	00	FDF5
922	23A1	00	FDF5
922	23A2	00	FDF5
922	23A3	00	FDF5
922	23A4	00	FDF5
922	23A5	00	FDF5
922	23A6	00	FDF5
922	23A7	00	FDF5
922	23A8	00	FDF5
922	23A9	00	FDF5
922	23AA	00	FDF5
922	23AB	00	FDF5
922	23AC	00	FDF5
922	23AD	00	FDF5
922	23AE	00	FDF5
922	23AF	00	FDF5
922	23B0	00	FDF5
922	23B1	00	FDF5
922	23B2	00	FDF5
922	23B3	00	FDF5
922	23B4	00	FDF5
922	23B5	00	FDF5
922	23B6	00	FDF5
922	23B7	00	FDF5
922	23B8	00	FDF5
922	23B9	00	FDF5
922	23BA	00	FDF5
922	23BB	00	FDF5
922	23BC	00	FDF5
922	23BD	00	FDF5
922	23BE	00	FDF5
922	23BF	00	FDF5
922	23C0	00	FDF5
922	23C1	00	FDF5
922	23C2	00	FDF5
922	23C3	00	FDF5
922	23C4	00	FDF5
922	23C5	00	FDF5
922	23C6	00	FDF5
922	23C7	00	FDF5
922	23C8	00	FDF5
922	23C9	00	FDF5
922	23CA	00	FDF5
922	23CB	00	FDF5
922	23CC	00	FDF5
922	23CD	00	FDF5
922	23CE	00	FDF5
922	23CF	00	FDF5
922	23D0	00	FDF5
922	23D1	00	FDF5
922	23D2	00	FDF5
922	23D3	00	FDF5
922	23D4	00	FDF5
922	23D5	00	FDF5
922	23D6	00	FDF5
922	23D7	00	FDF5
922	23D8	00	FDF5
922	23D9	00	FDF5
922	23DA	00	FDF5
922	23DB	00	FDF5
922	23DC	00	FDF5
922	23DD	00	FDF5
922	23DE	00	FDF5
922	23DF	00	FDF5
922	23E0	00	FDF5
922	23E1	00	FDF5
922	23E2	00	FDF5
922	23E3	00	FDF5
922	23E4	00	FDF5
922	23E5	00	FDF5
922	23E6	00	FDF5
922	23E7	00	FDF5
922	23E8	00	FDF5
922	23E9	00	FDF5
922	23EA	00	FDF5
922	23EB	00	FDF5
922	23EC	00	FDF5
922	23ED	00	FDF5
922	23EE	00	FDF5
922	23EF	00	FDF5
922	23F0	00	FDF5
922	23F1	00	FDF5
922	23F2	00	FDF5
922	23F3	00	FDF5
922	23F4	00	FDF5
922	23F5	00	FDF5
922	23F6	00	FDF5
922	23F7	00	FDF5
922	23F8	00	FDF5
922	23F9	00	FDF5
922	23FA	00	FDF5
922	23FB	00	FDF5
922	23FC	00	FDF5
922	23FD	00	FDF5
922	23FE	00	FDF5
922	23FF	00	FDF5
922	23C0	00	FE12
922	23C1	00	FE12
922	23C2	00	FE12
922	23C3	00	FE12
922	23C4	00	FE12
922	23C5	00	FE12
922	23C6	00	FE12
922	23C7	00	FE12
922	23C8	00	FE12
922	23C9	00	FE12
922	23CA	00	FE12
922	23CB	00	FE12
922	23CC	00	FE12
922	23CD	00	FE12
922	23CE	00	FE12
922	23CF	00	FE12
922	23D0	00	FE12
922	23D1	00	FE12
922	23D2	00	FE12
922	23D3	00	FE12
922	23D4	00	FE12
922	23D5	00	FE12
922	23D6	00	FE12
922	23D7	00	FE12
922	23D8	00	FE12
922	23D9	00	FE12
922	23DA	00	FE12
922	23DB	00	FE12
922	23DC	00	FE12
922	23DD	00	FE12
922	23DE	00	FE12
922	23DF	00	FE12
922	23E0	00	FE12
922	23E1	00	FE12
922	23E2	00	FE12
922	23E3	00	FE12
922	23E4	00	FE12
922	23E5	00	FE12
922	23E6	00	FE12
922	23E7	00	FE12
922	23E8	00	FE12
922	23E9	00	FE12
922	23EA	00	FE12
922	23EB	00	FE12
922	23EC	00	FE12
922	23ED	00	FE12
922	23EE	00	FE12
922	23EF	00	FE12
922	23F0	00	FE12
922	23F1	00	FE12
922	23F2	00	FE12
922	23F3	00	FE12
922	23F4	00	FE12
922	23F5	00	FE12
922	23F6	00	FE12
922	23F7	00	FE12
922	23F8	00	FE12
922	23F9	00	FE12
922	23FA	00	FE12
922	23FB	00	FE12
922	23FC	00	FE12
922	23FD	00	FE12
922	23FE	00	FE12
922	23FF	00	FE12
922	2400	00	FDF5
922	2401	00	FDF5
922	2402	00	FDF5
922	2403	00	FDF5
922	2404	00	FDF5
922	2405	00	FDF5
922	2406	00	FDF5
922	2407	00	FDF5
922	2408	00	FDF5
922	2409	00	FDF5
922	240A	00	FDF5
922	240B	00	FDF5
922	240C	00	FDF5
922	240D	00	FDF5
922	240E	00	FDF5
922	240F	00	FDF5
922	2410	00	FDF5
922	2411	00	FDF5
922	2412	00	FDF5
922	2413	00	FDF5
922	2414	00	FDF5
922	2415	00	FDF5
922	2416	00	FDF5
922	2417	00	FDF5
922	2418	00	FDF5
922	2419	00	FDF5
922	241A	00	FDF5
922	241B	00	FDF5
922	241C	00	FDF5
922	241D	00	FDF5
922	241E	00	FDF5
922	241F	00	FDF5
922	2420	00	FDF5
922	2421	00	FDF5
922	2422	00	FDF5
922	2423	00	FDF5
922	2424	00	FDF5
922	2425	00	FDF5
922	2426	00	FDF5
922	2427	00	FDF5
922	2428	00	FDF5
922	2429	00	FDF5
922	242A	00	FDF5
922	242B	00	FDF5
922	242C	00	FDF5
922	242D	00	FDF5
922	242E	00	FDF5
922	242F	00	FDF5
922	2430	00	FDF5
922	2431	00	FDF5
922	2432	00	FDF5
922	2433	00	FDF5
922	2434	00	FDF5
922	2435	00	FDF5
922	2436	00	FDF5
922	2437	00	FDF5
922	2438	00	FDF5
922	2439	00	FDF5
922	243A	00	FDF5
922	243B	00	FDF5
922	243C	00	FDF5
922	243D	00	FDF5
922	243E	00	FDF5
922	243F	00	FDF5
922	2440	00	FDF5
922	2441	00	FDF5
922	2442	00	FDF5
922	2443	00	FDF5
922	2444	00	FDF5
922	2445	00	FDF5
922	2446	00	FDF5
922	2447	00	FDF5
922	2448	00	FDF5
922	2449	00	FDF5
922	244A	00	FDF5
922	244B	00	FDF5
922	244C	00	FDF5
922	244D	00	FDF5
922	244E	00	FDF5
922	244F	00	FDF5
922	2450	00	FDF5
922	2451	00	FDF5
922	2452	00	FDF5
922	2453	00	FDF5
922	2454	00	FDF5
922	2455	00	FDF5
922	2456	00	FDF5
922	2457	00	FDF5
922	2458	00	FDF5
922	2459	00	FDF5
922	245A	00	FDF5
922	245B	00	FDF5
922	245C	00	FDF5
922	245D	00	FDF5
922	245E	00	FDF5
922	245F	00	FDF5
922	2460	00	FDF5
922	2461	00	FDF5
922	2462	00	FDF5
922	2463	00	FDF5
922	2464	00	FDF5
922	2465	00	FDF5
922	2466	00	FDF5
922	2467	00	FDF5
922	2468	00	FDF5
922	2469	00	FDF5
922	246A	00	FDF5
922	246B	00	FDF5
922	246C	00	FDF5
922	246D	00	FDF5
922	246E	00	FDF5
922	246F	00	FDF5
922	2470	00	FDF5
922	2471	00	FDF5
922	2472	00	FDF5
922	2473	00	FDF5
922	2474	00	FDF5
922	2475	00	FDF5
922	2476	00	FDF5
922	2477	00	FDF5
922	2478	00	FDF5
922	2479	00	FDF5
922	247A	00	FDF5
922	247B	00	FDF5
922	247C	00	FDF5
922	247D	00	FDF5
922	247E	00	FDF5
922	247F	00	FDF5
922	2480	00	FDF5
922	2481	00	FDF5
922	2482	00	FDF5
922	2483	00	FDF5
922	2484	00	FDF5
922	2485	00	FDF5
922	2486	00	FDF5
922	2487	00	FDF5
922	2488	00	FDF5
922	2489	00	FDF5
922	248A	00	FDF5
922	248B	00	FDF5
922	248C	00	FDF5
922	248D	00	FDF5
922	248E	00	FDF5
922	248F	00	FDF5
922	2490	00	FDF5
922	2491	00	FDF5
922	2492	00	FDF5
922	2493	00	FDF5
922	2494	00	FDF5
922	2495	00	FDF5
922	2496	00	FDF5
922	2497	00	FDF5
922	2498	00	FDF5
922	2499	00	FDF5
922	249A	00	FDF5
922	249B	00	FDF5
922	249C	00	FDF5
922	249D	00	FDF5
922	249E	00	FDF5
922	249F	00	FDF5
922	24A0	00	FDF5
922	24A1	00	FDF5
922	24A2	00	FDF5
922	24A3	00	FDF5
922	24A4	00	FDF5
922	24A5	00	FDF5
922	24A6	00	FDF5
922	24A7	00	FDF5
922	24A8	00	FDF5
922	24A9	00	FDF5
922	24AA	00	FDF5
922	24AB	00	FDF5
922	24AC	00	FDF5
922	24AD	00	FDF5
922	24AE	00	FDF5
922	24AF	00	FDF5
922	24B0	00	FDF5
922	24B1	00	FDF5
922	24B2	00	FDF5
922	24B3	00	FDF5
922	24B4	00	FDF5
922	24B5	00	FDF5
922	24B6	00	FDF5
922	24B7	00	FDF5
922	24B8	00	FDF5
922	24B9	00	FDF5
922	24BA	00	FDF5
922	24BB	00	FDF5
922	24BC	00	FDF5
922	24BD	00	FDF5
922	24BE	00	FDF5
922	24BF	00	FDF5
922	24C0	00	FDF5
922	24C1	00	FDF5
922	24C2	00	FDF5
922	24C3	00	FDF5
922	24C4	00	FDF5
922	24C5	00	FDF5
922	24C6	00	FDF5
922	24C7	00	FDF5
922	24C8	00	FDF5
922	24C9	00	FDF5
922	24CA	00	FDF5
922	24CB	00	FDF5
922	24CC	00	FDF5
922	24CD	00	FDF5
922	24CE	00	FDF5
922	24CF	00	FDF5
922	24D0	00	FDF5
922	24D1	00	FDF5
922	24D2	00	FDF5
922	24D3	00	FDF5
922	24D4	00	FDF5
922	24D5	00	FDF5
922	24D6	00	FDF5
922	24D7	00	FDF5
922	24D8	00	FDF5
922	24D9	00	FDF5
922	24DA	00	FDF5
922	24DB	00	FDF5
922	24DC	00	FDF5
922	24DD	00	FDF5
922	24DE	00	FDF5
922	24DF	00	FDF5
922	24E0	00	FDF5
922	24E1	00	FDF5
922	24E2	00	FDF5
922	24E3	00	FDF5
922	24E4	00	FDF5
922	24E5	00	FDF5
922	24E6	00	FDF5
922	24E7	00	FDF5
922	24E8	00	FDF5
922	24E9	00	FDF5
922	24EA	00	FDF5
922	24EB	00	FDF5
922	24EC	00	FDF5
922	24ED	00	FDF5
922	24EE	00	FDF5
922	24EF	00	FDF5
922	24F0	00	FDF5
922	24F1	00	FDF5
922	24F2	00	FDF5
922	24F3	00	FDF5
922	24F4	00	FDF5
922	24F5	00	FDF5
922	24F6	00	FDF5
922	24F7	00	FDF5
922	24F8	00	FDF5
922	24F9	00	FDF5
922	24FA	00	FDF5
922	24FB	00	FDF5
922	24FC	00	FDF5
922	24FD	00	FDF5
922	24FE	00	FDF5
922	24FF	00	FDF5
922	2500	00	FDF5
922	2501	00	FDF5
922	2502	00	FDF5
922	2503	00	FDF5
922	2504	00	FDF5
922	2505	00	FDF5
922	2506	00	FDF5
922	2507	00	FDF5
922	2508	00	FDF5
922	2509	00	FDF5
922	250A	00	FDF5
922	250B	00	FDF5
922	250C	00	FDF5
922	250D	00	FDF5
922	250E	00	FDF5
922	250F	00	FDF5
922	2510	00	FDF5
922	2511	00	FDF5
922	2512	00	FDF5
922	2513	00	FDF5
922	2514	00	FDF5
922	2515	00	FDF5
922	2516	00	FDF5
922	2517	00	FDF5
922	2518	00	FDF5
922	2519	00	FDF5
922	251A	00	FDF5
922	251B	00	FDF5
922	251C	00	FDF5
922	251D	00	FDF5
922	251E	00	FDF5
922	251F	00	FDF5
922	2520	00	FDF5
922	2521	00	FDF5
922	2522	00	FDF5
922	2523	00	FDF5
922	2524	00	FDF5
922	2525	00	FDF5
922	2526	00	FDF5
922	2527	00	FDF5
922	2528	00	FDF5
922	2529	00	FDF5
922	252A	00	FDF5
922	252B	00	FDF5
922	252C	00	FDF5
922	252D	00	FDF5
922	252E	00	FDF5
922	252F	00	FDF5
922	2530	00	FDF5
922	2531	00	FDF5
922	2532	00	FDF5
922	2533	00	FDF5
922	2534	00	FDF5
922	2535	00	FDF5
922	2536	00	FDF5
922	2537	00	FDF5
922	2538	00	FDF5
922	2539	00	FDF5
922	253A	00	FDF5
922	253B	00	FDF5
922	253C	00	FDF5
922	253D	00	FDF5
922	253E	00	FDF5
922	253F	00	FDF5
922	2540	00	FDF5
922	2541	00	FDF5
922	2542	00	FDF5
922	2543	00	FDF5
922	2544	00	FDF5
922	2545	00	FDF5
922	2546	00	FDF5
922	2547	00	FDF5
922	2548	00	FDF5
922	2549	00	FDF5
922	254A	00	FDF5
922	254B	00	FDF5
922	254C	00	FDF5
922	254D	00	FDF5
922	254E	00	FDF5
922	254F	00	FDF5
922	2550	00	FDF5
922	2551	00	FDF5
922	2552	00	FDF5
922	2553	00	FDF5
922	2554	00	FDF5
922	2555	00	FDF5
922	2556	00	FDF5
922	2557	00	FDF5
922	2558	00	FDF5
922	2559	00	FDF5
922	255A	00	FDF5
922	255B	00	FDF5
922	255C	00	FDF5
922	255D	00	FDF5
922	255E	00	FDF5
922	255F	00	FDF5
922	2560	00	FDF5
922	2561	00	FDF5
922	2562	00	FDF5
922	2563	00	FDF5
922	2564	00	FDF5
922	2565	00	FDF5
922	2566	00	FDF5
922	2567	00	FDF5
922	2568	00	FDF5
922	2569	00	FDF5
922	256A	00	FDF5
922	256B	00	FDF5
922	256C	00	FDF5
922	256D	00	FDF5
922	256E	00	FDF5
922	256F	00	FDF5
922	2570	00	FDF5
922	2571	00	FDF5
922	2572	00	FDF5
922	2573	00	FDF5
922	2574	00	FDF5
922	2575	00	FDF5
922	2576	00	FDF5
922	2577	00	FDF5
922	2578	00	FDF5
922	2579	00	FDF5
922	257A	00	FDF5
922	257B	00	FDF5
922	257C	00	FDF5
922	257D	00	FDF5
922	257E	00	FDF5
922	257F	00	FDF5
922	2580	00	FDF5
922	2581	00	FDF5
922	2582	00	FDF5
922	2583	00	FDF5
922	2584	00	FDF5
922	2585	00	FDF5
922	2586	00	FDF5
922	2587	00	FDF5
922	2588	00	FDF5
922	2589	00	FDF5
922	258A	00	FDF5
922	258B	00	FDF5
922	258C	00	FDF5
922	258D	00	FDF5
922	258E	00	FDF5
922	258F	00	FDF5
922	2590	00	FDF5
922	2591	00	FDF5
922	2592	00	FDF5
922	2593	00	FDF5
922	2594	00	FDF5
922	2595	00	FDF5
922	2596	00	FDF5
922	2597	00	FDF5
922	2598	00	FDF5
922	2599	00	FDF5
922	259A	00	FDF5
922	259B	00	FDF5
922	259C	00	FDF5
922	259D	00	FDF5
922	259E	00	FDF5
922	259F	00	FDF5
922	25A0	00	FDF5
922	25A1	00	FDF5
922	25A2	00	FDF5
922	25A3	00	FDF5
922	25A4	00	FDF5
922	25A5	00	FDF5
922	25A6	00	FDF5
922	25A7	00	FDF5
922	25A8	00	FDF5
922	25A9	00	FDF5
922	25AA	00	FDF5
922	25AB	00	FDF5
922	25AC	00	FDF5
922	25AD	00	FDF5
922	25AE	00	FDF5
922	25AF	00	FDF5
922	25B0	00	FDF5
922	25B1	00	FDF5
922	25B2	00	FDF5
922	25B3	00	FDF5
922	25B4	00	FDF5
922	25B5	00	FDF5
922	25B6	00	FDF5
922	25B7	00	FDF5
922	25B8	00	FDF5
922	25B9	00	FDF5
922	25BA	00	FDF5
922	25BB	00	FDF5
922	25BC	00	FDF5
922	25BD	00	FDF5
922	25BE	00	FDF5
922	25BF	00	FDF5
922	25C0	00	FDF5
922	25C1	00	FDF5
922	25C2	00	FDF5
922	25C3	00	FDF5
922	25C4	00	FDF5
922	25C5	00	FDF5
922	25C6	00	FDF5
922	25C7	00	FDF5
922	25C8	00	FDF5
922	25C9	00	FDF5
922	25CA	00	FDF5
922	25CB	00	FDF5
922	25CC	00	FDF5
922	25CD	00	FDF5
922	25CE	00	FDF5
922	25CF	00	FDF5
922	25D0	00	FDF5
922	25D1	00	FDF5
922	25D2	00	FDF5
922	25D3	00	FDF5
922	25D4	00	FDF5
922	25D5	00	FDF5
922	25D6	00	FDF5
922	25D7	00	FDF5
922	25D8	00	FDF5
922	25D9	00	FDF5
922	25DA	00	FDF5
922	25DB	00	FDF5
922	25DC	00	FDF5
922	25DD	00	FDF5
922	25DE	00	FDF5
922	25DF	00	FDF5
922	25E0	00	FDF5
922	25E1	00	FDF5
922	25E2	00	FDF5
922	25E3	00	FDF5
922	25E4	00	FDF5
922	25E5	00	FDF5
922	25E6	00	FDF5
922	25E7	00	FDF5
922	25E8	00	FDF5
922	25E9	00	FDF5
922	25EA	00	FDF5
922	25EB	00	FDF5
922	25EC	00	FDF5
922	25ED	00	FDF5
922	25EE	00	FDF5
922	25EF	00	FDF5
922	25F0	00	FDF5
922	25F1	00	FDF5
922	25F2	00	FDF5
922	25F3	00	FDF5
922	25F4	00	FDF5
922	25F5	00	FDF5
922	25F6	00	FDF5
922	25F7	00	FDF5
922	25F8	00	FDF5
922	25F9	00	FDF5
922	25FA	00	FDF5
922	25FB	00	FDF5
922	25FC	00	FDF5
922	25FD	00	FDF5
922	25FE	00	FDF5
922	25FF	00	FDF5
922	2600	00	FDF5
922	2601	00	FDF5
922	2602	00	FDF5
922	2603	00	FDF5
922	2604	00	FDF5
922	2605	00	FDF5
922	2606	00	FDF5
922	2607	00	FDF5
922	2608	00	FDF5
922	2609	00	FDF5
922	260A	00	FDF5
922	260B	00	FDF5
922	260C	00	FDF5
922	260D	00	FDF5
922	260E	00	FDF5
922	260F	00	FDF5
922	2610	00	FDF5
922	2611	00	FDF5
922	2612	00	FDF5
922	2613	00	FDF5
922	2614	00	FDF5
922	2615	00	FDF5
922	2616	00	FDF5
922	2617	00	FDF5
922	2618	00	FDF5
922	2619	00	FDF5
922	261A	00	FDF5
922	261B	00	FDF5
922	261C	00	FDF5
922	261D	00	FDF5
922	261E	00	FDF5
922	261F	00	FDF5
922	2620	00	FDF5
922	2621	00	FDF5
922	2622	00	FDF5
922	2623	00	FDF5
922	2624	00	FDF5
922	2625	00	FDF5
922	2626	00	FDF5
922	2627	00	FDF5
922	2628	00	FDF5
922	2629	00	FDF5
922	262A	00	FDF5
922	262B	00	FDF5
922	262C	00	FDF5
922	262D	00	FDF5
922	262E	00	FDF5
922	262F	00	FDF5
922	2630	00	FDF5
922	2631	00	FDF5
922	2632	00	FDF5
922	2633	00	FDF5
922	2634	00	FDF5
922	2635	00	FDF5
922	2636	00	FDF5
922	2637	00	FDF5
922	2638	00	FDF5
922	2639	00	FDF5
922	263A	00	FDF5
922	263B	00	FDF5
922	263C	00	FDF5
922	263D	00	FDF5
922	263E	00	FDF5
922	263F	00	FDF5
922	2640	00	FDF5
922	2641	00	FDF5
922	2642	00	FDF5
922	2643	00	FDF5
922	2644	00	FDF5
922	2645	00	FDF5
922	2646	00	FDF5
922	2647	00	FDF5
922	2648	00	FDF5
922	2649	00	FDF5
922	264A	00	FDF5
922	264B	00	FDF5
922	264C	00	FDF5
922	264D	00	FDF5
922	264E	00	FDF5
922	264F	00	FDF5
922	2650	00	FDF5
922	2651	00	FDF5
922	2652	00	FDF5
922	2653	00	FDF5
922	2654	00	FDF5
922	2655	00	FDF5
922	2656	00	FDF5
922	2657	00	FDF5
922	2658	00	FDF5
922	2659	00	FDF5
922	265A	00	FDF5
922	265B	00	FDF5
922	265C	00	FDF5
922	265D	00	FDF5
922	265E	00	FDF5
922	265F	00	FDF5
922	2660	00	FDF5
922	2661	00	FDF5
922	2662	00	FDF5
922	2663	00	FDF5
922	2664	00	FDF5
922	2665	00	FDF5
922	2666	00	FDF5
922	2667	00	FDF5
922	2668	00	FDF5
922	2669	00	FDF5
922	266A	00	FDF5
922	266B	00	FDF5
922	266C	00	FDF5
922	266D	00	FDF5
922	266E	00	FDF5
922	266F	00	FDF5
922	2670	00	FDF5
922	2671	00	FDF5
922	2672	00	FDF5
922	2673	00	FDF5
922	2674	00	FDF5
922	2675	00	FDF5
922	2676	00	FDF5
922	2677	00	FDF5
922	2678	00	FDF5
922	2679	00	FDF5
922	267A	00	FDF5
922	267B	00	FDF5
922	267C	00	FDF5
922	267D	00	FDF5
922	267E	00	FDF5
922	267F	00	FDF5
922	2680	00	FDF5
922	2681	00	FDF5
922	2682	00	FDF5
922	2683	00	FDF5
922	2684	00	FDF5
922	2685	00	FDF5
922	2686	00	FDF5
922	2687	00	FDF5
922	2688	00	FDF5
922	2689	00	FDF5
922	268A	00	FDF5
922	268B	00	FDF5
922	268C	00	FDF5
922	268D	00	FDF5
922	268E	00	FDF5
922	268F	00	FDF5
922	2690	00	FDF5
922	2691	00	FDF5
922	2692	00	FDF5
922	2693	00	FDF5
922	2694	00	FDF5
922	2695	00	FDF5
922	2696	00	FDF5
922	2697	00	FDF5
922	2698	00	FDF5
922	2699	00	FDF5
922	269A	00	FDF5
922	269B	00	FDF5
922	269C	00	FDF5
922	269D	00	FDF5
922	269E	00	FDF5
922	269F	00	FDF5
922	26A0	00	FDF5
922	26A1	00	FDF5
922	26A2	00	FDF5
922	26A3	00	FDF5
922	26A4	00	FDF5
922	26A5	00	FDF5
922	26A6	00	FDF5
922	26A7	00	FDF5
922	26A8	00	FDF5
922	26A9	00	FDF5
922	26AA	00	FDF5
922	26AB	00	FDF5
922	26AC	00	FDF5
922	26AD	00	FDF5
922	26AE	00	FDF5
922	26AF	00	FDF5
922	26B0	00	FDF5
922	26B1	00	FDF5
922	26B2	00	FDF5
922	26B3	00	FDF5
922	26B4	00	FDF5
922	26B5	00	FDF5
922	26B6	00	FDF5
922	26B7	00	FDF5
922	26B8	00	FDF5
922	26B9	00	FDF5
922	26BA	00	FDF5
922	26BB	00	FDF5
922	26BC	00	FDF5
922	26BD	00	FDF5
922	26BE	00	FDF5
922	26BF	00	FDF5
922	26C0	00	FDF5
922	26C1	00	FDF5
922	26C2	00	FDF5
922	26C3	00	FDF5
922	26C4	00	FDF5
922	26C5	00	FDF5
922	26C6	00	FDF5
922	26C7	00	FDF5
922	26C8	00	FDF5
922	26C9	00	FDF5
922	26CA	00	FDF5
922	26CB	00	FDF5
922	26CC	00	FDF5
922	26CD	00	FDF5
922	26CE	00	FDF5
922	26CF	00	FDF5
922	26D0	00	FDF5
922	26D1	00	FDF5
922	26D2	00	FDF5
922	26D3	00	FDF5
922	26D4	00	FDF5
922	26D5	00	FDF5
922	26D6	00	FDF5
922	26D7	00	FDF5
922	26D8	00	FDF5
922	26D9	00	FDF5
922	26DA	00	FDF5
922	26DB	00	FDF5
922	26DC	00	FDF5
922	26DD	00	FDF5
922	26DE	00	FDF5
922	26DF	00	FDF5
922	26E0	00	FDF5
922	26E1	00	FDF5
922	26E2	00	FDF5
922	26E3	00	FDF5
922	26E4	00	FDF5
922	26E5	00	FDF5
922	26E6	00	FDF5
922	26E7	00	FDF5
922	26E8	00	FDF5
922	26E9	00	FDF5
922	26EA	00	FDF5
922	26EB	00	FDF5
922	26EC	00	FDF5
922	26ED	00	FDF5
922	26EE	00	FDF5
922	26EF	00	FDF5
922	26F0	00	FDF5
922	26F1	00	FDF5
922	26F2	00	FDF5
922	26F3	00	FDF5
922	26F4	00	FDF5
922	26F5	00	FDF5
922	26F6	00	FDF5
922	26F7	00	FDF5
922	26F8	00	FDF5
922	26F9	00	FDF5
922	26FA	00	FDF5
922	26FB	00	FDF5
922	26FC	00	FDF5
922	26FD	00	FDF5
922	26FE	00	FDF5
922	26FF	00	FDF5
922	2700	00	FDF5
922	2701	00	FDF5
922	2702	00	FDF5
922	2703	00	FDF5
922	2704	00	FDF5
922	2705	00	FDF5
922	2706	00	FDF5
922	2707	00	FDF5
922	2708	00	FDF5
922	2709	00	FDF5
922	270A	00	FDF5
922	270B	00	FDF5
922	270C	00	FDF5
922	270D	00	FDF5
922	270E	00	FDF5
922	270F	00	FDF5
922	2710	00	FDF5
922	2711	00	FDF5
922	2712	00	FDF5
922	2713	00	FDF5
922	2714	00	FDF5
922	2715	00	FDF5
922	2716	00	FDF5
922	2717	00	FDF5
922	2718	00	FDF5
922	2719	00	FDF5
922	271A	00	FDF5
922	271B	00	FDF5
922	271C	00	FDF5
922	271D	00	FDF5
922	271E	00	FDF5
922	271F	00	FDF5
922	2720	00	FDF5
922	2721	00	FDF5
922	2722	00	FDF5
922	2723	00	FDF5
922	2724	00	FDF5
922	2725	00	FDF5
922	2726	00	FDF5
922	2727	00	FDF5
922	2728	00	FDF5
922	2729	00	FDF5
922	272A	00	FDF5
922	272B	00	FDF5
922	272C	00	FDF5
922	272D	00	FDF5
922	272E	00	FDF5
922	272F	00	FDF5
922	2730	00	FDF5
922	2731	00	FDF5
922	2732	00	FDF5
922	2733	00	FDF5
922	2734	00	FDF5
922	2735	00	FDF5
922	2736	00	FDF5
922	2737	00	FDF5
922	2738	00	FDF5
922	2739	00	FDF5
922	273A	00	FDF5
922	273B	00	FDF5
922	273C	00	FDF5
922	273D	00	FDF5
922	273E	00	FDF5
922	273F	00	FDF5
922	2740	00	FDF5
922	2741	00	FDF5
922	2742	00	FDF5
922	2743	00	FDF5
922	2744	00	FDF5
922	2745	00	FDF5
922	2746	00	FDF5
922	2747	00	FDF5
922	2748	00	FDF5
922	2749	00	FDF5
922	274A	00	FDF5
922	274B	00	FDF5
922	274C	00	FDF5
922	274D	00	FDF5
922	274E	00	FDF5
922	274F	00	FDF5
922	2750	00	FDF5
922	2751	00	FDF5
922	2752	00	FDF5
922	2753	00	FDF5
922	2754	00	FDF5
922	2755	00	FDF5
922	2756	00	FDF5
922	2757	00	FDF5
922	2758	00	FDF5
922	2759	00	FDF5
922	275A	00	FDF5
922	275B	00	FDF5
922	275C	00	FDF5
922	275D	00	FDF5
922	275E	00	FDF5
922	275F	00	FDF5
922	2760	00	FDF5
922	2761	00	FDF5
922	2762	00	FDF5
922	2763	00	FDF5
922	2764	00	FDF5
922	2765	00	FDF5
922	2766	00	FDF5
922	2767	00	FDF5
922	2768	00	FDF5
922	2769	00	FDF5
922	276A	00	FDF5
922	276B	00	FDF5
922	276C	00	FDF5
922	276D	00	FDF5
922	276E	00	FDF5
922	276F	00	FDF5
922	2770	00	FDF5
922	2771	00	FDF5
922	2772	00	FDF5
922	2773	00	FDF5
922	2774	00	FDF5
922	2775	00	FDF5
922	2776	00	FDF5
922	2777	00	FDF5
922	2778	00	FDF5
922	2779	00	FDF5
922	277A	00	FDF5
922	277B	00	FDF5
922	277C	00	FDF5
922	277D	00	FDF5
922	277E	00	FDF5
922	277F	00	FDF5
922	2780	00	FDF5
922	2781	00	FDF5
922	2782	00	FDF5
922	2783	00	FDF5
922	2784	00	FDF5
922	2785	00	FDF5
922	2786	00	FDF5
922	2787	00	FDF5
922	2788	00	FDF5
922	2789	00	FDF5
922	278A	00	FDF5
922	278B	00	FDF5
922	278C	00	FDF5
922	278D	00	FDF5
922	278E	00	FDF5
922	278F	00	FDF5
922	2790	00	FDF5
922	2791	00	FDF5
922	2792	00	FDF5
922	2793	00	FDF5
922	2794	00	FDF5
922	2795	00	FDF5
922	2796	00	FDF5
922	2797	00	FDF5
922	2798	00	FDF5
922	2799	00	FDF5
922	279A	00	FDF5
922	279B	00	FDF5
922	279C	00	FDF5
922	279D	00	FDF5
922	279E	00	FDF5
922	279F	00	FDF5
922	27A0	00	FDF5
922	27A1	00	FDF5
922	27A2	00	FDF5
922	27A3	00	FDF5
922	27A4	00	FDF5
922	27A5	00	FDF5
922	27A6	00	FDF5
922	27A7	00	FDF5
922	27A8	00	FDF5
922	27A9	00	FDF5
922	27AA	00	FDF5
922	27AB	00	FDF5
922	27AC	00	FDF5
922	27AD	00	FDF5
922	27AE	00	FDF5
922	27AF	00	FDF5
922	27B0	00	FDF5
922	27B1	00	FDF5
922	27B2	00	FDF5
922	27B3	00	FDF5
922	27B4	00	FDF5
922	27B5	00	FDF5
922	27B6	00	FDF5
922	27B7	00	FDF5
922	27B8	00	FDF5
922	27B9	00	FDF5
922	27BA	00	FDF5
922	27BB	00	FDF5
922	27BC	00	FDF5
922	27BD	00	FDF5
922	27BE	00	FDF5
922	27BF	00	FDF5
922	27C0	00	FDF5
922	27C1	00	FDF5
922	27C2	00	FDF5
922	27C3	00	FDF5
922	27C4	00	FDF5
922	27C5	00	FDF5
922	27C6	00	FDF5
922	27C7	00	FDF5
922	27C8	00	FDF5
922	27C9	00	FDF5
922	27CA	00	FDF5
922	27CB	00	FDF5
922	27CC	00	FDF5
922	27CD	00	FDF5
922	27CE	00	FDF5
922	27CF	00	FDF5
922	27D0	00	FDF5
922	27D1	00	FDF5
922	27D2	00	FDF5
922	27D3	00	FDF5
922	27D4	00	FDF5
922	27D5	00	FDF5
922	27D6	00	FDF5
922	27D7	00	FDF5
922	27D8	00	FDF5
922	27D9	00	FDF5
922	27DA	00	FDF5
922	27DB	00	FDF5
922	27DC	00	FDF5
922	27DD	00	FDF5
922	27DE	00	FDF5
922	27DF	00	FDF5
922	27E0	00	FDF5
922	27E1	00	FDF5
922	27E2	00	FDF5
922	27E3	00	FDF5
922	27E4	00	FDF5
922	27E5	00	FDF5
922	27E6	00	FDF5
922	27E7	00	FDF5
922	27E8	00	FDF5
922	27E9	00	FDF5
922	27EA	00	FDF5
922	27EB	00	FDF5
922	27EC	00	FDF5
922	27ED	00	FDF5
922	27EE	00	FDF5
922	27EF	00	FDF5
922	27F0	00	FDF5
922	27F1	00	FDF5
922	27F2	00	FDF5
922	27F3	00	FDF5
922	27F4	00	FDF5
922	27F5	00	FDF5
922	27F6	00	FDF5
922	27F7	00	FDF5
922	27F8	00	FDF5
922	27F9	00	FDF5
922	27FA	00	FDF5
922	27FB	00	FDF5
922	27FC	00	FDF5
922	27FD	00	FDF5
922	27FE	00	FDF5
922	27FF	00	FDF5
922	27C0	00	FE12
922	27C1	00	FE12
922	27C2	00	FE12
922	27C3	00	FE12
922	27C4	00	FE12
922	27C5	00	FE12
922	27C6	00	FE12
922	27C7	00	FE12
922	27C8	00	FE12
922	27C9	00	FE12
922	27CA	00	FE12
922	27CB	00	FE12
922	27CC	00	FE12
922	27CD	00	FE12
922	27CE	00	FE12
922	27CF	00	FE12
922	27D0	00	FE12
922	27D1	00	FE12
922	27D2	00	FE12
922	27D3	00	FE12
922	27D4	00	FE12
922	27D5	00	FE12
922	27D6	00	FE12
922	27D7	00	FE12
922	27D8	00	FE12
922	27D9	00	FE12
922	27DA	00	FE12
922	27DB	00	FE12
922	27DC	00	FE12
922	27DD	00	FE12
922	27DE	00	FE12
922	27DF	00	FE12
922	27E0	00	FE12
922	27E1	00	FE12
922	27E2	00	FE12
922	27E3	00	FE12
922	27E4	00	FE12
922	27E5	00	FE12
922	27E6	00	FE12
922	27E7	00	FE12
922	27E8	00	FE12
922	27E9	00	FE12
922	27EA	00	FE12
922	27EB	00	FE12
922	27EC	00	FE12
922	27ED	00	FE12
922	27EE	00	FE12
922	27EF	00	FE12
922	27F0	00	FE12
922	27F1	00	FE12
922	27F2	00	FE12
922	27F3	00	FE12
922	27F4	00	FE12
922	27F5	00	FE12
922	27F6	00	FE12
922	27F7	00	FE12
922	27F8	00	FE12
922	27F9	00	FE12
922	27FA	00	FE12
922	27FB	00	FE12
922	27FC	00	FE12
922	27FD	00	FE12
922	27FE	00	FE12
922	27FF	00	FE12
922	2800	00	FDF5
922	2801	00	FDF5
922	2802	00	FDF5
922	2803	00	FDF5
922	2804	00	FDF5
922	2805	00	FDF5
922	2806	00	FDF5
922	2807	00	FDF5
922	2808	00	FDF5
922	2809	00	FDF5
922	280A	00	FDF5
922	280B	00	FDF5
922	280C	00	FDF5
922	280D	00	FDF5
922	280E	00	FDF5
922	280F	00	FDF5
922	2810	00	FDF5
922	2811	00	FDF5
922	2812	00	FDF5
922	2813	00	FDF5
922	2814	00	FDF5
922	2815	00	FDF5
922	2816	00	FDF5
922	2817	00	FDF5
922	2818	00	FDF5
922	2819	00	FDF5
922	281A	00	FDF5
922	281B	00	FDF5
922	281C	00	FDF5
922	281D	00	FDF5
922	281E	00	FDF5
922	281F	00	FDF5
922	2820	00	FDF5
922	2821	00	FDF5
922	2822	00	FDF5
922	2823	00	FDF5
922	2824	00	FDF5
922	2825	00	FDF5
922	2826	00	FDF5
922	2827	00	FDF5
922	2828	00	FDF5
922	2829	00	FDF5
922	282A	00	FDF5
922	282B	00	FDF5
922	282C	00	FDF5
922	282D	00	FDF5
922	282E	00	FDF5
922	282F	00	FDF5
922	2830	00	FDF5
922	2831	00	FDF5
922	2832	00	FDF5
922	2833	00	FDF5
922	2834	00	FDF5
922	2835	00	FDF5
922	2836	00	FDF5
922	2837	00	FDF5
922	2838	00	FDF5
922	2839	00	FDF5
922	283A	00	FDF5
922	283B	00	FDF5
922	283C	00	FDF5
922	283D	00	FDF5
922	283E	00	FDF5
922	283F	00	FDF5
922	2840	00	FDF5
922	2841	00	FDF5
922	2842	00	FDF5
922	2843	00	FDF5
922	2844	00	FDF5
922	2845	00	FDF5
922	2846	00	FDF5
922	2847	00	FDF5
922	2848	00	FDF5
922	2849	00	FDF5
922	284A	00	FDF5
922	284B	00	FDF5
922	284C	00	FDF5
922	284D	00	FDF5
922	284E	00	FDF5
922	284F	00	FDF5
922	2850	00	FDF5
922	2851	00	FDF5
922	2852	00	FDF5
922	2853	00	FDF5
922	2854	00	FDF5
922	2855	00	FDF5
922	2856	00	FDF5
922	2857	00	FDF5
922	2858	00	FDF5
922	2859	00	FDF5
922	285A	00	FDF5
922	285B	00	FDF5
922	285C	00	FDF5
922	285D	00	FDF5
922	285E	00	FDF5
922	285F	00	FDF5
922	2860	00	FDF5
922	2861	00	FDF5
922	2862	00	FDF5
922	2863	00	FDF5
922	2864	00	FDF5
922	2865	00	FDF5
922	2866	00	FDF5
922	2867	00	FDF5
922	2868	00	FDF5
922	2869	00	FDF5
922	286A	00	FDF5
922	286B	00	FDF5
922	286C	00	FDF5
922	286D	00	FDF5
922	286E	00	FDF5
922	286F	00	FDF5
922	2870	00	FDF5
922	2871	00	FDF5
922	2872	00	FDF5
922	2873	00	FDF5
922	2874	00	FDF5
922	2875	00	FDF5
922	2876	00	FDF5
922	2877	00	FDF5
922	2878	00	FDF5
922	2879	00	FDF5
922	287A	00	FDF5
922	287B	00	FDF5
922	287C	00	FDF5
922	287D	00	FDF5
922	287E	00	FDF5
922	287F	00	FDF5
922	2880	00	FDF5
922	2881	00	FDF5
922	2882	00	FDF5
922	2883	00	FDF5
922	2884	00	FDF5
922	2885	00	FDF5
922	2886	00	FDF5
922	2887	00	FDF5
922	2888	00	FDF5
922	2889	00	FDF5
922	288A	00	FDF5
922	288B	00	FDF5
922	288C	00	FDF5
922	288D	00	FDF5
922	288E	00	FDF5
922	288F	00	FDF5
922	2890	00	FDF5
922	2891	00	FDF5
922	2892	00	FDF5
922	2893	00	FDF5
922	2894	00	FDF5
922	2895	00	FDF5
922	2896	00	FDF5
922	2897	00	FDF5
922	2898	00	FDF5
922	2899	00	FDF5
922	289A	00	FDF5
922	289B	00	FDF5
922	289C	00	FDF5
922	289D	00	FDF5
922	289E	00	FDF5
922	289F	00	FDF5
922	28A0	00	FDF5
922	28A1	00	FDF5
922	28A2	00	FDF5
922	28A3	00	FDF5
922	28A4	00	FDF5
922	28A5	00	FDF5
922	28A6	00	FDF5
922	28A7	00	FDF5
922	28A8	00	FDF5
922	28A9	00	FDF5
922	28AA	00	FDF5
922	28AB	00	FDF5
922	28AC	00	FDF5
922	28AD	00	FDF5
922	28AE	00	FDF5
922	28AF	00	FDF5
922	28B0	00	FDF5
922	28B1	00	FDF5
922	28B2	00	FDF5
922	28B3	00	FDF5
922	28B4	00	FDF5
922	28B5	00	FDF5
922	28B6	00	FDF5
922	28B7	00	FDF5
922	28B8	00	FDF5
922	28B9	00	FDF5
922	28BA	00	FDF5
922	28BB	00	FDF5
922	28BC	00	FDF5
922	28BD	00	FDF5
922	28BE	00	FDF5
922	28BF	00	FDF5
922	28C0	00	FDF5
922	28C1	00	FDF5
922	28C2	00	FDF5
922	28C3	00	FDF5
922	28C4	00	FDF5
922	28C5	00	FDF5
922	28C6	00	FDF5
922	28C7	00	FDF5
922	28C8	00	FDF5
922	28C9	00	FDF5
922	28CA	00	FDF5
922	28CB	00	FDF5
922	28CC	00	FDF5
922	28CD	00	FDF5
922	28CE	00	FDF5
922	28CF	00	FDF5
922	28D0	00	FDF5
922	28D1	00	FDF5
922	28D2	00	FDF5
922	28D3	00	FDF5
922	28D4	00	FDF5
922	28D5	00	FDF5
922	28D6	00	FDF5
922	28D7	00	FDF5
922	28D8	00	FDF5
922	28D9	00	FDF5
922	28DA	00	FDF5
922	28DB	00	FDF5
922	28DC	00	FDF5
922	28DD	00	FDF5
922	28DE	00	FDF5
922	28DF	00	FDF5
922	28E0	00	FDF5
922	28E1	00	FDF5
922	28E2	00	FDF5
922	28E3	00	FDF5
922	28E4	00	FDF5
922	28E5	00	FDF5
922	28E6	00	FDF5
922	28E7	00	FDF5
922	28E8	00	FDF5
922	28E9	00	FDF5
922	28EA	00	FDF5
922	28EB	00	FDF5
922	28EC	00	FDF5
922	28ED	00	FDF5
922	28EE	00	FDF5
922	28EF	00	FDF5
922	28F0	00	FDF5
922	28F1	00	FDF5
922	28F2	00	FDF5
922	28F3	00	FDF5
922	28F4	00	FDF5
922	28F5	00	FDF5
922	28F6	00	FDF5
922	28F7	00	FDF5
922	28F8	00	FDF5
922	28F9	00	FDF5
922	28FA	00	FDF5
922	28FB	00	FDF5
922	28FC	00	FDF5
922	28FD	00	FDF5
922	28FE	00	FDF5
922	28FF	00	FDF5
922	2900	00	FDF5
922	2901	00	FDF5
922	2902	00	FDF5
922	2903	00	FDF5
922	2904	00	FDF5
922	2905	00	FDF5
922	2906	00	FDF5
922	2907	00	FDF5
922	2908	00	FDF5
922	2909	00	FDF5
922	290A	00	FDF5
922	290B	00	FDF5
922	290C	00	FDF5
922	290D	00	FDF5
922	290E	00	FDF5
922	290F	00	FDF5
922	2910	00	FDF5
922	2911	00	FDF5
922	2912	00	FDF5
922	2913	00	FDF5
922	2914	00	FDF5
922	2915	00	FDF5
922	2916	00	FDF5
922	2917	00	FDF5
922	2918	00	FDF5
922	2919	00	FDF5
922	291A	00	FDF5
922	291B	00	FDF5
922	291C	00	FDF5
922	291D	00	FDF5
922	291E	00	FDF5
922	291F	00	FDF5
922	2920	00	FDF5
922	2921	00	FDF5
922	2922	00	FDF5
922	2923	00	FDF5
922	2924	00	FDF5
922	2925	00	FDF5
922	2926	00	FDF5
922	2927	00	FDF5
922	2928	00	FDF5
922	2929	00	FDF5
922	292A	00	FDF5
922	292B	00	FDF5
922	292C	00	FDF5
922	292D	00	FDF5
922	292E	00	FDF5
922	292F	00	FDF5
922	2930	00	FDF5
922	2931	00	FDF5
922	2932	00	FDF5
922	2933	00	FDF5
922	2934	00	FDF5
922	2935	00	FDF5
922	2936	00	FDF5
922	2937	00	FDF5
922	2938	00	FDF5
922	2939	00	FDF5
922	293A	00	FDF5
922	293B	00	FDF5
922	293C	00	FDF5
922	293D	00	FDF5
922	293E	00	FDF5
922	293F	00	FDF5
922	2940	00	FDF5
922	2941	00	FDF5
922	2942	00	FDF5
922	2943	00	FDF5
922	2944	00	FDF5
922	2945	00	FDF5
922	2946	00	FDF5
922	2947	00	FDF5
922	2948	00	FDF5
922	2949	00	FDF5
922	294A	00	FDF5
922	294B	00	FDF5
922	294C	00	FDF5
922	294D	00	FDF5
922	294E	00	FDF5
922	294F	00	FDF5
922	2950	00	FDF5
922	2951	00	FDF5
922	2952	00	FDF5
922	2953	00	FDF5
922	2954	00	FDF5
922	2955	00	FDF5
922	2956	00	FDF5
922	2957	00	FDF5
922	2958	00	FDF5
922	2959	00	FDF5
922	295A	00	FDF5
922	295B	00	FDF5
922	295C	00	FDF5
922	295D	00	FDF5
922	295E	00	FDF5
922	295F	00	FDF5
922	2960	00	FDF5
922	2961	00	FDF5
922	2962	00	FDF5
922	2963	00	FDF5
922	2964	00	FDF5
922	2965	00	FDF5
922	2966	00	FDF5
922	2967	00	FDF5
922	2968	00	FDF5
922	2969	00	FDF5
922	296A	00	FDF5
922	296B	00	FDF5
922	296C	00	FDF5
922	296D	00	FDF5
922	296E	00	FDF5
922	296F	00	FDF5
922	2970	00	FDF5
922	2971	00	FDF5
922	2972	00	FDF5
922	2973	00	FDF5
922	2974	00	FDF5
922	2975	00	FDF5
922	2976	00	FDF5
922	2977	00	FDF5
922	2978	00	FDF5
922	2979	00	FDF5
922	297A	00	FDF5
922	297B	00	FDF5
922	297C	00	FDF5
922	297D	00	FDF5
922	297E	00	FDF5
922	297F	00	FDF5
922	2980	00	FDF5
922	2981	00	FDF5
922	2982	00	FDF5
922	2983	00	FDF5
922	2984	00	FDF5
922	2985	00	FDF5
922	2986	00	FDF5
922	2987	00	FDF5
922	2988	00	FDF5
922	2989	00	FDF5
922	298A	00	FDF5
922	298B	00	FDF5
922	298C	00	FDF5
922	298D	00	FDF5
922	298E	00	FDF5
922	298F	00	FDF5
922	2990	00	FDF5
922	2991	00	FDF5
922	2992	00	FDF5
922	2993	00	FDF5
922	2994	00	FDF5
922	2995	00	FDF5
922	2996	00	FDF5
922	2997	00	FDF5
922	2998	00	FDF5
922	2999	00	FDF5
922	299A	00	FDF5
922	299B	00	FDF5
922	299C	00	FDF5
922	299D	00	FDF5
922	299E	00	FDF5
922	299F	00	FDF5
923	29A0	00	FDF5
923	29A1	00	FDF5
923	29A2	00	FDF5
923	29A3	00	FDF5
923	29A4	00	FDF5
923	29A5	00	FDF5
923	29A6	00	FDF5
923	29A7	00	FDF5
923	29A8	00	FDF5
923	29A9	00	FDF5
923	29AA	00	FDF5
923	29AB	00	FDF5
923	29AC	00	FDF5
923	29AD	00	FDF5
923	29AE	00	FDF5
923	29AF	00	FDF5
923	29B0	00	FDF5
923	29B1	00	FDF5
923	29B2	00	FDF5
923	29B3	00	FDF5
923	29B4	00	FDF5
923	29B5	00	FDF5
923	29B6	00	FDF5
923	29B7	00	FDF5
923	29B8	00	FDF5
923	29B9	00	FDF5
923	29BA	00	FDF5
923	29BB	00	FDF5
923	29BC	00	FDF5
923	29BD	00	FDF5
923	29BE	00	FDF5
923	29BF	00	FDF5
923	29C0	00	FDF5
923	29C1	00	FDF5
923	29C2	00	FDF5
923	29C3	00	FDF5
923	29C4	00	FDF5
923	29C5	00	FDF5
923	29C6	00	FDF5
923	29C7	00	FDF5
923	29C8	00	FDF5
923	29C9	00	FDF5
923	29CA	00	FDF5
923	29CB	00	FDF5
923	29CC	00	FDF5
923	29CD	00	FDF5
923	29CE	00	FDF5
923	29CF	00	FDF5
923	29D0	00	FDF5
923	29D1	00	FDF5
923	29D2	00	FDF5
923	29D3	00	FDF5
923	29D4	00	FDF5
923	29D5	00	FDF5
923	29D6	00	FDF5
923	29D7	00	FDF5
923	29D8	00	FDF5
923	29D9	00	FDF5
923	29DA	00	FDF5
923	29DB	00	FDF5
923	29DC	00	FDF5
923	29DD	00	FDF5
923	29DE	00	FDF5
923	29DF	00	FDF5
923	29E0	00	FDF5
923	29E1	00	FDF5
923	29E2	00	FDF5
923	29E3	00	FDF5
923	29E4	00	FDF5
923	29E5	00	FDF5
923	29E6	00	FDF5
923	29E7	00	FDF5
923	29E8	00	FDF5
923	29E9	00	FDF5
923	29EA	00	FDF5
923	29EB	00	FDF5
923	29EC	00	FDF5
923	29ED	00	FDF5
923	29EE	00	FDF5
923	29EF	00	FDF5
923	29F0	00	FDF5
923	29F1	00	FDF5
923	29F2	00	FDF5
923	29F3	00	FDF5
923	29F4	00	FDF5
923	29F5	00	FDF5
923	29F6	00	FDF5
923	29F7	00	FDF5
923	29F8	00	FDF5
923	29F9	00	FDF5
923	29FA	00	FDF5
923	29FB	00	FDF5
923	29FC	00	FDF5
923	29FD	00	FDF5
923	29FE	00	FDF5
923	29FF	00	FDF5
923	2A00	00	FDF5
923	2A01	00	FDF5
923	2A02	00	FDF5
923	2A03	00	FDF5
923	2A04	00	FDF5
923	2A05	00	FDF5
923	2A06	00	FDF5
923	2A07	00	FDF5
923	2A08	00	FDF5
923	2A09	00	FDF5
923	2A0A	00	FDF5
923	2A0B	00	FDF5
923	2A0C	00	FDF5
923	2A0D	00	FDF5
923	2A0E	00	FDF5
923	2A0F	00	FDF5
923	2A10	00	FDF5
923	2A11	00	FDF5
923	2A12	00	FDF5
923	2A13	00	FDF5
923	2A14	00	FDF5
923	2A15	00	FDF5
923	2A16	00	FDF5
923	2A17	00	FDF5
923	2A18	00	FDF5
923	2A19	00	FDF5
923	2A1A	00	FDF5
923	2A1B	00	FDF5
923	2A1C	00	FDF5
923	2A1D	00	FDF5
923	2A1E	00	FDF5
923	2A1F	00	FDF5
923	2A20	00	FDF5
923	2A21	00	FDF5
923	2A22	00	FDF5
923	2A23	00	FDF5
923	2A24	00	FDF5
923	2A25	00	FDF5
923	2A26	00	FDF5
923	2A27	00	FDF5
923	2A28	00	FDF5
923	2A29	00	FDF5
923	2A2A	00	FDF5
923	2A2B	00	FDF5
923	2A2C	00	FDF5
923	2A2D	00	FDF5
923	2A2E	00	FDF5
923	2A2F	00	FDF5
923	2A30	00	FDF5
923	2A31	00	FDF5
923	2A32	00	FDF5
923	2A33	00	FDF5
923	2A34	00	FDF5
923	2A35	00	FDF5
923	2A36	00	FDF5
923	2A37	00	FDF5
923	2A38	00	FDF5
923	2A39	00	FDF5
923	2A3A	00	FDF5
923	2A3B	00	FDF5
923	2A3C	00	FDF5
923	2A3D	00	FDF5
923	2A3E	00	FDF5
923	2A3F	00	FDF5
923	2A40	00	FDF5
923	2A41	00	FDF5
923	2A42	00	FDF5
923	2A43	00	FDF5
923	2A44	00	FDF5
923	2A45	00	FDF5
923	2A46	00	FDF5
923	2A47	00	FDF5
923	2A48	00	FDF5
923	2A49	00	FDF5
923	2A4A	00	FDF5
923	2A4B	00	FDF5
923	2A4C	00	FDF5
923	2A4D	00	FDF5
923	2A4E	00	FDF5
923	2A4F	00	FDF5
923	2A50	00	FDF5
923	2A51	00	FDF5
923	2A52	00	FDF5
923	2A53	00	FDF5
923	2A54	00	FDF5
923	2A55	00	FDF5
923	2A56	00	FDF5
923	2A57	00	FDF5
923	2A58	00	FDF5
923	2A59	00	FDF5
923	2A5A	00	FDF5
923	2A5B	00	FDF5
923	2A5C	00	FDF5
923	2A5D	00	FDF5
923	2A5E	00	FDF5
923	2A5F	00	FDF5
923	2A60	00	FDF5
923	2A61	00	FDF5
923	2A62	00	FDF5
923	2A63	00	FDF5
923	2A64	00	FDF5
923	2A65	00	FDF5
923	2A66	00	FDF5
923	2A67	00	FDF5
923	2A68	00	FDF5
923	2A69	00	FDF5
923	2A6A	00	FDF5
923	2A6B	00	FDF5
923	2A6C	00	FDF5
923	2A6D	00	FDF5
923	2A6E	00	FDF5
923	2A6F	00	FDF5
923	2A70	00	FDF5
923	2A71	00	FDF5
923	2A72	00	FDF5
923	2A73	00	FDF5
923	2A74	00	FDF5
923	2A75	00	FDF5
923	2A76	00	FDF5
923	2A77	00	FDF5
923	2A78	00	FDF5
923	2A79	00	FDF5
923	2A7A	00	FDF5
923	2A7B	00	FDF5
923	2A7C	00	FDF5
923	2A7D	00	FDF5
923	2A7E	00	FDF5
923	2A7F	00	FDF5
923	2A80	00	FDF5
923	2A81	00	FDF5
923	2A82	00	FDF5
923	2A83	00	FDF5
923	2A84	00	FDF5
923	2A85	00	FDF5
923	2A86	00	FDF5
923	2A87	00	FDF5
923	2A88	00	FDF5
923	2A89	00	FDF5
923	2A8A	00	FDF5
923	2A8B	00	FDF5
923	2A8C	00	FDF5
923	2A8D	00	FDF5
923	2A8E	00	FDF5
923	2A8F	00	FDF5
923	2A90	00	FDF5
923	2A91	00	FDF5
923	2A92	00	FDF5
923	2A93	00	FDF5
923	2A94	00	FDF5
923	2A95	00	FDF5
923	2A96	00	FDF5
923	2A97	00	FDF5
923	2A98	00	FDF5
923	2A99	00	FDF5
923	2A9A	00	FDF5
923	2A9B	00	FDF5
923	2A9C	00	FDF5
923	2A9D	00	FDF5
923	2A9E	00	FDF5
923	2A9F	00	FDF5
923	2AA0	00	FDF5
923	2AA1	00	FDF5
923	2AA2	00	FDF5
923	2AA3	00	FDF5
923	2AA4	00	FDF5
923	2AA5	00	FDF5
923	2AA6	00	FDF5
923	2AA7	00	FDF5
923	2AA8	00	FDF5
923	2AA9	00	FDF5
923	2AAA	00	FDF5
923	2AAB	00	FDF5
923	2AAC	00	FDF5
923	2AAD	00	FDF5
923	2AAE	00	FDF5
923	2AAF	00	FDF5
923	2AB0	00	FDF5
923	2AB1	00	FDF5
923	2AB2	00	FDF5
923	2AB3	00	FDF5
923	2AB4	00	FDF5
923	2AB5	00	FDF5
923	2AB6	00	FDF5
923	2AB7	00	FDF5
923	2AB8	00	FDF5
923	2AB9	00	FDF5
923	2ABA	00	FDF5
923	2ABB	00	FDF5
923	2ABC	00	FDF5
923	2ABD	00	FDF5
923	2ABE	00	FDF5
923	2ABF	00	FDF5
923	2AC0	00	FDF5
923	2AC1	00	FDF5
923	2AC2	00	FDF5
923	2AC3	00	FDF5
923	2AC4	00	FDF5
923	2AC5	00	FDF5
923	2AC6	00	FDF5
923	2AC7	00	FDF5
923	2AC8	00	FDF5
923	2AC9	00	FDF5
923	2ACA	00	FDF5
923	2ACB	00	FDF5
923	2ACC	00	FDF5
923	2ACD	00	FDF5
923	2ACE	00	FDF5
923	2ACF	00	FDF5
923	2AD0	00	FDF5
923	2AD1	00	FDF5
923	2AD2	00	FDF5
923	2AD3	00	FDF5
923	2AD4	00	FDF5
923	2AD5	00	FDF5
923	2AD6	00	FDF5
923	2AD7	00	FDF5
923	2AD8	00	FDF5
923	2AD9	00	FDF5
923	2ADA	00	FDF5
923	2ADB	00	FDF5
923	2ADC	00	FDF5
923	2ADD	00	FDF5
923	2ADE	00	FDF5
923	2ADF	00	FDF5
923	2AE0	00	FDF5
923	2AE1	00	FDF5
923	2AE2	00	FDF5
923	2AE3	00	FDF5
923	2AE4	00	FDF5
923	2AE5	00	FDF5
923	2AE6	00	FDF5
923	2AE7	00	FDF5
923	2AE8	00	FDF5
923	2AE9	00	FDF5
923	2AEA	00	FDF5
923	2AEB	00	FDF5
923	2AEC	00	FDF5
923	2AED	00	FDF5
923	2AEE	00	FDF5
923	2AEF	00	FDF5
923	2AF0	00	FDF5
923	2AF1	00	FDF5
923	2AF2	00	FDF5
923	2AF3	00	FDF5
923	2AF4	00	FDF5
923	2AF5	00	FDF5
923	2AF6	00	FDF5
923	2AF7	00	FDF5
923	2AF8	00	FDF5
923	2AF9	00	FDF5
923	2AFA	00	FDF5
923	2AFB	00	FDF5
923	2AFC	00	FDF5
923	2AFD	00	FDF5
923	2AFE	00	FDF5
923	2AFF	00	FDF5
923	2B00	00	FDF5
923	2B01	00	FDF5
923	2B02	00	FDF5
923	2B03	00	FDF5
923	2B04	00	FDF5
923	2B05	00	FDF5
923	2B06	00	FDF5
923	2B07	00	FDF5
923	2B08	00	FDF5
923	2B09	00	FDF5
923	2B0A	00	FDF5
923	2B0B	00	FDF5
923	2B0C	00	FDF5
923	2B0D	00	FDF5
923	2B0E	00	FDF5
923	2B0F	00	FDF5
923	2B10	00	FDF5
923	2B11	00	FDF5
923	2B12	00	FDF5
923	2B13	00	FDF5
923	2B14	00	FDF5
923	2B15	00	FDF5
923	2B16	00	FDF5
923	2B17	00	FDF5
923	2B18	00	FDF5
923	2B19	00	FDF5
923	2B1A	00	FDF5
923	2B1B	00	FDF5
923	2B1C	00	FDF5
923	2B1D	00	FDF5
923	2B1E	00	FDF5
923	2B1F	00	FDF5
923	2B20	00	FDF5
923	2B21	00	FDF5
923	2B22	00	FDF5
923	2B23	00	FDF5
923	2B24	00	FDF5
923	2B25	00	FDF5
923	2B26	00	FDF5
923	2B27	00	FDF5
923	2B28	00	FDF5
923	2B29	00	FDF5
923	2B2A	00	FDF5
923	2B2B	00	FDF5
923	2B2C	00	FDF5
923	2B2D	00	FDF5
923	2B2E	00	FDF5
923	2B2F	00	FDF5
923	2B30	00	FDF5
923	2B31	00	FDF5
923	2B32	00	FDF5
923	2B33	00	FDF5
923	2B34	00	FDF5
923	2B35	00	FDF5
923	2B36	00	FDF5
923	2B37	00	FDF5
923	2B38	00	FDF5
923	2B39	00	FDF5
923	2B3A	00	FDF5
923	2B3B	00	FDF5
923	2B3C	00	FDF5
923	2B3D	00	FDF5
923	2B3E	00	FDF5
923	2B3F	00	FDF5
923	2B40	00	FDF5
923	2B41	00	FDF5
923	2B42	00	FDF5
923	2B43	00	FDF5
923	2B44	00	FDF5
923	2B45	00	FDF5
923	2B46	00	FDF5
923	2B47	00	FDF5
923	2B48	00	FDF5
923	2B49	00	FDF5
923	2B4A	00	FDF5
923	2B4B	00	FDF5
923	2B4C	00	FDF5
923	2B4D	00	FDF5
923	2B4E	00	FDF5
923	2B4F	00	FDF5
923	2B50	00	FDF5
923	2B51	00	FDF5
923	2B52	00	FDF5
923	2B53	00	FDF5
923	2B54	00	FDF5
923	2B55	00	FDF5
923	2B56	00	FDF5
923	2B57	00	FDF5
923	2B58	00	FDF5
923	2B59	00	FDF5
923	2B5A	00	FDF5
923	2B5B	00	FDF5
923	2B5C	00	FDF5
923	2B5D	00	FDF5
923	2B5E	00	FDF5
923	2B5F	00	FDF5
923	2B60	00	FDF5
923	2B61	00	FDF5
923	2B62	00	FDF5
923	2B63	00	FDF5
923	2B64	00	FDF5
923	2B65	00	FDF5
923	2B66	00	FDF5
923	2B67	00	FDF5
923	2B68	00	FDF5
923	2B69	00	FDF5
923	2B6A	00	FDF5
923	2B6B	00	FDF5
923	2B6C	00	FDF5
923	2B6D	00	FDF5
923	2B6E	00	FDF5
923	2B6F	00	FDF5
923	2B70	00	FDF5
923	2B71	00	FDF5
923	2B72	00	FDF5
923	2B73	00	FDF5
923	2B74	00	FDF5
923	2B75	00	FDF5
923	2B76	00	FDF5
923	2B77	00	FDF5
923	2B78	00	FDF5
923	2B79	00	FDF5
923	2B7A	00	FDF5
923	2B7B	00	FDF5
923	2B7C	00	FDF5
923	2B7D	00	FDF5
923	2B7E	00	FDF5
923	2B7F	00	FDF5
923	2B80	00	FDF5
923	2B81	00	FDF5
923	2B82	00	FDF5
923	2B83	00	FDF5
923	2B84	00	FDF5
923	2B85	00	FDF5
923	2B86	00	FDF5
923	2B87	00	FDF5
923	2B88	00	FDF5
923	2B89	00	FDF5
923	2B8A	00	FDF5
923	2B8B	00	FDF5
923	2B8C	00	FDF5
923	2B8D	00	FDF5
923	2B8E	00	FDF5
923	2B8F	00	FDF5
923	2B90	00	FDF5
923	2B91	00	FDF5
923	2B92	00	FDF5
923	2B93	00	FDF5
923	2B94	00	FDF5
923	2B95	00	FDF5
923	2B96	00	FDF5
923	2B97	00	FDF5
923	2B98	00	FDF5
923	2B99	00	FDF5
923	2B9A	00	FDF5
923	2B9B	00	FDF5
923	2B9C	00	FDF5
923	2B9D	00	FDF5
923	2B9E	00	FDF5
923	2B9F	00	FDF5
923	2BA0	00	FDF5
923	2BA1	00	FDF5
923	2BA2	00	FDF5
923	2BA3	00	FDF5
923	2BA4	00	FDF5
923	2BA5	00	FDF5
923	2BA6	00	FDF5
923	2BA7	00	FDF5
923	2BA8	00	FDF5
923	2BA9	00	FDF5
923	2BAA	00	FDF5
923	2BAB	00	FDF5
923	2BAC	00	FDF5
923	2BAD	00	FDF5
923	2BAE	00	FDF5
923	2BAF	00	FDF5
923	2BB0	00	FDF5
923	2BB1	00	FDF5
923	2BB2	00	FDF5
923	2BB3	00	FDF5
923	2BB4	00	FDF5
923	2BB5	00	FDF5
923	2BB6	00	FDF5
923	2BB7	00	FDF5
923	2BB8	00	FDF5
923	2BB9	00	FDF5
923	2BBA	00	FDF5
923	2BBB	00	FDF5
923	2BBC	00	FDF5
923	2BBD	00	FDF5
923	2BBE	00	FDF5
923	2BBF	00	FDF5
923	2BC0	00	FDF5
923	2BC1	00	FDF5
923	2BC2	00	FDF5
923	2BC3	00	FDF5
923	2BC4	00	FDF5
923	2BC5	00	FDF5
923	2BC6	00	FDF5
923	2BC7	00	FDF5
923	2BC8	00	FDF5
923	2BC9	00	FDF5
923	2BCA	00	FDF5
923	2BCB	00	FDF5
923	2BCC	00	FDF5
923	2BCD	00	FDF5
923	2BCE	00	FDF5
923	2BCF	00	FDF5
923	2BD0	00	FDF5
923	2BD1	00	FDF5
923	2BD2	00	FDF5
923	2BD3	00	FDF5
923	2BD4	00	FDF5
923	2BD5	00	FDF5
923	2BD6	00	FDF5
923	2BD7	00	FDF5
923	2BD8	00	FDF5
923	2BD9	00	FDF5
923	2BDA	00	FDF5
923	2BDB	00	FDF5
923	2BDC	00	FDF5
923	2BDD	00	FDF5
923	2BDE	00	FDF5
923	2BDF	00	FDF5
923	2BE0	00	FDF5
923	2BE1	00	FDF5
923	2BE2	00	FDF5
923	2BE3	00	FDF5
923	2BE4	00	FDF5
923	2BE5	00	FDF5
923	2BE6	00	FDF5
923	2BE7	00	FDF5
923	2BE8	00	FDF5
923	2BE9	00	FDF5
923	2BEA	00	FDF5
923	2BEB	00	FDF5
923	2BEC	00	FDF5
923	2BED	00	FDF5
923	2BEE	00	FDF5
923	2BEF	00	FDF5
923	2BF0	00	FDF5
923	2BF1	00	FDF5
923	2BF2	00	FDF5
923	2BF3	00	FDF5
923	2BF4	00	FDF5
923	2BF5	00	FDF5
923	2BF6	00	FDF5
923	2BF7	00	FDF5
923	2BF8	00	FDF5
923	2BF9	00	FDF5
923	2BFA	00	FDF5
923	2BFB	00	FDF5
923	2BFC	00	FDF5
923	2BFD	00	FDF5
923	2BFE	00	FDF5
923	2BFF	00	FDF5
923	2BC0	00	FE12
923	2BC1	00	FE12
923	2BC2	00	FE12
923	2BC3	00	FE12
923	2BC4	00	FE12
923	2BC5	00	FE12
923	2BC6	00	FE12
923	2BC7	00	FE12
923	2BC8	00	FE12
923	2BC9	00	FE12
923	2BCA	00	FE12
923	2BCB	00	FE12
923	2BCC	00	FE12
923	2BCD	00	FE12
923	2BCE	00	FE12
923	2BCF	00	FE12
923	2BD0	00	FE12
923	2BD1	00	FE12
923	2BD2	00	FE12
923	2BD3	00	FE12
923	2BD4	00	FE12
923	2BD5	00	FE12
923	2BD6	00	FE12
923	2BD7	00	FE12
923	2BD8	00	FE12
923	2BD9	00	FE12
923	2BDA	00	FE12
923	2BDB	00	FE12
923	2BDC	00	FE12
923	2BDD	00	FE12
923	2BDE	00	FE12
923	2BDF	00	FE12
923	2BE0	00	FE12
923	2BE1	00	FE12
923	2BE2	00	FE12
923	2BE3	00	FE12
923	2BE4	00	FE12
923	2BE5	00	FE12
923	2BE6	00	FE12
923	2BE7	00	FE12
923	2BE8	00	FE12
923	2BE9	00	FE12
923	2BEA	00	FE12
923	2BEB	00	FE12
923	2BEC	00	FE12
923	2BED	00	FE12
923	2BEE	00	FE12
923	2BEF	00	FE12
923	2BF0	00	FE12
923	2BF1	00	FE12
923	2BF2	00	FE12
923	2BF3	00	FE12
923	2BF4	00	FE12
923	2BF5	00	FE12
923	2BF6	00	FE12
923	2BF7	00	FE12
923	2BF8	00	FE12
923	2BF9	00	FE12
923	2BFA	00	FE12
923	2BFB	00	FE12
923	2BFC	00	FE12
923	2BFD	00	FE12
923	2BFE	00	FE12
923	2BFF	00	FE12
926	2300	00	D705
926	2301	00	D70C
926	2302	00	D713
926	2303	00	D71A
926	2304	00	D721
926	2305	00	D728
926	2306	00	D72F
926	2307	00	D736
926	2308	00	D73D
926	2309	00	D744
926	230A	00	D74B
926	230B	00	D752
926	230C	00	D759
926	230D	00	D760
926	230E	00	D767
926	230F	00	D76E
926	2310	00	D775
926	2311	00	D77C
926	2312	00	D783
926	2313	00	D78A
926	2314	00	D791
926	2315	00	D798
926	2316	00	D79F
926	2317	00	D7A6
926	2318	00	D7AD
926	2319	00	D7B4
926	231A	00	D7BB
926	231B	00	D7C2
926	231C	00	D7C9
926	231D	00	D7D0
926	231E	00	D7D7
926	231F	00	D7DE
926	2320	00	D705
926	2321	00	D70C
926	2322	00	D713
926	2323	00	D71A
926	2324	00	D721
926	2325	00	D728
926	2326	00	D72F
926	2327	00	D736
926	2328	00	D73D
926	2329	00	D744
926	232A	00	D74B
926	232B	00	D752
926	232C	00	D759
926	232D	00	D760
926	232E	00	D767
926	232F	00	D76E
926	2330	00	D775
926	2331	00	D77C
926	2332	00	D783
926	2333	00	D78A
926	2334	00	D791
926	2335	00	D798
926	2336	00	D79F
926	2337	00	D7A6
926	2338	00	D7AD
926	2339	00	D7B4
926	233A	00	D7BB
926	233B	00	D7C2
926	233C	00	D7C9
926	233D	00	D7D0
926	233E	00	D7D7
926	233F	00	D7DE
927	2340	00	D705
927	2341	00	D70C
927	2342	00	D713
927	2343	00	D71A
927	2344	00	D721
927	2345	00	D728
927	2346	00	D72F
927	2347	00	D736
927	2348	00	D73D
927	2349	00	D744
927	234A	00	D74B
927	234B	00	D752
927	234C	00	D759
927	234D	00	D760
927	234E	00	D767
927	234F	00	D76E
927	2350	00	D775
927	2351	00	D77C
927	2352	00	D783
927	2353	00	D78A
927	2354	00	D791
927	2355	00	D798
927	2356	00	D79F
927	2357	00	D7A6
927	2358	00	D7AD
927	2359	00	D7B4
927	235A	00	D7BB
927	235B	00	D7C2
927	235C	00	D7C9
927	235D	00	D7D0
927	235E	00	D7D7
927	235F	00	D7DE
927	2360	00	D705
927	2361	00	D70C
927	2362	00	D713
927	2363	00	D71A
927	2364	00	D721
927	2365	00	D728
927	2366	00	D72F
927	2367	00	D736
927	2368	00	D73D
927	2369	00	D744
927	236A	00	D74B
927	236B	00	D752
927	236C	00	D759
927	236D	00	D760
927	236E	00	D767
927	236F	00	D76E
927	2370	00	D775
927	2371	00	D77C
927	2372	00	D783
927	2373	00	D78A
927	2374	00	D791
927	2375	00	D798
927	2376	00	D79F
927	2377	00	D7A6
927	2378	00	D7AD
927	2379	00	D7B4
927	237A	00	D7BB
927	237B	00	D7C2
927	237C	00	D7C9
927	237D	00	D7D0
927	237E	00	D7D7
927	237F	00	D7DE
989	2300	00	D705
989	2301	00	D70C
989	2302	00	D713
989	2303	00	D71A
989	2304	00	D721
989	2305	00	D728
989	2306	00	D72F
989	2307	00	D736
989	2308	00	D73D
989	2309	00	D744
989	230A	00	D74B
989	230B	00	D752
989	230C	00	D759
989	230D	00	D760
989	230E	00	D767
989	230F	00	D76E
989	2310	00	D775
989	2311	00	D77C
989	2312	00	D783
989	2313	00	D78A
989	2314	00	D791
989	2315	00	D798
989	2316	00	D79F
989	2317	00	D7A6
989	2318	00	D7AD
989	2319	00	D7B4
989	231A	00	D7BB
989	231B	00	D7C2
989	231C	00	D7C9
989	231D	00	D7D0
989	231E	00	D7D7
989	231F	00	D7DE
989	2320	00	D705
989	2321	00	D70C
989	2322	00	D713
989	2323	00	D71A
989	2324	00	D721
989	2325	00	D728
989	2326	00	D72F
989	2327	00	D736
989	2328	00	D73D
989	2329	00	D744
989	232A	00	D74B
989	232B	00	D752
989	232C	00	D759
989	232D	00	D760
989	232E	00	D767
989	232F	00	D76E
989	2330	00	D775
989	2331	00	D77C
989	2332	00	D783
989	2333	00	D78A
989	2334	00	D791
989	2335	00	D798
989	2336	00	D79F
989	2337	00	D7A6
989	2338	00	D7AD
989	2339	00	D7B4
989	233A	00	D7BB
989	233B	00	D7C2
989	233C	00	D7C9
989	233D	00	D7D0
989	233E	00	D7D7
989	233F	00	D7DE
990	2340	00	D705
990	2341	00	D70C
990	2342	00	D713
990	2343	00	D71A
990	2344	00	D721
990	2345	00	D728
990	2346	00	D72F
990	2347	00	D736
990	2348	00	D73D
990	2349	00	D744
990	234A	00	D74B
990	234B	00	D752
990	234C	00	D759
990	234D	00	D760
990	234E	00	D767
990	234F	00	D76E
990	2350	00	D775
990	2351	00	D77C
990	2352	00	D783
990	2353	00	D78A
990	2354	00	D791
990	2355	00	D798
990	2356	00	D79F
990	2357	00	D7A6
990	2358	00	D7AD
990	2359	00	D7B4
990	235A	00	D7BB
990	235B	00	D7C2
990	235C	00	D7C9
990	235D	00	D7D0
990	235E	00	D7D7
990	235F	00	D7DE
990	2360	00	D705
990	2361	00	D70C
990	2362	00	D713
990	2363	00	D71A
990	2364	00	D721
990	2365	00	D728
990	2366	00	D72F
990	2367	00	D736
990	2368	00	D73D
990	2369	00	D744
990	236A	00	D74B
990	236B	00	D752
990	236C	00	D759
990	236D	00	D760
990	236E	00	D767
990	236F	00	D76E
990	2370	00	D775
990	2371	00	D77C
990	2372	00	D783
990	2373	00	D78A
990	2374	00	D791
990	2375	00	D798
990	2376	00	D79F
990	2377	00	D7A6
990	2378	00	D7AD
990	2379	00	D7B4
990	237A	00	D7BB
990	237B	00	D7C2
990	237C	00	D7C9
990	237D	00	D7D0
990	237E	00	D7D7
990	237F	00	D7DE
1050	2095	49	D759
1050	20B5	49	D760
1050	20D5	49	D767
1050	20F5	39	D76E
1050	2115	57	D775
1050	2135	67	D77C
1050	2155	59	D783
1050	2175	69	D78A
1050	2195	69	D791
1050	21B5	79	D798
1050	21D5	00	D79F
1050	21F5	51	D7A6
1050	2215	04	D7AD
1050	2235	03	D7B4
1050	2255	E0	D7BB
1050	2275	03	D7C2
1050	2295	03	D7C9
1050	22B5	03	D7D0
1050	22D5	03	D7D7
1050	22F5	03	D7DE
1050	2096	24	D759
1050	20B6	24	D760
1050	20D6	60	D767
1050	20F6	70	D76E
1050	2116	57	D775
1050	2136	67	D77C
1050	2156	C2	D783
1050	2176	D2	D78A
1050	2196	E2	D791
1050	21B6	F2	D798
1050	21D6	00	D79F
1050	21F6	51	D7A6
1050	2216	04	D7AD
1050	2236	03	D7B4
1050	2256	03	D7BB
1050	2276	03	D7C2
1050	2296	03	D7C9
1050	22B6	03	D7D0
1050	22D6	03	D7D7
1050	22F6	03	D7DE
1050	2097	24	D759
1050	20B7	24	D760
1050	20D7	60	D767
1050	20F7	70	D76E
1050	2117	57	D775
1050	2137	67	D77C
1050	2157	C3	D783
1050	2177	D3	D78A
1050	2197	E3	D791
1050	21B7	F3	D798
1050	21D7	00	D79F
1050	21F7	51	D7A6
1050	2217	04	D7AD
1050	2237	03	D7B4
1050	2257	03	D7BB
1050	2277	03	D7C2
1050	2297	E0	D7C9
1050	22B7	03	D7D0
1050	22D7	03	D7D7
1050	22F7	03	D7DE
1050	23CD	0C	D7DE
1050	23D5	F0	D7DE
1050	23DD	FF	D7DE
1050	23E5	00	D7DE
1050	23ED	00	D7DE
1050	2098	25	D759
1050	20B8	25	D760
1050	20D8	60	D767
1050	20F8	70	D76E
1050	2118	57	D775
1050	2138	67	D77C
1050	2158	58	D783
1050	2178	03	D78A
1050	2198	03	D791
1050	21B8	78	D798
1050	21D8	00	D79F
1050	21F8	51	D7A6
1050	2218	04	D7AD
1050	2238	03	D7B4
1050	2258	03	D7BB
1050	2278	03	D7C2
1050	2298	03	D7C9
1050	22B8	03	D7D0
1050	22D8	03	D7D7
1050	22F8	F0	D7DE
1050	23CE	0C	D7DE
1050	23D6	30	D7DE
1050	23DE	33	D7DE
1050	23E6	00	D7DE
1050	23EE	00	D7DE
1050	2099	26	D759
1050	20B9	26	D760
1050	20D9	60	D767
1050	20F9	70	D76E
1050	2119	57	D775
1050	2139	67	D77C
1050	2159	59	D783
1050	2179	69	D78A
1050	2199	69	D791
1050	21B9	79	D798
1050	21D9	00	D79F
1050	21F9	51	D7A6
1050	2219	04	D7AD
1050	2239	03	D7B4
1050	2259	03	D7BB
1050	2279	03	D7C2
1050	2299	03	D7C9
1050	22B9	03	D7D0
1050	22D9	03	D7D7
1050	22F9	03	D7DE
1050	209A	24	D759
1050	20BA	24	D760
1050	20DA	60	D767
1050	20FA	70	D76E
1050	211A	57	D775
1050	213A	67	D77C
1050	215A	27	D783
1050	217A	47	D78A
1050	219A	47	D791
1050	21BA	37	D798
1050	21DA	12	D79F
1050	21FA	22	D7A6
1050	221A	04	D7AD
1050	223A	03	D7B4
1050	225A	03	D7BB
1050	227A	03	D7C2
1050	229A	03	D7C9
1050	22BA	03	D7D0
1050	22DA	03	D7D7
1050	22FA	03	D7DE
1050	209B	24	D759
1050	20BB	24	D760
1050	20DB	60	D767
1050	20FB	70	D76E
1050	211B	57	D775
1050	213B	67	D77C
1050	215B	28	D783
1050	217B	48	D78A
1050	219B	48	D791
1050	21BB	38	D798
1050	21DB	13	D79F
1050	21FB	00	D7A6
1050	221B	04	D7AD
1050	223B	03	D7B4
1050	225B	03	D7BB
1050	227B	03	D7C2
1050	229B	E0	D7C9
1050	22BB	03	D7D0
1050	22DB	03	D7D7
1050	22FB	03	D7DE
1050	23CE	0C	D7DE
1050	23D6	30	D7DE
1051	23DE	33	D7DE
1051	23E6	00	D7DE
1051	23EE	00	D7DE
1051	209C	ED	D759
1051	20BC	ED	D760
1051	20DC	ED	D767
1051	20FC	FD	D76E
1051	211C	57	D775
1051	213C	67	D77C
1051	215C	28	D783
1051	217C	48	D78A
1051	219C	48	D791
1051	21BC	38	D798
1051	21DC	13	D79F
1051	21FC	22	D7A6
1051	221C	04	D7AD
1051	223C	03	D7B4
1051	225C	E0	D7BB
1051	227C	03	D7C2
1051	229C	03	D7C9
1051	22BC	03	D7D0
1051	22DC	03	D7D7
1051	22FC	03	D7DE
1051	23CF	00	D7DE
1051	23D7	00	D7DE
1051	23DF	00	D7DE
1051	23E7	00	D7DE
1051	23EF	00	D7DE
1051	209D	EE	D759
1051	20BD	EE	D760
1051	20DD	EE	D767
1051	20FD	FE	D76E
1051	211D	57	D775
1051	213D	67	D77C
1051	215D	28	D783
1051	217D	48	D78A
1051	219D	48	D791
1051	21BD	38	D798
1051	21DD	13	D79F
1051	21FD	00	D7A6
1051	221D	04	D7AD
1051	223D	03	D7B4
1051	225D	03	D7BB
1051	227D	03	D7C2
1051	229D	03	D7C9
1051	22BD	03	D7D0
1051	22DD	E0	D7D7
1051	22FD	03	D7DE
1051	209E	EF	D759
1051	20BE	EF	D760
1051	20DE	EF	D767
1051	20FE	FF	D76E
1051	211E	57	D775
1051	213E	67	D77C
1051	215E	29	D783
1051	217E	49	D78A
1051	219E	49	D791
1051	21BE	39	D798
1051	21DE	14	D79F
1051	21FE	22	D7A6
1051	221E	04	D7AD
1051	223E	03	D7B4
1051	225E	03	D7BB
1051	227E	03	D7C2
1051	229E	F0	D7C9
1051	22BE	03	D7D0
1051	22DE	03	D7D7
1051	22FE	03	D7DE
1051	209F	00	D759
1051	20BF	00	D760
1051	20DF	00	D767
1051	20FF	00	D76E
1051	211F	57	D775
1051	213F	67	D77C
1051	215F	00	D783
1051	217F	CF	D78A
1051	219F	DF	D791
1051	21BF	00	D798
1051	21DF	00	D79F
1051	21FF	00	D7A6
1051	221F	04	D7AD
1051	223F	03	D7B4
1051	225F	03	D7BB
1051	227F	03	D7C2
1051	229F	03	D7C9
1051	22BF	03	D7D0
1051	22DF	03	D7D7
1051	22FF	03	D7DE
1051	23CF	00	D7DE
1051	23D7	00	D7DE
1051	23DF	00	D7DE
1051	23E7	00	D7DE
1051	23EF	00	D7DE
1051	2480	47	D759
1051	24A0	47	D760
1051	24C0	47	D767
1051	24E0	37	D76E
1051	2500	10	D775
1051	2520	20	D77C
1051	2540	EC	D783
1051	2560	C5	D78A
1051	2580	D5	D791
1051	25A0	E5	D798
1051	25C0	F5	D79F
1051	25E0	DC	D7A6
1051	2600	04	D7AD
1051	2620	03	D7B4
1051	2640	03	D7BB
1051	2660	03	D7C2
1051	2680	03	D7C9
1051	26A0	03	D7D0
1051	26C0	03	D7D7
1051	26E0	03	D7DE
1051	27C8	00	D7DE
1051	27D0	05	D7DE
1051	27D8	03	D7DE
1051	27E0	00	D7DE
1051	27E8	00	D7DE
1051	2481	48	D759
1051	24A1	48	D760
1051	24C1	48	D767
1051	24E1	38	D76E
1051	2501	11	D775
1051	2521	21	D77C
1051	2541	EC	D783
1051	2561	C6	D78A
1051	2581	D6	D791
1051	25A1	E6	D798
1051	25C1	F6	D79F
1051	25E1	DC	D7A6
1051	2601	04	D7AD
1051	2621	03	D7B4
1051	2641	E0	D7BB
1051	2661	03	D7C2
1051	2681	F0	D7C9
1051	26A1	03	D7D0
1051	26C1	03	D7D7
1051	26E1	03	D7DE
1051	2482	48	D759
1051	24A2	48	D760
1051	24C2	48	D767
1051	24E2	38	D76E
1051	2502	10	D775
1051	2522	20	D77C
1051	2542	EC	D783
1051	2562	CE	D78A
1051	2582	DE	D791
1051	25A2	FC	D798
1051	25C2	FC	D79F
1051	25E2	DD	D7A6
1051	2602	04	D7AD
1051	2622	03	D7B4
1051	2642	03	D7BB
1051	2662	03	D7C2
1051	2682	03	D7C9
1051	26A2	03	D7D0
1051	26C2	E0	D7D7
1051	26E2	03	D7DE
1051	2483	48	D759
1051	24A3	48	D760
1051	24C3	48	D767
1051	24E3	38	D76E
1051	2503	11	D775
1051	2523	21	D77C
1051	2543	BC	D783
1051	2563	CC	D78A
1051	2583	00	D791
1051	25A3	00	D798
1051	25C3	00	D79F
1051	25E3	00	D7A6
1051	2603	04	D7AD
1051	2623	03	D7B4
1051	2643	03	D7BB
1051	2663	03	D7C2
1051	2683	03	D7C9
1051	26A3	03	D7D0
1051	26C3	03	D7D7
1051	26E3	03	D7DE
1051	27C8	00	D7DE
1051	27D0	05	D7DE
1051	27D8	03	D7DE
1051	27E0	00	D7DE
1052	27E8	00	D7DE
1052	2484	48	D759
1052	24A4	48	D760
1052	24C4	48	D767
1052	24E4	38	D76E
1052	2504	10	D775
1052	2524	20	D77C
1052	2544	BD	D783
1052	2564	CD	D78A
1052	2584	00	D791
1052	25A4	00	D798
1052	25C4	00	D79F
1052	25E4	50	D7A6
1052	2604	04	D7AD
1052	2624	03	D7B4
1052	2644	03	D7BB
1052	2664	03	D7C2
1052	2684	03	D7C9
1052	26A4	03	D7D0
1052	26C4	03	D7D7
1052	26E4	03	D7DE
1052	27C9	0C	D7DE
1052	27D1	05	D7DE
1052	27D9	FF	D7DE
1052	27E1	00	D7DE
1052	27E9	00	D7DE
1052	2485	49	D759
1052	24A5	49	D760
1052	24C5	49	D767
1052	24E5	39	D76E
1052	2505	11	D775
1052	2525	21	D77C
1052	2545	01	D783
1052	2565	CA	D78A
1052	2585	00	D791
1052	25A5	00	D798
1052	25C5	00	D79F
1052	25E5	51	D7A6
1052	2605	04	D7AD
1052	2625	03	D7B4
1052	2645	03	D7BB
1052	2665	03	D7C2
1052	2685	E0	D7C9
1052	26A5	03	D7D0
1052	26C5	03	D7D7
1052	26E5	03	D7DE
1052	2486	02	D759
1052	24A6	02	D760
1052	24C6	DC	D767
1052	24E6	DC	D76E
1052	2506	10	D775
1052	2526	20	D77C
1052	2546	BB	D783
1052	2566	CB	D78A
1052	2586	00	D791
1052	25A6	00	D798
1052	25C6	00	D79F
1052	25E6	51	D7A6
1052	2606	04	D7AD
1052	2626	03	D7B4
1052	2646	03	D7BB
1052	2666	03	D7C2
1052	2686	03	D7C9
1052	26A6	03	D7D0
1052	26C6	F0	D7D7
1052	26E6	03	D7DE
1052	2487	02	D759
1052	24A7	02	D760
1052	24C7	DC	D767
1052	24E7	DC	D76E
1052	2507	11	D775
1052	2527	21	D77C
1052	2547	BC	D783
1052	2567	CC	D78A
1052	2587	00	D791
1052	25A7	00	D798
1052	25C7	00	D79F
1052	25E7	51	D7A6
1052	2607	04	D7AD
1052	2627	03	D7B4
1052	2647	E0	D7BB
1052	2667	03	D7C2
1052	2687	03	D7C9
1052	26A7	03	D7D0
1052	26C7	03	D7D7
1052	26E7	03	D7DE
1052	27C9	0C	D7DE
1052	27D1	05	D7DE
1052	27D9	FF	D7DE
1052	27E1	00	D7DE
1052	27E9	00	D7DE
1052	2488	02	D759
1052	24A8	02	D760
1052	24C8	DC	D767
1052	24E8	DC	D76E
1052	2508	10	D775
1052	2528	20	D77C
1052	2548	BD	D783
1052	2568	CD	D78A
1052	2588	80	D791
1052	25A8	90	D798
1052	25C8	A0	D79F
1052	25E8	B0	D7A6
1052	2608	04	D7AD
1052	2628	03	D7B4
1052	2648	03	D7BB
1052	2668	03	D7C2
1052	2688	03	D7C9
1052	26A8	03	D7D0
1052	26C8	03	D7D7
1052	26E8	03	D7DE
1052	27CA	03	D7DE
1052	27D2	05	D7DE
1052	27DA	FF	D7DE
1052	27E2	00	D7DE
1052	27EA	00	D7DE
1052	2489	02	D759
1052	24A9	02	D760
1052	24C9	DC	D767
1052	24E9	DC	D76E
1052	2509	11	D775
1052	2529	21	D77C
1052	2549	01	D783
1052	2569	CA	D78A
1052	2589	81	D791
1052	25A9	91	D798
1052	25C9	A1	D79F
1052	25E9	B1	D7A6
1052	2609	04	D7AD
1052	2629	03	D7B4
1052	2649	03	D7BB
1052	2669	03	D7C2
1052	2689	03	D7C9
1052	26A9	03	D7D0
1052	26C9	E0	D7D7
1052	26E9	03	D7DE
1052	248A	47	D759
1052	24AA	47	D760
1052	24CA	47	D767
1052	24EA	37	D76E
1052	250A	10	D775
1052	252A	20	D77C
1052	254A	BB	D783
1052	256A	CB	D78A
1052	258A	82	D791
1052	25AA	92	D798
1052	25CA	A2	D79F
1052	25EA	B2	D7A6
1052	260A	04	D7AD
1052	262A	03	D7B4
1052	264A	03	D7BB
1052	266A	03	D7C2
1052	268A	03	D7C9
1052	26AA	03	D7D0
1052	26CA	03	D7D7
1052	26EA	03	D7DE
1052	248B	48	D759
1052	24AB	48	D760
1052	24CB	48	D767
1052	24EB	38	D76E
1052	250B	11	D775
1052	252B	21	D77C
1052	254B	BC	D783
1052	256B	CC	D78A
1052	258B	83	D791
1052	25AB	93	D798
1052	25CB	A3	D79F
1052	25EB	B3	D7A6
1052	260B	04	D7AD
1052	262B	03	D7B4
1052	264B	03	D7BB
1052	266B	03	D7C2
1052	268B	03	D7C9
1052	26AB	03	D7D0
1052	26CB	03	D7D7
1052	26EB	03	D7DE
1052	27CA	03	D7DE
1052	27D2	05	D7DE
1052	27DA	FF	D7DE
1052	27E2	00	D7DE
1052	27EA	00	D7DE
1052	248C	48	D759
1053	24AC	48	D760
1053	24CC	48	D767
1053	24EC	38	D76E
1053	250C	10	D775
1053	252C	20	D77C
1053	254C	BD	D783
1053	256C	CD	D78A
1053	258C	00	D791
1053	25AC	00	D798
1053	25CC	00	D79F
1053	25EC	00	D7A6
1053	260C	04	D7AD
1053	262C	03	D7B4
1053	264C	03	D7BB
1053	266C	03	D7C2
1053	268C	03	D7C9
1053	26AC	03	D7D0
1053	26CC	03	D7D7
1053	26EC	03	D7DE
1053	27CB	00	D7DE
1053	27D3	05	D7DE
1053	27DB	0C	D7DE
1053	27E3	00	D7DE
1053	27EB	00	D7DE
1053	248D	48	D759
1053	24AD	48	D760
1053	24CD	48	D767
1053	24ED	38	D76E
1053	250D	11	D775
1053	252D	21	D77C
1053	254D	EC	D783
1053	256D	C4	D78A
1053	258D	D4	D791
1053	25AD	FC	D798
1053	25CD	FC	D79F
1053	25ED	DC	D7A6
1053	260D	04	D7AD
1053	262D	03	D7B4
1053	264D	03	D7BB
1053	266D	03	D7C2
1053	268D	03	D7C9
1053	26AD	03	D7D0
1053	26CD	03	D7D7
1053	26ED	03	D7DE
1053	248E	48	D759
1053	24AE	48	D760
1053	24CE	48	D767
1053	24EE	38	D76E
1053	250E	10	D775
1053	252E	20	D77C
1053	254E	EC	D783
1053	256E	C5	D78A
1053	258E	D5	D791
1053	25AE	E5	D798
1053	25CE	F5	D79F
1053	25EE	DC	D7A6
1053	260E	04	D7AD
1053	262E	03	D7B4
1053	264E	03	D7BB
1053	266E	03	D7C2
1053	268E	E0	D7C9
1053	26AE	03	D7D0
1053	26CE	03	D7D7
1053	26EE	03	D7DE
1053	248F	49	D759
1053	24AF	49	D760
1053	24CF	49	D767
1053	24EF	39	D76E
1053	250F	11	D775
1053	252F	21	D77C
1053	254F	EC	D783
1053	256F	C6	D78A
1053	258F	D6	D791
1053	25AF	E6	D798
1053	25CF	F6	D79F
1053	25EF	DD	D7A6
1053	260F	04	D7AD
1053	262F	03	D7B4
1053	264F	03	D7BB
1053	266F	03	D7C2
1053	268F	03	D7C9
1053	26AF	03	D7D0
1053	26CF	F0	D7D7
1053	26EF	03	D7DE
1053	27CB	00	D7DE
1053	27D3	05	D7DE
1053	27DB	0C	D7DE
1053	27E3	00	D7DE
1053	27EB	00	D7DE
1053	2490	00	D759
1053	24B0	00	D760
1053	24D0	00	D767
1053	24F0	00	D76E
1053	2510	00	D775
1053	2530	00	D77C
1053	2550	00	D783
1053	2570	C7	D78A
1053	2590	D7	D791
1053	25B0	00	D798
1053	25D0	00	D79F
1053	25F0	00	D7A6
1053	2610	04	D7AD
1053	2630	03	D7B4
1053	2650	03	D7BB
1053	2670	03	D7C2
1053	2690	03	D7C9
1053	26B0	03	D7D0
1053	26D0	03	D7D7
1053	26F0	03	D7DE
1053	27CC	55	D7DE
1053	27D4	00	D7DE
1053	27DC	30	D7DE
1053	27E4	00	D7DE
1053	27EC	00	D7DE
1053	2491	00	D759
1053	24B1	00	D760
1053	24D1	00	D767
1053	24F1	00	D76E
1053	2511	2F	D775
1053	2531	3F	D77C
1053	2551	00	D783
1053	2571	00	D78A
1053	2591	00	D791
1053	25B1	00	D798
1053	25D1	00	D79F
1053	25F1	00	D7A6
1053	2611	04	D7AD
1053	2631	03	D7B4
1053	2651	03	D7BB
1053	2671	03	D7C2
1053	2691	03	D7C9
1053	26B1	03	D7D0
1053	26D1	03	D7D7
1053	26F1	03	D7DE
1053	2492	02	D759
1053	24B2	02	D760
1053	24D2	0B	D767
1053	24F2	01	D76E
1053	2512	2F	D775
1053	2532	3F	D77C
1053	2552	B5	D783
1053	2572	A5	D78A
1053	2592	A5	D791
1053	25B2	A5	D798
1053	25D2	A5	D79F
1053	25F2	A5	D7A6
1053	2612	04	D7AD
1053	2632	03	D7B4
1053	2652	E0	D7BB
1053	2672	03	D7C2
1053	2692	03	D7C9
1053	26B2	03	D7D0
1053	26D2	03	D7D7
1053	26F2	03	D7DE
1053	2493	02	D759
1053	24B3	02	D760
1053	24D3	0B	D767
1053	24F3	01	D76E
1053	2513	2F	D775
1053	2533	3F	D77C
1053	2553	00	D783
1053	2573	00	D78A
1053	2593	00	D791
1053	25B3	00	D798
1053	25D3	00	D79F
1053	25F3	00	D7A6
1053	2613	04	D7AD
1053	2633	03	D7B4
1053	2653	03	D7BB
1053	2673	03	D7C2
1053	2693	03	D7C9
1053	26B3	03	D7D0
1053	26D3	03	D7D7
1053	26F3	03	D7DE
1053	27CC	55	D7DE
1053	27D4	00	D7DE
1053	27DC	30	D7DE
1053	27E4	00	D7DE
1053	27EC	00	D7DE
1053	2494	02	D759
1053	24B4	02	D760
1053	24D4	0B	D767
1053	24F4	01	D76E
1053	2514	2F	D775
1053	2534	3F	D77C
1053	2554	7C	D783
1053	2574	01	D78A
1053	2594	01	D791
1053	25B4	01	D798
1053	25D4	5E	D79F
1053	25F4	1E	D7A6
1053	2614	04	D7AD
1053	2634	03	D7B4
1053	2654	03	D7BB
1053	2674	03	D7C2
1053	2694	03	D7C9
1053	26B4	03	D7D0
1053	26D4	E0	D7D7
1053	26F4	03	D7DE
1053	27CD	DD	D7DE
1053	27D5	50	D7DE
1053	27DD	05	D7DE
1054	27E5	00	D7DE
1054	27ED	00	D7DE
1054	2495	02	D759
1054	24B5	02	D760
1054	24D5	0B	D767
1054	24F5	01	D76E
1054	2515	2F	D775
1054	2535	3F	D77C
1054	2555	2E	D783
1054	2575	3E	D78A
1054	2595	3E	D791
1054	25B5	3E	D798
1054	25D5	5F	D79F
1054	25F5	1F	D7A6
1054	2615	04	D7AD
1054	2635	03	D7B4
1054	2655	03	D7BB
1054	2675	03	D7C2
1054	2695	03	D7C9
1054	26B5	03	D7D0
1054	26D5	03	D7D7
1054	26F5	03	D7DE
1054	2095	49	D759
1054	20B5	49	D760
1054	20D5	49	D767
1054	20F5	39	D76E
1054	2115	57	D775
1054	2135	67	D77C
1054	2155	59	D783
1054	2175	69	D78A
1054	2195	69	D791
1054	21B5	79	D798
1054	21D5	00	D79F
1054	21F5	51	D7A6
1054	2215	04	D7AD
1054	2235	03	D7B4
1054	2255	E0	D7BB
1054	2275	03	D7C2
1054	2295	03	D7C9
1054	22B5	03	D7D0
1054	22D5	03	D7D7
1054	22F5	03	D7DE
1054	2496	FC	D759
1054	24B6	FC	D760
1054	24D6	FC	D767
1054	24F6	9C	D76E
1054	2516	2F	D775
1054	2536	3F	D77C
1054	2556	7C	D783
1054	2576	01	D78A
1054	2596	01	D791
1054	25B6	01	D798
1054	25D6	00	D79F
1054	25F6	F7	D7A6
1054	2616	04	D7AD
1054	2636	03	D7B4
1054	2656	03	D7BB
1054	2676	03	D7C2
1054	2696	03	D7C9
1054	26B6	03	D7D0
1054	26D6	03	D7D7
1054	26F6	03	D7DE
1054	2094	48	D759
1054	20B4	48	D760
1054	20D4	48	D767
1054	20F4	38	D76E
1054	2114	57	D775
1054	2134	67	D77C
1054	2154	58	D783
1054	2174	03	D78A
1054	2194	03	D791
1054	21B4	78	D798
1054	21D4	00	D79F
1054	21F4	50	D7A6
1054	2214	04	D7AD
1054	2234	03	D7B4
1054	2254	03	D7BB
1054	2274	03	D7C2
1054	2294	03	D7C9
1054	22B4	03	D7D0
1054	22D4	03	D7D7
1054	22F4	03	D7DE
1054	23CD	0C	D7DE
1054	23D5	F0	D7DE
1054	23DD	FF	D7DE
1054	23E5	00	D7DE
1054	23ED	00	D7DE
1054	2497	02	D759
1054	24B7	8E	D760
1054	24D7	02	D767
1054	24F7	9D	D76E
1054	2517	2F	D775
1054	2537	3F	D77C
1054	2557	2E	D783
1054	2577	65	D78A
1054	2597	75	D791
1054	25B7	3E	D798
1054	25D7	00	D79F
1054	25F7	FA	D7A6
1054	2617	04	D7AD
1054	2637	03	D7B4
1054	2657	03	D7BB
1054	2677	F0	D7C2
1054	2697	03	D7C9
1054	26B7	03	D7D0
1054	26D7	03	D7D7
1054	26F7	03	D7DE
1054	27CD	DD	D7DE
1054	27D5	50	D7DE
1054	27DD	05	D7DE
1054	27E5	00	D7DE
1054	27ED	00	D7DE
1054	2093	48	D759
1054	20B3	48	D760
1054	20D3	48	D767
1054	20F3	38	D76E
1054	2113	57	D775
1054	2133	67	D77C
1054	2153	00	D783
1054	2173	00	D78A
1054	2193	00	D791
1054	21B3	00	D798
1054	21D3	00	D79F
1054	21F3	00	D7A6
1054	2213	5D	D7AD
1054	2233	03	D7B4
1054	2253	03	D7BB
1054	2273	03	D7C2
1054	2293	E0	D7C9
1054	22B3	03	D7D0
1054	22D3	03	D7D7
1054	22F3	E0	D7DE
1054	23CC	00	D7DE
1054	23D4	C0	D7DE
1054	23DC	00	D7DE
1054	23E4	00	D7DE
1054	23EC	00	D7DE
1054	2498	02	D759
1054	24B8	02	D760
1054	24D8	02	D767
1054	24F8	9D	D76E
1054	2518	2F	D775
1054	2538	3F	D77C
1054	2558	7C	D783
1054	2578	66	D78A
1054	2598	76	D791
1054	25B8	01	D798
1054	25D8	00	D79F
1054	25F8	FA	D7A6
1054	2618	04	D7AD
1054	2638	03	D7B4
1054	2658	03	D7BB
1054	2678	03	D7C2
1054	2698	03	D7C9
1054	26B8	03	D7D0
1054	26D8	03	D7D7
1054	26F8	03	D7DE
1054	27CE	FF	D7DE
1054	27D6	50	D7DE
1054	27DE	05	D7DE
1054	27E6	00	D7DE
1054	27EE	00	D7DE
1054	2092	48	D759
1054	20B2	48	D760
1054	20D2	48	D767
1054	20F2	38	D76E
1054	2112	57	D775
1054	2132	67	D77C
1054	2152	00	D783
1054	2172	36	D78A
1054	2192	46	D791
1054	21B2	56	D798
1054	21D2	3C	D79F
1054	21F2	4C	D7A6
1054	2212	5C	D7AD
1054	2232	03	D7B4
1054	2252	03	D7BB
1054	2272	03	D7C2
1054	2292	03	D7C9
1054	22B2	03	D7D0
1054	22D2	03	D7D7
1054	22F2	03	D7DE
1054	2499	AE	D759
1054	24B9	BE	D760
1054	24D9	02	D767
1054	24F9	9D	D76E
1054	2519	2F	D775
1054	2539	3F	D77C
1054	2559	2E	D783
1054	2579	3E	D78A
1054	2599	3E	D791
1054	25B9	3E	D798
1054	25D9	00	D79F
1054	25F9	FA	D7A6
1054	2619	04	D7AD
1054	2639	03	D7B4
1054	2659	03	D7BB
1054	2679	03	D7C2
1054	2699	03	D7C9
1054	26B9	03	D7D0
1054	26D9	03	D7D7
1054	26F9	03	D7DE
1055	2091	47	D759
1055	20B1	47	D760
1055	20D1	47	D767
1055	20F1	37	D76E
1055	2111	57	D775
1055	2131	67	D77C
1055	2151	00	D783
1055	2171	35	D78A
1055	2191	45	D791
1055	21B1	55	D798
1055	21D1	3B	D79F
1055	21F1	4B	D7A6
1055	2211	5B	D7AD
1055	2231	03	D7B4
1055	2251	03	D7BB
1055	2271	03	D7C2
1055	2291	03	D7C9
1055	22B1	03	D7D0
1055	22D1	03	D7D7
1055	22F1	03	D7DE
1055	249A	AF	D759
1055	24BA	9E	D760
1055	24DA	8B	D767
1055	24FA	9D	D76E
1055	251A	2F	D775
1055	253A	3F	D77C
1055	255A	01	D783
1055	257A	01	D78A
1055	259A	01	D791
1055	25BA	01	D798
1055	25DA	5E	D79F
1055	25FA	1E	D7A6
1055	261A	04	D7AD
1055	263A	03	D7B4
1055	265A	03	D7BB
1055	267A	03	D7C2
1055	269A	03	D7C9
1055	26BA	03	D7D0
1055	26DA	03	D7D7
1055	26FA	03	D7DE
1055	2090	00	D759
1055	20B0	00	D760
1055	20D0	00	D767
1055	20F0	00	D76E
1055	2110	57	D775
1055	2130	67	D77C
1055	2150	00	D783
1055	2170	00	D78A
1055	2190	44	D791
1055	21B0	54	D798
1055	21D0	3A	D79F
1055	21F0	4A	D7A6
1055	2210	5A	D7AD
1055	2230	03	D7B4
1055	2250	03	D7BB
1055	2270	03	D7C2
1055	2290	03	D7C9
1055	22B0	F0	D7D0
1055	22D0	03	D7D7
1055	22F0	03	D7DE
1055	23CC	00	D7DE
1055	23D4	C0	D7DE
1055	23DC	00	D7DE
1055	23E4	00	D7DE
1055	23EC	00	D7DE
1055	249B	8F	D759
1055	24BB	00	D760
1055	24DB	8C	D767
1055	24FB	9D	D76E
1055	251B	2F	D775
1055	253B	3F	D77C
1055	255B	34	D783
1055	257B	42	D78A
1055	259B	68	D791
1055	25BB	3E	D798
1055	25DB	5F	D79F
1055	25FB	1F	D7A6
1055	261B	04	D7AD
1055	263B	03	D7B4
1055	265B	03	D7BB
1055	267B	03	D7C2
1055	269B	03	D7C9
1055	26BB	03	D7D0
1055	26DB	03	D7D7
1055	26FB	03	D7DE
1055	27CE	FF	D7DE
1055	27D6	50	D7DE
1055	27DE	05	D7DE
1055	27E6	00	D7DE
1055	27EE	00	D7DE
1055	208F	0C	D759
1055	20AF	3D	D760
1055	20CF	4D	D767
1055	20EF	0F	D76E
1055	210F	11	D775
1055	212F	21	D77C
1055	214F	31	D783
1055	216F	41	D78A
1055	218F	4F	D791
1055	21AF	1F	D798
1055	21CF	1F	D79F
1055	21EF	1F	D7A6
1055	220F	23	D7AD
1055	222F	03	D7B4
1055	224F	03	D7BB
1055	226F	03	D7C2
1055	228F	03	D7C9
1055	22AF	03	D7D0
1055	22CF	03	D7D7
1055	22EF	03	D7DE
1055	23CB	FF	D7DE
1055	23D3	A5	D7DE
1055	23DB	00	D7DE
1055	23E3	00	D7DE
1055	23EB	00	D7DE
1055	249C	8F	D759
1055	24BC	00	D760
1055	24DC	8C	D767
1055	24FC	9D	D76E
1055	251C	2F	D775
1055	253C	3F	D77C
1055	255C	00	D783
1055	257C	00	D78A
1055	259C	44	D791
1055	25BC	54	D798
1055	25DC	3A	D79F
1055	25FC	4A	D7A6
1055	261C	5A	D7AD
1055	263C	03	D7B4
1055	265C	03	D7BB
1055	267C	E0	D7C2
1055	269C	03	D7C9
1055	26BC	03	D7D0
1055	26DC	E0	D7D7
1055	26FC	03	D7DE
1055	27CF	FF	D7DE
1055	27D7	00	D7DE
1055	27DF	00	D7DE
1055	27E7	00	D7DE
1055	27EF	00	D7DE
1055	208E	1C	D759
1055	20AE	2C	D760
1055	20CE	1D	D767
1055	20EE	0F	D76E
1055	210E	10	D775
1055	212E	20	D77C
1055	214E	30	D783
1055	216E	40	D78A
1055	218E	4E	D791
1055	21AE	1E	D798
1055	21CE	1E	D79F
1055	21EE	14	D7A6
1055	220E	22	D7AD
1055	222E	03	D7B4
1055	224E	03	D7BB
1055	226E	03	D7C2
1055	228E	03	D7C9
1055	22AE	03	D7D0
1055	22CE	03	D7D7
1055	22EE	03	D7DE
1055	249D	8F	D759
1055	24BD	00	D760
1055	24DD	8C	D767
1055	24FD	9D	D76E
1055	251D	2F	D775
1055	253D	3F	D77C
1055	255D	00	D783
1055	257D	35	D78A
1055	259D	45	D791
1055	25BD	55	D798
1055	25DD	3B	D79F
1055	25FD	4B	D7A6
1055	261D	5B	D7AD
1055	263D	03	D7B4
1055	265D	03	D7BB
1055	267D	03	D7C2
1055	269D	03	D7C9
1055	26BD	03	D7D0
1055	26DD	F0	D7D7
1055	26FD	03	D7DE
1056	208D	1B	D759
1056	20AD	2B	D760
1056	20CD	1D	D767
1056	20ED	0F	D76E
1056	210D	11	D775
1056	212D	21	D77C
1056	214D	31	D783
1056	216D	41	D78A
1056	218D	4F	D791
1056	21AD	1F	D798
1056	21CD	1F	D79F
1056	21ED	13	D7A6
1056	220D	00	D7AD
1056	222D	03	D7B4
1056	224D	03	D7BB
1056	226D	03	D7C2
1056	228D	03	D7C9
1056	22AD	03	D7D0
1056	22CD	03	D7D7
1056	22ED	03	D7DE
1056	249E	AE	D759
1056	24BE	9F	D760
1056	24DE	8D	D767
1056	24FE	9D	D76E
1056	251E	2F	D775
1056	253E	3F	D77C
1056	255E	00	D783
1056	257E	36	D78A
1056	259E	46	D791
1056	25BE	56	D798
1056	25DE	3C	D79F
1056	25FE	4C	D7A6
1056	261E	5C	D7AD
1056	263E	03	D7B4
1056	265E	03	D7BB
1056	267E	03	D7C2
1056	269E	03	D7C9
1056	26BE	03	D7D0
1056	26DE	03	D7D7
1056	26FE	03	D7DE
1056	208C	1B	D759
1056	20AC	2B	D760
1056	20CC	1D	D767
1056	20EC	0F	D76E
1056	210C	10	D775
1056	212C	20	D77C
1056	214C	30	D783
1056	216C	40	D78A
1056	218C	4E	D791
1056	21AC	1E	D798
1056	21CC	1E	D79F
1056	21EC	13	D7A6
1056	220C	22	D7AD
1056	222C	03	D7B4
1056	224C	03	D7BB
1056	226C	E0	D7C2
1056	228C	03	D7C9
1056	22AC	03	D7D0
1056	22CC	03	D7D7
1056	22EC	03	D7DE
1056	23CB	FF	D7DE
1056	23D3	A5	D7DE
1056	23DB	00	D7DE
1056	23E3	00	D7DE
1056	23EB	00	D7DE
1056	249F	AF	D759
1056	24BF	BF	D760
1056	24DF	02	D767
1056	24FF	9D	D76E
1056	251F	00	D775
1056	253F	00	D77C
1056	255F	00	D783
1056	257F	00	D78A
1056	259F	00	D791
1056	25BF	00	D798
1056	25DF	00	D79F
1056	25FF	00	D7A6
1056	261F	5D	D7AD
1056	263F	53	D7B4
1056	265F	03	D7BB
1056	267F	03	D7C2
1056	269F	03	D7C9
1056	26BF	03	D7D0
1056	26DF	03	D7D7
1056	26FF	03	D7DE
1056	27CF	FF	D7DE
1056	27D7	00	D7DE
1056	27DF	00	D7DE
1056	27E7	00	D7DE
1056	27EF	00	D7DE
1056	208B	1B	D759
1056	20AB	2B	D760
1056	20CB	1D	D767
1056	20EB	0F	D76E
1056	210B	11	D775
1056	212B	21	D77C
1056	214B	0A	D783
1056	216B	00	D78A
1056	218B	24	D791
1056	21AB	24	D798
1056	21CB	33	D79F
1056	21EB	13	D7A6
1056	220B	00	D7AD
1056	222B	03	D7B4
1056	224B	03	D7BB
1056	226B	03	D7C2
1056	228B	03	D7C9
1056	22AB	03	D7D0
1056	22CB	E0	D7D7
1056	22EB	03	D7DE
1056	23CA	FF	D7DE
1056	23D2	F5	D7DE
1056	23DA	0C	D7DE
1056	23E2	00	D7DE
1056	23EA	00	D7DE
1056	2080	02	D759
1056	20A0	02	D760
1056	20C0	02	D767
1056	20E0	9D	D76E
1056	2100	11	D775
1056	2120	21	D77C
1056	2140	7C	D783
1056	2160	01	D78A
1056	2180	01	D791
1056	21A0	01	D798
1056	21C0	01	D79F
1056	21E0	01	D7A6
1056	2200	01	D7AD
1056	2220	01	D7B4
1056	2240	03	D7BB
1056	2260	03	D7C2
1056	2280	E0	D7C9
1056	22A0	03	D7D0
1056	22C0	03	D7D7
1056	22E0	03	D7DE
1056	23C8	FF	D7DE
1056	23D0	5F	D7DE
1056	23D8	55	D7DE
1056	23E0	05	D7DE
1056	23E8	00	D7DE
1056	208A	1A	D759
1056	20AA	2A	D760
1056	20CA	2D	D767
1056	20EA	0E	D76E
1056	210A	10	D775
1056	212A	20	D77C
1056	214A	0A	D783
1056	216A	00	D78A
1056	218A	24	D791
1056	21AA	24	D798
1056	21CA	33	D79F
1056	21EA	12	D7A6
1056	220A	22	D7AD
1056	222A	03	D7B4
1056	224A	03	D7BB
1056	226A	03	D7C2
1056	228A	03	D7C9
1056	22AA	03	D7D0
1056	22CA	03	D7D7
1056	22EA	03	D7DE
1059	27F8	FF	CED5
1059	27F9	FF	CED5
1059	27FA	FF	CED5
1059	27FB	FF	CED5
1059	27FC	FF	CED5
1059	27FD	FF	CED5
1059	27FE	FF	CED5
1059	27FF	FF	CED5
1059	27F0	FF	CED5
1059	27F1	FF	CED5
1059	27F2	FF	CED5
1059	27F3	FF	CED5
1059	27F4	FF	CED5
1059	27F5	FF	CED5
1059	27F6	FF	CED5
1059	27F7	FF	CED5
1059	27C0	FF	CED5
1059	27C1	FF	CED5
1059	27C2	FF	CED5
1059	27C3	FF	CED5
1059	27C4	FF	CED5
1059	27C5	FF	CED5
1059	27C6	FF	CED5
1059	27C7	FF	CED5
1059	23F8	FF	CED5
1059	23F9	FF	CED5
1059	23FA	FF	CED5
1059	23FB	FF	CED5
1059	23FC	FF	CED5
1059	23FD	FF	CED5
1059	23FE	FF	CED5
1059	23FF	FF	CED5
1059	23F0	FF	CED5
1059	23F1	FF	CED5
1059	23F2	FF	CED5
1059	23F3	FF	CED5
1059	23F4	FF	CED5
1059	23F5	FF	CED5
1059	23F6	FF	CED5
1059	23F7	FF	CED5
1059	23C0	FF	CED5
1059	23C1	FF	CED5
1059	23C2	FF	CED5
1059	23C3	FF	CED5
1059	23C4	FF	CED5
1059	23C5	FF	CED5
1059	23C6	FF	CED5
1059	23C7	FF	CED5
1060	2700	00	F2AC
1060	2701	00	F2AC
1060	2702	00	F2AC
1060	2703	00	F2AC
1060	2704	00	F2AC
1060	2705	00	F2AC
1060	2706	00	F2AC
1060	2707	00	F2AC
1060	2708	00	F2AC
1060	2709	00	F2AC
1060	270A	00	F2AC
1060	270B	00	F2AC
1060	270C	00	F2AC
1060	270D	00	F2AC
1060	270E	00	F2AC
1060	270F	00	F2AC
1060	2710	00	F2AC
1060	2711	00	F2AC
1060	2712	00	F2AC
1060	2713	00	F2AC
1060	2714	00	F2AC
1060	2715	00	F2AC
1060	2716	00	F2AC
1060	2717	00	F2AC
1060	2718	00	F2AC
1060	2719	00	F2AC
1060	271A	00	F2AC
1060	271B	00	F2AC
1060	271C	B8	F2AC
1060	271D	00	F2AC
1060	271E	00	F2AC
1060	271F	00	F2AC
1060	2720	00	F2AC
1060	2721	00	F2AC
1060	2722	89	F2AC
1060	2723	94	F2AC
1060	2724	85	F2AC
1060	2725	8D	F2AC
1060	2726	93	F2AC
1060	2727	00	F2AC
1060	2728	00	F2AC
1060	2729	93	F2AC
1060	272A	94	F2AC
1060	272B	81	F2AC
1060	272C	94	F2AC
1060	272D	95	F2AC
1060	272E	93	F2AC
1060	272F	00	F2AC
1060	2730	87	F2AC
1060	2731	92	F2AC
1060	2732	8F	F2AC
1060	2733	97	F2AC
1060	2734	94	F2AC
1060	2735	88	F2AC
1060	2736	00	F2AC
1060	2737	94	F2AC
1060	2738	85	F2AC
1060	2739	83	F2AC
1060	273A	88	F2AC
1060	273B	00	F2AC
1060	273C	00	F2AC
1060	273D	00	F2AC
1060	273E	00	F2AC
1060	273F	00	F2AC
1060	2740	00	F2AC
1060	2741	00	F2AC
1060	2742	00	F2AC
1060	2743	00	F2AC
1060	2744	00	F2AC
1060	2745	00	F2AC
1060	2746	00	F2AC
1060	2747	00	F2AC
1060	2748	00	F2AC
1060	2749	00	F2AC
1060	274A	00	F2AC
1060	274B	00	F2AC
1060	274C	00	F2AC
1060	274D	00	F2AC
1060	274E	00	F2AC
1060	274F	00	F2AC
1060	2750	00	F2AC
1060	2751	00	F2AC
1060	2752	00	F2AC
1060	2753	00	F2AC
1060	2754	00	F2AC
1060	2755	00	F2AC
1060	2756	00	F2AC
1060	2757	B8	F2AC
1060	2758	00	F2AC
1060	2759	00	F2AC
1060	275A	00	F2AC
1060	275B	00	F2AC
1060	275C	B8	F2AC
1060	275D	00	F2AC
1060	275E	00	F2AC
1060	275F	00	F2AC
1060	2760	00	F2AC
1060	2761	00	F2AC
1060	2762	93	F2AC
1060	2763	81	F2AC
1060	2764	96	F2AC
1060	2765	85	F2AC
1060	2766	00	F2AC
1060	2767	00	F2AC
1060	2768	00	F2AC
1060	2769	81	F2AC
1060	276A	8C	F2AC
1060	276B	8C	F2AC
1060	276C	99	F2AC
1060	276D	00	F2AC
1060	276E	00	F2AC
1060	276F	00	F2AC
1060	2770	93	F2AC
1060	2771	85	F2AC
1060	2772	94	F2AC
1060	2773	94	F2AC
1060	2774	8E	F2AC
1060	2775	87	F2AC
1060	2776	00	F2AC
1060	2777	93	F2AC
1060	2778	85	F2AC
1060	2779	94	F2AC
1060	277A	95	F2AC
1060	277B	90	F2AC
1060	277C	00	F2AC
1060	277D	00	F2AC
1060	277E	00	F2AC
1060	277F	00	F2AC
1063	2700	00	F2AC
1063	2701	00	F2AC
1063	2702	00	F2AC
1063	2703	00	F2AC
1063	2704	00	F2AC
1063	2705	00	F2AC
1063	2706	00	F2AC
1063	2707	00	F2AC
1063	2708	00	F2AC
1063	2709	00	F2AC
1063	270A	00	F2AC
1063	270B	00	F2AC
1063	270C	00	F2AC
1063	270D	00	F2AC
1063	270E	00	F2AC
1063	270F	00	F2AC
1063	2710	00	F2AC
1063	2711	00	F2AC
1063	2712	00	F2AC
1063	2713	00	F2AC
1063	2714	00	F2AC
1063	2715	00	F2AC
1063	2716	00	F2AC
1063	2717	00	F2AC
1063	2718	00	F2AC
1063	2719	00	F2AC
1063	271A	00	F2AC
1063	271B	00	F2AC
1063	271C	B8	F2AC
1063	271D	00	F2AC
1063	271E	00	F2AC
1063	271F	00	F2AC
1063	2720	00	F2AC
1063	2721	00	F2AC
1063	2722	89	F2AC
1063	2723	94	F2AC
1063	2724	85	F2AC
1063	2725	8D	F2AC
1063	2726	93	F2AC
1063	2727	00	F2AC
1063	2728	00	F2AC
1063	2729	93	F2AC
1063	272A	94	F2AC
1063	272B	81	F2AC
1063	272C	94	F2AC
1063	272D	95	F2AC
1063	272E	93	F2AC
1063	272F	00	F2AC
1063	2730	87	F2AC
1063	2731	92	F2AC
1063	2732	8F	F2AC
1063	2733	97	F2AC
1063	2734	94	F2AC
1063	2735	88	F2AC
1063	2736	00	F2AC
1063	2737	94	F2AC
1063	2738	85	F2AC
1063	2739	83	F2AC
1063	273A	88	F2AC
1063	273B	00	F2AC
1063	273C	00	F2AC
1063	273D	00	F2AC
1063	273E	00	F2AC
1063	273F	00	F2AC
1063	2740	00	F2AC
1063	2741	00	F2AC
1063	2742	00	F2AC
1063	2743	00	F2AC
1063	2744	00	F2AC
1063	2745	00	F2AC
1063	2746	00	F2AC
1063	2747	00	F2AC
1063	2748	00	F2AC
1063	2749	00	F2AC
1063	274A	00	F2AC
1063	274B	00	F2AC
1063	274C	00	F2AC
1063	274D	00	F2AC
1063	274E	00	F2AC
1063	274F	00	F2AC
1063	2750	00	F2AC
1063	2751	00	F2AC
1063	2752	00	F2AC
1063	2753	00	F2AC
1063	2754	00	F2AC
1063	2755	00	F2AC
1063	2756	00	F2AC
1063	2757	B8	F2AC
1063	2758	00	F2AC
1063	2759	00	F2AC
1063	275A	00	F2AC
1063	275B	00	F2AC
1063	275C	B8	F2AC
1063	275D	00	F2AC
1063	275E	00	F2AC
1063	275F	00	F2AC
1063	2760	00	F2AC
1063	2761	00	F2AC
1063	2762	93	F2AC
1063	2763	81	F2AC
1063	2764	96	F2AC
1063	2765	85	F2AC
1063	2766	00	F2AC
1063	2767	00	F2AC
1063	2768	00	F2AC
1063	2769	81	F2AC
1063	276A	8C	F2AC
1063	276B	8C	F2AC
1063	276C	99	F2AC
1063	276D	00	F2AC
1063	276E	00	F2AC
1063	276F	00	F2AC
1063	2770	93	F2AC
1063	2771	85	F2AC
1063	2772	94	F2AC
1063	2773	94	F2AC
1063	2774	8E	F2AC
1063	2775	87	F2AC
1063	2776	00	F2AC
1063	2777	93	F2AC
1063	2778	85	F2AC
1063	2779	94	F2AC
1063	277A	95	F2AC
1063	277B	90	F2AC
1063	277C	00	F2AC
1063	277D	00	F2AC
1063	277E	00	F2AC
1063	277F	00	F2AC
1064	2051	94	D7C2
1064	2052	93	D7C9
1064	2053	95	D7D0
1064	2054	95	D7D7
1064	2055	00	D7DE
1064	2031	00	D7C2
1064	2032	00	D7C9
1064	2033	00	D7D0
1064	2034	00	D7D7
1064	2035	00	D7DE
1064	2451	94	D7C2
1064	2452	93	D7C9
1064	2453	95	D7D0
1064	2454	95	D7D7
1064	2455	00	D7DE
1064	2431	00	D7C2
1064	2432	00	D7C9
1064	2433	00	D7D0
1064	2434	00	D7D7
1064	2435	00	D7DE
1064	2043	8B	D7C2
1064	2044	95	D7C9
1064	2045	8E	D7D0
1064	2046	89	D7D7
1064	2047	8F	D7DE
1065	2023	00	D7C2
1065	2024	00	D7C9
1065	2025	00	D7D0
1065	2026	00	D7D7
1065	2027	00	D7DE
1065	2443	8B	D7C2
1065	2444	95	D7C9
1065	2445	8E	D7D0
1065	2446	89	D7D7
1065	2447	8F	D7DE
1065	2423	00	D7C2
1065	2424	00	D7C9
1065	2425	00	D7D0
1065	2426	00	D7D7
1065	2427	00	D7DE
1065	2056	D5	D7AD
1065	2057	D5	D7B4
1065	2058	00	D7BB
1065	2059	00	D7C2
1065	205A	00	D7C9
1065	205B	00	D7D0
1065	205C	00	D7D7
1065	205D	00	D7DE
1066	2076	D8	D7AD
1066	2077	D8	D7B4
1066	2078	00	D7BB
1066	2079	00	D7C2
1066	207A	00	D7C9
1066	207B	00	D7D0
1066	207C	00	D7D7
1066	207D	00	D7DE
1066	2456	00	D7B4
1066	2457	00	D7BB
1066	2458	00	D7C2
1066	2459	C2	D7C9
1066	245A	C0	D7D0
1066	245B	C0	D7D7
1066	245C	CF	D7DE
1066	2048	D5	D7AD
1066	2049	D5	D7B4
1066	204A	00	D7BB
1066	204B	00	D7C2
1066	204C	00	D7C9
1066	204D	00	D7D0
1066	204E	00	D7D7
1066	204F	00	D7DE
1066	2068	D8	D7AD
1066	2069	D8	D7B4
1066	206A	00	D7BB
1066	206B	00	D7C2
1066	206C	00	D7C9
1066	206D	00	D7D0
1066	206E	00	D7D7
1066	206F	00	D7DE
1067	2448	00	D7B4
1067	2449	00	D7BB
1067	244A	00	D7C2
1067	244B	C2	D7C9
1067	244C	C0	D7D0
1067	244D	C0	D7D7
1067	244E	CF	D7DE
1067	2051	94	D7C2
1067	2052	93	D7C9
1067	2053	95	D7D0
1067	2054	95	D7D7
1067	2055	00	D7DE
1067	2031	00	D7C2
1067	2032	00	D7C9
1067	2033	00	D7D0
1067	2034	00	D7D7
1067	2035	00	D7DE
1067	2451	94	D7C2
1067	2452	93	D7C9
1067	2453	95	D7D0
1067	2454	95	D7D7
1067	2455	00	D7DE
1067	2431	00	D7C2
1067	2432	00	D7C9
1067	2433	00	D7D0
1067	2434	00	D7D7
1067	2435	00	D7DE
1068	2043	8B	D7C2
1068	2044	95	D7C9
1068	2045	8E	D7D0
1068	2046	89	D7D7
1068	2047	8F	D7DE
1068	2023	00	D7C2
1068	2024	00	D7C9
1068	2025	00	D7D0
1068	2026	00	D7D7
1068	2027	00	D7DE
1068	2443	8B	D7C2
1068	2444	95	D7C9
1068	2445	8E	D7D0
1068	2446	89	D7D7
1068	2447	8F	D7DE
1068	2423	00	D7C2
1068	2424	00	D7C9
1068	2425	00	D7D0
1068	2426	00	D7D7
1068	2427	00	D7DE
1068	2056	D5	D7AD
1068	2057	D5	D7B4
1068	2058	00	D7BB
1068	2059	00	D7C2
1068	205A	00	D7C9
1068	205B	00	D7D0
1068	205C	00	D7D7
1068	205D	00	D7DE
1069	2076	D8	D7AD
1069	2077	D8	D7B4
1069	2078	00	D7BB
1069	2079	00	D7C2
1069	207A	00	D7C9
1069	207B	00	D7D0
1069	207C	00	D7D7
1069	207D	00	D7DE
1069	2456	00	D7B4
1069	2457	00	D7BB
1069	2458	00	D7C2
1069	2459	C2	D7C9
1069	245A	C0	D7D0
1069	245B	C0	D7D7
1069	245C	CF	D7DE
1069	2048	D5	D7AD
1069	2049	D5	D7B4
1069	204A	00	D7BB
1069	204B	00	D7C2
1069	204C	00	D7C9
1069	204D	00	D7D0
1069	204E	00	D7D7
1069	204F	00	D7DE
1069	2068	D8	D7AD
1069	2069	D8	D7B4
1069	206A	00	D7BB
1069	206B	00	D7C2
1069	206C	00	D7C9
1069	206D	00	D7D0
1069	206E	00	D7D7
1069	206F	00	D7DE
1070	2448	00	D7B4
1070	2449	00	D7BB
1070	244A	00	D7C2
1070	244B	C2	D7C9
1070	244C	C0	D7D0
1070	244D	C0	D7D7
1070	244E	CF	D7DE
1076	2056	D5	D7AD
1076	2057	D5	D7B4
1076	2058	00	D7BB
1076	2059	00	D7C2
1076	205A	00	D7C9
1076	205B	00	D7D0
1076	205C	00	D7D7
1076	205D	00	D7DE
1157	2081	02	D759
1157	20A1	02	D760
1157	20C1	02	D767
1157	20E1	9D	D76E
1157	2101	10	D775
1157	2121	20	D77C
1157	2141	7C	D783
1157	2161	61	D78A
1157	2181	71	D791
1157	21A1	01	D798
1157	21C1	63	D79F
1157	21E1	73	D7A6
1157	2201	01	D7AD
1157	2221	01	D7B4
1157	2241	03	D7BB
1157	2261	03	D7C2
1157	2281	03	D7C9
1157	22A1	03	D7D0
1157	22C1	03	D7D7
1157	22E1	03	D7DE
1168	2082	02	D759
1168	20A2	02	D760
1168	20C2	8E	D767
1168	20E2	9D	D76E
1168	2102	11	D775
1168	2122	21	D77C
1168	2142	7C	D783
1168	2162	62	D78A
1168	2182	72	D791
1168	21A2	01	D798
1168	21C2	64	D79F
1168	21E2	74	D7A6
1168	2202	01	D7AD
1168	2222	01	D7B4
1168	2242	03	D7BB
1168	2262	03	D7C2
1168	2282	03	D7C9
1168	22A2	03	D7D0
1168	22C2	03	D7D7
1168	22E2	F0	D7DE
1178	2083	00	D759
1178	20A3	00	D760
1178	20C3	00	D767
1178	20E3	00	D76E
1178	2103	10	D775
1178	2123	20	D77C
1178	2143	2E	D783
1178	2163	3E	D78A
1178	2183	3E	D791
1178	21A3	3E	D798
1178	21C3	3E	D79F
1178	21E3	3E	D7A6
1178	2203	3E	D7AD
1178	2223	3E	D7B4
1178	2243	03	D7BB
1178	2263	03	D7C2
1178	2283	03	D7C9
1178	22A3	03	D7D0
1178	22C3	03	D7D7
1178	22E3	03	D7DE
1178	23C8	FF	D7DE
1178	23D0	5F	D7DE
1178	23D8	55	D7DE
1178	23E0	05	D7DE
1179	23E8	00	D7DE
1189	2084	02	D759
1189	20A4	02	D760
1189	20C4	0B	D767
1189	20E4	01	D76E
1189	2104	11	D775
1189	2124	21	D77C
1189	2144	00	D783
1189	2164	DB	D78A
1189	2184	EB	D791
1189	21A4	EB	D798
1189	21C4	FB	D79F
1189	21E4	00	D7A6
1189	2204	23	D7AD
1189	2224	52	D7B4
1189	2244	03	D7BB
1189	2264	03	D7C2
1189	2284	03	D7C9
1189	22A4	03	D7D0
1189	22C4	E0	D7D7
1189	22E4	03	D7DE
1189	23C9	11	D7DE
1189	23D1	FF	D7DE
1189	23D9	FF	D7DE
1189	23E1	00	D7DE
1190	23E9	00	D7DE
1200	2085	02	D759
1200	20A5	02	D760
1200	20C5	0B	D767
1200	20E5	01	D76E
1200	2105	10	D775
1200	2125	20	D77C
1200	2145	00	D783
1200	2165	59	D78A
1200	2185	69	D791
1200	21A5	69	D798
1200	21C5	79	D79F
1200	21E5	00	D7A6
1200	2205	04	D7AD
1200	2225	03	D7B4
1200	2245	03	D7BB
1200	2265	03	D7C2
1200	2285	03	D7C9
1200	22A5	03	D7D0
1200	22C5	03	D7D7
1200	22E5	03	D7DE
1211	2086	ED	D759
1211	20A6	ED	D760
1211	20C6	ED	D767
1211	20E6	AB	D76E
1211	2106	11	D775
1211	2126	21	D77C
1211	2146	00	D783
1211	2166	58	D78A
1211	2186	03	D791
1211	21A6	03	D798
1211	21C6	78	D79F
1211	21E6	00	D7A6
1211	2206	04	D7AD
1211	2226	03	D7B4
1211	2246	03	D7BB
1211	2266	03	D7C2
1211	2286	03	D7C9
1211	22A6	03	D7D0
1211	22C6	03	D7D7
1211	22E6	03	D7DE
1222	2087	EE	D759
1222	20A7	EE	D760
1222	20C7	EE	D767
1222	20E7	AC	D76E
1222	2107	10	D775
1222	2127	20	D77C
1222	2147	00	D783
1222	2167	59	D78A
1222	2187	69	D791
1222	21A7	69	D798
1222	21C7	79	D79F
1222	21E7	00	D7A6
1222	2207	04	D7AD
1222	2227	03	D7B4
1222	2247	03	D7BB
1222	2267	03	D7C2
1222	2287	F0	D7C9
1222	22A7	03	D7D0
1222	22C7	03	D7D7
1222	22E7	03	D7DE
1222	23C9	11	D7DE
1222	23D1	FF	D7DE
1222	23D9	FF	D7DE
1222	23E1	00	D7DE
1223	23E9	00	D7DE
1233	2088	EF	D759
1233	20A8	EF	D760
1233	20C8	EF	D767
1233	20E8	AD	D76E
1233	2108	11	D775
1233	2128	21	D77C
1233	2148	00	D783
1233	2168	58	D78A
1233	2188	03	D791
1233	21A8	03	D798
1233	21C8	78	D79F
1233	21E8	00	D7A6
1233	2208	04	D7AD
1233	2228	03	D7B4
1233	2248	03	D7BB
1233	2268	03	D7C2
1233	2288	03	D7C9
1233	22A8	03	D7D0
1233	22C8	03	D7D7
1233	22E8	03	D7DE
1233	23CA	0C	D7DE
1233	23D2	3F	D7DE
1233	23DA	33	D7DE
1233	23E2	00	D7DE
1234	23EA	00	D7DE
1412	2089	00	D759
1412	20A9	00	D760
1412	20C9	60	D767
1412	20E9	70	D76E
1412	2109	10	D775
1412	2129	20	D77C
1412	2149	00	D783
1412	2169	59	D78A
1412	2189	69	D791
1412	21A9	69	D798
1412	21C9	79	D79F
1412	21E9	00	D7A6
1412	2209	04	D7AD
1412	2229	03	D7B4
1412	2249	E0	D7BB
1412	2269	03	D7C2
1412	2289	03	D7C9
1412	22A9	03	D7D0
1412	22C9	03	D7D7
1412	22E9	03	D7DE
1423	208A	24	D759
1423	20AA	24	D760
1423	20CA	60	D767
1423	20EA	70	D76E
1423	210A	11	D775
1423	212A	21	D77C
1423	214A	27	D783
1423	216A	47	D78A
1423	218A	47	D791
1423	21AA	37	D798
1423	21CA	5F	D79F
1423	21EA	1F	D7A6
1423	220A	04	D7AD
1423	222A	03	D7B4
1423	224A	03	D7BB
1423	226A	03	D7C2
1423	228A	03	D7C9
1423	22AA	E0	D7D0
1423	22CA	03	D7D7
1423	22EA	03	D7DE
1434	208B	24	D759
1434	20AB	24	D760
1434	20CB	60	D767
1434	20EB	70	D76E
1434	210B	10	D775
1434	212B	20	D77C
1434	214B	28	D783
1434	216B	48	D78A
1434	218B	48	D791
1434	21AB	38	D798
1434	21CB	5E	D79F
1434	21EB	1E	D7A6
1434	220B	04	D7AD
1434	222B	03	D7B4
1434	224B	03	D7BB
1434	226B	03	D7C2
1434	228B	03	D7C9
1434	22AB	03	D7D0
1434	22CB	03	D7D7
1434	22EB	03	D7DE
1434	23CA	0C	D7DE
1434	23D2	3F	D7DE
1434	23DA	33	D7DE
1434	23E2	00	D7DE
1435	23EA	00	D7DE
1445	208C	25	D759
1445	20AC	25	D760
1445	20CC	60	D767
1445	20EC	70	D76E
1445	210C	11	D775
1445	212C	21	D77C
1445	214C	28	D783
1445	216C	48	D78A
1445	218C	48	D791
1445	21AC	38	D798
1445	21CC	5F	D79F
1445	21EC	1F	D7A6
1445	220C	04	D7AD
1445	222C	03	D7B4
1445	224C	03	D7BB
1445	226C	03	D7C2
1445	228C	03	D7C9
1445	22AC	03	D7D0
1445	22CC	03	D7D7
1445	22EC	03	D7DE
1445	23CB	00	D7DE
1445	23D3	0F	D7DE
1445	23DB	00	D7DE
1445	23E3	00	D7DE
1446	23EB	00	D7DE
1455	208D	00	D759
1455	20AD	00	D760
1455	20CD	60	D767
1455	20ED	70	D76E
1455	210D	10	D775
1455	212D	20	D77C
1455	214D	28	D783
1455	216D	48	D78A
1455	218D	48	D791
1455	21AD	38	D798
1455	21CD	5E	D79F
1455	21ED	1E	D7A6
1455	220D	04	D7AD
1455	222D	03	D7B4
1455	224D	03	D7BB
1455	226D	03	D7C2
1455	228D	03	D7C9
1455	22AD	03	D7D0
1455	22CD	03	D7D7
1455	22ED	03	D7DE
1466	208E	A5	D759
1466	20AE	A5	D760
1466	20CE	60	D767
1466	20EE	70	D76E
1466	210E	11	D775
1466	212E	21	D77C
1466	214E	29	D783
1466	216E	49	D78A
1466	218E	49	D791
1466	21AE	39	D798
1466	21CE	5F	D79F
1466	21EE	1F	D7A6
1466	220E	04	D7AD
1466	222E	03	D7B4
1466	224E	03	D7BB
1466	226E	03	D7C2
1466	228E	03	D7C9
1466	22AE	03	D7D0
1466	22CE	03	D7D7
1466	22EE	03	D7DE
1477	208F	A5	D759
1477	20AF	A5	D760
1477	20CF	60	D767
1477	20EF	70	D76E
1477	210F	00	D775
1477	212F	00	D77C
1477	214F	00	D783
1477	216F	00	D78A
1477	218F	00	D791
1477	21AF	00	D798
1477	21CF	00	D79F
1477	21EF	00	D7A6
1477	220F	04	D7AD
1477	222F	03	D7B4
1477	224F	03	D7BB
1477	226F	03	D7C2
1477	228F	03	D7C9
1477	22AF	E0	D7D0
1477	22CF	03	D7D7
1477	22EF	03	D7DE
1477	23CB	00	D7DE
1477	23D3	0F	D7DE
1477	23DB	00	D7DE
1477	23E3	00	D7DE
1478	23EB	00	D7DE
1652	2090	24	D759
1652	20B0	24	D760
1652	20D0	60	D767
1652	20F0	70	D76E
1652	2110	11	D775
1652	2130	21	D77C
1652	2150	6A	D783
1652	2170	7A	D78A
1652	2190	7A	D791
1652	21B0	6B	D798
1652	21D0	7B	D79F
1652	21F0	6C	D7A6
1652	2210	6C	D7AD
1652	2230	04	D7B4
1652	2250	03	D7BB
1652	2270	03	D7C2
1652	2290	03	D7C9
1652	22B0	03	D7D0
1652	22D0	F0	D7D7
1652	22F0	03	D7DE
1652	23CC	03	D7DE
1652	23D4	05	D7DE
1652	23DC	00	D7DE
1652	23E4	00	D7DE
1653	23EC	00	D7DE
1663	2091	24	D759
1663	20B1	24	D760
1663	20D1	60	D767
1663	20F1	70	D76E
1663	2111	10	D775
1663	2131	20	D77C
1663	2151	6A	D783
1663	2171	7A	D78A
1663	2191	7A	D791
1663	21B1	6B	D798
1663	21D1	7B	D79F
1663	21F1	6C	D7A6
1663	2211	6C	D7AD
1663	2231	04	D7B4
1663	2251	03	D7BB
1663	2271	03	D7C2
1663	2291	03	D7C9
1663	22B1	03	D7D0
1663	22D1	03	D7D7
1663	22F1	03	D7DE
1867	2000	00	FDF5
1867	2001	00	FDF5
1867	2002	00	FDF5
1867	2003	00	FDF5
1867	2004	00	FDF5
1867	2005	00	FDF5
1867	2006	00	FDF5
1867	2007	00	FDF5
1867	2008	00	FDF5
1867	2009	00	FDF5
1867	200A	00	FDF5
1867	200B	00	FDF5
1867	200C	00	FDF5
1867	200D	00	FDF5
1867	200E	00	FDF5
1867	200F	00	FDF5
1867	2010	00	FDF5
1867	2011	00	FDF5
1867	2012	00	FDF5
1867	2013	00	FDF5
1867	2014	00	FDF5
1867	2015	00	FDF5
1867	2016	00	FDF5
1867	2017	00	FDF5
1867	2018	00	FDF5
1867	2019	00	FDF5
1867	201A	00	FDF5
1867	201B	00	FDF5
1867	201C	00	FDF5
1867	201D	00	FDF5
1867	201E	00	FDF5
1867	201F	00	FDF5
1867	2020	00	FDF5
1867	2021	00	FDF5
1867	2022	00	FDF5
1867	2023	00	FDF5
1867	2024	00	FDF5
1867	2025	00	FDF5
1867	2026	00	FDF5
1867	2027	00	FDF5
1867	2028	00	FDF5
1867	2029	00	FDF5
1867	202A	00	FDF5
1867	202B	00	FDF5
1867	202C	00	FDF5
1867	202D	00	FDF5
1867	202E	00	FDF5
1867	202F	00	FDF5
1867	2030	00	FDF5
1867	2031	00	FDF5
1867	2032	00	FDF5
1867	2033	00	FDF5
1867	2034	00	FDF5
1867	2035	00	FDF5
1867	2036	00	FDF5
1867	2037	00	FDF5
1867	2038	00	FDF5
1867	2039	00	FDF5
1867	203A	00	FDF5
1867	203B	00	FDF5
1867	203C	00	FDF5
1867	203D	00	FDF5
1867	203E	00	FDF5
1867	203F	00	FDF5
1867	2040	00	FDF5
1867	2041	00	FDF5
1867	2042	00	FDF5
1867	2043	00	FDF5
1867	2044	00	FDF5
1867	2045	00	FDF5
1867	2046	00	FDF5
1867	2047	00	FDF5
1867	2048	00	FDF5
1867	2049	00	FDF5
1867	204A	00	FDF5
1867	204B	00	FDF5
1867	204C	00	FDF5
1867	204D	00	FDF5
1867	204E	00	FDF5
1867	204F	00	FDF5
1867	2050	00	FDF5
1867	2051	00	FDF5
1867	2052	00	FDF5
1867	2053	00	FDF5
1867	2054	00	FDF5
1867	2055	00	FDF5
1867	2056	00	FDF5
1867	2057	00	FDF5
1867	2058	00	FDF5
1867	2059	00	FDF5
1867	205A	00	FDF5
1867	205B	00	FDF5
1867	205C	00	FDF5
1867	205D	00	FDF5
1867	205E	00	FDF5
1867	205F	00	FDF5
1867	2060	00	FDF5
1867	2061	00	FDF5
1867	2062	00	FDF5
1867	2063	00	FDF5
1867	2064	00	FDF5
1867	2065	00	FDF5
1867	2066	00	FDF5
1867	2067	00	FDF5
1867	2068	00	FDF5
1867	2069	00	FDF5
1867	206A	00	FDF5
1867	206B	00	FDF5
1867	206C	00	FDF5
1867	206D	00	FDF5
1867	206E	00	FDF5
1867	206F	00	FDF5
1867	2070	00	FDF5
1867	2071	00	FDF5
1867	2072	00	FDF5
1867	2073	00	FDF5
1867	2074	00	FDF5
1867	2075	00	FDF5
1867	2076	00	FDF5
1867	2077	00	FDF5
1867	2078	00	FDF5
1867	2079	00	FDF5
1867	207A	00	FDF5
1867	207B	00	FDF5
1867	207C	00	FDF5
1867	207D	00	FDF5
1867	207E	00	FDF5
1867	207F	00	FDF5
1867	2080	00	FDF5
1867	2081	00	FDF5
1867	2082	00	FDF5
1867	2083	00	FDF5
1867	2084	00	FDF5
1867	2085	00	FDF5
1867	2086	00	FDF5
1867	2087	00	FDF5
1867	2088	00	FDF5
1867	2089	00	FDF5
1867	208A	00	FDF5
1867	208B	00	FDF5
1867	208C	00	FDF5
1867	208D	00	FDF5
1867	208E	00	FDF5
1867	208F	00	FDF5
1867	2090	00	FDF5
1867	2091	00	FDF5
1867	2092	00	FDF5
1867	2093	00	FDF5
1867	2094	00	FDF5
1867	2095	00	FDF5
1867	2096	00	FDF5
1867	2097	00	FDF5
1867	2098	00	FDF5
1867	2099	00	FDF5
1867	209A	00	FDF5
1867	209B	00	FDF5
1867	209C	00	FDF5
1867	209D	00	FDF5
1867	209E	00	FDF5
1867	209F	00	FDF5
1867	20A0	00	FDF5
1867	20A1	00	FDF5
1867	20A2	00	FDF5
1867	20A3	00	FDF5
1867	20A4	00	FDF5
1867	20A5	00	FDF5
1867	20A6	00	FDF5
1867	20A7	00	FDF5
1867	20A8	00	FDF5
1867	20A9	00	FDF5
1867	20AA	00	FDF5
1867	20AB	00	FDF5
1867	20AC	00	FDF5
1867	20AD	00	FDF5
1867	20AE	00	FDF5
1867	20AF	00	FDF5
1867	20B0	00	FDF5
1867	20B1	00	FDF5
1867	20B2	00	FDF5
1867	20B3	00	FDF5
1867	20B4	00	FDF5
1867	20B5	00	FDF5
1867	20B6	00	FDF5
1867	20B7	00	FDF5
1867	20B8	00	FDF5
1867	20B9	00	FDF5
1867	20BA	00	FDF5
1867	20BB	00	FDF5
1867	20BC	00	FDF5
1867	20BD	00	FDF5
1867	20BE	00	FDF5
1867	20BF	00	FDF5
1867	20C0	00	FDF5
1867	20C1	00	FDF5
1867	20C2	00	FDF5
1867	20C3	00	FDF5
1867	20C4	00	FDF5
1867	20C5	00	FDF5
1867	20C6	00	FDF5
1867	20C7	00	FDF5
1867	20C8	00	FDF5
1867	20C9	00	FDF5
1867	20CA	00	FDF5
1867	20CB	00	FDF5
1867	20CC	00	FDF5
1867	20CD	00	FDF5
1867	20CE	00	FDF5
1867	20CF	00	FDF5
1867	20D0	00	FDF5
1867	20D1	00	FDF5
1867	20D2	00	FDF5
1867	20D3	00	FDF5
1867	20D4	00	FDF5
1867	20D5	00	FDF5
1867	20D6	00	FDF5
1867	20D7	00	FDF5
1867	20D8	00	FDF5
1867	20D9	00	FDF5
1867	20DA	00	FDF5
1867	20DB	00	FDF5
1867	20DC	00	FDF5
1867	20DD	00	FDF5
1867	20DE	00	FDF5
1867	20DF	00	FDF5
1867	20E0	00	FDF5
1867	20E1	00	FDF5
1867	20E2	00	FDF5
1867	20E3	00	FDF5
1867	20E4	00	FDF5
1867	20E5	00	FDF5
1867	20E6	00	FDF5
1867	20E7	00	FDF5
1867	20E8	00	FDF5
1867	20E9	00	FDF5
1867	20EA	00	FDF5
1867	20EB	00	FDF5
1867	20EC	00	FDF5
1867	20ED	00	FDF5
1867	20EE	00	FDF5
1867	20EF	00	FDF5
1867	20F0	00	FDF5
1867	20F1	00	FDF5
1867	20F2	00	FDF5
1867	20F3	00	FDF5
1867	20F4	00	FDF5
1867	20F5	00	FDF5
1867	20F6	00	FDF5
1867	20F7	00	FDF5
1867	20F8	00	FDF5
1867	20F9	00	FDF5
1867	20FA	00	FDF5
1867	20FB	00	FDF5
1867	20FC	00	FDF5
1867	20FD	00	FDF5
1867	20FE	00	FDF5
1867	20FF	00	FDF5
1867	2100	00	FDF5
1867	2101	00	FDF5
1867	2102	00	FDF5
1867	2103	00	FDF5
1867	2104	00	FDF5
1867	2105	00	FDF5
1867	2106	00	FDF5
1867	2107	00	FDF5
1867	2108	00	FDF5
1867	2109	00	FDF5
1867	210A	00	FDF5
1867	210B	00	FDF5
1867	210C	00	FDF5
1867	210D	00	FDF5
1867	210E	00	FDF5
1867	210F	00	FDF5
1867	2110	00	FDF5
1867	2111	00	FDF5
1867	2112	00	FDF5
1867	2113	00	FDF5
1867	2114	00	FDF5
1867	2115	00	FDF5
1867	2116	00	FDF5
1867	2117	00	FDF5
1867	2118	00	FDF5
1867	2119	00	FDF5
1867	211A	00	FDF5
1867	211B	00	FDF5
1867	211C	00	FDF5
1867	211D	00	FDF5
1867	211E	00	FDF5
1867	211F	00	FDF5
1867	2120	00	FDF5
1867	2121	00	FDF5
1867	2122	00	FDF5
1867	2123	00	FDF5
1867	2124	00	FDF5
1867	2125	00	FDF5
1867	2126	00	FDF5
1867	2127	00	FDF5
1867	2128	00	FDF5
1867	2129	00	FDF5
1867	212A	00	FDF5
1867	212B	00	FDF5
1867	212C	00	FDF5
1867	212D	00	FDF5
1867	212E	00	FDF5
1867	212F	00	FDF5
1867	2130	00	FDF5
1867	2131	00	FDF5
1867	2132	00	FDF5
1867	2133	00	FDF5
1867	2134	00	FDF5
1867	2135	00	FDF5
1867	2136	00	FDF5
1867	2137	00	FDF5
1867	2138	00	FDF5
1867	2139	00	FDF5
1867	213A	00	FDF5
1867	213B	00	FDF5
1867	213C	00	FDF5
1867	213D	00	FDF5
1867	213E	00	FDF5
1867	213F	00	FDF5
1867	2140	00	FDF5
1867	2141	00	FDF5
1867	2142	00	FDF5
1867	2143	00	FDF5
1867	2144	00	FDF5
1867	2145	00	FDF5
1867	2146	00	FDF5
1867	2147	00	FDF5
1867	2148	00	FDF5
1867	2149	00	FDF5
1867	214A	00	FDF5
1867	214B	00	FDF5
1867	214C	00	FDF5
1867	214D	00	FDF5
1867	214E	00	FDF5
1867	214F	00	FDF5
1867	2150	00	FDF5
1867	2151	00	FDF5
1867	2152	00	FDF5
1867	2153	00	FDF5
1867	2154	00	FDF5
1867	2155	00	FDF5
1867	2156	00	FDF5
1867	2157	00	FDF5
1867	2158	00	FDF5
1867	2159	00	FDF5
1867	215A	00	FDF5
1867	215B	00	FDF5
1867	215C	00	FDF5
1867	215D	00	FDF5
1867	215E	00	FDF5
1867	215F	00	FDF5
1867	2160	00	FDF5
1867	2161	00	FDF5
1867	2162	00	FDF5
1867	2163	00	FDF5
1867	2164	00	FDF5
1867	2165	00	FDF5
1867	2166	00	FDF5
1867	2167	00	FDF5
1867	2168	00	FDF5
1867	2169	00	FDF5
1867	216A	00	FDF5
1867	216B	00	FDF5
1867	216C	00	FDF5
1867	216D	00	FDF5
1867	216E	00	FDF5
1867	216F	00	FDF5
1867	2170	00	FDF5
1867	2171	00	FDF5
1867	2172	00	FDF5
1867	2173	00	FDF5
1867	2174	00	FDF5
1867	2175	00	FDF5
1867	2176	00	FDF5
1867	2177	00	FDF5
1867	2178	00	FDF5
1867	2179	00	FDF5
1867	217A	00	FDF5
1867	217B	00	FDF5
1867	217C	00	FDF5
1867	217D	00	FDF5
1867	217E	00	FDF5
1867	217F	00	FDF5
1867	2180	00	FDF5
1867	2181	00	FDF5
1867	2182	00	FDF5
1867	2183	00	FDF5
1867	2184	00	FDF5
1867	2185	00	FDF5
1867	2186	00	FDF5
1867	2187	00	FDF5
1867	2188	00	FDF5
1867	2189	00	FDF5
1867	218A	00	FDF5
1867	218B	00	FDF5
1867	218C	00	FDF5
1867	218D	00	FDF5
1867	218E	00	FDF5
1867	218F	00	FDF5
1867	2190	00	FDF5
1867	2191	00	FDF5
1867	2192	00	FDF5
1867	2193	00	FDF5
1867	2194	00	FDF5
1867	2195	00	FDF5
1867	2196	00	FDF5
1867	2197	00	FDF5
1867	2198	00	FDF5
1867	2199	00	FDF5
1867	219A	00	FDF5
1867	219B	00	FDF5
1867	219C	00	FDF5
1867	219D	00	FDF5
1867	219E	00	FDF5
1867	219F	00	FDF5
1867	21A0	00	FDF5
1867	21A1	00	FDF5
1867	21A2	00	FDF5
1867	21A3	00	FDF5
1867	21A4	00	FDF5
1867	21A5	00	FDF5
1867	21A6	00	FDF5
1867	21A7	00	FDF5
1867	21A8	00	FDF5
1867	21A9	00	FDF5
1867	21AA	00	FDF5
1867	21AB	00	FDF5
1867	21AC	00	FDF5
1867	21AD	00	FDF5
1867	21AE	00	FDF5
1867	21AF	00	FDF5
1867	21B0	00	FDF5
1867	21B1	00	FDF5
1867	21B2	00	FDF5
1867	21B3	00	FDF5
1867	21B4	00	FDF5
1867	21B5	00	FDF5
1867	21B6	00	FDF5
1867	21B7	00	FDF5
1867	21B8	00	FDF5
1867	21B9	00	FDF5
1867	21BA	00	FDF5
1867	21BB	00	FDF5
1867	21BC	00	FDF5
1867	21BD	00	FDF5
1867	21BE	00	FDF5
1867	21BF	00	FDF5
1867	21C0	00	FDF5
1867	21C1	00	FDF5
1867	21C2	00	FDF5
1867	21C3	00	FDF5
1867	21C4	00	FDF5
1867	21C5	00	FDF5
1867	21C6	00	FDF5
1867	21C7	00	FDF5
1867	21C8	00	FDF5
1867	21C9	00	FDF5
1867	21CA	00	FDF5
1867	21CB	00	FDF5
1867	21CC	00	FDF5
1867	21CD	00	FDF5
1867	21CE	00	FDF5
1867	21CF	00	FDF5
1867	21D0	00	FDF5
1867	21D1	00	FDF5
1867	21D2	00	FDF5
1867	21D3	00	FDF5
1867	21D4	00	FDF5
1867	21D5	00	FDF5
1867	21D6	00	FDF5
1867	21D7	00	FDF5
1867	21D8	00	FDF5
1867	21D9	00	FDF5
1867	21DA	00	FDF5
1867	21DB	00	FDF5
1867	21DC	00	FDF5
1867	21DD	00	FDF5
1867	21DE	00	FDF5
1867	21DF	00	FDF5
1867	21E0	00	FDF5
1867	21E1	00	FDF5
1867	21E2	00	FDF5
1867	21E3	00	FDF5
1867	21E4	00	FDF5
1867	21E5	00	FDF5
1867	21E6	00	FDF5
1867	21E7	00	FDF5
1867	21E8	00	FDF5
1867	21E9	00	FDF5
1867	21EA	00	FDF5
1867	21EB	00	FDF5
1867	21EC	00	FDF5
1867	21ED	00	FDF5
1867	21EE	00	FDF5
1867	21EF	00	FDF5
1867	21F0	00	FDF5
1867	21F1	00	FDF5
1867	21F2	00	FDF5
1867	21F3	00	FDF5
1867	21F4	00	FDF5
1867	21F5	00	FDF5
1867	21F6	00	FDF5
1867	21F7	00	FDF5
1867	21F8	00	FDF5
1867	21F9	00	FDF5
1867	21FA	00	FDF5
1867	21FB	00	FDF5
1867	21FC	00	FDF5
1867	21FD	00	FDF5
1867	21FE	00	FDF5
1867	21FF	00	FDF5
1867	2200	00	FDF5
1867	2201	00	FDF5
1867	2202	00	FDF5
1867	2203	00	FDF5
1867	2204	00	FDF5
1867	2205	00	FDF5
1867	2206	00	FDF5
1867	2207	00	FDF5
1867	2208	00	FDF5
1867	2209	00	FDF5
1867	220A	00	FDF5
1867	220B	00	FDF5
1867	220C	00	FDF5
1867	220D	00	FDF5
1867	220E	00	FDF5
1867	220F	00	FDF5
1867	2210	00	FDF5
1867	2211	00	FDF5
1867	2212	00	FDF5
1867	2213	00	FDF5
1867	2214	00	FDF5
1867	2215	00	FDF5
1867	2216	00	FDF5
1867	2217	00	FDF5
1867	2218	00	FDF5
1867	2219	00	FDF5
1867	221A	00	FDF5
1867	221B	00	FDF5
1867	221C	00	FDF5
1867	221D	00	FDF5
1867	221E	00	FDF5
1867	221F	00	FDF5
1867	2220	00	FDF5
1867	2221	00	FDF5
1867	2222	00	FDF5
1867	2223	00	FDF5
1867	2224	00	FDF5
1867	2225	00	FDF5
1867	2226	00	FDF5
1867	2227	00	FDF5
1867	2228	00	FDF5
1867	2229	00	FDF5
1867	222A	00	FDF5
1867	222B	00	FDF5
1867	222C	00	FDF5
1867	222D	00	FDF5
1867	222E	00	FDF5
1867	222F	00	FDF5
1867	2230	00	FDF5
1867	2231	00	FDF5
1867	2232	00	FDF5
1867	2233	00	FDF5
1867	2234	00	FDF5
1867	2235	00	FDF5
1867	2236	00	FDF5
1867	2237	00	FDF5
1867	2238	00	FDF5
1867	2239	00	FDF5
1867	223A	00	FDF5
1867	223B	00	FDF5
1867	223C	00	FDF5
1867	223D	00	FDF5
1867	223E	00	FDF5
1867	223F	00	FDF5
1867	2240	00	FDF5
1867	2241	00	FDF5
1867	2242	00	FDF5
1867	2243	00	FDF5
1867	2244	00	FDF5
1867	2245	00	FDF5
1867	2246	00	FDF5
1867	2247	00	FDF5
1867	2248	00	FDF5
1867	2249	00	FDF5
1867	224A	00	FDF5
1867	224B	00	FDF5
1867	224C	00	FDF5
1867	224D	00	FDF5
1867	224E	00	FDF5
1867	224F	00	FDF5
1867	2250	00	FDF5
1867	2251	00	FDF5
1867	2252	00	FDF5
1867	2253	00	FDF5
1867	2254	00	FDF5
1867	2255	00	FDF5
1867	2256	00	FDF5
1867	2257	00	FDF5
1867	2258	00	FDF5
1867	2259	00	FDF5
1867	225A	00	FDF5
1867	225B	00	FDF5
1867	225C	00	FDF5
1867	225D	00	FDF5
1867	225E	00	FDF5
1867	225F	00	FDF5
1867	2260	00	FDF5
1867	2261	00	FDF5
1867	2262	00	FDF5
1867	2263	00	FDF5
1867	2264	00	FDF5
1867	2265	00	FDF5
1867	2266	00	FDF5
1867	2267	00	FDF5
1867	2268	00	FDF5
1867	2269	00	FDF5
1867	226A	00	FDF5
1867	226B	00	FDF5
1867	226C	00	FDF5
1867	226D	00	FDF5
1867	226E	00	FDF5
1867	226F	00	FDF5
1867	2270	00	FDF5
1867	2271	00	FDF5
1867	2272	00	FDF5
1867	2273	00	FDF5
1867	2274	00	FDF5
1867	2275	00	FDF5
1867	2276	00	FDF5
1867	2277	00	FDF5
1867	2278	00	FDF5
1867	2279	00	FDF5
1867	227A	00	FDF5
1867	227B	00	FDF5
1867	227C	00	FDF5
1867	227D	00	FDF5
1867	227E	00	FDF5
1867	227F	00	FDF5
1867	2280	00	FDF5
1867	2281	00	FDF5
1867	2282	00	FDF5
1867	2283	00	FDF5
1867	2284	00	FDF5
1867	2285	00	FDF5
1867	2286	00	FDF5
1867	2287	00	FDF5
1867	2288	00	FDF5
1867	2289	00	FDF5
1867	228A	00	FDF5
1867	228B	00	FDF5
1867	228C	00	FDF5
1867	228D	00	FDF5
1867	228E	00	FDF5
1867	228F	00	FDF5
1867	2290	00	FDF5
1867	2291	00	FDF5
1867	2292	00	FDF5
1867	2293	00	FDF5
1867	2294	00	FDF5
1867	2295	00	FDF5
1867	2296	00	FDF5
1867	2297	00	FDF5
1867	2298	00	FDF5
1867	2299	00	FDF5
1867	229A	00	FDF5
1867	229B	00	FDF5
1867	229C	00	FDF5
1867	229D	00	FDF5
1867	229E	00	FDF5
1867	229F	00	FDF5
1867	22A0	00	FDF5
1867	22A1	00	FDF5
1867	22A2	00	FDF5
1867	22A3	00	FDF5
1867	22A4	00	FDF5
1867	22A5	00	FDF5
1867	22A6	00	FDF5
1867	22A7	00	FDF5
1867	22A8	00	FDF5
1867	22A9	00	FDF5
1867	22AA	00	FDF5
1867	22AB	00	FDF5
1867	22AC	00	FDF5
1867	22AD	00	FDF5
1867	22AE	00	FDF5
1867	22AF	00	FDF5
1867	22B0	00	FDF5
1867	22B1	00	FDF5
1867	22B2	00	FDF5
1867	22B3	00	FDF5
1867	22B4	00	FDF5
1867	22B5	00	FDF5
1867	22B6	00	FDF5
1867	22B7	00	FDF5
1867	22B8	00	FDF5
1867	22B9	00	FDF5
1867	22BA	00	FDF5
1867	22BB	00	FDF5
1867	22BC	00	FDF5
1867	22BD	00	FDF5
1867	22BE	00	FDF5
1867	22BF	00	FDF5
1867	22C0	00	FDF5
1867	22C1	00	FDF5
1867	22C2	00	FDF5
1867	22C3	00	FDF5
1867	22C4	00	FDF5
1867	22C5	00	FDF5
1867	22C6	00	FDF5
1867	22C7	00	FDF5
1867	22C8	00	FDF5
1867	22C9	00	FDF5
1867	22CA	00	FDF5
1867	22CB	00	FDF5
1867	22CC	00	FDF5
1867	22CD	00	FDF5
1867	22CE	00	FDF5
1867	22CF	00	FDF5
1867	22D0	00	FDF5
1867	22D1	00	FDF5
1867	22D2	00	FDF5
1867	22D3	00	FDF5
1867	22D4	00	FDF5
1867	22D5	00	FDF5
1867	22D6	00	FDF5
1867	22D7	00	FDF5
1867	22D8	00	FDF5
1867	22D9	00	FDF5
1867	22DA	00	FDF5
1867	22DB	00	FDF5
1867	22DC	00	FDF5
1867	22DD	00	FDF5
1867	22DE	00	FDF5
1867	22DF	00	FDF5
1867	22E0	00	FDF5
1867	22E1	00	FDF5
1867	22E2	00	FDF5
1867	22E3	00	FDF5
1867	22E4	00	FDF5
1867	22E5	00	FDF5
1867	22E6	00	FDF5
1867	22E7	00	FDF5
1867	22E8	00	FDF5
1867	22E9	00	FDF5
1867	22EA	00	FDF5
1867	22EB	00	FDF5
1867	22EC	00	FDF5
1867	22ED	00	FDF5
1867	22EE	00	FDF5
1867	22EF	00	FDF5
1867	22F0	00	FDF5
1867	22F1	00	FDF5
1867	22F2	00	FDF5
1867	22F3	00	FDF5
1867	22F4	00	FDF5
1867	22F5	00	FDF5
1867	22F6	00	FDF5
1867	22F7	00	FDF5
1867	22F8	00	FDF5
1867	22F9	00	FDF5
1867	22FA	00	FDF5
1867	22FB	00	FDF5
1867	22FC	00	FDF5
1867	22FD	00	FDF5
1867	22FE	00	FDF5
1867	22FF	00	FDF5
1867	2300	00	FDF5
1867	2301	00	FDF5
1867	2302	00	FDF5
1867	2303	00	FDF5
1867	2304	00	FDF5
1867	2305	00	FDF5
1867	2306	00	FDF5
1867	2307	00	FDF5
1867	2308	00	FDF5
1867	2309	00	FDF5
1867	230A	00	FDF5
1867	230B	00	FDF5
1867	230C	00	FDF5
1867	230D	00	FDF5
1867	230E	00	FDF5
1867	230F	00	FDF5
1867	2310	00	FDF5
1867	2311	00	FDF5
1867	2312	00	FDF5
1867	2313	00	FDF5
1867	2314	00	FDF5
1867	2315	00	FDF5
1867	2316	00	FDF5
1867	2317	00	FDF5
1867	2318	00	FDF5
1867	2319	00	FDF5
1867	231A	00	FDF5
1867	231B	00	FDF5
1867	231C	00	FDF5
1867	231D	00	FDF5
1867	231E	00	FDF5
1867	231F	00	FDF5
1867	2320	00	FDF5
1867	2321	00	FDF5
1867	2322	00	FDF5
1867	2323	00	FDF5
1867	2324	00	FDF5
1867	2325	00	FDF5
1867	2326	00	FDF5
1867	2327	00	FDF5
1867	2328	00	FDF5
1867	2329	00	FDF5
1867	232A	00	FDF5
1867	232B	00	FDF5
1867	232C	00	FDF5
1867	232D	00	FDF5
1867	232E	00	FDF5
1867	232F	00	FDF5
1867	2330	00	FDF5
1867	2331	00	FDF5
1867	2332	00	FDF5
1867	2333	00	FDF5
1867	2334	00	FDF5
1867	2335	00	FDF5
1867	2336	00	FDF5
1867	2337	00	FDF5
1867	2338	00	FDF5
1867	2339	00	FDF5
1867	233A	00	FDF5
1867	233B	00	FDF5
1867	233C	00	FDF5
1867	233D	00	FDF5
1867	233E	00	FDF5
1867	233F	00	FDF5
1867	2340	00	FDF5
1867	2341	00	FDF5
1867	2342	00	FDF5
1867	2343	00	FDF5
1867	2344	00	FDF5
1867	2345	00	FDF5
1867	2346	00	FDF5
1867	2347	00	FDF5
1867	2348	00	FDF5
1867	2349	00	FDF5
1867	234A	00	FDF5
1867	234B	00	FDF5
1867	234C	00	FDF5
1867	234D	00	FDF5
1867	234E	00	FDF5
1867	234F	00	FDF5
1867	2350	00	FDF5
1867	2351	00	FDF5
1867	2352	00	FDF5
1867	2353	00	FDF5
1867	2354	00	FDF5
1867	2355	00	FDF5
1867	2356	00	FDF5
1867	2357	00	FDF5
1867	2358	00	FDF5
1867	2359	00	FDF5
1867	235A	00	FDF5
1867	235B	00	FDF5
1867	235C	00	FDF5
1867	235D	00	FDF5
1867	235E	00	FDF5
1867	235F	00	FDF5
1867	2360	00	FDF5
1867	2361	00	FDF5
1867	2362	00	FDF5
1867	2363	00	FDF5
1867	2364	00	FDF5
1867	2365	00	FDF5
1867	2366	00	FDF5
1867	2367	00	FDF5
1867	2368	00	FDF5
1867	2369	00	FDF5
1867	236A	00	FDF5
1867	236B	00	FDF5
1867	236C	00	FDF5
1867	236D	00	FDF5
1867	236E	00	FDF5
1867	236F	00	FDF5
1867	2370	00	FDF5
1867	2371	00	FDF5
1867	2372	00	FDF5
1867	2373	00	FDF5
1867	2374	00	FDF5
1867	2375	00	FDF5
1867	2376	00	FDF5
1867	2377	00	FDF5
1867	2378	00	FDF5
1867	2379	00	FDF5
1867	237A	00	FDF5
1867	237B	00	FDF5
1867	237C	00	FDF5
1867	237D	00	FDF5
1867	237E	00	FDF5
1867	237F	00	FDF5
1867	2380	00	FDF5
1867	2381	00	FDF5
1867	2382	00	FDF5
1867	2383	00	FDF5
1867	2384	00	FDF5
1867	2385	00	FDF5
1867	2386	00	FDF5
1867	2387	00	FDF5
1867	2388	00	FDF5
1867	2389	00	FDF5
1867	238A	00	FDF5
1867	238B	00	FDF5
1867	238C	00	FDF5
1867	238D	00	FDF5
1867	238E	00	FDF5
1867	238F	00	FDF5
1867	2390	00	FDF5
1867	2391	00	FDF5
1867	2392	00	FDF5
1867	2393	00	FDF5
1867	2394	00	FDF5
1867	2395	00	FDF5
1867	2396	00	FDF5
1867	2397	00	FDF5
1867	2398	00	FDF5
1867	2399	00	FDF5
1867	239A	00	FDF5
1867	239B	00	FDF5
1867	239C	00	FDF5
1867	239D	00	FDF5
1867	239E	00	FDF5
1867	239F	00	FDF5
1867	23A0	00	FDF5
1867	23A1	00	FDF5
1867	23A2	00	FDF5
1867	23A3	00	FDF5
1867	23A4	00	FDF5
1867	23A5	00	FDF5
1867	23A6	00	FDF5
1867	23A7	00	FDF5
1867	23A8	00	FDF5
1867	23A9	00	FDF5
1867	23AA	00	FDF5
1867	23AB	00	FDF5
1867	23AC	00	FDF5
1867	23AD	00	FDF5
1867	23AE	00	FDF5
1867	23AF	00	FDF5
1867	23B0	00	FDF5
1867	23B1	00	FDF5
1867	23B2	00	FDF5
1867	23B3	00	FDF5
1867	23B4	00	FDF5
1867	23B5	00	FDF5
1867	23B6	00	FDF5
1867	23B7	00	FDF5
1867	23B8	00	FDF5
1867	23B9	00	FDF5
1867	23BA	00	FDF5
1867	23BB	00	FDF5
1867	23BC	00	FDF5
1867	23BD	00	FDF5
1867	23BE	00	FDF5
1867	23BF	00	FDF5
1867	23C0	00	FDF5
1867	23C1	00	FDF5
1867	23C2	00	FDF5
1867	23C3	00	FDF5
1867	23C4	00	FDF5
1867	23C5	00	FDF5
1867	23C6	00	FDF5
1867	23C7	00	FDF5
1867	23C8	00	FDF5
1867	23C9	00	FDF5
1867	23CA	00	FDF5
1867	23CB	00	FDF5
1867	23CC	00	FDF5
1867	23CD	00	FDF5
1867	23CE	00	FDF5
1867	23CF	00	FDF5
1867	23D0	00	FDF5
1867	23D1	00	FDF5
1867	23D2	00	FDF5
1867	23D3	00	FDF5
1867	23D4	00	FDF5
1867	23D5	00	FDF5
1867	23D6	00	FDF5
1867	23D7	00	FDF5
1867	23D8	00	FDF5
1867	23D9	00	FDF5
1867	23DA	00	FDF5
1867	23DB	00	FDF5
1867	23DC	00	FDF5
1867	23DD	00	FDF5
1867	23DE	00	FDF5
1867	23DF	00	FDF5
1867	23E0	00	FDF5
1867	23E1	00	FDF5
1867	23E2	00	FDF5
1867	23E3	00	FDF5
1867	23E4	00	FDF5
1867	23E5	00	FDF5
1867	23E6	00	FDF5
1867	23E7	00	FDF5
1867	23E8	00	FDF5
1867	23E9	00	FDF5
1867	23EA	00	FDF5
1867	23EB	00	FDF5
1867	23EC	00	FDF5
1867	23ED	00	FDF5
1867	23EE	00	FDF5
1867	23EF	00	FDF5
1867	23F0	00	FDF5
1867	23F1	00	FDF5
1867	23F2	00	FDF5
1867	23F3	00	FDF5
1867	23F4	00	FDF5
1867	23F5	00	FDF5
1867	23F6	00	FDF5
1867	23F7	00	FDF5
1867	23F8	00	FDF5
1867	23F9	00	FDF5
1867	23FA	00	FDF5
1867	23FB	00	FDF5
1867	23FC	00	FDF5
1867	23FD	00	FDF5
1867	23FE	00	FDF5
1867	23FF	00	FDF5
1867	23C0	00	FE12
1867	23C1	00	FE12
1867	23C2	00	FE12
1867	23C3	00	FE12
1867	23C4	00	FE12
1867	23C5	00	FE12
1867	23C6	00	FE12
1867	23C7	00	FE12
1867	23C8	00	FE12
1867	23C9	00	FE12
1867	23CA	00	FE12
1867	23CB	00	FE12
1867	23CC	00	FE12
1867	23CD	00	FE12
1867	23CE	00	FE12
1867	23CF	00	FE12
1867	23D0	00	FE12
1867	23D1	00	FE12
1867	23D2	00	FE12
1867	23D3	00	FE12
1867	23D4	00	FE12
1867	23D5	00	FE12
1867	23D6	00	FE12
1867	23D7	00	FE12
1867	23D8	00	FE12
1867	23D9	00	FE12
1867	23DA	00	FE12
1867	23DB	00	FE12
1867	23DC	00	FE12
1867	23DD	00	FE12
1867	23DE	00	FE12
1867	23DF	00	FE12
1867	23E0	00	FE12
1867	23E1	00	FE12
1867	23E2	00	FE12
1867	23E3	00	FE12
1867	23E4	00	FE12
1867	23E5	00	FE12
1867	23E6	00	FE12
1867	23E7	00	FE12
1867	23E8	00	FE12
1867	23E9	00	FE12
1867	23EA	00	FE12
1867	23EB	00	FE12
1867	23EC	00	FE12
1867	23ED	00	FE12
1867	23EE	00	FE12
1867	23EF	00	FE12
1867	23F0	00	FE12
1867	23F1	00	FE12
1867	23F2	00	FE12
1867	23F3	00	FE12
1867	23F4	00	FE12
1867	23F5	00	FE12
1867	23F6	00	FE12
1867	23F7	00	FE12
1867	23F8	00	FE12
1867	23F9	00	FE12
1867	23FA	00	FE12
1867	23FB	00	FE12
1867	23FC	00	FE12
1867	23FD	00	FE12
1867	23FE	00	FE12
1867	23FF	00	FE12
1867	2400	00	FDF5
1867	2401	00	FDF5
1867	2402	00	FDF5
1867	2403	00	FDF5
1867	2404	00	FDF5
1867	2405	00	FDF5
1867	2406	00	FDF5
1867	2407	00	FDF5
1867	2408	00	FDF5
1867	2409	00	FDF5
1867	240A	00	FDF5
1867	240B	00	FDF5
1867	240C	00	FDF5
1867	240D	00	FDF5
1867	240E	00	FDF5
1867	240F	00	FDF5
1867	2410	00	FDF5
1867	2411	00	FDF5
1867	2412	00	FDF5
1867	2413	00	FDF5
1867	2414	00	FDF5
1867	2415	00	FDF5
1867	2416	00	FDF5
1867	2417	00	FDF5
1867	2418	00	FDF5
1867	2419	00	FDF5
1867	241A	00	FDF5
1867	241B	00	FDF5
1867	241C	00	FDF5
1867	241D	00	FDF5
1867	241E	00	FDF5
1867	241F	00	FDF5
1867	2420	00	FDF5
1867	2421	00	FDF5
1867	2422	00	FDF5
1867	2423	00	FDF5
1867	2424	00	FDF5
1867	2425	00	FDF5
1867	2426	00	FDF5
1867	2427	00	FDF5
1867	2428	00	FDF5
1867	2429	00	FDF5
1867	242A	00	FDF5
1867	242B	00	FDF5
1867	242C	00	FDF5
1867	242D	00	FDF5
1867	242E	00	FDF5
1867	242F	00	FDF5
1867	2430	00	FDF5
1867	2431	00	FDF5
1867	2432	00	FDF5
1867	2433	00	FDF5
1867	2434	00	FDF5
1867	2435	00	FDF5
1867	2436	00	FDF5
1867	2437	00	FDF5
1867	2438	00	FDF5
1867	2439	00	FDF5
1867	243A	00	FDF5
1867	243B	00	FDF5
1867	243C	00	FDF5
1867	243D	00	FDF5
1867	243E	00	FDF5
1867	243F	00	FDF5
1867	2440	00	FDF5
1867	2441	00	FDF5
1867	2442	00	FDF5
1867	2443	00	FDF5
1867	2444	00	FDF5
1867	2445	00	FDF5
1867	2446	00	FDF5
1867	2447	00	FDF5
1867	2448	00	FDF5
1867	2449	00	FDF5
1867	244A	00	FDF5
1867	244B	00	FDF5
1867	244C	00	FDF5
1867	244D	00	FDF5
1867	244E	00	FDF5
1867	244F	00	FDF5
1867	2450	00	FDF5
1867	2451	00	FDF5
1867	2452	00	FDF5
1867	2453	00	FDF5
1867	2454	00	FDF5
1867	2455	00	FDF5
1867	2456	00	FDF5
1867	2457	00	FDF5
1867	2458	00	FDF5
1867	2459	00	FDF5
1867	245A	00	FDF5
1867	245B	00	FDF5
1867	245C	00	FDF5
1867	245D	00	FDF5
1867	245E	00	FDF5
1867	245F	00	FDF5
1867	2460	00	FDF5
1867	2461	00	FDF5
1867	2462	00	FDF5
1867	2463	00	FDF5
1867	2464	00	FDF5
1867	2465	00	FDF5
1867	2466	00	FDF5
1867	2467	00	FDF5
1867	2468	00	FDF5
1867	2469	00	FDF5
1867	246A	00	FDF5
1867	246B	00	FDF5
1867	246C	00	FDF5
1867	246D	00	FDF5
1867	246E	00	FDF5
1867	246F	00	FDF5
1867	2470	00	FDF5
1867	2471	00	FDF5
1867	2472	00	FDF5
1867	2473	00	FDF5
1867	2474	00	FDF5
1867	2475	00	FDF5
1867	2476	00	FDF5
1867	2477	00	FDF5
1867	2478	00	FDF5
1867	2479	00	FDF5
1867	247A	00	FDF5
1867	247B	00	FDF5
1867	247C	00	FDF5
1867	247D	00	FDF5
1867	247E	00	FDF5
1867	247F	00	FDF5
1867	2480	00	FDF5
1867	2481	00	FDF5
1867	2482	00	FDF5
1867	2483	00	FDF5
1867	2484	00	FDF5
1867	2485	00	FDF5
1867	2486	00	FDF5
1867	2487	00	FDF5
1867	2488	00	FDF5
1867	2489	00	FDF5
1867	248A	00	FDF5
1867	248B	00	FDF5
1867	248C	00	FDF5
1867	248D	00	FDF5
1867	248E	00	FDF5
1867	248F	00	FDF5
1867	2490	00	FDF5
1867	2491	00	FDF5
1867	2492	00	FDF5
1867	2493	00	FDF5
1867	2494	00	FDF5
1867	2495	00	FDF5
1867	2496	00	FDF5
1867	2497	00	FDF5
1867	2498	00	FDF5
1867	2499	00	FDF5
1867	249A	00	FDF5
1867	249B	00	FDF5
1867	249C	00	FDF5
1867	249D	00	FDF5
1867	249E	00	FDF5
1867	249F	00	FDF5
1867	24A0	00	FDF5
1867	24A1	00	FDF5
1867	24A2	00	FDF5
1867	24A3	00	FDF5
1867	24A4	00	FDF5
1867	24A5	00	FDF5
1867	24A6	00	FDF5
1867	24A7	00	FDF5
1867	24A8	00	FDF5
1867	24A9	00	FDF5
1867	24AA	00	FDF5
1867	24AB	00	FDF5
1867	24AC	00	FDF5
1867	24AD	00	FDF5
1867	24AE	00	FDF5
1867	24AF	00	FDF5
1867	24B0	00	FDF5
1867	24B1	00	FDF5
1867	24B2	00	FDF5
1867	24B3	00	FDF5
1867	24B4	00	FDF5
1867	24B5	00	FDF5
1867	24B6	00	FDF5
1867	24B7	00	FDF5
1867	24B8	00	FDF5
1867	24B9	00	FDF5
1867	24BA	00	FDF5
1867	24BB	00	FDF5
1867	24BC	00	FDF5
1867	24BD	00	FDF5
1867	24BE	00	FDF5
1867	24BF	00	FDF5
1867	24C0	00	FDF5
1867	24C1	00	FDF5
1867	24C2	00	FDF5
1867	24C3	00	FDF5
1867	24C4	00	FDF5
1867	24C5	00	FDF5
1867	24C6	00	FDF5
1867	24C7	00	FDF5
1867	24C8	00	FDF5
1867	24C9	00	FDF5
1867	24CA	00	FDF5
1867	24CB	00	FDF5
1867	24CC	00	FDF5
1867	24CD	00	FDF5
1867	24CE	00	FDF5
1867	24CF	00	FDF5
1867	24D0	00	FDF5
1867	24D1	00	FDF5
1867	24D2	00	FDF5
1867	24D3	00	FDF5
1867	24D4	00	FDF5
1867	24D5	00	FDF5
1867	24D6	00	FDF5
1867	24D7	00	FDF5
1867	24D8	00	FDF5
1867	24D9	00	FDF5
1867	24DA	00	FDF5
1867	24DB	00	FDF5
1867	24DC	00	FDF5
1867	24DD	00	FDF5
1867	24DE	00	FDF5
1867	24DF	00	FDF5
1867	24E0	00	FDF5
1867	24E1	00	FDF5
1867	24E2	00	FDF5
1867	24E3	00	FDF5
1867	24E4	00	FDF5
1867	24E5	00	FDF5
1867	24E6	00	FDF5
1867	24E7	00	FDF5
1867	24E8	00	FDF5
1867	24E9	00	FDF5
1867	24EA	00	FDF5
1867	24EB	00	FDF5
1867	24EC	00	FDF5
1867	24ED	00	FDF5
1867	24EE	00	FDF5
1867	24EF	00	FDF5
1867	24F0	00	FDF5
1867	24F1	00	FDF5
1867	24F2	00	FDF5
1867	24F3	00	FDF5
1867	24F4	00	FDF5
1867	24F5	00	FDF5
1867	24F6	00	FDF5
1867	24F7	00	FDF5
1867	24F8	00	FDF5
1867	24F9	00	FDF5
1867	24FA	00	FDF5
1867	24FB	00	FDF5
1867	24FC	00	FDF5
1867	24FD	00	FDF5
1867	24FE	00	FDF5
1867	24FF	00	FDF5
1867	2500	00	FDF5
1867	2501	00	FDF5
1867	2502	00	FDF5
1867	2503	00	FDF5
1867	2504	00	FDF5
1867	2505	00	FDF5
1867	2506	00	FDF5
1867	2507	00	FDF5
1867	2508	00	FDF5
1867	2509	00	FDF5
1867	250A	00	FDF5
1867	250B	00	FDF5
1867	250C	00	FDF5
1867	250D	00	FDF5
1867	250E	00	FDF5
1867	250F	00	FDF5
1867	2510	00	FDF5
1867	2511	00	FDF5
1867	2512	00	FDF5
1867	2513	00	FDF5
1867	2514	00	FDF5
1867	2515	00	FDF5
1867	2516	00	FDF5
1867	2517	00	FDF5
1867	2518	00	FDF5
1867	2519	00	FDF5
1867	251A	00	FDF5
1867	251B	00	FDF5
1867	251C	00	FDF5
1867	251D	00	FDF5
1867	251E	00	FDF5
1867	251F	00	FDF5
1867	2520	00	FDF5
1867	2521	00	FDF5
1867	2522	00	FDF5
1867	2523	00	FDF5
1867	2524	00	FDF5
1867	2525	00	FDF5
1867	2526	00	FDF5
1867	2527	00	FDF5
1867	2528	00	FDF5
1867	2529	00	FDF5
1867	252A	00	FDF5
1867	252B	00	FDF5
1867	252C	00	FDF5
1867	252D	00	FDF5
1867	252E	00	FDF5
1867	252F	00	FDF5
1867	2530	00	FDF5
1867	2531	00	FDF5
1867	2532	00	FDF5
1867	2533	00	FDF5
1867	2534	00	FDF5
1867	2535	00	FDF5
1867	2536	00	FDF5
1867	2537	00	FDF5
1867	2538	00	FDF5
1867	2539	00	FDF5
1867	253A	00	FDF5
1867	253B	00	FDF5
1867	253C	00	FDF5
1867	253D	00	FDF5
1867	253E	00	FDF5
1867	253F	00	FDF5
1867	2540	00	FDF5
1867	2541	00	FDF5
1867	2542	00	FDF5
1867	2543	00	FDF5
1867	2544	00	FDF5
1867	2545	00	FDF5
1867	2546	00	FDF5
1867	2547	00	FDF5
1867	2548	00	FDF5
1867	2549	00	FDF5
1867	254A	00	FDF5
1867	254B	00	FDF5
1867	254C	00	FDF5
1867	254D	00	FDF5
1867	254E	00	FDF5
1867	254F	00	FDF5
1867	2550	00	FDF5
1867	2551	00	FDF5
1867	2552	00	FDF5
1867	2553	00	FDF5
1867	2554	00	FDF5
1867	2555	00	FDF5
1867	2556	00	FDF5
1867	2557	00	FDF5
1867	2558	00	FDF5
1867	2559	00	FDF5
1867	255A	00	FDF5
1867	255B	00	FDF5
1867	255C	00	FDF5
1867	255D	00	FDF5
1867	255E	00	FDF5
1867	255F	00	FDF5
1867	2560	00	FDF5
1867	2561	00	FDF5
1867	2562	00	FDF5
1867	2563	00	FDF5
1867	2564	00	FDF5
1867	2565	00	FDF5
1867	2566	00	FDF5
1867	2567	00	FDF5
1867	2568	00	FDF5
1867	2569	00	FDF5
1867	256A	00	FDF5
1867	256B	00	FDF5
1867	256C	00	FDF5
1867	256D	00	FDF5
1867	256E	00	FDF5
1867	256F	00	FDF5
1867	2570	00	FDF5
1867	2571	00	FDF5
1867	2572	00	FDF5
1867	2573	00	FDF5
1867	2574	00	FDF5
1867	2575	00	FDF5
1867	2576	00	FDF5
1867	2577	00	FDF5
1867	2578	00	FDF5
1867	2579	00	FDF5
1867	257A	00	FDF5
1867	257B	00	FDF5
1867	257C	00	FDF5
1867	257D	00	FDF5
1867	257E	00	FDF5
1867	257F	00	FDF5
1867	2580	00	FDF5
1867	2581	00	FDF5
1867	2582	00	FDF5
1867	2583	00	FDF5
1867	2584	00	FDF5
1867	2585	00	FDF5
1867	2586	00	FDF5
1867	2587	00	FDF5
1867	2588	00	FDF5
1867	2589	00	FDF5
1867	258A	00	FDF5
1867	258B	00	FDF5
1867	258C	00	FDF5
1867	258D	00	FDF5
1867	258E	00	FDF5
1867	258F	00	FDF5
1867	2590	00	FDF5
1867	2591	00	FDF5
1867	2592	00	FDF5
1867	2593	00	FDF5
1867	2594	00	FDF5
1867	2595	00	FDF5
1867	2596	00	FDF5
1867	2597	00	FDF5
1867	2598	00	FDF5
1867	2599	00	FDF5
1867	259A	00	FDF5
1867	259B	00	FDF5
1867	259C	00	FDF5
1867	259D	00	FDF5
1867	259E	00	FDF5
1867	259F	00	FDF5
1867	25A0	00	FDF5
1867	25A1	00	FDF5
1867	25A2	00	FDF5
1867	25A3	00	FDF5
1867	25A4	00	FDF5
1867	25A5	00	FDF5
1867	25A6	00	FDF5
1867	25A7	00	FDF5
1867	25A8	00	FDF5
1867	25A9	00	FDF5
1867	25AA	00	FDF5
1867	25AB	00	FDF5
1867	25AC	00	FDF5
1867	25AD	00	FDF5
1867	25AE	00	FDF5
1867	25AF	00	FDF5
1867	25B0	00	FDF5
1867	25B1	00	FDF5
1867	25B2	00	FDF5
1867	25B3	00	FDF5
1867	25B4	00	FDF5
1867	25B5	00	FDF5
1867	25B6	00	FDF5
1867	25B7	00	FDF5
1867	25B8	00	FDF5
1867	25B9	00	FDF5
1867	25BA	00	FDF5
1867	25BB	00	FDF5
1867	25BC	00	FDF5
1867	25BD	00	FDF5
1867	25BE	00	FDF5
1867	25BF	00	FDF5
1867	25C0	00	FDF5
1867	25C1	00	FDF5
1867	25C2	00	FDF5
1867	25C3	00	FDF5
1867	25C4	00	FDF5
1867	25C5	00	FDF5
1867	25C6	00	FDF5
1867	25C7	00	FDF5
1867	25C8	00	FDF5
1867	25C9	00	FDF5
1867	25CA	00	FDF5
1867	25CB	00	FDF5
1867	25CC	00	FDF5
1867	25CD	00	FDF5
1867	25CE	00	FDF5
1867	25CF	00	FDF5
1867	25D0	00	FDF5
1867	25D1	00	FDF5
1867	25D2	00	FDF5
1867	25D3	00	FDF5
1867	25D4	00	FDF5
1867	25D5	00	FDF5
1867	25D6	00	FDF5
1867	25D7	00	FDF5
1867	25D8	00	FDF5
1867	25D9	00	FDF5
1867	25DA	00	FDF5
1867	25DB	00	FDF5
1867	25DC	00	FDF5
1867	25DD	00	FDF5
1867	25DE	00	FDF5
1867	25DF	00	FDF5
1867	25E0	00	FDF5
1867	25E1	00	FDF5
1867	25E2	00	FDF5
1867	25E3	00	FDF5
1867	25E4	00	FDF5
1867	25E5	00	FDF5
1867	25E6	00	FDF5
1867	25E7	00	FDF5
1867	25E8	00	FDF5
1867	25E9	00	FDF5
1867	25EA	00	FDF5
1867	25EB	00	FDF5
1867	25EC	00	FDF5
1867	25ED	00	FDF5
1867	25EE	00	FDF5
1867	25EF	00	FDF5
1867	25F0	00	FDF5
1867	25F1	00	FDF5
1867	25F2	00	FDF5
1867	25F3	00	FDF5
1867	25F4	00	FDF5
1867	25F5	00	FDF5
1867	25F6	00	FDF5
1867	25F7	00	FDF5
1867	25F8	00	FDF5
1867	25F9	00	FDF5
1867	25FA	00	FDF5
1867	25FB	00	FDF5
1867	25FC	00	FDF5
1867	25FD	00	FDF5
1867	25FE	00	FDF5
1867	25FF	00	FDF5
1867	2600	00	FDF5
1867	2601	00	FDF5
1867	2602	00	FDF5
1867	2603	00	FDF5
1867	2604	00	FDF5
1867	2605	00	FDF5
1867	2606	00	FDF5
1867	2607	00	FDF5
1867	2608	00	FDF5
1867	2609	00	FDF5
1867	260A	00	FDF5
1867	260B	00	FDF5
1867	260C	00	FDF5
1867	260D	00	FDF5
1867	260E	00	FDF5
1867	260F	00	FDF5
1867	2610	00	FDF5
1867	2611	00	FDF5
1867	2612	00	FDF5
1867	2613	00	FDF5
1867	2614	00	FDF5
1867	2615	00	FDF5
1867	2616	00	FDF5
1867	2617	00	FDF5
1867	2618	00	FDF5
1867	2619	00	FDF5
1867	261A	00	FDF5
1867	261B	00	FDF5
1867	261C	00	FDF5
1867	261D	00	FDF5
1867	261E	00	FDF5
1867	261F	00	FDF5
1867	2620	00	FDF5
1867	2621	00	FDF5
1867	2622	00	FDF5
1867	2623	00	FDF5
1867	2624	00	FDF5
1867	2625	00	FDF5
1867	2626	00	FDF5
1867	2627	00	FDF5
1867	2628	00	FDF5
1867	2629	00	FDF5
1867	262A	00	FDF5
1867	262B	00	FDF5
1867	262C	00	FDF5
1867	262D	00	FDF5
1867	262E	00	FDF5
1867	262F	00	FDF5
1867	2630	00	FDF5
1867	2631	00	FDF5
1867	2632	00	FDF5
1867	2633	00	FDF5
1867	2634	00	FDF5
1867	2635	00	FDF5
1867	2636	00	FDF5
1867	2637	00	FDF5
1867	2638	00	FDF5
1867	2639	00	FDF5
1867	263A	00	FDF5
1867	263B	00	FDF5
1867	263C	00	FDF5
1867	263D	00	FDF5
1867	263E	00	FDF5
1867	263F	00	FDF5
1867	2640	00	FDF5
1867	2641	00	FDF5
1867	2642	00	FDF5
1867	2643	00	FDF5
1867	2644	00	FDF5
1867	2645	00	FDF5
1867	2646	00	FDF5
1867	2647	00	FDF5
1867	2648	00	FDF5
1867	2649	00	FDF5
1867	264A	00	FDF5
1867	264B	00	FDF5
1867	264C	00	FDF5
1867	264D	00	FDF5
1867	264E	00	FDF5
1867	264F	00	FDF5
1867	2650	00	FDF5
1867	2651	00	FDF5
1867	2652	00	FDF5
1867	2653	00	FDF5
1867	2654	00	FDF5
1867	2655	00	FDF5
1867	2656	00	FDF5
1867	2657	00	FDF5
1867	2658	00	FDF5
1867	2659	00	FDF5
1867	265A	00	FDF5
1867	265B	00	FDF5
1867	265C	00	FDF5
1867	265D	00	FDF5
1867	265E	00	FDF5
1867	265F	00	FDF5
1867	2660	00	FDF5
1867	2661	00	FDF5
1867	2662	00	FDF5
1867	2663	00	FDF5
1867	2664	00	FDF5
1867	2665	00	FDF5
1867	2666	00	FDF5
1867	2667	00	FDF5
1867	2668	00	FDF5
1867	2669	00	FDF5
1867	266A	00	FDF5
1867	266B	00	FDF5
1867	266C	00	FDF5
1867	266D	00	FDF5
1867	266E	00	FDF5
1867	266F	00	FDF5
1867	2670	00	FDF5
1867	2671	00	FDF5
1867	2672	00	FDF5
1867	2673	00	FDF5
1867	2674	00	FDF5
1867	2675	00	FDF5
1867	2676	00	FDF5
1867	2677	00	FDF5
1867	2678	00	FDF5
1867	2679	00	FDF5
1867	267A	00	FDF5
1867	267B	00	FDF5
1867	267C	00	FDF5
1867	267D	00	FDF5
1867	267E	00	FDF5
1867	267F	00	FDF5
1867	2680	00	FDF5
1867	2681	00	FDF5
1867	2682	00	FDF5
1867	2683	00	FDF5
1867	2684	00	FDF5
1867	2685	00	FDF5
1867	2686	00	FDF5
1867	2687	00	FDF5
1867	2688	00	FDF5
1867	2689	00	FDF5
1867	268A	00	FDF5
1867	268B	00	FDF5
1867	268C	00	FDF5
1867	268D	00	FDF5
1867	268E	00	FDF5
1867	268F	00	FDF5
1867	2690	00	FDF5
1867	2691	00	FDF5
1867	2692	00	FDF5
1867	2693	00	FDF5
1867	2694	00	FDF5
1867	2695	00	FDF5
1867	2696	00	FDF5
1867	2697	00	FDF5
1867	2698	00	FDF5
1867	2699	00	FDF5
1867	269A	00	FDF5
1867	269B	00	FDF5
1867	269C	00	FDF5
1867	269D	00	FDF5
1867	269E	00	FDF5
1867	269F	00	FDF5
1867	26A0	00	FDF5
1867	26A1	00	FDF5
1867	26A2	00	FDF5
1867	26A3	00	FDF5
1867	26A4	00	FDF5
1867	26A5	00	FDF5
1867	26A6	00	FDF5
1867	26A7	00	FDF5
1867	26A8	00	FDF5
1867	26A9	00	FDF5
1867	26AA	00	FDF5
1867	26AB	00	FDF5
1867	26AC	00	FDF5
1867	26AD	00	FDF5
1867	26AE	00	FDF5
1867	26AF	00	FDF5
1867	26B0	00	FDF5
1867	26B1	00	FDF5
1867	26B2	00	FDF5
1867	26B3	00	FDF5
1867	26B4	00	FDF5
1867	26B5	00	FDF5
1867	26B6	00	FDF5
1867	26B7	00	FDF5
1867	26B8	00	FDF5
1867	26B9	00	FDF5
1867	26BA	00	FDF5
1867	26BB	00	FDF5
1867	26BC	00	FDF5
1867	26BD	00	FDF5
1867	26BE	00	FDF5
1867	26BF	00	FDF5
1867	26C0	00	FDF5
1867	26C1	00	FDF5
1867	26C2	00	FDF5
1867	26C3	00	FDF5
1867	26C4	00	FDF5
1867	26C5	00	FDF5
1867	26C6	00	FDF5
1867	26C7	00	FDF5
1867	26C8	00	FDF5
1867	26C9	00	FDF5
1867	26CA	00	FDF5
1867	26CB	00	FDF5
1867	26CC	00	FDF5
1867	26CD	00	FDF5
1867	26CE	00	FDF5
1867	26CF	00	FDF5
1867	26D0	00	FDF5
1867	26D1	00	FDF5
1867	26D2	00	FDF5
1867	26D3	00	FDF5
1867	26D4	00	FDF5
1867	26D5	00	FDF5
1867	26D6	00	FDF5
1867	26D7	00	FDF5
1867	26D8	00	FDF5
1867	26D9	00	FDF5
1867	26DA	00	FDF5
1867	26DB	00	FDF5
1867	26DC	00	FDF5
1867	26DD	00	FDF5
1867	26DE	00	FDF5
1867	26DF	00	FDF5
1867	26E0	00	FDF5
1867	26E1	00	FDF5
1867	26E2	00	FDF5
1867	26E3	00	FDF5
1867	26E4	00	FDF5
1867	26E5	00	FDF5
1867	26E6	00	FDF5
1867	26E7	00	FDF5
1867	26E8	00	FDF5
1867	26E9	00	FDF5
1867	26EA	00	FDF5
1867	26EB	00	FDF5
1867	26EC	00	FDF5
1867	26ED	00	FDF5
1867	26EE	00	FDF5
1867	26EF	00	FDF5
1867	26F0	00	FDF5
1867	26F1	00	FDF5
1867	26F2	00	FDF5
1867	26F3	00	FDF5
1867	26F4	00	FDF5
1867	26F5	00	FDF5
1867	26F6	00	FDF5
1867	26F7	00	FDF5
1867	26F8	00	FDF5
1867	26F9	00	FDF5
1867	26FA	00	FDF5
1867	26FB	00	FDF5
1867	26FC	00	FDF5
1867	26FD	00	FDF5
1867	26FE	00	FDF5
1867	26FF	00	FDF5
1867	2700	00	FDF5
1867	2701	00	FDF5
1867	2702	00	FDF5
1867	2703	00	FDF5
1867	2704	00	FDF5
1867	2705	00	FDF5
1867	2706	00	FDF5
1867	2707	00	FDF5
1867	2708	00	FDF5
1867	2709	00	FDF5
1867	270A	00	FDF5
1867	270B	00	FDF5
1867	270C	00	FDF5
1867	270D	00	FDF5
1867	270E	00	FDF5
1867	270F	00	FDF5
1867	2710	00	FDF5
1867	2711	00	FDF5
1867	2712	00	FDF5
1867	2713	00	FDF5
1867	2714	00	FDF5
1867	2715	00	FDF5
1867	2716	00	FDF5
1867	2717	00	FDF5
1867	2718	00	FDF5
1867	2719	00	FDF5
1867	271A	00	FDF5
1867	271B	00	FDF5
1867	271C	00	FDF5
1867	271D	00	FDF5
1867	271E	00	FDF5
1867	271F	00	FDF5
1867	2720	00	FDF5
1867	2721	00	FDF5
1867	2722	00	FDF5
1867	2723	00	FDF5
1867	2724	00	FDF5
1867	2725	00	FDF5
1867	2726	00	FDF5
1867	2727	00	FDF5
1867	2728	00	FDF5
1867	2729	00	FDF5
1867	272A	00	FDF5
1867	272B	00	FDF5
1867	272C	00	FDF5
1867	272D	00	FDF5
1867	272E	00	FDF5
1867	272F	00	FDF5
1867	2730	00	FDF5
1867	2731	00	FDF5
1867	2732	00	FDF5
1867	2733	00	FDF5
1867	2734	00	FDF5
1867	2735	00	FDF5
1867	2736	00	FDF5
1867	2737	00	FDF5
1867	2738	00	FDF5
1867	2739	00	FDF5
1867	273A	00	FDF5
1867	273B	00	FDF5
1867	273C	00	FDF5
1867	273D	00	FDF5
1867	273E	00	FDF5
1867	273F	00	FDF5
1867	2740	00	FDF5
1867	2741	00	FDF5
1867	2742	00	FDF5
1867	2743	00	FDF5
1867	2744	00	FDF5
1867	2745	00	FDF5
1867	2746	00	FDF5
1867	2747	00	FDF5
1867	2748	00	FDF5
1867	2749	00	FDF5
1867	274A	00	FDF5
1867	274B	00	FDF5
1867	274C	00	FDF5
1867	274D	00	FDF5
1867	274E	00	FDF5
1867	274F	00	FDF5
1867	2750	00	FDF5
1867	2751	00	FDF5
1867	2752	00	FDF5
1867	2753	00	FDF5
1867	2754	00	FDF5
1867	2755	00	FDF5
1867	2756	00	FDF5
1867	2757	00	FDF5
1867	2758	00	FDF5
1867	2759	00	FDF5
1867	275A	00	FDF5
1867	275B	00	FDF5
1867	275C	00	FDF5
1867	275D	00	FDF5
1867	275E	00	FDF5
1867	275F	00	FDF5
1867	2760	00	FDF5
1867	2761	00	FDF5
1867	2762	00	FDF5
1867	2763	00	FDF5
1867	2764	00	FDF5
1867	2765	00	FDF5
1867	2766	00	FDF5
1867	2767	00	FDF5
1867	2768	00	FDF5
1867	2769	00	FDF5
1867	276A	00	FDF5
1867	276B	00	FDF5
1867	276C	00	FDF5
1867	276D	00	FDF5
1867	276E	00	FDF5
1867	276F	00	FDF5
1867	2770	00	FDF5
1867	2771	00	FDF5
1867	2772	00	FDF5
1867	2773	00	FDF5
1867	2774	00	FDF5
1867	2775	00	FDF5
1867	2776	00	FDF5
1867	2777	00	FDF5
1867	2778	00	FDF5
1867	2779	00	FDF5
1867	277A	00	FDF5
1867	277B	00	FDF5
1867	277C	00	FDF5
1867	277D	00	FDF5
1867	277E	00	FDF5
1867	277F	00	FDF5
1867	2780	00	FDF5
1867	2781	00	FDF5
1867	2782	00	FDF5
1867	2783	00	FDF5
1867	2784	00	FDF5
1867	2785	00	FDF5
1867	2786	00	FDF5
1867	2787	00	FDF5
1867	2788	00	FDF5
1867	2789	00	FDF5
1867	278A	00	FDF5
1867	278B	00	FDF5
1867	278C	00	FDF5
1867	278D	00	FDF5
1867	278E	00	FDF5
1867	278F	00	FDF5
1867	2790	00	FDF5
1867	2791	00	FDF5
1867	2792	00	FDF5
1867	2793	00	FDF5
1867	2794	00	FDF5
1867	2795	00	FDF5
1867	2796	00	FDF5
1867	2797	00	FDF5
1867	2798	00	FDF5
1867	2799	00	FDF5
1867	279A	00	FDF5
1867	279B	00	FDF5
1867	279C	00	FDF5
1867	279D	00	FDF5
1867	279E	00	FDF5
1867	279F	00	FDF5
1867	27A0	00	FDF5
1867	27A1	00	FDF5
1867	27A2	00	FDF5
1867	27A3	00	FDF5
1867	27A4	00	FDF5
1867	27A5	00	FDF5
1867	27A6	00	FDF5
1867	27A7	00	FDF5
1867	27A8	00	FDF5
1867	27A9	00	FDF5
1867	27AA	00	FDF5
1867	27AB	00	FDF5
1867	27AC	00	FDF5
1867	27AD	00	FDF5
1867	27AE	00	FDF5
1867	27AF	00	FDF5
1867	27B0	00	FDF5
1867	27B1	00	FDF5
1867	27B2	00	FDF5
1867	27B3	00	FDF5
1867	27B4	00	FDF5
1867	27B5	00	FDF5
1867	27B6	00	FDF5
1867	27B7	00	FDF5
1867	27B8	00	FDF5
1867	27B9	00	FDF5
1867	27BA	00	FDF5
1867	27BB	00	FDF5
1867	27BC	00	FDF5
1867	27BD	00	FDF5
1867	27BE	00	FDF5
1867	27BF	00	FDF5
1867	27C0	00	FDF5
1867	27C1	00	FDF5
1867	27C2	00	FDF5
1867	27C3	00	FDF5
1867	27C4	00	FDF5
1867	27C5	00	FDF5
1867	27C6	00	FDF5
1867	27C7	00	FDF5
1867	27C8	00	FDF5
1867	27C9	00	FDF5
1867	27CA	00	FDF5
1867	27CB	00	FDF5
1867	27CC	00	FDF5
1867	27CD	00	FDF5
1867	27CE	00	FDF5
1867	27CF	00	FDF5
1867	27D0	00	FDF5
1867	27D1	00	FDF5
1867	27D2	00	FDF5
1867	27D3	00	FDF5
1867	27D4	00	FDF5
1867	27D5	00	FDF5
1867	27D6	00	FDF5
1867	27D7	00	FDF5
1867	27D8	00	FDF5
1867	27D9	00	FDF5
1867	27DA	00	FDF5
1867	27DB	00	FDF5
1867	27DC	00	FDF5
1867	27DD	00	FDF5
1867	27DE	00	FDF5
1867	27DF	00	FDF5
1867	27E0	00	FDF5
1867	27E1	00	FDF5
1867	27E2	00	FDF5
1867	27E3	00	FDF5
1867	27E4	00	FDF5
1867	27E5	00	FDF5
1867	27E6	00	FDF5
1867	27E7	00	FDF5
1867	27E8	00	FDF5
1867	27E9	00	FDF5
1867	27EA	00	FDF5
1867	27EB	00	FDF5
1867	27EC	00	FDF5
1867	27ED	00	FDF5
1867	27EE	00	FDF5
1867	27EF	00	FDF5
1867	27F0	00	FDF5
1867	27F1	00	FDF5
1867	27F2	00	FDF5
1867	27F3	00	FDF5
1867	27F4	00	FDF5
1867	27F5	00	FDF5
1867	27F6	00	FDF5
1867	27F7	00	FDF5
1867	27F8	00	FDF5
1867	27F9	00	FDF5
1867	27FA	00	FDF5
1867	27FB	00	FDF5
1867	27FC	00	FDF5
1867	27FD	00	FDF5
1867	27FE	00	FDF5
1867	27FF	00	FDF5
1867	27C0	00	FE12
1867	27C1	00	FE12
1867	27C2	00	FE12
1867	27C3	00	FE12
1867	27C4	00	FE12
1867	27C5	00	FE12
1867	27C6	00	FE12
1867	27C7	00	FE12
1867	27C8	00	FE12
1867	27C9	00	FE12
1867	27CA	00	FE12
1867	27CB	00	FE12
1867	27CC	00	FE12
1867	27CD	00	FE12
1867	27CE	00	FE12
1867	27CF	00	FE12
1867	27D0	00	FE12
1867	27D1	00	FE12
1867	27D2	00	FE12
1867	27D3	00	FE12
1867	27D4	00	FE12
1867	27D5	00	FE12
1867	27D6	00	FE12
1867	27D7	00	FE12
1867	27D8	00	FE12
1867	27D9	00	FE12
1867	27DA	00	FE12
1867	27DB	00	FE12
1867	27DC	00	FE12
1867	27DD	00	FE12
1867	27DE	00	FE12
1867	27DF	00	FE12
1867	27E0	00	FE12
1867	27E1	00	FE12
1867	27E2	00	FE12
1867	27E3	00	FE12
1867	27E4	00	FE12
1867	27E5	00	FE12
1867	27E6	00	FE12
1867	27E7	00	FE12
1867	27E8	00	FE12
1867	27E9	00	FE12
1867	27EA	00	FE12
1867	27EB	00	FE12
1867	27EC	00	FE12
1867	27ED	00	FE12
1867	27EE	00	FE12
1867	27EF	00	FE12
1867	27F0	00	FE12
1867	27F1	00	FE12
1867	27F2	00	FE12
1867	27F3	00	FE12
1867	27F4	00	FE12
1867	27F5	00	FE12
1867	27F6	00	FE12
1867	27F7	00	FE12
1867	27F8	00	FE12
1867	27F9	00	FE12
1867	27FA	00	FE12
1867	27FB	00	FE12
1867	27FC	00	FE12
1867	27FD	00	FE12
1867	27FE	00	FE12
1867	27FF	00	FE12
1867	2800	00	FDF5
1867	2801	00	FDF5
1867	2802	00	FDF5
1867	2803	00	FDF5
1867	2804	00	FDF5
1867	2805	00	FDF5
1867	2806	00	FDF5
1867	2807	00	FDF5
1867	2808	00	FDF5
1867	2809	00	FDF5
1867	280A	00	FDF5
1867	280B	00	FDF5
1867	280C	00	FDF5
1867	280D	00	FDF5
1867	280E	00	FDF5
1867	280F	00	FDF5
1867	2810	00	FDF5
1867	2811	00	FDF5
1867	2812	00	FDF5
1867	2813	00	FDF5
1867	2814	00	FDF5
1867	2815	00	FDF5
1867	2816	00	FDF5
1867	2817	00	FDF5
1867	2818	00	FDF5
1867	2819	00	FDF5
1867	281A	00	FDF5
1867	281B	00	FDF5
1867	281C	00	FDF5
1867	281D	00	FDF5
1867	281E	00	FDF5
1867	281F	00	FDF5
1867	2820	00	FDF5
1867	2821	00	FDF5
1867	2822	00	FDF5
1867	2823	00	FDF5
1867	2824	00	FDF5
1867	2825	00	FDF5
1867	2826	00	FDF5
1867	2827	00	FDF5
1867	2828	00	FDF5
1867	2829	00	FDF5
1867	282A	00	FDF5
1867	282B	00	FDF5
1867	282C	00	FDF5
1867	282D	00	FDF5
1867	282E	00	FDF5
1867	282F	00	FDF5
1867	2830	00	FDF5
1867	2831	00	FDF5
1867	2832	00	FDF5
1867	2833	00	FDF5
1867	2834	00	FDF5
1867	2835	00	FDF5
1867	2836	00	FDF5
1867	2837	00	FDF5
1867	2838	00	FDF5
1867	2839	00	FDF5
1867	283A	00	FDF5
1867	283B	00	FDF5
1867	283C	00	FDF5
1867	283D	00	FDF5
1867	283E	00	FDF5
1867	283F	00	FDF5
1867	2840	00	FDF5
1867	2841	00	FDF5
1867	2842	00	FDF5
1867	2843	00	FDF5
1867	2844	00	FDF5
1867	2845	00	FDF5
1867	2846	00	FDF5
1867	2847	00	FDF5
1867	2848	00	FDF5
1867	2849	00	FDF5
1867	284A	00	FDF5
1867	284B	00	FDF5
1867	284C	00	FDF5
1867	284D	00	FDF5
1867	284E	00	FDF5
1867	284F	00	FDF5
1867	2850	00	FDF5
1867	2851	00	FDF5
1867	2852	00	FDF5
1867	2853	00	FDF5
1867	2854	00	FDF5
1867	2855	00	FDF5
1867	2856	00	FDF5
1867	2857	00	FDF5
1867	2858	00	FDF5
1867	2859	00	FDF5
1867	285A	00	FDF5
1867	285B	00	FDF5
1867	285C	00	FDF5
1867	285D	00	FDF5
1867	285E	00	FDF5
1867	285F	00	FDF5
1867	2860	00	FDF5
1867	2861	00	FDF5
1867	2862	00	FDF5
1867	2863	00	FDF5
1867	2864	00	FDF5
1867	2865	00	FDF5
1867	2866	00	FDF5
1867	2867	00	FDF5
1867	2868	00	FDF5
1867	2869	00	FDF5
1867	286A	00	FDF5
1867	286B	00	FDF5
1867	286C	00	FDF5
1867	286D	00	FDF5
1867	286E	00	FDF5
1867	286F	00	FDF5
1867	2870	00	FDF5
1867	2871	00	FDF5
1867	2872	00	FDF5
1867	2873	00	FDF5
1867	2874	00	FDF5
1867	2875	00	FDF5
1867	2876	00	FDF5
1867	2877	00	FDF5
1867	2878	00	FDF5
1867	2879	00	FDF5
1867	287A	00	FDF5
1867	287B	00	FDF5
1867	287C	00	FDF5
1867	287D	00	FDF5
1867	287E	00	FDF5
1867	287F	00	FDF5
1867	2880	00	FDF5
1867	2881	00	FDF5
1867	2882	00	FDF5
1867	2883	00	FDF5
1867	2884	00	FDF5
1867	2885	00	FDF5
1867	2886	00	FDF5
1867	2887	00	FDF5
1867	2888	00	FDF5
1867	2889	00	FDF5
1867	288A	00	FDF5
1867	288B	00	FDF5
1867	288C	00	FDF5
1867	288D	00	FDF5
1867	288E	00	FDF5
1867	288F	00	FDF5
1867	2890	00	FDF5
1867	2891	00	FDF5
1867	2892	00	FDF5
1867	2893	00	FDF5
1867	2894	00	FDF5
1867	2895	00	FDF5
1867	2896	00	FDF5
1867	2897	00	FDF5
1867	2898	00	FDF5
1867	2899	00	FDF5
1867	289A	00	FDF5
1867	289B	00	FDF5
1867	289C	00	FDF5
1867	289D	00	FDF5
1867	289E	00	FDF5
1867	289F	00	FDF5
1867	28A0	00	FDF5
1867	28A1	00	FDF5
1867	28A2	00	FDF5
1867	28A3	00	FDF5
1867	28A4	00	FDF5
1867	28A5	00	FDF5
1867	28A6	00	FDF5
1867	28A7	00	FDF5
1867	28A8	00	FDF5
1867	28A9	00	FDF5
1867	28AA	00	FDF5
1867	28AB	00	FDF5
1867	28AC	00	FDF5
1867	28AD	00	FDF5
1867	28AE	00	FDF5
1867	28AF	00	FDF5
1867	28B0	00	FDF5
1867	28B1	00	FDF5
1867	28B2	00	FDF5
1867	28B3	00	FDF5
1867	28B4	00	FDF5
1867	28B5	00	FDF5
1867	28B6	00	FDF5
1867	28B7	00	FDF5
1867	28B8	00	FDF5
1867	28B9	00	FDF5
1867	28BA	00	FDF5
1867	28BB	00	FDF5
1867	28BC	00	FDF5
1867	28BD	00	FDF5
1867	28BE	00	FDF5
1867	28BF	00	FDF5
1867	28C0	00	FDF5
1867	28C1	00	FDF5
1867	28C2	00	FDF5
1867	28C3	00	FDF5
1867	28C4	00	FDF5
1867	28C5	00	FDF5
1867	28C6	00	FDF5
1867	28C7	00	FDF5
1867	28C8	00	FDF5
1867	28C9	00	FDF5
1867	28CA	00	FDF5
1867	28CB	00	FDF5
1867	28CC	00	FDF5
1867	28CD	00	FDF5
1867	28CE	00	FDF5
1867	28CF	00	FDF5
1867	28D0	00	FDF5
1867	28D1	00	FDF5
1867	28D2	00	FDF5
1867	28D3	00	FDF5
1867	28D4	00	FDF5
1867	28D5	00	FDF5
1867	28D6	00	FDF5
1867	28D7	00	FDF5
1867	28D8	00	FDF5
1867	28D9	00	FDF5
1867	28DA	00	FDF5
1867	28DB	00	FDF5
1867	28DC	00	FDF5
1867	28DD	00	FDF5
1867	28DE	00	FDF5
1867	28DF	00	FDF5
1867	28E0	00	FDF5
1867	28E1	00	FDF5
1867	28E2	00	FDF5
1867	28E3	00	FDF5
1867	28E4	00	FDF5
1867	28E5	00	FDF5
1867	28E6	00	FDF5
1867	28E7	00	FDF5
1867	28E8	00	FDF5
1867	28E9	00	FDF5
1867	28EA	00	FDF5
1867	28EB	00	FDF5
1867	28EC	00	FDF5
1867	28ED	00	FDF5
1867	28EE	00	FDF5
1867	28EF	00	FDF5
1867	28F0	00	FDF5
1867	28F1	00	FDF5
1867	28F2	00	FDF5
1867	28F3	00	FDF5
1867	28F4	00	FDF5
1867	28F5	00	FDF5
1867	28F6	00	FDF5
1867	28F7	00	FDF5
1867	28F8	00	FDF5
1867	28F9	00	FDF5
1867	28FA	00	FDF5
1867	28FB	00	FDF5
1867	28FC	00	FDF5
1867	28FD	00	FDF5
1867	28FE	00	FDF5
1867	28FF	00	FDF5
1867	2900	00	FDF5
1867	2901	00	FDF5
1867	2902	00	FDF5
1867	2903	00	FDF5
1867	2904	00	FDF5
1867	2905	00	FDF5
1867	2906	00	FDF5
1867	2907	00	FDF5
1867	2908	00	FDF5
1867	2909	00	FDF5
1867	290A	00	FDF5
1867	290B	00	FDF5
1867	290C	00	FDF5
1867	290D	00	FDF5
1867	290E	00	FDF5
1867	290F	00	FDF5
1867	2910	00	FDF5
1867	2911	00	FDF5
1867	2912	00	FDF5
1867	2913	00	FDF5
1867	2914	00	FDF5
1867	2915	00	FDF5
1867	2916	00	FDF5
1867	2917	00	FDF5
1867	2918	00	FDF5
1867	2919	00	FDF5
1867	291A	00	FDF5
1867	291B	00	FDF5
1867	291C	00	FDF5
1867	291D	00	FDF5
1867	291E	00	FDF5
1867	291F	00	FDF5
1867	2920	00	FDF5
1867	2921	00	FDF5
1867	2922	00	FDF5
1867	2923	00	FDF5
1867	2924	00	FDF5
1867	2925	00	FDF5
1867	2926	00	FDF5
1867	2927	00	FDF5
1867	2928	00	FDF5
1867	2929	00	FDF5
1867	292A	00	FDF5
1867	292B	00	FDF5
1867	292C	00	FDF5
1867	292D	00	FDF5
1867	292E	00	FDF5
1867	292F	00	FDF5
1867	2930	00	FDF5
1867	2931	00	FDF5
1867	2932	00	FDF5
1867	2933	00	FDF5
1867	2934	00	FDF5
1867	2935	00	FDF5
1867	2936	00	FDF5
1867	2937	00	FDF5
1867	2938	00	FDF5
1867	2939	00	FDF5
1867	293A	00	FDF5
1867	293B	00	FDF5
1867	293C	00	FDF5
1867	293D	00	FDF5
1867	293E	00	FDF5
1867	293F	00	FDF5
1867	2940	00	FDF5
1867	2941	00	FDF5
1867	2942	00	FDF5
1867	2943	00	FDF5
1867	2944	00	FDF5
1867	2945	00	FDF5
1867	2946	00	FDF5
1867	2947	00	FDF5
1867	2948	00	FDF5
1867	2949	00	FDF5
1867	294A	00	FDF5
1867	294B	00	FDF5
1867	294C	00	FDF5
1867	294D	00	FDF5
1867	294E	00	FDF5
1867	294F	00	FDF5
1867	2950	00	FDF5
1867	2951	00	FDF5
1867	2952	00	FDF5
1867	2953	00	FDF5
1867	2954	00	FDF5
1867	2955	00	FDF5
1867	2956	00	FDF5
1867	2957	00	FDF5
1867	2958	00	FDF5
1867	2959	00	FDF5
1867	295A	00	FDF5
1867	295B	00	FDF5
1867	295C	00	FDF5
1867	295D	00	FDF5
1867	295E	00	FDF5
1867	295F	00	FDF5
1867	2960	00	FDF5
1867	2961	00	FDF5
1867	2962	00	FDF5
1867	2963	00	FDF5
1867	2964	00	FDF5
1867	2965	00	FDF5
1867	2966	00	FDF5
1867	2967	00	FDF5
1867	2968	00	FDF5
1867	2969	00	FDF5
1867	296A	00	FDF5
1867	296B	00	FDF5
1867	296C	00	FDF5
1867	296D	00	FDF5
1867	296E	00	FDF5
1867	296F	00	FDF5
1867	2970	00	FDF5
1867	2971	00	FDF5
1867	2972	00	FDF5
1867	2973	00	FDF5
1867	2974	00	FDF5
1867	2975	00	FDF5
1867	2976	00	FDF5
1867	2977	00	FDF5
1867	2978	00	FDF5
1867	2979	00	FDF5
1867	297A	00	FDF5
1867	297B	00	FDF5
1867	297C	00	FDF5
1867	297D	00	FDF5
1867	297E	00	FDF5
1867	297F	00	FDF5
1867	2980	00	FDF5
1867	2981	00	FDF5
1867	2982	00	FDF5
1867	2983	00	FDF5
1867	2984	00	FDF5
1867	2985	00	FDF5
1867	2986	00	FDF5
1867	2987	00	FDF5
1867	2988	00	FDF5
1867	2989	00	FDF5
1867	298A	00	FDF5
1867	298B	00	FDF5
1867	298C	00	FDF5
1867	298D	00	FDF5
1867	298E	00	FDF5
1867	298F	00	FDF5
1867	2990	00	FDF5
1867	2991	00	FDF5
1867	2992	00	FDF5
1867	2993	00	FDF5
1867	2994	00	FDF5
1867	2995	00	FDF5
1867	2996	00	FDF5
1867	2997	00	FDF5
1867	2998	00	FDF5
1867	2999	00	FDF5
1867	299A	00	FDF5
1867	299B	00	FDF5
1867	299C	00	FDF5
1867	299D	00	FDF5
1867	299E	00	FDF5
1867	299F	00	FDF5
1867	29A0	00	FDF5
1867	29A1	00	FDF5
1867	29A2	00	FDF5
1867	29A3	00	FDF5
1867	29A4	00	FDF5
1867	29A5	00	FDF5
1867	29A6	00	FDF5
1867	29A7	00	FDF5
1867	29A8	00	FDF5
1867	29A9	00	FDF5
1867	29AA	00	FDF5
1867	29AB	00	FDF5
1867	29AC	00	FDF5
1867	29AD	00	FDF5
1867	29AE	00	FDF5
1867	29AF	00	FDF5
1867	29B0	00	FDF5
1867	29B1	00	FDF5
1867	29B2	00	FDF5
1867	29B3	00	FDF5
1867	29B4	00	FDF5
1867	29B5	00	FDF5
1867	29B6	00	FDF5
1867	29B7	00	FDF5
1867	29B8	00	FDF5
1867	29B9	00	FDF5
1867	29BA	00	FDF5
1867	29BB	00	FDF5
1867	29BC	00	FDF5
1867	29BD	00	FDF5
1867	29BE	00	FDF5
1867	29BF	00	FDF5
1867	29C0	00	FDF5
1867	29C1	00	FDF5
1867	29C2	00	FDF5
1867	29C3	00	FDF5
1867	29C4	00	FDF5
1867	29C5	00	FDF5
1867	29C6	00	FDF5
1867	29C7	00	FDF5
1867	29C8	00	FDF5
1867	29C9	00	FDF5
1867	29CA	00	FDF5
1867	29CB	00	FDF5
1867	29CC	00	FDF5
1867	29CD	00	FDF5
1867	29CE	00	FDF5
1867	29CF	00	FDF5
1867	29D0	00	FDF5
1867	29D1	00	FDF5
1867	29D2	00	FDF5
1867	29D3	00	FDF5
1867	29D4	00	FDF5
1867	29D5	00	FDF5
1867	29D6	00	FDF5
1867	29D7	00	FDF5
1867	29D8	00	FDF5
1867	29D9	00	FDF5
1867	29DA	00	FDF5
1867	29DB	00	FDF5
1867	29DC	00	FDF5
1867	29DD	00	FDF5
1867	29DE	00	FDF5
1867	29DF	00	FDF5
1867	29E0	00	FDF5
1867	29E1	00	FDF5
1867	29E2	00	FDF5
1867	29E3	00	FDF5
1867	29E4	00	FDF5
1867	29E5	00	FDF5
1867	29E6	00	FDF5
1867	29E7	00	FDF5
1867	29E8	00	FDF5
1867	29E9	00	FDF5
1867	29EA	00	FDF5
1867	29EB	00	FDF5
1867	29EC	00	FDF5
1867	29ED	00	FDF5
1867	29EE	00	FDF5
1867	29EF	00	FDF5
1867	29F0	00	FDF5
1867	29F1	00	FDF5
1867	29F2	00	FDF5
1867	29F3	00	FDF5
1867	29F4	00	FDF5
1867	29F5	00	FDF5
1867	29F6	00	FDF5
1867	29F7	00	FDF5
1867	29F8	00	FDF5
1867	29F9	00	FDF5
1867	29FA	00	FDF5
1867	29FB	00	FDF5
1867	29FC	00	FDF5
1867	29FD	00	FDF5
1867	29FE	00	FDF5
1867	29FF	00	FDF5
1867	2A00	00	FDF5
1867	2A01	00	FDF5
1867	2A02	00	FDF5
1867	2A03	00	FDF5
1867	2A04	00	FDF5
1867	2A05	00	FDF5
1867	2A06	00	FDF5
1867	2A07	00	FDF5
1867	2A08	00	FDF5
1867	2A09	00	FDF5
1867	2A0A	00	FDF5
1867	2A0B	00	FDF5
1867	2A0C	00	FDF5
1867	2A0D	00	FDF5
1867	2A0E	00	FDF5
1867	2A0F	00	FDF5
1867	2A10	00	FDF5
1867	2A11	00	FDF5
1867	2A12	00	FDF5
1867	2A13	00	FDF5
1867	2A14	00	FDF5
1867	2A15	00	FDF5
1867	2A16	00	FDF5
1867	2A17	00	FDF5
1867	2A18	00	FDF5
1867	2A19	00	FDF5
1867	2A1A	00	FDF5
1867	2A1B	00	FDF5
1867	2A1C	00	FDF5
1867	2A1D	00	FDF5
1867	2A1E	00	FDF5
1867	2A1F	00	FDF5
1867	2A20	00	FDF5
1867	2A21	00	FDF5
1867	2A22	00	FDF5
1867	2A23	00	FDF5
1867	2A24	00	FDF5
1867	2A25	00	FDF5
1867	2A26	00	FDF5
1867	2A27	00	FDF5
1867	2A28	00	FDF5
1867	2A29	00	FDF5
1867	2A2A	00	FDF5
1867	2A2B	00	FDF5
1867	2A2C	00	FDF5
1867	2A2D	00	FDF5
1867	2A2E	00	FDF5
1867	2A2F	00	FDF5
1867	2A30	00	FDF5
1867	2A31	00	FDF5
1867	2A32	00	FDF5
1867	2A33	00	FDF5
1867	2A34	00	FDF5
1867	2A35	00	FDF5
1867	2A36	00	FDF5
1867	2A37	00	FDF5
1867	2A38	00	FDF5
1867	2A39	00	FDF5
1867	2A3A	00	FDF5
1867	2A3B	00	FDF5
1867	2A3C	00	FDF5
1867	2A3D	00	FDF5
1867	2A3E	00	FDF5
1867	2A3F	00	FDF5
1867	2A40	00	FDF5
1867	2A41	00	FDF5
1867	2A42	00	FDF5
1867	2A43	00	FDF5
1867	2A44	00	FDF5
1867	2A45	00	FDF5
1867	2A46	00	FDF5
1867	2A47	00	FDF5
1867	2A48	00	FDF5
1867	2A49	00	FDF5
1867	2A4A	00	FDF5
1867	2A4B	00	FDF5
1867	2A4C	00	FDF5
1867	2A4D	00	FDF5
1867	2A4E	00	FDF5
1867	2A4F	00	FDF5
1867	2A50	00	FDF5
1867	2A51	00	FDF5
1867	2A52	00	FDF5
1867	2A53	00	FDF5
1867	2A54	00	FDF5
1867	2A55	00	FDF5
1867	2A56	00	FDF5
1867	2A57	00	FDF5
1867	2A58	00	FDF5
1867	2A59	00	FDF5
1867	2A5A	00	FDF5
1867	2A5B	00	FDF5
1867	2A5C	00	FDF5
1867	2A5D	00	FDF5
1867	2A5E	00	FDF5
1867	2A5F	00	FDF5
1867	2A60	00	FDF5
1867	2A61	00	FDF5
1867	2A62	00	FDF5
1867	2A63	00	FDF5
1867	2A64	00	FDF5
1867	2A65	00	FDF5
1867	2A66	00	FDF5
1867	2A67	00	FDF5
1867	2A68	00	FDF5
1867	2A69	00	FDF5
1867	2A6A	00	FDF5
1867	2A6B	00	FDF5
1867	2A6C	00	FDF5
1867	2A6D	00	FDF5
1867	2A6E	00	FDF5
1867	2A6F	00	FDF5
1867	2A70	00	FDF5
1867	2A71	00	FDF5
1867	2A72	00	FDF5
1867	2A73	00	FDF5
1867	2A74	00	FDF5
1867	2A75	00	FDF5
1867	2A76	00	FDF5
1868	2A77	00	FDF5
1868	2A78	00	FDF5
1868	2A79	00	FDF5
1868	2A7A	00	FDF5
1868	2A7B	00	FDF5
1868	2A7C	00	FDF5
1868	2A7D	00	FDF5
1868	2A7E	00	FDF5
1868	2A7F	00	FDF5
1868	2A80	00	FDF5
1868	2A81	00	FDF5
1868	2A82	00	FDF5
1868	2A83	00	FDF5
1868	2A84	00	FDF5
1868	2A85	00	FDF5
1868	2A86	00	FDF5
1868	2A87	00	FDF5
1868	2A88	00	FDF5
1868	2A89	00	FDF5
1868	2A8A	00	FDF5
1868	2A8B	00	FDF5
1868	2A8C	00	FDF5
1868	2A8D	00	FDF5
1868	2A8E	00	FDF5
1868	2A8F	00	FDF5
1868	2A90	00	FDF5
1868	2A91	00	FDF5
1868	2A92	00	FDF5
1868	2A93	00	FDF5
1868	2A94	00	FDF5
1868	2A95	00	FDF5
1868	2A96	00	FDF5
1868	2A97	00	FDF5
1868	2A98	00	FDF5
1868	2A99	00	FDF5
1868	2A9A	00	FDF5
1868	2A9B	00	FDF5
1868	2A9C	00	FDF5
1868	2A9D	00	FDF5
1868	2A9E	00	FDF5
1868	2A9F	00	FDF5
1868	2AA0	00	FDF5
1868	2AA1	00	FDF5
1868	2AA2	00	FDF5
1868	2AA3	00	FDF5
1868	2AA4	00	FDF5
1868	2AA5	00	FDF5
1868	2AA6	00	FDF5
1868	2AA7	00	FDF5
1868	2AA8	00	FDF5
1868	2AA9	00	FDF5
1868	2AAA	00	FDF5
1868	2AAB	00	FDF5
1868	2AAC	00	FDF5
1868	2AAD	00	FDF5
1868	2AAE	00	FDF5
1868	2AAF	00	FDF5
1868	2AB0	00	FDF5
1868	2AB1	00	FDF5
1868	2AB2	00	FDF5
1868	2AB3	00	FDF5
1868	2AB4	00	FDF5
1868	2AB5	00	FDF5
1868	2AB6	00	FDF5
1868	2AB7	00	FDF5
1868	2AB8	00	FDF5
1868	2AB9	00	FDF5
1868	2ABA	00	FDF5
1868	2ABB	00	FDF5
1868	2ABC	00	FDF5
1868	2ABD	00	FDF5
1868	2ABE	00	FDF5
1868	2ABF	00	FDF5
1868	2AC0	00	FDF5
1868	2AC1	00	FDF5
1868	2AC2	00	FDF5
1868	2AC3	00	FDF5
1868	2AC4	00	FDF5
1868	2AC5	00	FDF5
1868	2AC6	00	FDF5
1868	2AC7	00	FDF5
1868	2AC8	00	FDF5
1868	2AC9	00	FDF5
1868	2ACA	00	FDF5
1868	2ACB	00	FDF5
1868	2ACC	00	FDF5
1868	2ACD	00	FDF5
1868	2ACE	00	FDF5
1868	2ACF	00	FDF5
1868	2AD0	00	FDF5
1868	2AD1	00	FDF5
1868	2AD2	00	FDF5
1868	2AD3	00	FDF5
1868	2AD4	00	FDF5
1868	2AD5	00	FDF5
1868	2AD6	00	FDF5
1868	2AD7	00	FDF5
1868	2AD8	00	FDF5
1868	2AD9	00	FDF5
1868	2ADA	00	FDF5
1868	2ADB	00	FDF5
1868	2ADC	00	FDF5
1868	2ADD	00	FDF5
1868	2ADE	00	FDF5
1868	2ADF	00	FDF5
1868	2AE0	00	FDF5
1868	2AE1	00	FDF5
1868	2AE2	00	FDF5
1868	2AE3	00	FDF5
1868	2AE4	00	FDF5
1868	2AE5	00	FDF5
1868	2AE6	00	FDF5
1868	2AE7	00	FDF5
1868	2AE8	00	FDF5
1868	2AE9	00	FDF5
1868	2AEA	00	FDF5
1868	2AEB	00	FDF5
1868	2AEC	00	FDF5
1868	2AED	00	FDF5
1868	2AEE	00	FDF5
1868	2AEF	00	FDF5
1868	2AF0	00	FDF5
1868	2AF1	00	FDF5
1868	2AF2	00	FDF5
1868	2AF3	00	FDF5
1868	2AF4	00	FDF5
1868	2AF5	00	FDF5
1868	2AF6	00	FDF5
1868	2AF7	00	FDF5
1868	2AF8	00	FDF5
1868	2AF9	00	FDF5
1868	2AFA	00	FDF5
1868	2AFB	00	FDF5
1868	2AFC	00	FDF5
1868	2AFD	00	FDF5
1868	2AFE	00	FDF5
1868	2AFF	00	FDF5
1868	2B00	00	FDF5
1868	2B01	00	FDF5
1868	2B02	00	FDF5
1868	2B03	00	FDF5
1868	2B04	00	FDF5
1868	2B05	00	FDF5
1868	2B06	00	FDF5
1868	2B07	00	FDF5
1868	2B08	00	FDF5
1868	2B09	00	FDF5
1868	2B0A	00	FDF5
1868	2B0B	00	FDF5
1868	2B0C	00	FDF5
1868	2B0D	00	FDF5
1868	2B0E	00	FDF5
1868	2B0F	00	FDF5
1868	2B10	00	FDF5
1868	2B11	00	FDF5
1868	2B12	00	FDF5
1868	2B13	00	FDF5
1868	2B14	00	FDF5
1868	2B15	00	FDF5
1868	2B16	00	FDF5
1868	2B17	00	FDF5
1868	2B18	00	FDF5
1868	2B19	00	FDF5
1868	2B1A	00	FDF5
1868	2B1B	00	FDF5
1868	2B1C	00	FDF5
1868	2B1D	00	FDF5
1868	2B1E	00	FDF5
1868	2B1F	00	FDF5
1868	2B20	00	FDF5
1868	2B21	00	FDF5
1868	2B22	00	FDF5
1868	2B23	00	FDF5
1868	2B24	00	FDF5
1868	2B25	00	FDF5
1868	2B26	00	FDF5
1868	2B27	00	FDF5
1868	2B28	00	FDF5
1868	2B29	00	FDF5
1868	2B2A	00	FDF5
1868	2B2B	00	FDF5
1868	2B2C	00	FDF5
1868	2B2D	00	FDF5
1868	2B2E	00	FDF5
1868	2B2F	00	FDF5
1868	2B30	00	FDF5
1868	2B31	00	FDF5
1868	2B32	00	FDF5
1868	2B33	00	FDF5
1868	2B34	00	FDF5
1868	2B35	00	FDF5
1868	2B36	00	FDF5
1868	2B37	00	FDF5
1868	2B38	00	FDF5
1868	2B39	00	FDF5
1868	2B3A	00	FDF5
1868	2B3B	00	FDF5
1868	2B3C	00	FDF5
1868	2B3D	00	FDF5
1868	2B3E	00	FDF5
1868	2B3F	00	FDF5
1868	2B40	00	FDF5
1868	2B41	00	FDF5
1868	2B42	00	FDF5
1868	2B43	00	FDF5
1868	2B44	00	FDF5
1868	2B45	00	FDF5
1868	2B46	00	FDF5
1868	2B47	00	FDF5
1868	2B48	00	FDF5
1868	2B49	00	FDF5
1868	2B4A	00	FDF5
1868	2B4B	00	FDF5
1868	2B4C	00	FDF5
1868	2B4D	00	FDF5
1868	2B4E	00	FDF5
1868	2B4F	00	FDF5
1868	2B50	00	FDF5
1868	2B51	00	FDF5
1868	2B52	00	FDF5
1868	2B53	00	FDF5
1868	2B54	00	FDF5
1868	2B55	00	FDF5
1868	2B56	00	FDF5
1868	2B57	00	FDF5
1868	2B58	00	FDF5
1868	2B59	00	FDF5
1868	2B5A	00	FDF5
1868	2B5B	00	FDF5
1868	2B5C	00	FDF5
1868	2B5D	00	FDF5
1868	2B5E	00	FDF5
1868	2B5F	00	FDF5
1868	2B60	00	FDF5
1868	2B61	00	FDF5
1868	2B62	00	FDF5
1868	2B63	00	FDF5
1868	2B64	00	FDF5
1868	2B65	00	FDF5
1868	2B66	00	FDF5
1868	2B67	00	FDF5
1868	2B68	00	FDF5
1868	2B69	00	FDF5
1868	2B6A	00	FDF5
1868	2B6B	00	FDF5
1868	2B6C	00	FDF5
1868	2B6D	00	FDF5
1868	2B6E	00	FDF5
1868	2B6F	00	FDF5
1868	2B70	00	FDF5
1868	2B71	00	FDF5
1868	2B72	00	FDF5
1868	2B73	00	FDF5
1868	2B74	00	FDF5
1868	2B75	00	FDF5
1868	2B76	00	FDF5
1868	2B77	00	FDF5
1868	2B78	00	FDF5
1868	2B79	00	FDF5
1868	2B7A	00	FDF5
1868	2B7B	00	FDF5
1868	2B7C	00	FDF5
1868	2B7D	00	FDF5
1868	2B7E	00	FDF5
1868	2B7F	00	FDF5
1868	2B80	00	FDF5
1868	2B81	00	FDF5
1868	2B82	00	FDF5
1868	2B83	00	FDF5
1868	2B84	00	FDF5
1868	2B85	00	FDF5
1868	2B86	00	FDF5
1868	2B87	00	FDF5
1868	2B88	00	FDF5
1868	2B89	00	FDF5
1868	2B8A	00	FDF5
1868	2B8B	00	FDF5
1868	2B8C	00	FDF5
1868	2B8D	00	FDF5
1868	2B8E	00	FDF5
1868	2B8F	00	FDF5
1868	2B90	00	FDF5
1868	2B91	00	FDF5
1868	2B92	00	FDF5
1868	2B93	00	FDF5
1868	2B94	00	FDF5
1868	2B95	00	FDF5
1868	2B96	00	FDF5
1868	2B97	00	FDF5
1868	2B98	00	FDF5
1868	2B99	00	FDF5
1868	2B9A	00	FDF5
1868	2B9B	00	FDF5
1868	2B9C	00	FDF5
1868	2B9D	00	FDF5
1868	2B9E	00	FDF5
1868	2B9F	00	FDF5
1868	2BA0	00	FDF5
1868	2BA1	00	FDF5
1868	2BA2	00	FDF5
1868	2BA3	00	FDF5
1868	2BA4	00	FDF5
1868	2BA5	00	FDF5
1868	2BA6	00	FDF5
1868	2BA7	00	FDF5
1868	2BA8	00	FDF5
1868	2BA9	00	FDF5
1868	2BAA	00	FDF5
1868	2BAB	00	FDF5
1868	2BAC	00	FDF5
1868	2BAD	00	FDF5
1868	2BAE	00	FDF5
1868	2BAF	00	FDF5
1868	2BB0	00	FDF5
1868	2BB1	00	FDF5
1868	2BB2	00	FDF5
1868	2BB3	00	FDF5
1868	2BB4	00	FDF5
1868	2BB5	00	FDF5
1868	2BB6	00	FDF5
1868	2BB7	00	FDF5
1868	2BB8	00	FDF5
1868	2BB9	00	FDF5
1868	2BBA	00	FDF5
1868	2BBB	00	FDF5
1868	2BBC	00	FDF5
1868	2BBD	00	FDF5
1868	2BBE	00	FDF5
1868	2BBF	00	FDF5
1868	2BC0	00	FDF5
1868	2BC1	00	FDF5
1868	2BC2	00	FDF5
1868	2BC3	00	FDF5
1868	2BC4	00	FDF5
1868	2BC5	00	FDF5
1868	2BC6	00	FDF5
1868	2BC7	00	FDF5
1868	2BC8	00	FDF5
1868	2BC9	00	FDF5
1868	2BCA	00	FDF5
1868	2BCB	00	FDF5
1868	2BCC	00	FDF5
1868	2BCD	00	FDF5
1868	2BCE	00	FDF5
1868	2BCF	00	FDF5
1868	2BD0	00	FDF5
1868	2BD1	00	FDF5
1868	2BD2	00	FDF5
1868	2BD3	00	FDF5
1868	2BD4	00	FDF5
1868	2BD5	00	FDF5
1868	2BD6	00	FDF5
1868	2BD7	00	FDF5
1868	2BD8	00	FDF5
1868	2BD9	00	FDF5
1868	2BDA	00	FDF5
1868	2BDB	00	FDF5
1868	2BDC	00	FDF5
1868	2BDD	00	FDF5
1868	2BDE	00	FDF5
1868	2BDF	00	FDF5
1868	2BE0	00	FDF5
1868	2BE1	00	FDF5
1868	2BE2	00	FDF5
1868	2BE3	00	FDF5
1868	2BE4	00	FDF5
1868	2BE5	00	FDF5
1868	2BE6	00	FDF5
1868	2BE7	00	FDF5
1868	2BE8	00	FDF5
1868	2BE9	00	FDF5
1868	2BEA	00	FDF5
1868	2BEB	00	FDF5
1868	2BEC	00	FDF5
1868	2BED	00	FDF5
1868	2BEE	00	FDF5
1868	2BEF	00	FDF5
1868	2BF0	00	FDF5
1868	2BF1	00	FDF5
1868	2BF2	00	FDF5
1868	2BF3	00	FDF5
1868	2BF4	00	FDF5
1868	2BF5	00	FDF5
1868	2BF6	00	FDF5
1868	2BF7	00	FDF5
1868	2BF8	00	FDF5
1868	2BF9	00	FDF5
1868	2BFA	00	FDF5
1868	2BFB	00	FDF5
1868	2BFC	00	FDF5
1868	2BFD	00	FDF5
1868	2BFE	00	FDF5
1868	2BFF	00	FDF5
1868	2BC0	00	FE12
1868	2BC1	00	FE12
1868	2BC2	00	FE12
1868	2BC3	00	FE12
1868	2BC4	00	FE12
1868	2BC5	00	FE12
1868	2BC6	00	FE12
1868	2BC7	00	FE12
1868	2BC8	00	FE12
1868	2BC9	00	FE12
1868	2BCA	00	FE12
1868	2BCB	00	FE12
1868	2BCC	00	FE12
1868	2BCD	00	FE12
1868	2BCE	00	FE12
1868	2BCF	00	FE12
1868	2BD0	00	FE12
1868	2BD1	00	FE12
1868	2BD2	00	FE12
1868	2BD3	00	FE12
1868	2BD4	00	FE12
1868	2BD5	00	FE12
1868	2BD6	00	FE12
1868	2BD7	00	FE12
1868	2BD8	00	FE12
1868	2BD9	00	FE12
1868	2BDA	00	FE12
1868	2BDB	00	FE12
1868	2BDC	00	FE12
1868	2BDD	00	FE12
1868	2BDE	00	FE12
1868	2BDF	00	FE12
1868	2BE0	00	FE12
1868	2BE1	00	FE12
1868	2BE2	00	FE12
1868	2BE3	00	FE12
1868	2BE4	00	FE12
1868	2BE5	00	FE12
1868	2BE6	00	FE12
1868	2BE7	00	FE12
1868	2BE8	00	FE12
1868	2BE9	00	FE12
1868	2BEA	00	FE12
1868	2BEB	00	FE12
1868	2BEC	00	FE12
1868	2BED	00	FE12
1868	2BEE	00	FE12
1868	2BEF	00	FE12
1868	2BF0	00	FE12
1868	2BF1	00	FE12
1868	2BF2	00	FE12
1868	2BF3	00	FE12
1868	2BF4	00	FE12
1868	2BF5	00	FE12
1868	2BF6	00	FE12
1868	2BF7	00	FE12
1868	2BF8	00	FE12
1868	2BF9	00	FE12
1868	2BFA	00	FE12
1868	2BFB	00	FE12
1868	2BFC	00	FE12
1868	2BFD	00	FE12
1868	2BFE	00	FE12
1868	2BFF	00	FE12
1874	2000	00	D713
1874	2020	00	D71A
1874	2040	00	D721
1874	2060	00	D728
1874	2080	7A	D72F
1874	20A0	7A	D736
1874	20C0	7A	D73D
1874	20E0	7A	D744
1874	2100	7A	D74B
1874	2120	7A	D752
1874	2140	7A	D759
1874	2160	7A	D760
1874	2180	7A	D767
1874	21A0	7A	D76E
1874	21C0	7A	D775
1874	21E0	7A	D77C
1874	2200	7A	D783
1874	2220	7A	D78A
1874	2240	7A	D791
1874	2260	7A	D798
1874	2280	7A	D79F
1874	22A0	7A	D7A6
1874	22C0	7A	D7AD
1874	22E0	7A	D7B4
1874	2300	00	D7BB
1874	2320	00	D7C2
1874	2340	00	D7C9
1874	2360	00	D7D0
1874	2380	00	D7D7
1874	23A0	00	D7DE
1874	23C0	00	D7DE
1874	23C8	55	D7DE
1874	23D0	11	D7DE
1874	23D8	11	D7DE
1874	23E0	51	D7DE
1874	23E8	55	D7DE
1874	23F0	00	D7DE
1874	23F8	00	D7DE
1874	2001	00	D713
1874	2021	00	D71A
1874	2041	00	D721
1874	2061	00	D728
1874	2081	7A	D72F
1874	20A1	7A	D736
1874	20C1	7A	D73D
1874	20E1	7A	D744
1874	2101	7A	D74B
1874	2121	7A	D752
1874	2141	7A	D759
1874	2161	7A	D760
1874	2181	7A	D767
1874	21A1	7A	D76E
1874	21C1	7A	D775
1874	21E1	7A	D77C
1874	2201	7A	D783
1874	2221	7A	D78A
1874	2241	7A	D791
1874	2261	7A	D798
1874	2281	7A	D79F
1874	22A1	7A	D7A6
1874	22C1	7A	D7AD
1874	22E1	7A	D7B4
1874	2301	00	D7BB
1874	2321	00	D7C2
1874	2341	00	D7C9
1874	2361	00	D7D0
1874	2381	00	D7D7
1874	23A1	00	D7DE
1874	2002	00	D713
1874	2022	00	D71A
1874	2042	00	D721
1874	2062	00	D728
1874	2082	7A	D72F
1874	20A2	7A	D736
1874	20C2	7A	D73D
1874	20E2	7A	D744
1874	2102	BE	D74B
1874	2122	DE	D752
1874	2142	BE	D759
1874	2162	D4	D760
1874	2182	81	D767
1874	21A2	D4	D76E
1874	21C2	81	D775
1874	21E2	82	D77C
1874	2202	82	D783
1874	2222	82	D78A
1874	2242	7A	D791
1874	2262	7A	D798
1874	2282	7A	D79F
1874	22A2	7A	D7A6
1874	22C2	7A	D7AD
1874	22E2	7A	D7B4
1874	2302	00	D7BB
1874	2322	00	D7C2
1874	2342	00	D7C9
1874	2362	00	D7D0
1874	2382	00	D7D7
1874	23A2	00	D7DE
1874	2003	00	D713
1874	2023	00	D71A
1874	2043	00	D721
1874	2063	00	D728
1874	2083	7A	D72F
1874	20A3	7A	D736
1874	20C3	7A	D73D
1874	20E3	7A	D744
1874	2103	BE	D74B
1874	2123	DE	D752
1874	2143	BE	D759
1874	2163	D5	D760
1874	2183	E4	D767
1874	21A3	D5	D76E
1874	21C3	E4	D775
1874	21E3	82	D77C
1874	2203	82	D783
1874	2223	82	D78A
1874	2243	7A	D791
1874	2263	7A	D798
1874	2283	7A	D79F
1874	22A3	7A	D7A6
1874	22C3	7A	D7AD
1874	22E3	7A	D7B4
1874	2303	00	D7BB
1874	2323	00	D7C2
1874	2343	00	D7C9
1874	2363	00	D7D0
1874	2383	00	D7D7
1874	23A3	00	D7DE
1874	23C0	00	D7DE
1874	23C8	55	D7DE
1874	23D0	11	D7DE
1875	23D8	11	D7DE
1875	23E0	51	D7DE
1875	23E8	55	D7DE
1875	23F0	00	D7DE
1875	23F8	00	D7DE
1875	2004	00	D713
1875	2024	00	D71A
1875	2044	00	D721
1875	2064	00	D728
1875	2084	7A	D72F
1875	20A4	7A	D736
1875	20C4	7A	D73D
1875	20E4	7A	D744
1875	2104	B7	D74B
1875	2124	83	D752
1875	2144	81	D759
1875	2164	C4	D760
1875	2184	82	D767
1875	21A4	82	D76E
1875	21C4	82	D775
1875	21E4	82	D77C
1875	2204	82	D783
1875	2224	82	D78A
1875	2244	7A	D791
1875	2264	7A	D798
1875	2284	7A	D79F
1875	22A4	7A	D7A6
1875	22C4	7A	D7AD
1875	22E4	7A	D7B4
1875	2304	00	D7BB
1875	2324	00	D7C2
1875	2344	00	D7C9
1875	2364	00	D7D0
1875	2384	00	D7D7
1875	23A4	00	D7DE
1875	23C1	00	D7DE
1875	23C9	55	D7DE
1875	23D1	00	D7DE
1875	23D9	00	D7DE
1875	23E1	50	D7DE
1875	23E9	55	D7DE
1875	23F1	00	D7DE
1875	23F9	00	D7DE
1875	2005	00	D713
1875	2025	00	D71A
1875	2045	00	D721
1875	2065	00	D728
1875	2085	7A	D72F
1875	20A5	7A	D736
1875	20C5	7A	D73D
1875	20E5	7A	D744
1875	2105	C6	D74B
1875	2125	D6	D752
1875	2145	81	D759
1875	2165	C4	D760
1875	2185	82	D767
1875	21A5	82	D76E
1875	21C5	82	D775
1875	21E5	82	D77C
1875	2205	82	D783
1875	2225	82	D78A
1875	2245	7A	D791
1875	2265	7A	D798
1875	2285	7A	D79F
1875	22A5	7A	D7A6
1875	22C5	7A	D7AD
1875	22E5	7A	D7B4
1875	2305	00	D7BB
1875	2325	00	D7C2
1875	2345	00	D7C9
1875	2365	00	D7D0
1875	2385	00	D7D7
1875	23A5	00	D7DE
1875	2006	00	D713
1875	2026	00	D71A
1875	2046	00	D721
1875	2066	00	D728
1875	2086	7A	D72F
1875	20A6	7A	D736
1875	20C6	7A	D73D
1875	20E6	7A	D744
1875	2106	B7	D74B
1875	2126	83	D752
1875	2146	81	D759
1875	2166	C4	D760
1875	2186	82	D767
1875	21A6	82	D76E
1875	21C6	82	D775
1875	21E6	82	D77C
1875	2206	82	D783
1875	2226	82	D78A
1875	2246	7A	D791
1875	2266	7A	D798
1875	2286	7A	D79F
1875	22A6	7A	D7A6
1875	22C6	7A	D7AD
1875	22E6	7A	D7B4
1875	2306	00	D7BB
1875	2326	00	D7C2
1875	2346	00	D7C9
1875	2366	00	D7D0
1875	2386	00	D7D7
1875	23A6	00	D7DE
1875	2007	00	D713
1875	2027	00	D71A
1875	2047	00	D721
1875	2067	00	D728
1875	2087	7A	D72F
1875	20A7	7A	D736
1875	20C7	7A	D73D
1875	20E7	7A	D744
1875	2107	C6	D74B
1875	2127	D6	D752
1875	2147	81	D759
1875	2167	C4	D760
1875	2187	82	D767
1875	21A7	82	D76E
1875	21C7	82	D775
1875	21E7	82	D77C
1875	2207	82	D783
1875	2227	82	D78A
1875	2247	7A	D791
1875	2267	7A	D798
1875	2287	7A	D79F
1875	22A7	7A	D7A6
1875	22C7	7A	D7AD
1875	22E7	7A	D7B4
1875	2307	00	D7BB
1875	2327	00	D7C2
1875	2347	00	D7C9
1875	2367	00	D7D0
1875	2387	00	D7D7
1875	23A7	00	D7DE
1875	23C1	00	D7DE
1875	23C9	55	D7DE
1875	23D1	00	D7DE
1875	23D9	00	D7DE
1875	23E1	50	D7DE
1875	23E9	55	D7DE
1875	23F1	00	D7DE
1875	23F9	00	D7DE
1876	2008	00	D713
1876	2028	00	D71A
1876	2048	00	D721
1876	2068	00	D728
1876	2088	7A	D72F
1876	20A8	7A	D736
1876	20C8	7A	D73D
1876	20E8	7A	D744
1876	2108	BE	D74B
1876	2128	DE	D752
1876	2148	BE	D759
1876	2168	D3	D760
1876	2188	E4	D767
1876	21A8	D3	D76E
1876	21C8	E4	D775
1876	21E8	82	D77C
1876	2208	82	D783
1876	2228	82	D78A
1876	2248	7A	D791
1876	2268	7A	D798
1876	2288	7A	D79F
1876	22A8	7A	D7A6
1876	22C8	7A	D7AD
1876	22E8	7A	D7B4
1876	2308	00	D7BB
1876	2328	00	D7C2
1876	2348	00	D7C9
1876	2368	00	D7D0
1876	2388	00	D7D7
1876	23A8	00	D7DE
1876	23C2	00	D7DE
1876	23CA	55	D7DE
1876	23D2	44	D7DE
1876	23DA	44	D7DE
1876	23E2	54	D7DE
1876	23EA	55	D7DE
1876	23F2	00	D7DE
1876	23FA	00	D7DE
1876	2009	00	D713
1876	2029	00	D71A
1876	2049	00	D721
1876	2069	00	D728
1876	2089	7A	D72F
1876	20A9	7A	D736
1876	20C9	7A	D73D
1876	20E9	7A	D744
1876	2109	BE	D74B
1876	2129	DE	D752
1876	2149	BE	D759
1876	2169	D4	D760
1876	2189	81	D767
1876	21A9	D4	D76E
1876	21C9	81	D775
1876	21E9	82	D77C
1876	2209	82	D783
1876	2229	82	D78A
1876	2249	7A	D791
1876	2269	7A	D798
1876	2289	7A	D79F
1876	22A9	7A	D7A6
1876	22C9	7A	D7AD
1876	22E9	7A	D7B4
1876	2309	00	D7BB
1876	2329	00	D7C2
1876	2349	00	D7C9
1876	2369	00	D7D0
1876	2389	00	D7D7
1876	23A9	00	D7DE
1876	200A	00	D713
1876	202A	00	D71A
1876	204A	00	D721
1876	206A	00	D728
1876	208A	7A	D72F
1876	20AA	7A	D736
1876	20CA	7A	D73D
1876	20EA	7A	D744
1876	210A	7A	D74B
1876	212A	7A	D752
1876	214A	7A	D759
1876	216A	7A	D760
1876	218A	7A	D767
1876	21AA	7A	D76E
1876	21CA	7A	D775
1876	21EA	7A	D77C
1876	220A	7A	D783
1876	222A	7A	D78A
1876	224A	7A	D791
1876	226A	7A	D798
1876	228A	7A	D79F
1876	22AA	7A	D7A6
1876	22CA	7A	D7AD
1876	22EA	7A	D7B4
1876	230A	00	D7BB
1876	232A	00	D7C2
1876	234A	00	D7C9
1876	236A	00	D7D0
1876	238A	00	D7D7
1876	23AA	00	D7DE
1876	200B	00	D713
1876	202B	00	D71A
1876	204B	00	D721
1876	206B	00	D728
1876	208B	7A	D72F
1876	20AB	7A	D736
1876	20CB	7A	D73D
1876	20EB	7A	D744
1876	210B	7A	D74B
1876	212B	7A	D752
1876	214B	7A	D759
1876	216B	7A	D760
1876	218B	7A	D767
1876	21AB	7A	D76E
1876	21CB	7A	D775
1876	21EB	7A	D77C
1876	220B	7A	D783
1876	222B	7A	D78A
1876	224B	7A	D791
1876	226B	7A	D798
1876	228B	7A	D79F
1876	22AB	7A	D7A6
1876	22CB	7A	D7AD
1876	22EB	7A	D7B4
1876	230B	00	D7BB
1876	232B	00	D7C2
1876	234B	00	D7C9
1876	236B	00	D7D0
1876	238B	00	D7D7
1876	23AB	00	D7DE
1876	23C2	00	D7DE
1876	23CA	55	D7DE
1876	23D2	44	D7DE
1876	23DA	44	D7DE
1876	23E2	54	D7DE
1876	23EA	55	D7DE
1876	23F2	00	D7DE
1876	23FA	00	D7DE
1876	200C	00	D713
1876	202C	00	D71A
1876	204C	00	D721
1876	206C	00	D728
1876	208C	7A	D72F
1876	20AC	7A	D736
1876	20CC	7A	D73D
1876	20EC	7A	D744
1876	210C	7A	D74B
1876	212C	7A	D752
1876	214C	7A	D759
1876	216C	7A	D760
1876	218C	7A	D767
1876	21AC	7A	D76E
1876	21CC	7A	D775
1876	21EC	7A	D77C
1876	220C	7A	D783
1876	222C	7A	D78A
1876	224C	7A	D791
1876	226C	7A	D798
1876	228C	7A	D79F
1876	22AC	7A	D7A6
1876	22CC	7A	D7AD
1876	22EC	7A	D7B4
1876	230C	00	D7BB
1876	232C	00	D7C2
1876	234C	00	D7C9
1876	236C	00	D7D0
1876	238C	00	D7D7
1876	23AC	00	D7DE
1876	23C3	00	D7DE
1876	23CB	55	D7DE
1876	23D3	55	D7DE
1876	23DB	55	D7DE
1876	23E3	55	D7DE
1876	23EB	55	D7DE
1877	23F3	00	D7DE
1877	23FB	00	D7DE
1877	200D	00	D713
1877	202D	00	D71A
1877	204D	00	D721
1877	206D	00	D728
1877	208D	7A	D72F
1877	20AD	7A	D736
1877	20CD	7A	D73D
1877	20ED	7A	D744
1877	210D	7A	D74B
1877	212D	7A	D752
1877	214D	7A	D759
1877	216D	7A	D760
1877	218D	7A	D767
1877	21AD	7A	D76E
1877	21CD	7A	D775
1877	21ED	7A	D77C
1877	220D	7A	D783
1877	222D	7A	D78A
1877	224D	7A	D791
1877	226D	7A	D798
1877	228D	7A	D79F
1877	22AD	7A	D7A6
1877	22CD	7A	D7AD
1877	22ED	7A	D7B4
1877	230D	00	D7BB
1877	232D	00	D7C2
1877	234D	00	D7C9
1877	236D	00	D7D0
1877	238D	00	D7D7
1877	23AD	00	D7DE
1877	200E	00	D713
1877	202E	00	D71A
1877	204E	00	D721
1877	206E	00	D728
1877	208E	7A	D72F
1877	20AE	7A	D736
1877	20CE	7A	D73D
1877	20EE	7A	D744
1877	210E	7A	D74B
1877	212E	7A	D752
1877	214E	7A	D759
1877	216E	7A	D760
1877	218E	7A	D767
1877	21AE	7A	D76E
1877	21CE	7A	D775
1877	21EE	7A	D77C
1877	220E	7A	D783
1877	222E	7A	D78A
1877	224E	7A	D791
1877	226E	7A	D798
1877	228E	7A	D79F
1877	22AE	7A	D7A6
1877	22CE	7A	D7AD
1877	22EE	7A	D7B4
1877	230E	00	D7BB
1877	232E	00	D7C2
1877	234E	00	D7C9
1877	236E	00	D7D0
1877	238E	00	D7D7
1877	23AE	00	D7DE
1877	200F	00	D713
1877	202F	00	D71A
1877	204F	00	D721
1877	206F	00	D728
1877	208F	7A	D72F
1877	20AF	7A	D736
1877	20CF	7A	D73D
1877	20EF	7A	D744
1877	210F	7A	D74B
1877	212F	7A	D752
1877	214F	7A	D759
1877	216F	7A	D760
1877	218F	7A	D767
1877	21AF	7A	D76E
1877	21CF	7A	D775
1877	21EF	7A	D77C
1877	220F	7A	D783
1877	222F	7A	D78A
1877	224F	7A	D791
1877	226F	7A	D798
1877	228F	7A	D79F
1877	22AF	7A	D7A6
1877	22CF	7A	D7AD
1877	22EF	7A	D7B4
1877	230F	00	D7BB
1877	232F	00	D7C2
1877	234F	00	D7C9
1877	236F	00	D7D0
1877	238F	00	D7D7
1877	23AF	00	D7DE
1877	23C3	00	D7DE
1877	23CB	55	D7DE
1877	23D3	55	D7DE
1877	23DB	55	D7DE
1877	23E3	55	D7DE
1877	23EB	55	D7DE
1877	23F3	00	D7DE
1877	23FB	00	D7DE
1877	2010	00	D713
1877	2030	00	D71A
1877	2050	00	D721
1877	2070	00	D728
1877	2090	7A	D72F
1877	20B0	7A	D736
1877	20D0	7A	D73D
1877	20F0	7A	D744
1877	2110	7A	D74B
1877	2130	7A	D752
1877	2150	7A	D759
1877	2170	7A	D760
1877	2190	7A	D767
1877	21B0	7A	D76E
1877	21D0	7A	D775
1877	21F0	7A	D77C
1877	2210	7A	D783
1877	2230	7A	D78A
1877	2250	7A	D791
1877	2270	7A	D798
1877	2290	7A	D79F
1877	22B0	7A	D7A6
1877	22D0	7A	D7AD
1877	22F0	7A	D7B4
1877	2310	00	D7BB
1877	2330	00	D7C2
1877	2350	00	D7C9
1877	2370	00	D7D0
1877	2390	00	D7D7
1877	23B0	00	D7DE
1877	23C4	00	D7DE
1877	23CC	55	D7DE
1877	23D4	55	D7DE
1877	23DC	55	D7DE
1877	23E4	55	D7DE
1877	23EC	55	D7DE
1877	23F4	00	D7DE
1877	23FC	00	D7DE
1877	2011	00	D713
1877	2031	00	D71A
1877	2051	00	D721
1877	2071	00	D728
1877	2091	7A	D72F
1877	20B1	7A	D736
1877	20D1	7A	D73D
1877	20F1	7A	D744
1877	2111	7A	D74B
1877	2131	7A	D752
1877	2151	7A	D759
1877	2171	7A	D760
1877	2191	7A	D767
1877	21B1	7A	D76E
1877	21D1	7A	D775
1877	21F1	7A	D77C
1877	2211	7A	D783
1877	2231	7A	D78A
1877	2251	7A	D791
1877	2271	7A	D798
1877	2291	7A	D79F
1877	22B1	7A	D7A6
1877	22D1	7A	D7AD
1877	22F1	7A	D7B4
1877	2311	00	D7BB
1877	2331	00	D7C2
1877	2351	00	D7C9
1877	2371	00	D7D0
1877	2391	00	D7D7
1877	23B1	00	D7DE
1877	2012	00	D713
1877	2032	00	D71A
1877	2052	00	D721
1877	2072	00	D728
1877	2092	7A	D72F
1877	20B2	7A	D736
1877	20D2	7A	D73D
1877	20F2	7A	D744
1877	2112	7A	D74B
1877	2132	7A	D752
1877	2152	7A	D759
1877	2172	7A	D760
1877	2192	7A	D767
1877	21B2	7A	D76E
1877	21D2	7A	D775
1877	21F2	7A	D77C
1877	2212	7A	D783
1877	2232	7A	D78A
1877	2252	7A	D791
1877	2272	7A	D798
1877	2292	7A	D79F
1877	22B2	7A	D7A6
1877	22D2	7A	D7AD
1877	22F2	7A	D7B4
1877	2312	00	D7BB
1877	2332	00	D7C2
1877	2352	00	D7C9
1877	2372	00	D7D0
1877	2392	00	D7D7
1877	23B2	00	D7DE
1877	2013	00	D713
1877	2033	00	D71A
1877	2053	00	D721
1877	2073	00	D728
1877	2093	7A	D72F
1877	20B3	7A	D736
1877	20D3	7A	D73D
1877	20F3	7A	D744
1877	2113	7A	D74B
1877	2133	7A	D752
1877	2153	7A	D759
1877	2173	7A	D760
1877	2193	7A	D767
1877	21B3	7A	D76E
1877	21D3	7A	D775
1877	21F3	7A	D77C
1877	2213	7A	D783
1877	2233	7A	D78A
1877	2253	7A	D791
1877	2273	7A	D798
1877	2293	7A	D79F
1877	22B3	7A	D7A6
1877	22D3	7A	D7AD
1877	22F3	7A	D7B4
1877	2313	00	D7BB
1877	2333	00	D7C2
1877	2353	00	D7C9
1877	2373	00	D7D0
1877	2393	00	D7D7
1877	23B3	00	D7DE
1877	23C4	00	D7DE
1877	23CC	55	D7DE
1877	23D4	55	D7DE
1877	23DC	55	D7DE
1877	23E4	55	D7DE
1877	23EC	55	D7DE
1877	23F4	00	D7DE
1877	23FC	00	D7DE
1878	2014	00	D713
1878	2034	00	D71A
1878	2054	00	D721
1878	2074	00	D728
1878	2094	7A	D72F
1878	20B4	7A	D736
1878	20D4	7A	D73D
1878	20F4	7A	D744
1878	2114	7A	D74B
1878	2134	7A	D752
1878	2154	7A	D759
1878	2174	7A	D760
1878	2194	7A	D767
1878	21B4	7A	D76E
1878	21D4	7A	D775
1878	21F4	7A	D77C
1878	2214	7A	D783
1878	2234	7A	D78A
1878	2254	7A	D791
1878	2274	7A	D798
1878	2294	7A	D79F
1878	22B4	7A	D7A6
1878	22D4	7A	D7AD
1878	22F4	7A	D7B4
1878	2314	00	D7BB
1878	2334	00	D7C2
1878	2354	00	D7C9
1878	2374	00	D7D0
1878	2394	00	D7D7
1878	23B4	00	D7DE
1878	23C5	00	D7DE
1878	23CD	55	D7DE
1878	23D5	55	D7DE
1878	23DD	55	D7DE
1878	23E5	55	D7DE
1878	23ED	55	D7DE
1878	23F5	00	D7DE
1878	23FD	00	D7DE
1878	2015	00	D713
1878	2035	00	D71A
1878	2055	00	D721
1878	2075	00	D728
1878	2095	7A	D72F
1878	20B5	7A	D736
1878	20D5	7A	D73D
1878	20F5	7A	D744
1878	2115	7A	D74B
1878	2135	7A	D752
1878	2155	7A	D759
1878	2175	7A	D760
1878	2195	7A	D767
1878	21B5	7A	D76E
1878	21D5	7A	D775
1878	21F5	7A	D77C
1878	2215	7A	D783
1878	2235	7A	D78A
1878	2255	7A	D791
1878	2275	7A	D798
1878	2295	7A	D79F
1878	22B5	7A	D7A6
1878	22D5	7A	D7AD
1878	22F5	7A	D7B4
1878	2315	00	D7BB
1878	2335	00	D7C2
1878	2355	00	D7C9
1878	2375	00	D7D0
1878	2395	00	D7D7
1878	23B5	00	D7DE
1878	2016	00	D713
1878	2036	00	D71A
1878	2056	00	D721
1878	2076	00	D728
1878	2096	7A	D72F
1878	20B6	7A	D736
1878	20D6	7A	D73D
1878	20F6	7A	D744
1878	2116	7A	D74B
1878	2136	7A	D752
1878	2156	7A	D759
1878	2176	7A	D760
1878	2196	7A	D767
1878	21B6	7A	D76E
1878	21D6	7A	D775
1878	21F6	7A	D77C
1878	2216	7A	D783
1878	2236	7A	D78A
1878	2256	7A	D791
1878	2276	7A	D798
1878	2296	7A	D79F
1878	22B6	7A	D7A6
1878	22D6	7A	D7AD
1878	22F6	7A	D7B4
1878	2316	00	D7BB
1878	2336	00	D7C2
1878	2356	00	D7C9
1878	2376	00	D7D0
1878	2396	00	D7D7
1878	23B6	00	D7DE
1878	2017	00	D713
1878	2037	00	D71A
1878	2057	00	D721
1878	2077	00	D728
1878	2097	7A	D72F
1878	20B7	7A	D736
1878	20D7	7A	D73D
1878	20F7	7A	D744
1878	2117	7A	D74B
1878	2137	7A	D752
1878	2157	7A	D759
1878	2177	7A	D760
1878	2197	7A	D767
1878	21B7	7A	D76E
1878	21D7	7A	D775
1878	21F7	7A	D77C
1878	2217	7A	D783
1878	2237	7A	D78A
1878	2257	7A	D791
1878	2277	7A	D798
1878	2297	7A	D79F
1878	22B7	7A	D7A6
1878	22D7	7A	D7AD
1878	22F7	7A	D7B4
1878	2317	00	D7BB
1878	2337	00	D7C2
1878	2357	00	D7C9
1878	2377	00	D7D0
1878	2397	00	D7D7
1878	23B7	00	D7DE
1878	23C5	00	D7DE
1878	23CD	55	D7DE
1878	23D5	55	D7DE
1878	23DD	55	D7DE
1878	23E5	55	D7DE
1878	23ED	55	D7DE
1878	23F5	00	D7DE
1878	23FD	00	D7DE
1878	2018	00	D713
1878	2038	00	D71A
1878	2058	00	D721
1878	2078	00	D728
1878	2098	7A	D72F
1878	20B8	7A	D736
1878	20D8	7A	D73D
1878	20F8	7A	D744
1878	2118	7A	D74B
1878	2138	7A	D752
1878	2158	7A	D759
1878	2178	7A	D760
1878	2198	7A	D767
1878	21B8	7A	D76E
1878	21D8	7A	D775
1878	21F8	7A	D77C
1878	2218	7A	D783
1878	2238	7A	D78A
1878	2258	7A	D791
1878	2278	7A	D798
1878	2298	7A	D79F
1878	22B8	7A	D7A6
1878	22D8	7A	D7AD
1878	22F8	7A	D7B4
1878	2318	00	D7BB
1878	2338	00	D7C2
1878	2358	00	D7C9
1878	2378	00	D7D0
1878	2398	00	D7D7
1878	23B8	00	D7DE
1878	23C6	00	D7DE
1878	23CE	55	D7DE
1878	23D6	55	D7DE
1878	23DE	55	D7DE
1878	23E6	55	D7DE
1878	23EE	55	D7DE
1878	23F6	00	D7DE
1878	23FE	00	D7DE
1879	2019	00	D713
1879	2039	00	D71A
1879	2059	00	D721
1879	2079	00	D728
1879	2099	7A	D72F
1879	20B9	7A	D736
1879	20D9	7A	D73D
1879	20F9	7A	D744
1879	2119	7A	D74B
1879	2139	7A	D752
1879	2159	7A	D759
1879	2179	7A	D760
1879	2199	7A	D767
1879	21B9	7A	D76E
1879	21D9	7A	D775
1879	21F9	7A	D77C
1879	2219	7A	D783
1879	2239	7A	D78A
1879	2259	7A	D791
1879	2279	7A	D798
1879	2299	7A	D79F
1879	22B9	7A	D7A6
1879	22D9	7A	D7AD
1879	22F9	7A	D7B4
1879	2319	00	D7BB
1879	2339	00	D7C2
1879	2359	00	D7C9
1879	2379	00	D7D0
1879	2399	00	D7D7
1879	23B9	00	D7DE
1879	201A	00	D713
1879	203A	00	D71A
1879	205A	00	D721
1879	207A	00	D728
1879	209A	7A	D72F
1879	20BA	7A	D736
1879	20DA	7A	D73D
1879	20FA	7A	D744
1879	211A	7A	D74B
1879	213A	7A	D752
1879	215A	7A	D759
1879	217A	7A	D760
1879	219A	7A	D767
1879	21BA	7A	D76E
1879	21DA	7A	D775
1879	21FA	7A	D77C
1879	221A	7A	D783
1879	223A	7A	D78A
1879	225A	7A	D791
1879	227A	7A	D798
1879	229A	7A	D79F
1879	22BA	7A	D7A6
1879	22DA	7A	D7AD
1879	22FA	7A	D7B4
1879	231A	00	D7BB
1879	233A	00	D7C2
1879	235A	00	D7C9
1879	237A	00	D7D0
1879	239A	00	D7D7
1879	23BA	00	D7DE
1879	201B	00	D713
1879	203B	00	D71A
1879	205B	00	D721
1879	207B	00	D728
1879	209B	7A	D72F
1879	20BB	7A	D736
1879	20DB	7A	D73D
1879	20FB	7A	D744
1879	211B	7A	D74B
1879	213B	7A	D752
1879	215B	7A	D759
1879	217B	7A	D760
1879	219B	7A	D767
1879	21BB	7A	D76E
1879	21DB	7A	D775
1879	21FB	7A	D77C
1879	221B	7A	D783
1879	223B	7A	D78A
1879	225B	7A	D791
1879	227B	7A	D798
1879	229B	7A	D79F
1879	22BB	7A	D7A6
1879	22DB	7A	D7AD
1879	22FB	7A	D7B4
1879	231B	00	D7BB
1879	233B	00	D7C2
1879	235B	00	D7C9
1879	237B	00	D7D0
1879	239B	00	D7D7
1879	23BB	00	D7DE
1879	23C6	00	D7DE
1879	23CE	55	D7DE
1879	23D6	55	D7DE
1879	23DE	55	D7DE
1879	23E6	55	D7DE
1879	23EE	55	D7DE
1879	23F6	00	D7DE
1879	23FE	00	D7DE
1879	201C	00	D713
1879	203C	00	D71A
1879	205C	00	D721
1879	207C	00	D728
1879	209C	7A	D72F
1879	20BC	7A	D736
1879	20DC	7A	D73D
1879	20FC	7A	D744
1879	211C	7A	D74B
1879	213C	7A	D752
1879	215C	7A	D759
1879	217C	7A	D760
1879	219C	7A	D767
1879	21BC	7A	D76E
1879	21DC	7A	D775
1879	21FC	7A	D77C
1879	221C	7A	D783
1879	223C	7A	D78A
1879	225C	7A	D791
1879	227C	7A	D798
1879	229C	7A	D79F
1879	22BC	7A	D7A6
1879	22DC	7A	D7AD
1879	22FC	7A	D7B4
1879	231C	00	D7BB
1879	233C	00	D7C2
1879	235C	00	D7C9
1879	237C	00	D7D0
1879	239C	00	D7D7
1879	23BC	00	D7DE
1879	23C7	00	D7DE
1879	23CF	55	D7DE
1879	23D7	55	D7DE
1879	23DF	55	D7DE
1879	23E7	55	D7DE
1879	23EF	55	D7DE
1879	23F7	00	D7DE
1879	23FF	00	D7DE
1879	201D	00	D713
1879	203D	00	D71A
1879	205D	00	D721
1879	207D	00	D728
1879	209D	7A	D72F
1879	20BD	7A	D736
1879	20DD	7A	D73D
1879	20FD	7A	D744
1879	211D	7A	D74B
1879	213D	7A	D752
1879	215D	7A	D759
1879	217D	7A	D760
1879	219D	7A	D767
1879	21BD	7A	D76E
1879	21DD	7A	D775
1879	21FD	7A	D77C
1879	221D	7A	D783
1879	223D	7A	D78A
1879	225D	7A	D791
1879	227D	7A	D798
1879	229D	7A	D79F
1879	22BD	7A	D7A6
1879	22DD	7A	D7AD
1879	22FD	7A	D7B4
1879	231D	00	D7BB
1879	233D	00	D7C2
1879	235D	00	D7C9
1879	237D	00	D7D0
1879	239D	00	D7D7
1879	23BD	00	D7DE
1879	201E	00	D713
1879	203E	00	D71A
1879	205E	00	D721
1879	207E	00	D728
1879	209E	7A	D72F
1879	20BE	7A	D736
1879	20DE	7A	D73D
1879	20FE	7A	D744
1879	211E	7A	D74B
1879	213E	7A	D752
1879	215E	7A	D759
1879	217E	7A	D760
1879	219E	7A	D767
1879	21BE	7A	D76E
1879	21DE	7A	D775
1879	21FE	7A	D77C
1879	221E	7A	D783
1879	223E	7A	D78A
1879	225E	7A	D791
1879	227E	7A	D798
1879	229E	7A	D79F
1879	22BE	7A	D7A6
1879	22DE	7A	D7AD
1879	22FE	7A	D7B4
1879	231E	00	D7BB
1879	233E	00	D7C2
1879	235E	00	D7C9
1879	237E	00	D7D0
1879	239E	00	D7D7
1879	23BE	00	D7DE
1879	201F	00	D713
1879	203F	00	D71A
1879	205F	00	D721
1879	207F	00	D728
1879	209F	7A	D72F
1879	20BF	7A	D736
1879	20DF	7A	D73D
1879	20FF	7A	D744
1879	211F	7A	D74B
1879	213F	7A	D752
1879	215F	7A	D759
1879	217F	7A	D760
1879	219F	7A	D767
1879	21BF	7A	D76E
1879	21DF	7A	D775
1879	21FF	7A	D77C
1879	221F	7A	D783
1879	223F	7A	D78A
1879	225F	7A	D791
1879	227F	7A	D798
1879	229F	7A	D79F
1879	22BF	7A	D7A6
1879	22DF	7A	D7AD
1879	22FF	7A	D7B4
1879	231F	00	D7BB
1879	233F	00	D7C2
1879	235F	00	D7C9
1879	237F	00	D7D0
1879	239F	00	D7D7
1879	23BF	00	D7DE
1879	23C7	00	D7DE
1879	23CF	55	D7DE
1879	23D7	55	D7DE
1879	23DF	55	D7DE
1879	23E7	55	D7DE
1879	23EF	55	D7DE
1879	23F7	00	D7DE
1879	23FF	00	D7DE
1880	2400	00	D713
1880	2420	00	D71A
1880	2440	00	D721
1880	2460	00	D728
1880	2480	00	D72F
1880	24A0	00	D736
1880	24C0	00	D73D
1880	24E0	00	D744
1880	2500	00	D74B
1880	2520	00	D752
1880	2540	00	D759
1880	2560	00	D760
1880	2580	00	D767
1880	25A0	00	D76E
1880	25C0	00	D775
1880	25E0	00	D77C
1880	2600	00	D783
1880	2620	00	D78A
1880	2640	00	D791
1880	2660	00	D798
1880	2680	00	D79F
1880	26A0	00	D7A6
1880	26C0	00	D7AD
1880	26E0	00	D7B4
1880	2700	00	D7BB
1880	2720	00	D7C2
1880	2740	00	D7C9
1880	2760	00	D7D0
1880	2780	00	D7D7
1880	27A0	00	D7DE
1880	27C0	00	D7DE
1880	27C8	00	D7DE
1880	27D0	00	D7DE
1880	27D8	00	D7DE
1880	27E0	00	D7DE
1880	27E8	00	D7DE
1880	27F0	00	D7DE
1880	27F8	00	D7DE
1880	2401	00	D713
1880	2421	00	D71A
1880	2441	00	D721
1880	2461	00	D728
1880	2481	00	D72F
1880	24A1	00	D736
1880	24C1	00	D73D
1880	24E1	00	D744
1880	2501	00	D74B
1880	2521	00	D752
1880	2541	00	D759
1880	2561	00	D760
1880	2581	00	D767
1880	25A1	00	D76E
1880	25C1	00	D775
1880	25E1	00	D77C
1880	2601	00	D783
1880	2621	00	D78A
1880	2641	00	D791
1880	2661	00	D798
1880	2681	00	D79F
1880	26A1	00	D7A6
1880	26C1	00	D7AD
1880	26E1	00	D7B4
1880	2701	00	D7BB
1880	2721	00	D7C2
1880	2741	00	D7C9
1880	2761	00	D7D0
1880	2781	00	D7D7
1880	27A1	00	D7DE
1880	2402	00	D713
1880	2422	00	D71A
1880	2442	00	D721
1880	2462	00	D728
1880	2482	00	D72F
1880	24A2	00	D736
1880	24C2	00	D73D
1880	24E2	00	D744
1880	2502	00	D74B
1880	2522	00	D752
1880	2542	00	D759
1880	2562	00	D760
1880	2582	00	D767
1880	25A2	00	D76E
1880	25C2	00	D775
1880	25E2	00	D77C
1880	2602	00	D783
1880	2622	00	D78A
1880	2642	00	D791
1880	2662	00	D798
1880	2682	00	D79F
1880	26A2	00	D7A6
1880	26C2	00	D7AD
1880	26E2	00	D7B4
1880	2702	00	D7BB
1880	2722	00	D7C2
1880	2742	00	D7C9
1880	2762	00	D7D0
1880	2782	00	D7D7
1880	27A2	00	D7DE
1880	2403	00	D713
1880	2423	00	D71A
1880	2443	00	D721
1880	2463	00	D728
1880	2483	00	D72F
1880	24A3	00	D736
1880	24C3	00	D73D
1880	24E3	00	D744
1880	2503	00	D74B
1880	2523	00	D752
1880	2543	00	D759
1880	2563	00	D760
1880	2583	00	D767
1880	25A3	00	D76E
1880	25C3	00	D775
1880	25E3	00	D77C
1880	2603	00	D783
1880	2623	00	D78A
1880	2643	00	D791
1880	2663	00	D798
1880	2683	00	D79F
1880	26A3	00	D7A6
1880	26C3	00	D7AD
1880	26E3	00	D7B4
1880	2703	00	D7BB
1880	2723	00	D7C2
1880	2743	00	D7C9
1880	2763	00	D7D0
1880	2783	00	D7D7
1880	27A3	00	D7DE
1880	27C0	00	D7DE
1880	27C8	00	D7DE
1880	27D0	00	D7DE
1880	27D8	00	D7DE
1880	27E0	00	D7DE
1880	27E8	00	D7DE
1880	27F0	00	D7DE
1880	27F8	00	D7DE
1880	2404	00	D713
1880	2424	00	D71A
1880	2444	00	D721
1880	2464	00	D728
1880	2484	00	D72F
1880	24A4	00	D736
1880	24C4	00	D73D
1880	24E4	00	D744
1880	2504	00	D74B
1880	2524	00	D752
1880	2544	00	D759
1880	2564	00	D760
1880	2584	00	D767
1880	25A4	00	D76E
1880	25C4	00	D775
1880	25E4	00	D77C
1880	2604	00	D783
1880	2624	00	D78A
1880	2644	00	D791
1880	2664	00	D798
1880	2684	00	D79F
1880	26A4	00	D7A6
1880	26C4	00	D7AD
1880	26E4	00	D7B4
1880	2704	00	D7BB
1880	2724	00	D7C2
1880	2744	00	D7C9
1880	2764	00	D7D0
1880	2784	00	D7D7
1880	27A4	00	D7DE
1880	27C1	00	D7DE
1880	27C9	00	D7DE
1880	27D1	00	D7DE
1880	27D9	00	D7DE
1880	27E1	00	D7DE
1880	27E9	00	D7DE
1880	27F1	00	D7DE
1880	27F9	00	D7DE
1880	2405	00	D713
1880	2425	00	D71A
1880	2445	00	D721
1880	2465	00	D728
1880	2485	00	D72F
1880	24A5	00	D736
1880	24C5	00	D73D
1880	24E5	00	D744
1881	2505	00	D74B
1881	2525	00	D752
1881	2545	00	D759
1881	2565	00	D760
1881	2585	00	D767
1881	25A5	00	D76E
1881	25C5	00	D775
1881	25E5	00	D77C
1881	2605	00	D783
1881	2625	00	D78A
1881	2645	00	D791
1881	2665	00	D798
1881	2685	00	D79F
1881	26A5	00	D7A6
1881	26C5	00	D7AD
1881	26E5	00	D7B4
1881	2705	00	D7BB
1881	2725	00	D7C2
1881	2745	00	D7C9
1881	2765	00	D7D0
1881	2785	00	D7D7
1881	27A5	00	D7DE
1881	2406	00	D713
1881	2426	00	D71A
1881	2446	00	D721
1881	2466	00	D728
1881	2486	00	D72F
1881	24A6	00	D736
1881	24C6	00	D73D
1881	24E6	00	D744
1881	2506	00	D74B
1881	2526	00	D752
1881	2546	00	D759
1881	2566	00	D760
1881	2586	00	D767
1881	25A6	00	D76E
1881	25C6	00	D775
1881	25E6	00	D77C
1881	2606	00	D783
1881	2626	00	D78A
1881	2646	00	D791
1881	2666	00	D798
1881	2686	00	D79F
1881	26A6	00	D7A6
1881	26C6	00	D7AD
1881	26E6	00	D7B4
1881	2706	00	D7BB
1881	2726	00	D7C2
1881	2746	00	D7C9
1881	2766	00	D7D0
1881	2786	00	D7D7
1881	27A6	00	D7DE
1881	2407	00	D713
1881	2427	00	D71A
1881	2447	00	D721
1881	2467	00	D728
1881	2487	00	D72F
1881	24A7	00	D736
1881	24C7	00	D73D
1881	24E7	00	D744
1881	2507	00	D74B
1881	2527	00	D752
1881	2547	00	D759
1881	2567	00	D760
1881	2587	00	D767
1881	25A7	00	D76E
1881	25C7	00	D775
1881	25E7	00	D77C
1881	2607	00	D783
1881	2627	00	D78A
1881	2647	00	D791
1881	2667	00	D798
1881	2687	00	D79F
1881	26A7	00	D7A6
1881	26C7	00	D7AD
1881	26E7	00	D7B4
1881	2707	00	D7BB
1881	2727	00	D7C2
1881	2747	00	D7C9
1881	2767	00	D7D0
1881	2787	00	D7D7
1881	27A7	00	D7DE
1881	27C1	00	D7DE
1881	27C9	00	D7DE
1881	27D1	00	D7DE
1881	27D9	00	D7DE
1881	27E1	00	D7DE
1881	27E9	00	D7DE
1881	27F1	00	D7DE
1881	27F9	00	D7DE
1881	2408	00	D713
1881	2428	00	D71A
1881	2448	00	D721
1881	2468	00	D728
1881	2488	00	D72F
1881	24A8	00	D736
1881	24C8	00	D73D
1881	24E8	00	D744
1881	2508	00	D74B
1881	2528	00	D752
1881	2548	00	D759
1881	2568	00	D760
1881	2588	00	D767
1881	25A8	00	D76E
1881	25C8	00	D775
1881	25E8	00	D77C
1881	2608	00	D783
1881	2628	00	D78A
1881	2648	00	D791
1881	2668	00	D798
1881	2688	00	D79F
1881	26A8	00	D7A6
1881	26C8	00	D7AD
1881	26E8	00	D7B4
1881	2708	00	D7BB
1881	2728	00	D7C2
1881	2748	00	D7C9
1881	2768	00	D7D0
1881	2788	00	D7D7
1881	27A8	00	D7DE
1881	27C2	00	D7DE
1881	27CA	00	D7DE
1881	27D2	00	D7DE
1881	27DA	00	D7DE
1881	27E2	00	D7DE
1881	27EA	00	D7DE
1881	27F2	00	D7DE
1881	27FA	00	D7DE
1881	2409	00	D713
1881	2429	00	D71A
1881	2449	00	D721
1881	2469	00	D728
1881	2489	00	D72F
1881	24A9	00	D736
1881	24C9	00	D73D
1881	24E9	00	D744
1881	2509	00	D74B
1881	2529	00	D752
1881	2549	00	D759
1881	2569	00	D760
1881	2589	00	D767
1881	25A9	00	D76E
1881	25C9	00	D775
1881	25E9	00	D77C
1881	2609	00	D783
1881	2629	00	D78A
1881	2649	00	D791
1881	2669	00	D798
1881	2689	00	D79F
1881	26A9	00	D7A6
1881	26C9	00	D7AD
1881	26E9	00	D7B4
1881	2709	00	D7BB
1881	2729	00	D7C2
1881	2749	00	D7C9
1881	2769	00	D7D0
1881	2789	00	D7D7
1881	27A9	00	D7DE
1881	240A	00	D713
1881	242A	00	D71A
1881	244A	00	D721
1881	246A	00	D728
1881	248A	00	D72F
1881	24AA	00	D736
1881	24CA	00	D73D
1881	24EA	00	D744
1881	250A	00	D74B
1881	252A	00	D752
1881	254A	00	D759
1881	256A	00	D760
1881	258A	00	D767
1881	25AA	00	D76E
1881	25CA	00	D775
1881	25EA	00	D77C
1881	260A	00	D783
1881	262A	00	D78A
1881	264A	00	D791
1881	266A	00	D798
1881	268A	00	D79F
1881	26AA	00	D7A6
1881	26CA	00	D7AD
1881	26EA	00	D7B4
1881	270A	00	D7BB
1881	272A	00	D7C2
1881	274A	00	D7C9
1881	276A	00	D7D0
1881	278A	00	D7D7
1881	27AA	00	D7DE
1881	240B	00	D713
1881	242B	00	D71A
1881	244B	00	D721
1881	246B	00	D728
1881	248B	00	D72F
1881	24AB	00	D736
1881	24CB	00	D73D
1881	24EB	00	D744
1881	250B	00	D74B
1881	252B	00	D752
1881	254B	00	D759
1881	256B	00	D760
1881	258B	00	D767
1881	25AB	00	D76E
1881	25CB	00	D775
1881	25EB	00	D77C
1881	260B	00	D783
1881	262B	00	D78A
1881	264B	00	D791
1881	266B	00	D798
1881	268B	00	D79F
1881	26AB	00	D7A6
1881	26CB	00	D7AD
1881	26EB	00	D7B4
1881	270B	00	D7BB
1881	272B	00	D7C2
1881	274B	00	D7C9
1881	276B	00	D7D0
1881	278B	00	D7D7
1881	27AB	00	D7DE
1881	27C2	00	D7DE
1881	27CA	00	D7DE
1881	27D2	00	D7DE
1881	27DA	00	D7DE
1881	27E2	00	D7DE
1881	27EA	00	D7DE
1881	27F2	00	D7DE
1881	27FA	00	D7DE
1884	27F8	FF	CED5
1884	27F9	FF	CED5
1884	27FA	FF	CED5
1884	27FB	FF	CED5
1884	27FC	FF	CED5
1884	27FD	FF	CED5
1884	27FE	FF	CED5
1884	27FF	FF	CED5
1884	27F0	FF	CED5
1884	27F1	FF	CED5
1884	27F2	FF	CED5
1884	27F3	FF	CED5
1884	27F4	FF	CED5
1884	27F5	FF	CED5
1884	27F6	FF	CED5
1884	27F7	FF	CED5
1884	27C0	FF	CED5
1884	27C1	FF	CED5
1884	27C2	FF	CED5
1884	27C3	FF	CED5
1884	27C4	FF	CED5
1884	27C5	FF	CED5
1884	27C6	FF	CED5
1884	27C7	FF	CED5
1884	23F8	FF	CED5
1884	23F9	FF	CED5
1884	23FA	FF	CED5
1884	23FB	FF	CED5
1884	23FC	FF	CED5
1884	23FD	FF	CED5
1884	23FE	FF	CED5
1884	23FF	FF	CED5
1884	23F0	FF	CED5
1884	23F1	FF	CED5
1884	23F2	FF	CED5
1884	23F3	FF	CED5
1884	23F4	FF	CED5
1884	23F5	FF	CED5
1884	23F6	FF	CED5
1884	23F7	FF	CED5
1884	23C0	FF	CED5
1884	23C1	FF	CED5
1884	23C2	FF	CED5
1884	23C3	FF	CED5
1884	23C4	FF	CED5
1884	23C5	FF	CED5
1884	23C6	FF	CED5
1884	23C7	FF	CED5
1885	2282	08	A295
1885	2283	05	A295
1885	2284	01	A295
1885	2285	0C	A295
1885	2286	05	A295
1885	2287	12	A295
1885	2288	7A	A295
1885	2289	7A	A295
1885	2262	7A	A2BE
1885	2263	7A	A2BE
1885	2264	7A	A2BE
1885	2265	7A	A2BE
1885	2266	7A	A2BE
1885	2267	7A	A2BE
1885	2268	7A	A2BE
1885	2269	7A	A2BE
1885	20AC	5D	A2D7
1885	20AD	7A	A2D7
1885	20AE	0D	A2D7
1885	20AF	05	A2D7
1885	20B0	0E	A2D7
1885	20B1	15	A2D7
1885	20B2	7A	A2D7
1885	20B3	5D	A2D7
1886	2051	94	D7C2
1886	2052	93	D7C9
1886	2053	95	D7D0
1886	2054	95	D7D7
1886	2055	00	D7DE
1886	2031	00	D7C2
1886	2032	00	D7C9
1886	2033	00	D7D0
1886	2034	00	D7D7
1886	2035	00	D7DE
1886	2451	94	D7C2
1886	2452	93	D7C9
1886	2453	95	D7D0
1886	2454	95	D7D7
1886	2455	00	D7DE
1886	2431	00	D7C2
1886	2432	00	D7C9
1886	2433	00	D7D0
1886	2434	00	D7D7
1886	2435	00	D7DE
1886	2043	8B	D7C2
1886	2044	95	D7C9
1886	2045	8E	D7D0
1886	2046	89	D7D7
1886	2047	8F	D7DE
1887	2023	00	D7C2
1887	2024	00	D7C9
1887	2025	00	D7D0
1887	2026	00	D7D7
1887	2027	00	D7DE
1887	2443	8B	D7C2
1887	2444	95	D7C9
1887	2445	8E	D7D0
1887	2446	89	D7D7
1887	2447	8F	D7DE
1887	2423	00	D7C2
1887	2424	00	D7C9
1887	2425	00	D7D0
1887	2426	00	D7D7
1887	2427	00	D7DE
1887	2056	D5	D7AD
1887	2057	D5	D7B4
1887	2058	00	D7BB
1887	2059	00	D7C2
1887	205A	00	D7C9
1887	205B	00	D7D0
1887	205C	00	D7D7
1887	205D	00	D7DE
1888	2076	D8	D7AD
1888	2077	D8	D7B4
1888	2078	00	D7BB
1888	2079	00	D7C2
1888	207A	00	D7C9
1888	207B	00	D7D0
1888	207C	00	D7D7
1888	207D	00	D7DE
1888	2456	00	D7B4
1888	2457	00	D7BB
1888	2458	00	D7C2
1888	2459	C2	D7C9
1888	245A	C0	D7D0
1888	245B	C0	D7D7
1888	245C	CF	D7DE
1888	2048	D5	D7AD
1888	2049	D5	D7B4
1888	204A	00	D7BB
1888	204B	00	D7C2
1888	204C	00	D7C9
1888	204D	00	D7D0
1888	204E	00	D7D7
1888	204F	00	D7DE
1888	2068	D8	D7AD
1888	2069	D8	D7B4
1888	206A	00	D7BB
1888	206B	00	D7C2
1888	206C	00	D7C9
1888	206D	00	D7D0
1888	206E	00	D7D7
1888	206F	00	D7DE
1889	2448	00	D7B4
1889	2449	00	D7BB
1889	244A	00	D7C2
1889	244B	C2	D7C9
1889	244C	C0	D7D0
1889	244D	C0	D7D7
1889	244E	CF	D7DE
1889	2300	00	D705
1889	2301	00	D70C
1889	2302	00	D713
1889	2303	00	D71A
1889	2304	00	D721
1889	2305	00	D728
1889	2306	00	D72F
1889	2307	00	D736
1889	2308	00	D73D
1889	2309	00	D744
1889	230A	00	D74B
1889	230B	00	D752
1889	230C	00	D759
1889	230D	00	D760
1889	230E	00	D767
1889	230F	00	D76E
1889	2310	00	D775
1889	2311	00	D77C
1889	2312	00	D783
1889	2313	00	D78A
1889	2314	00	D791
1889	2315	00	D798
1889	2316	00	D79F
1889	2317	00	D7A6
1889	2318	00	D7AD
1889	2319	00	D7B4
1889	231A	00	D7BB
1889	231B	00	D7C2
1889	231C	00	D7C9
1889	231D	00	D7D0
1889	231E	00	D7D7
1889	231F	00	D7DE
1890	2320	00	D705
1890	2321	00	D70C
1890	2322	00	D713
1890	2323	00	D71A
1890	2324	00	D721
1890	2325	00	D728
1890	2326	00	D72F
1890	2327	00	D736
1890	2328	00	D73D
1890	2329	00	D744
1890	232A	00	D74B
1890	232B	00	D752
1890	232C	00	D759
1890	232D	00	D760
1890	232E	00	D767
1890	232F	00	D76E
1890	2330	00	D775
1890	2331	00	D77C
1890	2332	00	D783
1890	2333	00	D78A
1890	2334	00	D791
1890	2335	00	D798
1890	2336	00	D79F
1890	2337	00	D7A6
1890	2338	00	D7AD
1890	2339	00	D7B4
1890	233A	00	D7BB
1890	233B	00	D7C2
1890	233C	00	D7C9
1890	233D	00	D7D0
1890	233E	00	D7D7
1890	233F	00	D7DE
1890	2340	00	D705
1890	2341	00	D70C
1890	2342	00	D713
1890	2343	00	D71A
1890	2344	00	D721
1890	2345	00	D728
1890	2346	00	D72F
1890	2347	00	D736
1890	2348	00	D73D
1890	2349	00	D744
1890	234A	00	D74B
1890	234B	00	D752
1890	234C	00	D759
1890	234D	00	D760
1890	234E	00	D767
1890	234F	00	D76E
1890	2350	00	D775
1890	2351	00	D77C
1890	2352	00	D783
1890	2353	00	D78A
1890	2354	00	D791
1890	2355	00	D798
1890	2356	00	D79F
1890	2357	00	D7A6
1890	2358	00	D7AD
1890	2359	00	D7B4
1890	235A	00	D7BB
1890	235B	00	D7C2
1890	235C	00	D7C9
1890	235D	00	D7D0
1890	235E	00	D7D7
1890	235F	00	D7DE
1891	2360	00	D705
1891	2361	00	D70C
1891	2362	00	D713
1891	2363	00	D71A
1891	2364	00	D721
1891	2365	00	D728
1891	2366	00	D72F
1891	2367	00	D736
1891	2368	00	D73D
1891	2369	00	D744
1891	236A	00	D74B
1891	236B	00	D752
1891	236C	00	D759
1891	236D	00	D760
1891	236E	00	D767
1891	236F	00	D76E
1891	2370	00	D775
1891	2371	00	D77C
1891	2372	00	D783
1891	2373	00	D78A
1891	2374	00	D791
1891	2375	00	D798
1891	2376	00	D79F
1891	2377	00	D7A6
1891	2378	00	D7AD
1891	2379	00	D7B4
1891	237A	00	D7BB
1891	237B	00	D7C2
1891	237C	00	D7C9
1891	237D	00	D7D0
1891	237E	00	D7D7
1891	237F	00	D7DE
1906	2051	94	D7C2
1906	2052	93	D7C9
1906	2053	95	D7D0
1906	2054	95	D7D7
1906	2055	00	D7DE
1906	2031	00	D7C2
1906	2032	00	D7C9
1906	2033	00	D7D0
1906	2034	00	D7D7
1906	2035	00	D7DE
1906	2451	94	D7C2
1906	2452	93	D7C9
1906	2453	95	D7D0
1906	2454	95	D7D7
1906	2455	00	D7DE
1906	2431	00	D7C2
1906	2432	00	D7C9
1906	2433	00	D7D0
1906	2434	00	D7D7
1906	2435	00	D7DE
1906	2043	8B	D7C2
1906	2044	95	D7C9
1906	2045	8E	D7D0
1906	2046	89	D7D7
1906	2047	8F	D7DE
1907	2023	00	D7C2
1907	2024	00	D7C9
1907	2025	00	D7D0
1907	2026	00	D7D7
1907	2027	00	D7DE
1907	2443	8B	D7C2
1907	2444	95	D7C9
1907	2445	8E	D7D0
1907	2446	89	D7D7
1907	2447	8F	D7DE
1907	2423	00	D7C2
1907	2424	00	D7C9
1907	2425	00	D7D0
1907	2426	00	D7D7
1907	2427	00	D7DE
1907	2056	D5	D7AD
1907	2057	D5	D7B4
1907	2058	00	D7BB
1907	2059	00	D7C2
1907	205A	00	D7C9
1907	205B	00	D7D0
1907	205C	00	D7D7
1907	205D	00	D7DE
1908	2076	D8	D7AD
1908	2077	D8	D7B4
1908	2078	00	D7BB
1908	2079	00	D7C2
1908	207A	00	D7C9
1908	207B	00	D7D0
1908	207C	00	D7D7
1908	207D	00	D7DE
1908	2456	00	D7B4
1908	2457	00	D7BB
1908	2458	00	D7C2
1908	2459	C2	D7C9
1908	245A	C0	D7D0
1908	245B	C0	D7D7
1908	245C	CF	D7DE
1908	2048	D5	D7AD
1908	2049	D5	D7B4
1908	204A	00	D7BB
1908	204B	00	D7C2
1908	204C	00	D7C9
1908	204D	00	D7D0
1908	204E	00	D7D7
1908	204F	00	D7DE
1908	2068	D8	D7AD
1908	2069	D8	D7B4
1908	206A	00	D7BB
1908	206B	00	D7C2
1908	206C	00	D7C9
1908	206D	00	D7D0
1908	206E	00	D7D7
1908	206F	00	D7DE
1909	2448	00	D7B4
1909	2449	00	D7BB
1909	244A	00	D7C2
1909	244B	C2	D7C9
1909	244C	C0	D7D0
1909	244D	C0	D7D7
1909	244E	CF	D7DE
1909	2302	94	D7D7
1909	2322	B4	D7DE
1909	2303	8E	D7D7
1909	2323	AE	D7DE
1909	2304	00	D7D7
1909	2324	00	D7DE
1910	2305	98	D7D7
1910	2325	B8	D7DE
1911	2306	8F	D7D7
1911	2326	AF	D7DE
1912	2307	9A	D7D7
1912	2327	BA	D7DE
1913	2308	00	D7D7
1913	2328	CA	D7DE
1914	2051	94	D7C2
1914	2052	93	D7C9
1914	2053	95	D7D0
1914	2054	95	D7D7
1914	2055	00	D7DE
1914	2031	00	D7C2
1914	2032	00	D7C9
1914	2033	00	D7D0
1914	2034	00	D7D7
1914	2035	00	D7DE
1914	2451	94	D7C2
1914	2452	93	D7C9
1914	2453	95	D7D0
1914	2454	95	D7D7
1914	2455	00	D7DE
1914	2431	00	D7C2
1914	2432	00	D7C9
1914	2433	00	D7D0
1914	2434	00	D7D7
1914	2435	00	D7DE
1914	2043	8B	D7C2
1914	2044	95	D7C9
1914	2045	8E	D7D0
1914	2046	89	D7D7
1914	2047	8F	D7DE
1915	2023	00	D7C2
1915	2024	00	D7C9
1915	2025	00	D7D0
1915	2026	00	D7D7
1915	2027	00	D7DE
1915	2443	8B	D7C2
1915	2444	95	D7C9
1915	2445	8E	D7D0
1915	2446	89	D7D7
1915	2447	8F	D7DE
1915	2423	00	D7C2
1915	2424	00	D7C9
1915	2425	00	D7D0
1915	2426	00	D7D7
1915	2427	00	D7DE
1915	2056	D5	D7AD
1915	2057	D5	D7B4
1915	2058	00	D7BB
1915	2059	01	D7C2
1915	205A	00	D7C9
1915	205B	00	D7D0
1915	205C	00	D7D7
1915	205D	80	D7DE
1916	2076	D8	D7AD
1916	2077	D8	D7B4
1916	2078	00	D7BB
1916	2079	00	D7C2
1916	207A	00	D7C9
1916	207B	00	D7D0
1916	207C	00	D7D7
1916	207D	00	D7DE
1916	2456	00	D7B4
1916	2457	00	D7BB
1916	2458	00	D7C2
1916	2459	C2	D7C9
1916	245A	C0	D7D0
1916	245B	C0	D7D7
1916	245C	CF	D7DE
1916	2048	D5	D7AD
1916	2049	D5	D7B4
1916	204A	00	D7BB
1916	204B	00	D7C2
1916	204C	00	D7C9
1916	204D	00	D7D0
1916	204E	00	D7D7
1916	204F	00	D7DE
1916	2068	D8	D7AD
1916	2069	D8	D7B4
1916	206A	00	D7BB
1916	206B	00	D7C2
1916	206C	00	D7C9
1916	206D	00	D7D0
1916	206E	00	D7D7
1916	206F	00	D7DE
1917	2448	00	D7B4
1917	2449	00	D7BB
1917	244A	00	D7C2
1917	244B	C2	D7C9
1917	244C	C0	D7D0
1917	244D	C0	D7D7
1917	244E	CF	D7DE
1918	2051	94	D7C2
1918	2052	93	D7C9
1918	2053	95	D7D0
1918	2054	95	D7D7
1918	2055	00	D7DE
1918	2031	00	D7C2
1918	2032	00	D7C9
1918	2033	00	D7D0
1918	2034	00	D7D7
1918	2035	00	D7DE
1918	2451	94	D7C2
1918	2452	93	D7C9
1918	2453	95	D7D0
1918	2454	95	D7D7
1918	2455	00	D7DE
1918	2431	00	D7C2
1918	2432	00	D7C9
1918	2433	00	D7D0
1918	2434	00	D7D7
1918	2435	00	D7DE
1918	2043	8B	D7C2
1918	2044	95	D7C9
1918	2045	8E	D7D0
1918	2046	89	D7D7
1918	2047	8F	D7DE
1919	2023	00	D7C2
1919	2024	00	D7C9
1919	2025	00	D7D0
1919	2026	00	D7D7
1919	2027	00	D7DE
1919	2443	8B	D7C2
1919	2444	95	D7C9
1919	2445	8E	D7D0
1919	2446	89	D7D7
1919	2447	8F	D7DE
1919	2423	00	D7C2
1919	2424	00	D7C9
1919	2425	00	D7D0
1919	2426	00	D7D7
1919	2427	00	D7DE
1919	2056	D5	D7AD
1919	2057	D5	D7B4
1919	2058	00	D7BB
1919	2059	00	D7C2
1919	205A	00	D7C9
1919	205B	00	D7D0
1919	205C	00	D7D7
1919	205D	00	D7DE
1920	2076	D8	D7AD
1920	2077	D8	D7B4
1920	2078	00	D7BB
1920	2079	00	D7C2
1920	207A	00	D7C9
1920	207B	00	D7D0
1920	207C	00	D7D7
1920	207D	00	D7DE
1920	2456	00	D7B4
1920	2457	00	D7BB
1920	2458	00	D7C2
1920	2459	C2	D7C9
1920	245A	C0	D7D0
1920	245B	C0	D7D7
1920	245C	CF	D7DE
1920	2048	D5	D7AD
1920	2049	D5	D7B4
1920	204A	00	D7BB
1920	204B	00	D7C2
1920	204C	00	D7C9
1920	204D	00	D7D0
1920	204E	00	D7D7
1920	204F	00	D7DE
1920	2068	D8	D7AD
1920	2069	D8	D7B4
1920	206A	00	D7BB
1920	206B	00	D7C2
1920	206C	00	D7C9
1920	206D	00	D7D0
1920	206E	00	D7D7
1920	206F	00	D7DE
1921	2448	00	D7B4
1921	2449	00	D7BB
1921	244A	00	D7C2
1921	244B	C2	D7C9
1921	244C	C0	D7D0
1921	244D	C0	D7D7
1921	244E	CF	D7DE
1922	2051	94	D7C2
1922	2052	93	D7C9
1922	2053	95	D7D0
1922	2054	95	D7D7
1922	2055	00	D7DE
1922	2031	00	D7C2
1922	2032	00	D7C9
1922	2033	00	D7D0
1922	2034	00	D7D7
1922	2035	00	D7DE
1922	2451	94	D7C2
1922	2452	93	D7C9
1922	2453	95	D7D0
1922	2454	95	D7D7
1922	2455	00	D7DE
1922	2431	00	D7C2
1922	2432	00	D7C9
1922	2433	00	D7D0
1922	2434	00	D7D7
1922	2435	00	D7DE
1922	2043	8B	D7C2
1922	2044	95	D7C9
1922	2045	8E	D7D0
1922	2046	89	D7D7
1922	2047	8F	D7DE
1923	2023	00	D7C2
1923	2024	00	D7C9
1923	2025	01	D7D0
1923	2026	00	D7D7
1923	2027	00	D7DE
1923	2480	8B	D7C2
1923	2481	95	D7C9
1923	2482	8E	D7D0
1923	2483	89	D7D7
1923	2484	8F	D7DE
1923	2423	00	D7C2
1923	2424	00	D7C9
1923	2425	00	D7D0
1923	2426	00	D7D7
1923	2427	00	D7DE
1923	2056	D5	D7AD
1923	2057	D5	D7B4
1923	2058	00	D7BB
1923	2059	00	D7C2
1923	205A	00	D7C9
1923	205B	00	D7D0
1923	205C	00	D7D7
1923	205D	00	D7DE
1924	2076	D8	D7AD
1924	2077	D8	D7B4
1924	2078	00	D7BB
1924	2079	00	D7C2
1924	207A	00	D7C9
1924	207B	00	D7D0
1924	207C	00	D7D7
1924	207D	00	D7DE
1924	2456	00	D7B4
1924	2457	00	D7BB
1924	2458	00	D7C2
1924	2459	C2	D7C9
1924	245A	C0	D7D0
1924	245B	C0	D7D7
1924	245C	CF	D7DE
1924	2048	D5	D7AD
1924	2049	D5	D7B4
1924	204A	00	D7BB
1924	204B	00	D7C2
1924	204C	00	D7C9
1924	204D	00	D7D0
1924	204E	00	D7D7
1924	204F	00	D7DE
1924	2068	D8	D7AD
1924	2069	D8	D7B4
1924	206A	00	D7BB
1924	206B	00	D7C2
1924	206C	00	D7C9
1924	206D	00	D7D0
1924	206E	00	D7D7
1924	206F	00	D7DE
1925	2448	00	D7B4
1925	2449	00	D7BB
1925	244A	00	D7C2
1925	244B	C2	D7C9
1925	244C	C0	D7D0
1925	244D	C0	D7D7
1925	244E	CF	D7DE
1926	2051	94	D7C2
1926	2052	93	D7C9
1926	2053	95	D7D0
1926	2054	95	D7D7
1926	2055	00	D7DE
1926	2031	00	D7C2
1926	2032	00	D7C9
1926	2033	00	D7D0
1926	2034	00	D7D7
1926	2035	00	D7DE
1926	2451	94	D7C2
1926	2452	93	D7C9
1926	2453	95	D7D0
1926	2454	95	D7D7
1926	2455	00	D7DE
1926	2431	00	D7C2
1926	2432	00	D7C9
1926	2433	00	D7D0
1926	2434	00	D7D7
1926	2435	00	D7DE
1926	2043	8B	D7C2
1926	2044	95	D7C9
1926	2045	8E	D7D0
1926	2046	89	D7D7
1926	2047	8F	D7DE
1927	2023	00	D7C2
1927	2024	00	D7C9
1927	2025	00	D7D0
1927	2026	00	D7D7
1927	2027	00	D7DE
1927	2443	8B	D7C2
1927	2444	95	D7C9
1927	2445	8E	D7D0
1927	2446	89	D7D7
1927	2447	8F	D7DE
1927	2423	00	D7C2
1927	2424	00	D7C9
1927	2425	00	D7D0
1927	2426	00	D7D7
1927	2427	00	D7DE
1927	2056	D5	D7AD
1927	2057	D5	D7B4
1927	2058	00	D7BB
1927	2059	00	D7C2
1927	205A	00	D7C9
1927	205B	00	D7D0
1927	205C	00	D7D7
1927	205D	00	D7DE
1928	2076	D8	D7AD
1928	2077	D8	D7B4
1928	2078	00	D7BB
1928	2079	00	D7C2
1928	207A	00	D7C9
1928	207B	00	D7D0
1928	207C	00	D7D7
1928	207D	00	D7DE
1928	2456	00	D7B4
1928	2457	00	D7BB
1928	2458	00	D7C2
1928	2459	C2	D7C9
1928	245A	C0	D7D0
1928	245B	C0	D7D7
1928	245C	CF	D7DE
1928	2048	D5	D7AD
1928	2049	D5	D7B4
1928	204A	00	D7BB
1928	204B	00	D7C2
1928	204C	00	D7C9
1928	204D	00	D7D0
1928	204E	00	D7D7
1928	204F	00	D7DE
1928	2068	D8	D7AD
1928	2069	D8	D7B4
1928	206A	00	D7BB
1928	206B	00	D7C2
1928	206C	00	D7C9
1928	206D	00	D7D0
1928	206E	00	D7D7
1928	206F	00	D7DE
1929	2448	00	D7B4
1929	2449	00	D7BB
1929	244A	00	D7C2
1929	244B	C2	D7C9
1929	244C	C0	D7D0
1929	244D	C0	D7D7
1929	244E	CF	D7DE
1930	2051	94	D7C2
1930	2052	93	D7C9
1930	2053	95	D7D0
1930	2054	95	D7D7
1930	2055	00	D7DE
1930	2031	00	D7C2
1930	2032	00	D7C9
1930	2033	00	D7D0
1930	2034	00	D7D7
1930	2035	00	D7DE
1930	2451	94	D7C2
1930	2452	93	D7C9
1930	2453	95	D7D0
1930	2454	95	D7D7
1930	2455	00	D7DE
1930	2431	00	D7C2
1930	2432	00	D7C9
1930	2433	00	D7D0
1930	2434	00	D7D7
1930	2435	00	D7DE
1930	2043	8B	D7C2
1930	2044	95	D7C9
1930	2045	8E	D7D0
1930	2046	89	D7D7
1930	2047	8F	D7DE
1931	2023	00	D7C2
1931	2024	00	D7C9
1931	2025	00	D7D0
1931	2026	00	D7D7
1931	2027	00	D7DE
1931	2443	8B	D7C2
1931	2444	95	D7C9
1931	2445	8E	D7D0
1931	2446	89	D7D7
1931	2447	8F	D7DE
1931	2423	00	D7C2
1931	2424	00	D7C9
1931	2425	00	D7D0
1931	2426	00	D7D7
1931	2427	00	D7DE
1931	2056	D5	D7AD
1931	2057	D5	D7B4
1931	2058	00	D7BB
1931	2059	00	D7C2
1931	205A	00	D7C9
1931	205B	00	D7D0
1931	205C	00	D7D7
1931	205D	00	D7DE
1932	2076	D8	D7AD
1932	2077	D8	D7B4
1932	2078	00	D7BB
1932	2079	00	D7C2
1932	207A	00	D7C9
1932	207B	00	D7D0
1932	207C	00	D7D7
1932	207D	00	D7DE
1932	2456	00	D7B4
1932	2457	00	D7BB
1932	2458	00	D7C2
1932	2459	C2	D7C9
1932	245A	C0	D7D0
1932	245B	C0	D7D7
1932	245C	CF	D7DE
1932	2048	D5	D7AD
1932	2049	D5	D7B4
1932	204A	00	D7BB
1932	204B	00	D7C2
1932	204C	00	D7C9
1932	204D	00	D7D0
1932	204E	00	D7D7
1932	204F	00	D7DE
1932	2068	D8	D7AD
1932	2069	D8	D7B4
1932	206A	00	D7BB
1932	206B	00	D7C2
1932	206C	00	D7C9
1932	206D	00	D7D0
1932	206E	00	D7D7
1932	206F	00	D7DE
1933	2448	00	D7B4
1933	2449	00	D7BB
1933	244A	00	D7C2
1933	244B	C2	D7C9
1933	244C	C0	D7D0
1933	244D	C0	D7D7
1933	244E	CF	D7DE
1934	2051	94	D7C2
1934	2052	93	D7C9
1934	2053	95	D7D0
1934	2054	95	D7D7
1934	2055	00	D7DE
1934	2031	00	D7C2
1934	2032	00	D7C9
1934	2033	00	D7D0
1934	2034	00	D7D7
1934	2035	00	D7DE
1934	2451	94	D7C2
1934	2452	93	D7C9
1934	2453	95	D7D0
1934	2454	95	D7D7
1934	2455	00	D7DE
1934	2431	00	D7C2
1934	2432	00	D7C9
1934	2433	00	D7D0
1934	2434	00	D7D7
1934	2435	00	D7DE
1934	2043	8B	D7C2
1934	2044	95	D7C9
1934	2045	8E	D7D0
1934	2046	89	D7D7
1934	2047	8F	D7DE
1935	2023	00	D7C2
1935	2024	00	D7C9
1935	2025	00	D7D0
1935	2026	00	D7D7
1935	2027	00	D7DE
1935	2443	8B	D7C2
1935	2444	95	D7C9
1935	2445	8E	D7D0
1935	2446	89	D7D7
1935	2447	8F	D7DE
1935	2423	00	D7C2
1935	2424	00	D7C9
1935	2425	00	D7D0
1935	2426	00	D7D7
1935	2427	00	D7DE
1935	2056	D5	D7AD
1935	2057	D5	D7B4
1935	2058	00	D7BB
1935	2059	00	D7C2
1935	205A	00	D7C9
1935	205B	00	D7D0
1935	205C	00	D7D7
1935	205D	00	D7DE
1936	2076	D8	D7AD
1936	2077	D8	D7B4
1936	2078	00	D7BB
1936	2079	00	D7C2
1936	207A	00	D7C9
1936	207B	00	D7D0
1936	207C	00	D7D7
1936	207D	00	D7DE
1936	2456	00	D7B4
1936	2457	00	D7BB
1936	2458	00	D7C2
1936	2459	C2	D7C9
1936	245A	C0	D7D0
1936	245B	C0	D7D7
1936	245C	CF	D7DE
1936	2048	D5	D7AD
1936	2049	D5	D7B4
1936	204A	00	D7BB
1936	204B	00	D7C2
1936	204C	00	D7C9
1936	204D	00	D7D0
1936	204E	00	D7D7
1936	204F	00	D7DE
1936	2068	D8	D7AD
1936	2069	D8	D7B4
1936	206A	00	D7BB
1936	206B	00	D7C2
1936	206C	00	D7C9
1936	206D	00	D7D0
1936	206E	00	D7D7
1936	206F	00	D7DE
1937	2448	00	D7B4
1937	2449	00	D7BB
1937	244A	03	D7C2
1937	244B	C2	D7C9
1937	244C	C0	D7D0
1937	244D	C0	D7D7
1937	244E	80	D7DE
1938	2051	94	D7C2
1938	2052	93	D7C9
1938	2053	95	D7D0
1938	2054	95	D7D7
1938	2055	00	D7DE
1938	2031	00	D7C2
1938	2032	00	D7C9
1938	2033	00	D7D0
1938	2034	00	D7D7
1938	2035	00	D7DE
1938	2451	94	D7C2
1938	2452	93	D7C9
1938	2453	95	D7D0
1938	2454	95	D7D7
1938	2455	00	D7DE
1938	2431	00	D7C2
1938	2432	00	D7C9
1938	2433	00	D7D0
1938	2434	00	D7D7
1938	2435	00	D7DE
1938	2043	8B	D7C2
1938	2044	95	D7C9
1938	2045	8E	D7D0
1938	2046	89	D7D7
1938	2047	8F	D7DE
1939	2023	00	D7C2
1939	2024	00	D7C9
1939	2025	00	D7D0
1939	2026	00	D7D7
1939	2027	00	D7DE
1939	2443	8B	D7C2
1939	2444	95	D7C9
1939	2445	8E	D7D0
1939	2446	89	D7D7
1939	2447	8F	D7DE
1939	2423	00	D7C2
1939	2424	00	D7C9
1939	2425	00	D7D0
1939	2426	00	D7D7
1939	2427	00	D7DE
1939	2056	D5	D7AD
1939	2057	D5	D7B4
1939	2058	00	D7BB
1939	2059	00	D7C2
1939	205A	00	D7C9
1939	205B	00	D7D0
1939	205C	00	D7D7
1939	205D	00	D7DE
1940	2076	D8	D7AD
1940	2077	D8	D7B4
1940	2078	00	D7BB
1940	2079	00	D7C2
1940	207A	00	D7C9
1940	207B	00	D7D0
1940	207C	00	D7D7
1940	207D	00	D7DE
1940	2456	00	D7B4
1940	2457	00	D7BB
1940	2458	00	D7C2
1940	2459	C2	D7C9
1940	245A	C0	D7D0
1940	245B	C0	D7D7
1940	245C	CF	D7DE
1940	2048	D5	D7AD
1940	2049	D5	D7B4
1940	204A	00	D7BB
1940	204B	00	D7C2
1940	204C	00	D7C9
1940	204D	00	D7D0
1940	204E	00	D7D7
1940	204F	00	D7DE
1940	2068	D8	D7AD
1940	2069	D8	D7B4
1940	206A	00	D7BB
1940	206B	00	D7C2
1940	206C	00	D7C9
1940	206D	00	D7D0
1940	206E	00	D7D7
1940	206F	00	D7DE
1941	2448	00	D7B4
1941	2449	00	D7BB
1941	244A	00	D7C2
1941	244B	C2	D7C9
1941	244C	C0	D7D0
1941	244D	C0	D7D7
1941	244E	CF	D7DE
1942	2051	94	D7C2
1942	2052	93	D7C9
1942	2053	95	D7D0
1942	2054	95	D7D7
1942	2055	00	D7DE
1942	2031	00	D7C2
1942	2032	00	D7C9
1942	2033	00	D7D0
1942	2034	00	D7D7
1942	2035	00	D7DE
1942	2451	94	D7C2
1942	2452	93	D7C9
1942	2453	95	D7D0
1942	2454	95	D7D7
1942	2455	00	D7DE
1942	2431	00	D7C2
1942	2432	00	D7C9
1942	2433	00	D7D0
1942	2434	00	D7D7
1942	2435	00	D7DE
1942	2043	8B	D7C2
1942	2044	95	D7C9
1942	2045	8E	D7D0
1942	2046	89	D7D7
1942	2047	8F	D7DE
1943	2023	00	D7C2
1943	2024	00	D7C9
1943	2025	00	D7D0
1943	2026	00	D7D7
1943	2027	00	D7DE
1943	2443	8B	D7C2
1943	2444	95	D7C9
1943	2445	8E	D7D0
1943	2446	89	D7D7
1943	2447	8F	D7DE
1943	2423	00	D7C2
1943	2424	00	D7C9
1943	2425	00	D7D0
1943	2426	00	D7D7
1943	2427	00	D7DE
1943	2056	D5	D7AD
1943	2057	D5	D7B4
1943	2058	00	D7BB
1943	2059	00	D7C2
1943	205A	00	D7C9
1943	205B	00	D7D0
1943	205C	00	D7D7
1943	205D	00	D7DE
1944	2076	D8	D7AD
1944	2077	D8	D7B4
1944	2078	00	D7BB
1944	2079	00	D7C2
1944	207A	00	D7C9
1944	207B	00	D7D0
1944	207C	00	D7D7
1944	207D	00	D7DE
1944	2456	00	D7B4
1944	2457	00	D7BB
1944	2458	00	D7C2
1944	2459	C2	D7C9
1944	245A	C0	D7D0
1944	245B	C0	D7D7
1944	245C	CF	D7DE
1944	2048	D5	D7AD
1944	2049	D5	D7B4
1944	204A	80	D7BB
1944	204B	00	D7C2
1944	204C	00	D7C9
1944	204D	00	D7D0
1944	204E	00	D7D7
1944	204F	00	D7DE
1944	2068	D8	D7AD
1944	2069	D8	D7B4
1944	206A	00	D7BB
1944	206B	00	D7C2
1944	206C	00	D7C9
1944	206D	00	D7D0
1944	206E	00	D7D7
1944	206F	00	D7DE
1945	2448	00	D7B4
1945	2449	00	D7BB
1945	244A	00	D7C2
1945	244B	C2	D7C9
1945	244C	C0	D7D0
1945	244D	C0	D7D7
1945	244E	CF	D7DE
1946	2051	94	D7C2
1946	2052	93	D7C9
1946	2053	95	D7D0
1946	2054	95	D7D7
1946	2055	00	D7DE
1946	2031	00	D7C2
1946	2032	00	D7C9
1946	2033	00	D7D0
1946	2034	00	D7D7
1946	2035	00	D7DE
1946	2451	94	D7C2
1946	2452	93	D7C9
1946	2453	95	D7D0
1946	2454	95	D7D7
1946	2455	00	D7DE
1946	2431	00	D7C2
1946	2432	00	D7C9
1946	2433	00	D7D0
1946	2434	00	D7D7
1946	2435	00	D7DE
1946	2043	8B	D7C2
1946	2044	95	D7C9
1946	2045	8E	D7D0
1946	2046	89	D7D7
1946	2047	8F	D7DE
1947	2023	00	D7C2
1947	2024	00	D7C9
1947	2025	00	D7D0
1947	2026	00	D7D7
1947	2027	00	D7DE
1947	2443	8B	D7C2
1947	2444	95	D7C9
1947	2445	8E	D7D0
1947	2446	89	D7D7
1947	2447	8F	D7DE
1947	2423	00	D7C2
1947	2424	00	D7C9
1947	2425	00	D7D0
1947	2426	00	D7D7
1947	2427	00	D7DE
1947	2056	D5	D7AD
1947	2057	D5	D7B4
1947	2058	00	D7BB
1947	2059	00	D7C2
1947	205A	00	D7C9
1947	205B	00	D7D0
1947	205C	00	D7D7
1947	205D	00	D7DE
1948	2076	D8	D7AD
1948	2077	D8	D7B4
1948	2078	00	D7BB
1948	2079	00	D7C2
1948	207A	00	D7C9
1948	207B	00	D7D0
1948	207C	00	D7D7
1948	207D	00	D7DE
1948	2456	00	D7B4
1948	2457	00	D7BB
1948	2458	00	D7C2
1948	2459	C2	D7C9
1948	245A	C0	D7D0
1948	245B	C0	D7D7
1948	245C	CF	D7DE
1948	2048	D5	D7AD
1948	2049	D5	D7B4
1948	204A	00	D7BB
1948	204B	00	D7C2
1948	204C	00	D7C9
1948	204D	00	D7D0
1948	204E	00	D7D7
1948	204F	00	D7DE
1948	2068	D8	D7AD
1948	2069	D8	D7B4
1948	206A	00	D7BB
1948	206B	00	D7C2
1948	206C	00	D7C9
1948	206D	00	D7D0
1948	206E	00	D7D7
1948	206F	00	D7DE
1949	2448	00	D7B4
1949	2449	00	D7BB
1949	244A	00	D7C2
1949	244B	C2	D7C9
1949	244C	C0	D7D0
1949	244D	C0	D7D7
1949	244E	CF	D7DE
1950	2051	94	D7C2
1950	2052	93	D7C9
1950	2053	95	D7D0
1950	2054	95	D7D7
1950	2055	00	D7DE
1950	2031	00	D7C2
1950	2032	00	D7C9
1950	2033	00	D7D0
1950	2034	00	D7D7
1950	2035	00	D7DE
1950	2451	94	D7C2
1950	2452	93	D7C9
1950	2453	95	D7D0
1950	2454	95	D7D7
1950	2455	00	D7DE
1950	2431	00	D7C2
1950	2432	00	D7C9
1950	2433	00	D7D0
1950	2434	00	D7D7
1950	2435	00	D7DE
1950	2043	8B	D7C2
1950	2044	95	D7C9
1950	2045	8E	D7D0
1950	2046	89	D7D7
1950	2047	8F	D7DE
1951	2023	00	D7C2
1951	2024	00	D7C9
1951	2025	00	D7D0
1951	2026	00	D7D7
1951	2027	00	D7DE
1951	2443	8B	D7C2
1951	2444	95	D7C9
1951	2445	8E	D7D0
1951	2446	89	D7D7
1951	2447	8F	D7DE
1951	2423	00	D7C2
1951	2424	00	D7C9
1951	2425	00	D7D0
1951	2426	00	D7D7
1951	2427	00	D7DE
1951	2056	D5	D7AD
1951	2057	D5	D7B4
1951	2058	00	D7BB
1951	2059	00	D7C2
1951	205A	00	D7C9
1951	205B	01	D7D0
1951	205C	00	D7D7
1951	205D	00	D7DE
1952	2080	D8	D7AD
1952	2081	D8	D7B4
1952	2082	00	D7BB
1952	2083	00	D7C2
1952	2084	00	D7C9
1952	2085	00	D7D0
1952	2086	00	D7D7
1952	2087	00	D7DE
1952	2456	00	D7B4
1952	2457	00	D7BB
1952	2458	00	D7C2
1952	2459	C2	D7C9
1952	245A	C0	D7D0
1952	245B	C0	D7D7
1952	245C	CF	D7DE
1952	2048	D5	D7AD
1952	2049	D5	D7B4
1952	204A	00	D7BB
1952	204B	00	D7C2
1952	204C	00	D7C9
1952	204D	00	D7D0
1952	204E	00	D7D7
1952	204F	00	D7DE
1952	2068	D8	D7AD
1952	2069	D8	D7B4
1952	206A	00	D7BB
1952	206B	00	D7C2
1952	206C	00	D7C9
1952	206D	00	D7D0
1952	206E	00	D7D7
1952	206F	00	D7DE
1953	2448	00	D7B4
1953	2449	00	D7BB
1953	244A	00	D7C2
1953	244B	C2	D7C9
1953	244C	C0	D7D0
1953	244D	C0	D7D7
1953	244E	CF	D7DE
1954	2051	94	D7C2
1954	2052	93	D7C9
1954	2053	95	D7D0
1954	2054	95	D7D7
1954	2055	00	D7DE
1954	2031	00	D7C2
1954	2032	00	D7C9
1954	2033	00	D7D0
1954	2034	00	D7D7
1954	2035	00	D7DE
1954	2451	94	D7C2
1954	2452	93	D7C9
1954	2453	95	D7D0
1954	2454	95	D7D7
1954	2455	00	D7DE
1954	2431	00	D7C2
1954	2432	00	D7C9
1954	2433	00	D7D0
1954	2434	00	D7D7
1954	2435	00	D7DE
1954	2043	8B	D7C2
1954	2044	95	D7C9
1954	2045	8E	D7D0
1954	2046	89	D7D7
1954	2047	8F	D7DE
1955	2023	00	D7C2
1955	2024	00	D7C9
1955	2025	00	D7D0
1955	2026	00	D7D7
1955	2027	00	D7DE
1955	2443	8B	D7C2
1955	2444	95	D7C9
1955	2445	8E	D7D0
1955	2446	89	D7D7
1955	2447	8F	D7DE
1955	2423	00	D7C2
1955	2424	00	D7C9
1955	2425	00	D7D0
1955	2426	00	D7D7
1955	2427	00	D7DE
1955	2056	D5	D7AD
1955	2057	D5	D7B4
1955	2058	00	D7BB
1955	2059	00	D7C2
1955	205A	00	D7C9
1955	205B	00	D7D0
1955	205C	00	D7D7
1955	205D	00	D7DE
1956	2076	D8	D7AD
1956	2077	D8	D7B4
1956	2078	00	D7BB
1956	2079	00	D7C2
1956	207A	00	D7C9
1956	207B	00	D7D0
1956	207C	00	D7D7
1956	207D	00	D7DE
1956	2456	00	D7B4
1956	2457	00	D7BB
1956	2458	00	D7C2
1956	2459	C2	D7C9
1956	245A	C0	D7D0
1956	245B	C0	D7D7
1956	245C	CF	D7DE
1956	2048	D5	D7AD
1956	2049	D5	D7B4
1956	204A	00	D7BB
1956	204B	00	D7C2
1956	204C	00	D7C9
1956	204D	00	D7D0
1956	204E	00	D7D7
1956	204F	00	D7DE
1956	2068	D8	D7AD
1956	2069	D8	D7B4
1956	206A	00	D7BB
1956	206B	00	D7C2
1956	206C	00	D7C9
1956	206D	00	D7D0
1956	206E	00	D7D7
1956	206F	00	D7DE
1957	2448	00	D7B4
1957	2449	00	D7BB
1957	244A	00	D7C2
1957	244B	C2	D7C9
1957	244C	C0	D7D0
1957	244D	C0	D7D7
1957	244E	CF	D7DE
1958	2300	00	D705
1958	2301	00	D70C
1958	2302	00	D713
1958	2303	00	D71A
1958	2304	00	D721
1958	2305	00	D728
1958	2306	00	D72F
1958	2307	00	D736
1958	2308	00	D73D
1958	2309	00	D744
1958	230A	00	D74B
1958	230B	00	D752
1958	230C	00	D759
1958	230D	00	D760
1958	230E	00	D767
1958	230F	00	D76E
1958	2310	00	D775
1958	2311	00	D77C
1958	2312	00	D783
1958	2313	00	D78A
1958	2314	00	D791
1958	2315	00	D798
1958	2316	00	D79F
1958	2317	00	D7A6
1958	2318	00	D7AD
1958	2319	00	D7B4
1958	231A	00	D7BB
1958	231B	00	D7C2
1958	231C	00	D7C9
1958	231D	00	D7D0
1958	231E	00	D7D7
1958	231F	00	D7DE
1958	2320	00	D705
1958	2321	00	D70C
1958	2322	00	D713
1958	2323	00	D71A
1958	2324	00	D721
1958	2325	00	D728
1958	2326	00	D72F
1958	2327	00	D736
1958	2328	00	D73D
1958	2329	00	D744
1958	232A	00	D74B
1958	232B	00	D752
1958	232C	00	D759
1958	232D	00	D760
1958	232E	00	D767
1958	232F	00	D76E
1958	2330	00	D775
1958	2331	00	D77C
1958	2332	00	D783
1958	2333	00	D78A
1958	2334	00	D791
1958	2335	00	D798
1958	2336	00	D79F
1958	2337	00	D7A6
1958	2338	00	D7AD
1958	2339	00	D7B4
1958	233A	00	D7BB
1958	233B	00	D7C2
1958	233C	00	D7C9
1958	233D	00	D7D0
1958	233E	00	D7D7
1958	233F	00	D7DE
1959	2340	00	D705
1959	2341	00	D70C
1959	2342	00	D713
1959	2343	00	D71A
1959	2344	00	D721
1959	2345	00	D728
1959	2346	00	D72F
1959	2347	00	D736
1959	2348	00	D73D
1959	2349	00	D744
1959	234A	00	D74B
1959	234B	00	D752
1959	234C	00	D759
1959	234D	00	D760
1959	234E	00	D767
1959	234F	00	D76E
1959	2350	00	D775
1959	2351	00	D77C
1959	2352	00	D783
1959	2353	00	D78A
1959	2354	00	D791
1959	2355	00	D798
1959	2356	00	D79F
1959	2357	00	D7A6
1959	2358	00	D7AD
1959	2359	00	D7B4
1959	235A	00	D7BB
1959	235B	00	D7C2
1959	235C	00	D7C9
1959	235D	00	D7D0
1959	235E	00	D7D7
1959	235F	00	D7DE
1959	2360	00	D705
1959	2361	00	D70C
1959	2362	00	D713
1959	2363	00	D71A
1959	2364	00	D721
1959	2365	00	D728
1959	2366	00	D72F
1959	2367	00	D736
1959	2368	00	D73D
1959	2369	00	D744
1959	236A	00	D74B
1959	236B	00	D752
1959	236C	00	D759
1959	236D	00	D760
1959	236E	00	D767
1959	236F	00	D76E
1959	2370	00	D775
1959	2371	00	D77C
1959	2372	00	D783
1959	2373	00	D78A
1959	2374	00	D791
1959	2375	00	D798
1959	2376	00	D79F
1959	2377	00	D7A6
1959	2378	00	D7AD
1959	2379	00	D7B4
1959	237A	00	D7BB
1959	237B	00	D7C2
1959	237C	00	D7C9
1959	237D	00	D7D0
1959	237E	00	D7D7
1959	237F	00	D7DE
1960	20EE	7A	D7C2
1960	20EF	7A	D7C9
1960	20F0	7A	D7D0
1960	20F1	7A	D7D7
1960	20F2	7A	D7DE
1960	210E	13	D7C2
1960	210F	01	D7C9
1960	2110	0C	D7D0
1960	2111	16	D7D7
1960	2112	05	D7DE
1960	2119	7A	D7C2
1960	211A	7A	D7C9
1960	211B	7A	D7D0
1960	211C	55	D7D7
1960	211D	6D	D7DE
1960	212E	7A	D7AD
1960	212F	7A	D7B4
1960	2130	7A	D7BB
1960	2131	7A	D7C2
1960	2132	7A	D7C9
1960	2133	7A	D7D0
1960	2134	7A	D7D7
1960	2135	7A	D7DE
1961	214E	10	D7AD
1961	214F	0F	D7B4
1961	2150	15	D7BB
1961	2151	0C	D7C2
1961	2152	14	D7C9
1961	2153	09	D7D0
1961	2154	03	D7D7
1961	2155	05	D7DE
1961	2159	7A	D7C2
1961	215A	7A	D7C9
1961	215B	51	D7D0
1961	215C	55	D7D7
1961	215D	6D	D7DE
1961	216E	7A	D7C2
1961	216F	7A	D7C9
1961	2170	7A	D7D0
1961	2171	7A	D7D7
1961	2172	7A	D7DE
1961	218E	14	D7C2
1961	218F	0F	D7C9
1961	2190	0E	D7D0
1961	2191	09	D7D7
1961	2192	03	D7DE
1961	2199	7A	D7C2
1961	219A	7A	D7C9
1961	219B	53	D7D0
1961	219C	50	D7D7
1961	219D	6D	D7DE
1962	21AE	7A	D7C9
1962	21AF	7A	D7D0
1962	21B0	7A	D7D7
1962	21B1	7A	D7DE
1962	21CE	05	D7C9
1962	21CF	18	D7D0
1962	21D0	09	D7D7
1962	21D1	14	D7DE
1962	210D	3E	D7DE
1962	2302	8D	D7D7
1962	2322	AD	D7DE
1962	2303	96	D7D7
1962	2323	B6	D7DE
1963	2304	C0	D7D7
1963	2324	E0	D7DE
1964	2305	00	D7D7
1964	2325	00	D7DE
1965	2306	9A	D7D7
1965	2326	BA	D7DE
1966	2307	C6	D7D7
1966	2327	E6	D7DE
1967	2308	93	D7D7
1967	2328	B3	D7DE
1968	2309	84	D7D7
1968	2329	A4	D7DE
1969	230A	99	D7D7
1969	232A	B9	D7DE
1970	230B	00	D7D7
1970	232B	CC	D7DE
1971	2051	94	D7C2
1971	2052	93	D7C9
1971	2053	95	D7D0
1971	2054	95	D7D7
1971	2055	00	D7DE
1971	2031	00	D7C2
1971	2032	00	D7C9
1971	2033	00	D7D0
1971	2034	00	D7D7
1971	2035	00	D7DE
1971	2451	94	D7C2
1971	2452	93	D7C9
1971	2453	95	D7D0
1971	2454	95	D7D7
1971	2455	00	D7DE
1971	2431	00	D7C2
1971	2432	00	D7C9
1971	2433	00	D7D0
1971	2434	00	D7D7
1971	2435	00	D7DE
1971	2043	8B	D7C2
1971	2044	95	D7C9
1971	2045	8E	D7D0
1971	2046	89	D7D7
1971	2047	8F	D7DE
1972	2023	00	D7C2
1972	2024	00	D7C9
1972	2025	00	D7D0
1972	2026	00	D7D7
1972	2027	00	D7DE
1972	2443	8B	D7C2
1972	2444	95	D7C9
1972	2445	8E	D7D0
1972	2446	89	D7D7
1972	2447	8F	D7DE
1972	2423	00	D7C2
1972	2424	00	D7C9
1972	2425	00	D7D0
1972	2426	00	D7D7
1972	2427	00	D7DE
1972	2056	D5	D7AD
1972	2057	D5	D7B4
1972	2058	00	D7BB
1972	2059	00	D7C2
1972	205A	00	D7C9
1972	205B	00	D7D0
1972	205C	00	D7D7
1972	205D	00	D7DE
1973	2076	D8	D7AD
1973	2077	D8	D7B4
1973	2078	00	D7BB
1973	2079	00	D7C2
1973	207A	00	D7C9
1973	207B	00	D7D0
1973	207C	00	D7D7
1973	207D	00	D7DE
1973	2456	00	D7B4
1973	2457	00	D7BB
1973	2458	00	D7C2
1973	2459	C2	D7C9
1973	245A	C0	D7D0
1973	245B	C0	D7D7
1973	245C	CF	D7DE
1973	2048	D5	D7AD
1973	2049	D5	D7B4
1973	204A	00	D7BB
1973	204B	00	D7C2
1973	204C	00	D7C9
1973	204D	00	D7D0
1973	204E	00	D7D7
1973	204F	00	D7DE
1973	2068	D8	D7AD
1973	2069	D8	D7B4
1973	206A	00	D7BB
1973	206B	00	D7C2
1973	206C	00	D7C9
1973	206D	00	D7D0
1973	206E	00	D7D7
1973	206F	00	D7DE
1974	2448	00	D7B4
1974	2449	00	D7BB
1974	244A	00	D7C2
1974	244B	C2	D7C9
1974	244C	C0	D7D0
1974	244D	C0	D7D7
1974	244E	CF	D7DE
1975	2051	94	D7C2
1975	2052	93	D7C9
1975	2053	95	D7D0
1975	2054	95	D7D7
1975	2055	00	D7DE
1975	2031	00	D7C2
1975	2032	00	D7C9
1975	2033	00	D7D0
1975	2034	00	D7D7
1975	2035	00	D7DE
1975	2451	94	D7C2
1975	2452	93	D7C9
1975	2453	95	D7D0
1975	2454	95	D7D7
1975	2455	00	D7DE
1975	2431	00	D7C2
1975	2432	00	D7C9
1975	2433	00	D7D0
1975	2434	00	D7D7
1975	2435	00	D7DE
1975	2043	8B	D7C2
1975	2044	95	D7C9
1975	2045	8E	D7D0
1975	2046	89	D7D7
1975	2047	8F	D7DE
1976	2023	00	D7C2
1976	2024	00	D7C9
1976	2025	00	D7D0
1976	2026	00	D7D7
1976	2027	00	D7DE
1976	2443	8B	D7C2
1976	2444	95	D7C9
1976	2445	8E	D7D0
1976	2446	89	D7D7
1976	2447	8F	D7DE
1976	2423	00	D7C2
1976	2424	00	D7C9
1976	2425	00	D7D0
1976	2426	00	D7D7
1976	2427	00	D7DE
1976	2056	D5	D7AD
1976	2057	D5	D7B4
1976	2058	00	D7BB
1976	2059	00	D7C2
1976	205A	00	D7C9
1976	205B	00	D7D0
1976	205C	00	D7D7
1976	205D	00	D7DE
1977	2076	D8	D7AD
1977	2077	D8	D7B4
1977	2078	00	D7BB
1977	2079	00	D7C2
1977	207A	00	D7C9
1977	207B	00	D7D0
1977	207C	00	D7D7
1977	207D	00	D7DE
1977	2456	00	D7B4
1977	2457	00	D7BB
1977	2458	00	D7C2
1977	2459	C2	D7C9
1977	245A	C0	D7D0
1977	245B	C0	D7D7
1977	245C	CF	D7DE
1977	2048	D5	D7AD
1977	2049	D7	D7B4
1977	204A	00	D7BB
1977	204B	00	D7C2
1977	204C	00	D7C9
1977	204D	80	D7D0
1977	204E	00	D7D7
1977	204F	00	D7DE
1977	2068	D8	D7AD
1977	2069	D8	D7B4
1977	206A	00	D7BB
1977	206B	00	D7C2
1977	206C	00	D7C9
1977	206D	00	D7D0
1977	206E	00	D7D7
1977	206F	00	D7DE
1978	2448	00	D7B4
1978	2449	00	D7BB
1978	244A	00	D7C2
1978	244B	C2	D7C9
1978	244C	C0	D7D0
1978	244D	C0	D7D7
1978	244E	CF	D7DE
1979	2051	94	D7C2
1979	2052	93	D7C9
1979	2053	95	D7D0
1979	2054	95	D7D7
1979	2055	00	D7DE
1979	2031	00	D7C2
1979	2032	00	D7C9
1979	2033	00	D7D0
1979	2034	00	D7D7
1979	2035	00	D7DE
1979	2451	94	D7C2
1979	2452	93	D7C9
1979	2453	95	D7D0
1979	2454	95	D7D7
1979	2455	00	D7DE
1979	2431	00	D7C2
1979	2432	00	D7C9
1979	2433	00	D7D0
1979	2434	00	D7D7
1979	2435	00	D7DE
1979	2043	8B	D7C2
1979	2044	95	D7C9
1979	2045	8E	D7D0
1979	2046	89	D7D7
1979	2047	8F	D7DE
1980	2023	00	D7C2
1980	2024	00	D7C9
1980	2025	00	D7D0
1980	2026	00	D7D7
1980	2027	00	D7DE
1980	2443	8B	D7C2
1980	2444	95	D7C9
1980	2445	8E	D7D0
1980	2446	89	D7D7
1980	2447	8F	D7DE
1980	2423	00	D7C2
1980	2424	00	D7C9
1980	2425	00	D7D0
1980	2426	00	D7D7
1980	2427	00	D7DE
1980	2056	D5	D7AD
1980	2057	D5	D7B4
1980	2058	00	D7BB
1980	2059	00	D7C2
1980	205A	00	D7C9
1980	205B	00	D7D0
1980	205C	00	D7D7
1980	205D	00	D7DE
1981	2076	D8	D7AD
1981	2077	D8	D7B4
1981	2078	00	D7BB
1981	2079	00	D7C2
1981	207A	00	D7C9
1981	207B	00	D7D0
1981	207C	00	D7D7
1981	207D	00	D7DE
1981	2456	00	D7B4
1981	2457	00	D7BB
1981	2458	00	D7C2
1981	2459	C2	D7C9
1981	245A	C0	D7D0
1981	245B	C0	D7D7
1981	245C	CF	D7DE
1981	2048	D5	D7AD
1981	2049	D5	D7B4
1981	204A	00	D7BB
1981	204B	00	D7C2
1981	204C	00	D7C9
1981	204D	00	D7D0
1981	204E	00	D7D7
1981	204F	00	D7DE
1981	2068	D8	D7AD
1981	2069	D8	D7B4
1981	206A	00	D7BB
1981	206B	00	D7C2
1981	206C	00	D7C9
1981	206D	00	D7D0
1981	206E	00	D7D7
1981	206F	00	D7DE
1982	2448	00	D7B4
1982	2449	00	D7BB
1982	244A	00	D7C2
1982	244B	C2	D7C9
1982	244C	C0	D7D0
1982	244D	C0	D7D7
1982	244E	CF	D7DE
1983	2051	94	D7C2
1983	2052	93	D7C9
1983	2053	95	D7D0
1983	2054	95	D7D7
1983	2055	00	D7DE
1983	2031	00	D7C2
1983	2032	00	D7C9
1983	2033	00	D7D0
1983	2034	00	D7D7
1983	2035	00	D7DE
1983	2451	94	D7C2
1983	2452	93	D7C9
1983	2453	95	D7D0
1983	2454	95	D7D7
1983	2455	00	D7DE
1983	2431	00	D7C2
1983	2432	00	D7C9
1983	2433	00	D7D0
1983	2434	00	D7D7
1983	2435	00	D7DE
1983	2043	8B	D7C2
1983	2044	95	D7C9
1983	2045	8E	D7D0
1983	2046	89	D7D7
1983	2047	8F	D7DE
1984	2023	00	D7C2
1984	2024	00	D7C9
1984	2025	00	D7D0
1984	2026	00	D7D7
1984	2027	00	D7DE
1984	2443	8B	D7C2
1984	2444	95	D7C9
1984	2445	8E	D7D0
1984	2446	89	D7D7
1984	2447	8F	D7DE
1984	2423	00	D7C2
1984	2424	00	D7C9
1984	2425	00	D7D0
1984	2426	00	D7D7
1984	2427	00	D7DE
1984	2056	D5	D7AD
1984	2057	D5	D7B4
1984	2058	00	D7BB
1984	2059	00	D7C2
1984	205A	00	D7C9
1984	205B	00	D7D0
1984	205C	00	D7D7
1984	205D	00	D7DE
1985	2276	80	D7AD
1985	2277	D8	D7B4
1985	2278	00	D7BB
1985	2279	00	D7C2
1985	227A	00	D7C9
1985	227B	00	D7D0
1985	227C	00	D7D7
1985	227D	00	D7DE
1985	2456	00	D7B4
1985	2457	00	D7BB
1985	2458	00	D7C2
1985	2459	C2	D7C9
1985	245A	C0	D7D0
1985	245B	C0	D7D7
1985	245C	CF	D7DE
1985	2048	D5	D7AD
1985	2049	D5	D7B4
1985	204A	00	D7BB
1985	204B	00	D7C2
1985	204C	00	D7C9
1985	204D	00	D7D0
1985	204E	00	D7D7
1985	204F	00	D7DE
1985	2068	D8	D7AD
1985	2069	D8	D7B4
1985	206A	00	D7BB
1985	206B	00	D7C2
1985	206C	00	D7C9
1985	206D	00	D7D0
1985	206E	00	D7D7
1985	206F	00	D7DE
1986	2448	00	D7B4
1986	2449	00	D7BB
1986	244A	00	D7C2
1986	244B	C2	D7C9
1986	244C	C0	D7D0
1986	244D	C0	D7D7
1986	244E	CF	D7DE
1987	2051	94	D7C2
1987	2052	93	D7C9
1987	2053	95	D7D0
1987	2054	95	D7D7
1987	2055	00	D7DE
1987	2031	00	D7C2
1987	2032	00	D7C9
1987	2033	00	D7D0
1987	2034	00	D7D7
1987	2035	00	D7DE
1987	2451	94	D7C2
1987	2452	93	D7C9
1987	2453	95	D7D0
1987	2454	95	D7D7
1987	2455	00	D7DE
1987	2431	00	D7C2
1987	2432	00	D7C9
1987	2433	00	D7D0
1987	2434	00	D7D7
1987	2435	00	D7DE
1987	2043	8B	D7C2
1987	2044	95	D7C9
1987	2045	8E	D7D0
1987	2046	89	D7D7
1987	2047	8F	D7DE
1988	2023	00	D7C2
1988	2024	00	D7C9
1988	2025	00	D7D0
1988	2026	00	D7D7
1988	2027	00	D7DE
1988	2443	8B	D7C2
1988	2444	95	D7C9
1988	2445	8E	D7D0
1988	2446	89	D7D7
1988	2447	8F	D7DE
1988	2423	00	D7C2
1988	2424	00	D7C9
1988	2425	00	D7D0
1988	2426	00	D7D7
1988	2427	00	D7DE
1988	2056	D5	D7AD
1988	2057	D5	D7B4
1988	2058	00	D7BB
1988	2059	00	D7C2
1988	205A	00	D7C9
1988	205B	00	D7D0
1988	205C	00	D7D7
1988	205D	00	D7DE
1989	2076	D8	D7AD
1989	2077	D8	D7B4
1989	2078	00	D7BB
1989	2079	00	D7C2
1989	207A	00	D7C9
1989	207B	00	D7D0
1989	207C	00	D7D7
1989	207D	00	D7DE
1989	2456	00	D7B4
1989	2457	00	D7BB
1989	2458	00	D7C2
1989	2459	C2	D7C9
1989	245A	C0	D7D0
1989	245B	C0	D7D7
1989	245C	CF	D7DE
1989	2048	D5	D7AD
1989	2049	D5	D7B4
1989	204A	00	D7BB
1989	204B	00	D7C2
1989	204C	00	D7C9
1989	204D	00	D7D0
1989	204E	00	D7D7
1989	204F	00	D7DE
1989	2068	D8	D7AD
1989	2069	D8	D7B4
1989	206A	00	D7BB
1989	206B	00	D7C2
1989	206C	00	D7C9
1989	206D	00	D7D0
1989	206E	00	D7D7
1989	206F	00	D7DE
1990	2448	00	D7B4
1990	2449	00	D7BB
1990	244A	00	D7C2
1990	244B	C2	D7C9
1990	244C	C0	D7D0
1990	244D	C0	D7D7
1990	244E	CF	D7DE
1991	2051	94	D7C2
1991	2052	93	D7C9
1991	2053	95	D7D0
1991	2054	95	D7D7
1991	2055	00	D7DE
1991	2031	00	D7C2
1991	2032	00	D7C9
1991	2033	00	D7D0
1991	2034	00	D7D7
1991	2035	00	D7DE
1991	2451	94	D7C2
1991	2452	93	D7C9
1991	2453	95	D7D0
1991	2454	95	D7D7
1991	2455	00	D7DE
1991	2431	00	D7C2
1991	2432	00	D7C9
1991	2433	00	D7D0
1991	2434	00	D7D7
1991	2435	00	D7DE
1991	2043	8B	D7C2
1991	2044	95	D7C9
1991	2045	8E	D7D0
1991	2046	89	D7D7
1991	2047	8F	D7DE
1992	2023	00	D7C2
1992	2024	00	D7C9
1992	2025	00	D7D0
1992	2026	00	D7D7
1992	2027	00	D7DE
1992	2443	8B	D7C2
1992	2444	95	D7C9
1992	2445	80	D7D0
1992	2446	89	D7D7
1992	2447	8F	D7DE
1992	2423	00	D7C2
1992	2424	00	D7C9
1992	2425	00	D7D0
1992	2426	00	D7D7
1992	2427	00	D7DE
1992	2056	D5	D7AD
1992	2057	D5	D7B4
1992	2058	00	D7BB
1992	2059	00	D7C2
1992	205A	00	D7C9
1992	205B	00	D7D0
1992	205C	00	D7D7
1992	205D	00	D7DE
1993	2076	D8	D7AD
1993	2077	D8	D7B4
1993	2078	00	D7BB
1993	2079	00	D7C2
1993	207A	00	D7C9
1993	207B	00	D7D0
1993	207C	00	D7D7
1993	207D	00	D7DE
1993	2456	00	D7B4
1993	2457	00	D7BB
1993	2458	00	D7C2
1993	2459	C2	D7C9
1993	245A	C0	D7D0
1993	245B	C0	D7D7
1993	245C	CF	D7DE
1993	2048	D5	D7AD
1993	2049	D5	D7B4
1993	204A	00	D7BB
1993	204B	00	D7C2
1993	204C	00	D7C9
1993	204D	00	D7D0
1993	204E	00	D7D7
1993	204F	00	D7DE
1993	2068	D8	D7AD
1993	2069	D8	D7B4
1993	206A	00	D7BB
1993	206B	00	D7C2
1993	206C	00	D7C9
1993	206D	00	D7D0
1993	206E	00	D7D7
1993	206F	00	D7DE
1994	2448	00	D7B4
1994	2449	00	D7BB
1994	244A	00	D7C2
1994	244B	C2	D7C9
1994	244C	C0	D7D0
1994	244D	C0	D7D7
1994	244E	CF	D7DE
1995	2051	94	D7C2
1995	2052	93	D7C9
1995	2053	95	D7D0
1995	2054	95	D7D7
1995	2055	00	D7DE
1995	2031	00	D7C2
1995	2032	00	D7C9
1995	2033	00	D7D0
1995	2034	00	D7D7
1995	2035	00	D7DE
1995	2451	94	D7C2
1995	2452	93	D7C9
1995	2453	95	D7D0
1995	2454	95	D7D7
1995	2455	00	D7DE
1995	2431	00	D7C2
1995	2432	00	D7C9
1995	2433	00	D7D0
1995	2434	00	D7D7
1995	2435	00	D7DE
1995	2043	8B	D7C2
1995	2044	95	D7C9
1995	2045	8E	D7D0
1995	2046	89	D7D7
1995	2047	8F	D7DE
1996	2023	00	D7C2
1996	2024	00	D7C9
1996	2025	00	D7D0
1996	2026	00	D7D7
1996	2027	00	D7DE
1996	2443	8B	D7C2
1996	2444	95	D7C9
1996	2445	8E	D7D0
1996	2446	89	D7D7
1996	2447	8F	D7DE
1996	2423	00	D7C2
1996	2424	00	D7C9
1996	2425	00	D7D0
1996	2426	00	D7D7
1996	2427	00	D7DE
1996	2056	D5	D7AD
1996	2057	D5	D7B4
1996	2058	00	D7BB
1996	2059	00	D7C2
1996	205A	00	D7C9
1996	205B	00	D7D0
1996	205C	00	D7D7
1996	205D	00	D7DE
1997	2076	D8	D7AD
1997	2077	D8	D7B4
1997	2078	00	D7BB
1997	2079	00	D7C2
1997	207A	00	D7C9
1997	207B	00	D7D0
1997	207C	00	D7D7
1997	207D	00	D7DE
1997	2456	00	D7B4
1997	2457	00	D7BB
1997	2458	00	D7C2
1997	2459	C2	D7C9
1997	245A	C0	D7D0
1997	245B	C0	D7D7
1997	245C	CF	D7DE
1997	2048	D5	D7AD
1997	2049	D5	D7B4
1997	204A	00	D7BB
1997	204B	00	D7C2
1997	204C	00	D7C9
1997	204D	00	D7D0
1997	204E	00	D7D7
1997	204F	00	D7DE
1997	2068	D8	D7AD
1997	2069	D8	D7B4
1997	206A	00	D7BB
1997	206B	00	D7C2
1997	206C	00	D7C9
1997	206D	00	D7D0
1997	206E	00	D7D7
1997	206F	00	D7DE
1998	2448	00	D7B4
1998	2449	00	D7BB
1998	244A	00	D7C2
1998	244B	C2	D7C9
1998	244C	C0	D7D0
1998	244D	C0	D7D7
1998	244E	CF	D7DE
1999	2051	94	D7C2
1999	2052	93	D7C9
1999	2053	95	D7D0
1999	2054	95	D7D7
1999	2055	00	D7DE
1999	2031	00	D7C2
1999	2032	00	D7C9
1999	2033	00	D7D0
1999	2034	00	D7D7
1999	2035	00	D7DE
1999	2451	94	D7C2
1999	2452	93	D7C9
1999	2453	95	D7D0
1999	2454	95	D7D7
1999	2455	00	D7DE
1999	2431	00	D7C2
1999	2432	00	D7C9
1999	2433	00	D7D0
1999	2434	00	D7D7
1999	2435	00	D7DE
1999	2043	8B	D7C2
1999	2044	95	D7C9
1999	2045	8E	D7D0
1999	2046	89	D7D7
1999	2047	8F	D7DE
2000	2023	00	D7C2
2000	2024	00	D7C9
2000	2025	00	D7D0
2000	2026	00	D7D7
2000	2027	00	D7DE
2000	2443	8B	D7C2
2000	2444	95	D7C9
2000	2445	8E	D7D0
2000	2446	89	D7D7
2000	2447	8F	D7DE
2000	2423	00	D7C2
2000	2424	00	D7C9
2000	2425	00	D7D0
2000	2426	00	D7D7
2000	2427	00	D7DE
2000	2056	D5	D7AD
2000	2057	D5	D7B4
2000	2058	00	D7BB
2000	2059	00	D7C2
2000	205A	00	D7C9
2000	205B	00	D7D0
2000	205C	00	D7D7
2000	205D	00	D7DE
2001	2076	D8	D7AD
2001	2077	D8	D7B4
2001	2078	00	D7BB
2001	2079	00	D7C2
2001	207A	00	D7C9
2001	207B	00	D7D0
2001	207C	00	D7D7
2001	207D	00	D7DE
2001	2456	00	D7B4
2001	2457	00	D7BB
2001	2458	00	D7C2
2001	2459	C2	D7C9
2001	245A	C0	D7D0
2001	245B	C0	D7D7
2001	245C	CF	D7DE
2001	2048	D5	D7AD
2001	2049	D5	D7B4
2001	204A	00	D7BB
2001	204B	00	D7C2
2001	204C	00	D7C9
2001	204D	00	D7D0
2001	204E	00	D7D7
2001	204F	00	D7DE
2001	2068	D8	D7AD
2001	2069	D8	D7B4
2001	206A	00	D7BB
2001	206B	00	D7C2
2001	206C	00	D7C9
2001	206D	00	D7D0
2001	206E	00	D7D7
2001	206F	00	D7DE
2002	2448	00	D7B4
2002	2449	00	D7BB
2002	244A	00	D7C2
2002	244B	C2	D7C9
2002	244C	C0	D7D0
2002	244D	C0	D7D7
2002	244E	CF	D7DE
2003	2051	94	D7C2
2003	2052	93	D7C9
2003	2053	95	D7D0
2003	2054	95	D7D7
2003	2055	00	D7DE
2003	2031	00	D7C2
2003	2032	00	D7C9
2003	2033	00	D7D0
2003	2034	00	D7D7
2003	2035	00	D7DE
2003	2451	94	D7C2
2003	2452	93	D7C9
2003	2453	95	D7D0
2003	2454	95	D7D7
2003	2455	00	D7DE
2003	2431	00	D7C2
2003	2432	00	D7C9
2003	2433	00	D7D0
2003	2434	00	D7D7
2003	2435	00	D7DE
2003	2043	8B	D7C2
2003	2044	95	D7C9
2003	2045	8E	D7D0
2003	2046	89	D7D7
2003	2047	8F	D7DE
2004	2023	00	D7C2
2004	2024	00	D7C9
2004	2025	00	D7D0
2004	2026	00	D7D7
2004	2027	00	D7DE
2004	2443	8B	D7C2
2004	2444	95	D7C9
2004	2445	8E	D7D0
2004	2446	89	D7D7
2004	2447	8F	D7DE
2004	2423	00	D7C2
2004	2424	00	D7C9
2004	2425	00	D7D0
2004	2426	00	D7D7
2004	2427	00	D7DE
2004	2056	D5	D7AD
2004	2057	D5	D7B4
2004	2058	00	D7BB
2004	2059	00	D7C2
2004	205A	00	D7C9
2004	205B	00	D7D0
2004	205C	00	D7D7
2004	205D	00	D7DE
2005	2076	D8	D7AD
2005	2077	D8	D7B4
2005	2078	00	D7BB
2005	2079	00	D7C2
2005	207A	00	D7C9
2005	207B	00	D7D0
2005	207C	00	D7D7
2005	207D	00	D7DE
2005	2456	00	D7B4
2005	2457	00	D7BB
2005	2458	00	D7C2
2005	2459	C2	D7C9
2005	245A	C0	D7D0
2005	245B	C0	D7D7
2005	245C	CF	D7DE
2005	2048	D5	D7AD
2005	2049	D5	D7B4
2005	204A	00	D7BB
2005	204B	00	D7C2
2005	204C	00	D7C9
2005	204D	00	D7D0
2005	204E	00	D7D7
2005	204F	00	D7DE
2005	2068	D8	D7AD
2005	2069	D8	D7B4
2005	206A	00	D7BB
2005	206B	00	D7C2
2005	206C	00	D7C9
2005	206D	00	D7D0
2005	206E	00	D7D7
2005	206F	00	D7DE
2006	2448	00	D7B4
2006	2449	00	D7BB
2006	244A	00	D7C2
2006	244B	C2	D7C9
2006	244C	C0	D7D0
2006	244D	C0	D7D7
2006	244E	CF	D7DE
2007	2051	94	D7C2
2007	2052	93	D7C9
2007	2053	95	D7D0
2007	2054	95	D7D7
2007	2055	00	D7DE
2007	2031	00	D7C2
2007	2032	00	D7C9
2007	2033	00	D7D0
2007	2034	00	D7D7
2007	2035	00	D7DE
2007	2451	94	D7C2
2007	2452	93	D7C9
2007	2453	95	D7D0
2007	2454	95	D7D7
2007	2455	00	D7DE
2007	2431	00	D7C2
2007	2432	00	D7C9
2007	2433	00	D7D0
2007	2434	00	D7D7
2007	2435	00	D7DE
2007	2043	8B	D7C2
2007	2044	95	D7C9
2007	2045	8E	D7D0
2007	2046	89	D7D7
2007	2047	8F	D7DE
2008	2023	00	D7C2
2008	2024	00	D7C9
2008	2025	00	D7D0
2008	2026	00	D7D7
2008	2027	00	D7DE
2008	2443	8B	D7C2
2008	2444	95	D7C9
2008	2445	8E	D7D0
2008	2446	89	D7D7
2008	2447	8F	D7DE
2008	2423	00	D7C2
2008	2424	00	D7C9
2008	2425	00	D7D0
2008	2426	00	D7D7
2008	2427	00	D7DE
2008	2056	D5	D7AD
2008	2057	D5	D7B4
2008	2058	00	D7BB
2008	2059	00	D7C2
2008	205A	00	D7C9
2008	205B	00	D7D0
2008	205C	00	D7D7
2008	205D	00	D7DE
2009	2076	D8	D7AD
2009	2077	D8	D7B4
2009	2078	00	D7BB
2009	2079	00	D7C2
2009	207A	00	D7C9
2009	207B	00	D7D0
2009	207C	00	D7D7
2009	207D	00	D7DE
2009	2456	00	D7B4
2009	2457	00	D7BB
2009	2458	00	D7C2
2009	2459	C2	D7C9
2009	245A	C0	D7D0
2009	245B	C0	D7D7
2009	245C	CF	D7DE
2009	2048	D5	D7AD
2009	2049	D5	D7B4
2009	204A	00	D7BB
2009	204B	00	D7C2
2009	204C	00	D7C9
2009	204D	00	D7D0
2009	204E	00	D7D7
2009	204F	00	D7DE
2009	2068	D8	D7AD
2009	2069	D8	D7B4
2009	206A	00	D7BB
2009	206B	00	D7C2
2009	206C	00	D7C9
2009	206D	00	D7D0
2009	206E	00	D7D7
2009	206F	00	D7DE
2010	2448	00	D7B4
2010	2449	00	D7BB
2010	244A	00	D7C2
2010	244B	C2	D7C9
2010	244C	C0	D7D0
2010	244D	C0	D7D7
2010	244E	CF	D7DE
2011	2051	94	D7C2
2011	2052	93	D7C9
2011	2053	95	D7D0
2011	2054	95	D7D7
2011	2055	00	D7DE
2011	2031	00	D7C2
2011	2032	00	D7C9
2011	2033	00	D7D0
2011	2034	00	D7D7
2011	2035	00	D7DE
2011	2451	94	D7C2
2011	2452	93	D7C9
2011	2453	95	D7D0
2011	2454	95	D7D7
2011	2455	00	D7DE
2011	2431	00	D7C2
2011	2432	00	D7C9
2011	2433	00	D7D0
2011	2434	00	D7D7
2011	2435	00	D7DE
2011	2043	8B	D7C2
2011	2044	95	D7C9
2011	2045	8E	D7D0
2011	2046	89	D7D7
2011	2047	8F	D7DE
2012	2023	00	D7C2
2012	2024	00	D7C9
2012	2025	00	D7D0
2012	2026	00	D7D7
2012	2027	00	D7DE
2012	2443	8B	D7C2
2012	2444	95	D7C9
2012	2445	8E	D7D0
2012	2446	89	D7D7
2012	2447	8F	D7DE
2012	2423	00	D7C2
2012	2424	00	D7C9
2012	2425	00	D7D0
2012	2426	00	D7D7
2012	2427	00	D7DE
2012	2056	D5	D7AD
2012	2057	D5	D7B4
2012	2058	00	D7BB
2012	2059	00	D7C2
2012	205A	00	D7C9
2012	205B	00	D7D0
2012	205C	00	D7D7
2012	205D	00	D7DE
2013	2076	D8	D7AD
2013	2077	D8	D7B4
2013	2078	00	D7BB
2013	2079	00	D7C2
2013	207A	00	D7C9
2013	207B	00	D7D0
2013	207C	00	D7D7
2013	207D	00	D7DE
2013	2456	00	D7B4
2013	2457	00	D7BB
2013	2458	00	D7C2
2013	2459	C2	D7C9
2013	245A	C0	D7D0
2013	245B	C0	D7D7
2013	245C	CF	D7DE
2013	2048	D5	D7AD
2013	2049	D5	D7B4
2013	204A	00	D7BB
2013	204B	02	D7C2
2013	204C	00	D7C9
2013	204D	00	D7D0
2013	204E	00	D7D7
2013	204F	80	D7DE
2013	2068	D8	D7AD
2013	2069	D8	D7B4
2013	206A	00	D7BB
2013	206B	00	D7C2
2013	206C	00	D7C9
2013	206D	00	D7D0
2013	206E	00	D7D7
2013	206F	00	D7DE
2014	2448	00	D7B4
2014	2449	00	D7BB
2014	244A	00	D7C2
2014	244B	C2	D7C9
2014	244C	C0	D7D0
2014	244D	C0	D7D7
2014	244E	CF	D7DE
2015	2051	94	D7C2
2015	2052	93	D7C9
2015	2053	95	D7D0
2015	2054	95	D7D7
2015	2055	00	D7DE
2015	2031	00	D7C2
2015	2032	00	D7C9
2015	2033	00	D7D0
2015	2034	00	D7D7
2015	2035	00	D7DE
2015	2451	94	D7C2
2015	2452	93	D7C9
2015	2453	95	D7D0
2015	2454	95	D7D7
2015	2455	00	D7DE
2015	2431	00	D7C2
2015	2432	00	D7C9
2015	2433	00	D7D0
2015	2434	00	D7D7
2015	2435	00	D7DE
2015	2043	8B	D7C2
2015	2044	95	D7C9
2015	2045	8E	D7D0
2015	2046	89	D7D7
2015	2047	8F	D7DE
2016	2023	00	D7C2
2016	2024	00	D7C9
2016	2025	00	D7D0
2016	2026	00	D7D7
2016	2027	00	D7DE
2016	2443	8B	D7C2
2016	2444	95	D7C9
2016	2445	8E	D7D0
2016	2446	89	D7D7
2016	2447	8F	D7DE
2016	2423	00	D7C2
2016	2424	00	D7C9
2016	2425	00	D7D0
2016	2426	00	D7D7
2016	2427	00	D7DE
2016	2056	D5	D7AD
2016	2057	D5	D7B4
2016	2058	00	D7BB
2016	2059	00	D7C2
2016	205A	00	D7C9
2016	205B	00	D7D0
2016	205C	00	D7D7
2016	205D	00	D7DE
2017	2076	D8	D7AD
2017	2077	D8	D7B4
2017	2078	00	D7BB
2017	2079	00	D7C2
2017	207A	00	D7C9
2017	207B	00	D7D0
2017	207C	00	D7D7
2017	207D	00	D7DE
2017	2456	00	D7B4
2017	2457	00	D7BB
2017	2458	00	D7C2
2017	2459	C2	D7C9
2017	245A	C0	D7D0
2017	245B	C0	D7D7
2017	245C	CF	D7DE
2017	2048	D5	D7AD
2017	2049	D5	D7B4
2017	204A	00	D7BB
2017	204B	00	D7C2
2017	204C	00	D7C9
2017	204D	00	D7D0
2017	204E	00	D7D7
2017	204F	00	D7DE
2017	2068	D8	D7AD
2017	2069	D8	D7B4
2017	206A	00	D7BB
2017	206B	00	D7C2
2017	206C	00	D7C9
2017	206D	00	D7D0
2017	206E	00	D7D7
2017	206F	00	D7DE
2018	2448	00	D7B4
2018	2449	00	D7BB
2018	244A	00	D7C2
2018	244B	C2	D7C9
2018	244C	C0	D7D0
2018	244D	C0	D7D7
2018	244E	CF	D7DE
2019	2051	94	D7C2
2019	2052	93	D7C9
2019	2053	95	D7D0
2019	2054	95	D7D7
2019	2055	00	D7DE
2019	2031	00	D7C2
2019	2032	00	D7C9
2019	2033	00	D7D0
2019	2034	00	D7D7
2019	2035	00	D7DE
2019	2451	94	D7C2
2019	2452	93	D7C9
2019	2453	95	D7D0
2019	2454	95	D7D7
2019	2455	00	D7DE
2019	2431	00	D7C2
2019	2432	00	D7C9
2019	2433	00	D7D0
2019	2434	00	D7D7
2019	2435	00	D7DE
2019	2043	8B	D7C2
2019	2044	95	D7C9
2019	2045	8E	D7D0
2019	2046	89	D7D7
2019	2047	8F	D7DE
2020	2023	00	D7C2
2020	2024	00	D7C9
2020	2025	00	D7D0
2020	2026	00	D7D7
2020	2027	00	D7DE
2020	2443	8B	D7C2
2020	2444	95	D7C9
2020	2445	8E	D7D0
2020	2446	89	D7D7
2020	2447	8F	D7DE
2020	2423	00	D7C2
2020	2424	00	D7C9
2020	2425	00	D7D0
2020	2426	00	D7D7
2020	2427	00	D7DE
2020	2056	D5	D7AD
2020	2057	D5	D7B4
2020	2058	00	D7BB
2020	2059	00	D7C2
2020	205A	00	D7C9
2020	205B	00	D7D0
2020	205C	00	D7D7
2020	205D	00	D7DE
2021	2076	D8	D7AD
2021	2077	D8	D7B4
2021	2078	80	D7BB
2021	2079	00	D7C2
2021	207A	00	D7C9
2021	207B	00	D7D0
2021	207C	00	D7D7
2021	207D	00	D7DE
2021	2456	00	D7B4
2021	2457	00	D7BB
2021	2458	00	D7C2
2021	2459	C2	D7C9
2021	245A	C0	D7D0
2021	245B	C0	D7D7
2021	245C	CF	D7DE
2021	2048	D5	D7AD
2021	2049	D5	D7B4
2021	204A	00	D7BB
2021	204B	00	D7C2
2021	204C	00	D7C9
2021	204D	00	D7D0
2021	204E	00	D7D7
2021	204F	00	D7DE
2021	2068	D8	D7AD
2021	2069	D8	D7B4
2021	206A	00	D7BB
2021	206B	00	D7C2
2021	206C	00	D7C9
2021	206D	00	D7D0
2021	206E	00	D7D7
2021	206F	00	D7DE
2022	2448	00	D7B4
2022	2449	00	D7BB
2022	244A	00	D7C2
2022	244B	C2	D7C9
2022	244C	C0	D7D0
2022	244D	C0	D7D7
2022	244E	CF	D7DE
2023	2051	94	D7C2
2023	2052	93	D7C9
2023	2053	95	D7D0
2023	2054	95	D7D7
2023	2055	00	D7DE
2023	2031	00	D7C2
2023	2032	00	D7C9
2023	2033	00	D7D0
2023	2034	00	D7D7
2023	2035	00	D7DE
2023	2451	94	D7C2
2023	2452	93	D7C9
2023	2453	95	D7D0
2023	2454	95	D7D7
2023	2455	00	D7DE
2023	2431	00	D7C2
2023	2432	00	D7C9
2023	2433	00	D7D0
2023	2434	00	D7D7
2023	2435	00	D7DE
2023	2043	8B	D7C2
2023	2044	95	D7C9
2023	2045	8E	D7D0
2023	2046	89	D7D7
2023	2047	8F	D7DE
2024	2023	00	D7C2
2024	2024	00	D7C9
2024	2025	00	D7D0
2024	2026	00	D7D7
2024	2027	00	D7DE
2024	2443	8B	D7C2
2024	2444	95	D7C9
2024	2445	8E	D7D0
2024	2446	89	D7D7
2024	2447	8F	D7DE
2024	2423	00	D7C2
2024	2424	00	D7C9
2024	2425	00	D7D0
2024	2426	00	D7D7
2024	2427	00	D7DE
2024	2056	D5	D7AD
2024	2057	D5	D7B4
2024	2058	00	D7BB
2024	2059	00	D7C2
2024	205A	00	D7C9
2024	205B	00	D7D0
2024	205C	00	D7D7
2024	205D	00	D7DE
2025	2076	D8	D7AD
2025	2077	D8	D7B4
2025	2078	00	D7BB
2025	2079	00	D7C2
2025	207A	00	D7C9
2025	207B	00	D7D0
2025	207C	00	D7D7
2025	207D	00	D7DE
2025	2456	00	D7B4
2025	2457	00	D7BB
2025	2458	00	D7C2
2025	2459	C2	D7C9
2025	245A	C0	D7D0
2025	245B	C0	D7D7
2025	245C	CF	D7DE
2025	2048	D5	D7AD
2025	2049	D5	D7B4
2025	204A	00	D7BB
2025	204B	00	D7C2
2025	204C	00	D7C9
2025	204D	00	D7D0
2025	204E	00	D7D7
2025	204F	00	D7DE
2025	2068	D8	D7AD
2025	2069	D8	D7B4
2025	206A	00	D7BB
2025	206B	00	D7C2
2025	206C	00	D7C9
2025	206D	00	D7D0
2025	206E	00	D7D7
2025	206F	00	D7DE
2026	2448	00	D7B4
2026	2449	00	D7BB
2026	244A	00	D7C2
2026	244B	C2	D7C9
2026	244C	C0	D7D0
2026	244D	C0	D7D7
2026	244E	CF	D7DE
2027	2051	94	D7C2
2027	2052	93	D7C9
2027	2053	95	D7D0
2027	2054	95	D7D7
2027	2055	00	D7DE
2027	2031	00	D7C2
2027	2032	00	D7C9
2027	2033	00	D7D0
2027	2034	00	D7D7
2027	2035	00	D7DE
2027	2451	94	D7C2
2027	2452	93	D7C9
2027	2453	95	D7D0
2027	2454	95	D7D7
2027	2455	00	D7DE
2027	2431	00	D7C2
2027	2432	00	D7C9
2027	2433	00	D7D0
2027	2434	00	D7D7
2027	2435	00	D7DE
2027	2043	8B	D7C2
2027	2044	95	D7C9
2027	2045	8E	D7D0
2027	2046	89	D7D7
2027	2047	8F	D7DE
2028	2023	00	D7C2
2028	2024	00	D7C9
2028	2025	00	D7D0
2028	2026	00	D7D7
2028	2027	00	D7DE
2028	2443	8C	D7C2
2028	2444	95	D7C9
2028	2445	8E	D7D0
2028	2446	89	D7D7
2028	2447	80	D7DE
2028	2423	00	D7C2
2028	2424	00	D7C9
2028	2425	00	D7D0
2028	2426	00	D7D7
2028	2427	00	D7DE
2028	2056	D5	D7AD
2028	2057	D5	D7B4
2028	2058	00	D7BB
2028	2059	00	D7C2
2028	205A	00	D7C9
2028	205B	00	D7D0
2028	205C	00	D7D7
2028	205D	00	D7DE
2029	2076	D8	D7AD
2029	2077	D8	D7B4
2029	2078	00	D7BB
2029	2079	00	D7C2
2029	207A	00	D7C9
2029	207B	00	D7D0
2029	207C	00	D7D7
2029	207D	00	D7DE
2029	2456	00	D7B4
2029	2457	00	D7BB
2029	2458	00	D7C2
2029	2459	C2	D7C9
2029	245A	C0	D7D0
2029	245B	C0	D7D7
2029	245C	CF	D7DE
2029	2048	D5	D7AD
2029	2049	D5	D7B4
2029	204A	00	D7BB
2029	204B	00	D7C2
2029	204C	00	D7C9
2029	204D	00	D7D0
2029	204E	00	D7D7
2029	204F	00	D7DE
2029	2068	D8	D7AD
2029	2069	D8	D7B4
2029	206A	00	D7BB
2029	206B	00	D7C2
2029	206C	00	D7C9
2029	206D	00	D7D0
2029	206E	00	D7D7
2029	206F	00	D7DE
2030	2448	00	D7B4
2030	2449	00	D7BB
2030	244A	00	D7C2
2030	244B	C2	D7C9
2030	244C	C0	D7D0
2030	244D	C0	D7D7
2030	244E	CF	D7DE
2030	2300	00	D705
2030	2301	00	D70C
2030	2302	00	D713
2030	2303	00	D71A
2030	2304	00	D721
2030	2305	00	D728
2030	2306	00	D72F
2030	2307	00	D736
2030	2308	00	D73D
2030	2309	00	D744
2030	230A	00	D74B
2030	230B	00	D752
2030	230C	00	D759
2030	230D	00	D760
2030	230E	00	D767
2030	230F	00	D76E
2030	2310	00	D775
2030	2311	00	D77C
2030	2312	00	D783
2030	2313	00	D78A
2030	2314	00	D791
2030	2315	00	D798
2030	2316	00	D79F
2030	2317	00	D7A6
2030	2318	00	D7AD
2030	2319	00	D7B4
2030	231A	00	D7BB
2030	231B	00	D7C2
2030	231C	00	D7C9
2030	231D	00	D7D0
2030	231E	00	D7D7
2030	231F	00	D7DE
2031	2320	00	D705
2031	2321	00	D70C
2031	2322	00	D713
2031	2323	00	D71A
2031	2324	00	D721
2031	2325	00	D728
2031	2326	00	D72F
2031	2327	00	D736
2031	2328	00	D73D
2031	2329	00	D744
2031	232A	00	D74B
2031	232B	00	D752
2031	232C	00	D759
2031	232D	00	D760
2031	232E	00	D767
2031	232F	00	D76E
2031	2330	00	D775
2031	2331	00	D77C
2031	2332	00	D783
2031	2333	00	D78A
2031	2334	00	D791
2031	2335	00	D798
2031	2336	00	D79F
2031	2337	00	D7A6
2031	2338	00	D7AD
2031	2339	00	D7B4
2031	233A	00	D7BB
2031	233B	00	D7C2
2031	233C	00	D7C9
2031	233D	00	D7D0
2031	233E	00	D7D7
2031	233F	00	D7DE
2031	2340	00	D705
2031	2341	00	D70C
2031	2342	00	D713
2031	2343	00	D71A
2031	2344	00	D721
2031	2345	00	D728
2031	2346	00	D72F
2031	2347	00	D736
2031	2348	00	D73D
2031	2349	00	D744
2031	234A	00	D74B
2031	234B	00	D752
2031	234C	00	D759
2031	234D	00	D760
2031	234E	00	D767
2031	234F	00	D76E
2031	2350	00	D775
2031	2351	00	D77C
2031	2352	00	D783
2031	2353	00	D78A
2031	2354	00	D791
2031	2355	00	D798
2031	2356	00	D79F
2031	2357	00	D7A6
2031	2358	00	D7AD
2031	2359	00	D7B4
2031	235A	00	D7BB
2031	235B	00	D7C2
2031	235C	00	D7C9
2031	235D	00	D7D0
2031	235E	00	D7D7
2031	235F	00	D7DE
2032	2360	00	D705
2032	2361	00	D70C
2032	2362	00	D713
2032	2363	00	D71A
2032	2364	00	D721
2032	2365	00	D728
2032	2366	00	D72F
2032	2367	00	D736
2032	2368	00	D73D
2032	2369	00	D744
2032	236A	00	D74B
2032	236B	00	D752
2032	236C	00	D759
2032	236D	00	D760
2032	236E	00	D767
2032	236F	00	D76E
2032	2370	00	D775
2032	2371	00	D77C
2032	2372	00	D783
2032	2373	00	D78A
2032	2374	00	D791
2032	2375	00	D798
2032	2376	00	D79F
2032	2377	00	D7A6
2032	2378	00	D7AD
2032	2379	00	D7B4
2032	237A	00	D7BB
2032	237B	00	D7C2
2032	237C	00	D7C9
2032	237D	00	D7D0
2032	237E	00	D7D7
2032	237F	00	D7DE
2033	2051	94	D7C2
2033	2052	93	D7C9
2033	2053	95	D7D0
2033	2054	95	D7D7
2033	2055	00	D7DE
2033	2031	00	D7C2
2033	2032	00	D7C9
2033	2033	00	D7D0
2033	2034	00	D7D7
2033	2035	00	D7DE
2033	2451	94	D7C2
2033	2452	93	D7C9
2033	2453	95	D7D0
2033	2454	95	D7D7
2033	2455	00	D7DE
2033	2431	00	D7C2
2033	2432	00	D7C9
2033	2433	00	D7D0
2033	2434	00	D7D7
2033	2435	00	D7DE
2033	2043	8B	D7C2
2033	2044	95	D7C9
2033	2045	8E	D7D0
2033	2046	89	D7D7
2033	2047	8F	D7DE
2034	2023	00	D7C2
2034	2024	00	D7C9
2034	2025	00	D7D0
2034	2026	00	D7D7
2034	2027	00	D7DE
2034	2443	8B	D7C2
2034	2444	95	D7C9
2034	2445	8E	D7D0
2034	2446	89	D7D7
2034	2447	8F	D7DE
2034	2423	00	D7C2
2034	2424	00	D7C9
2034	2425	00	D7D0
2034	2426	00	D7D7
2034	2427	00	D7DE
2034	2056	D5	D7AD
2034	2057	D5	D7B4
2034	2058	00	D7BB
2034	2059	00	D7C2
2034	205A	00	D7C9
2034	205B	00	D7D0
2034	205C	00	D7D7
2034	205D	00	D7DE
2035	2076	D8	D7AD
2035	2077	D8	D7B4
2035	2078	00	D7BB
2035	2079	00	D7C2
2035	207A	00	D7C9
2035	207B	00	D7D0
2035	207C	00	D7D7
2035	207D	00	D7DE
2035	2456	00	D7B4
2035	2457	00	D7BB
2035	2458	00	D7C2
2035	2459	C2	D7C9
2035	245A	C0	D7D0
2035	245B	C0	D7D7
2035	245C	CF	D7DE
2035	2048	D5	D7AD
2035	2049	D5	D7B4
2035	204A	00	D7BB
2035	204B	00	D7C2
2035	204C	00	D7C9
2035	204D	00	D7D0
2035	204E	00	D7D7
2035	204F	00	D7DE
2035	2068	D8	D7AD
2035	2069	D8	D7B4
2035	206A	00	D7BB
2035	206B	00	D7C2
2035	206C	00	D7C9
2035	206D	00	D7D0
2035	206E	00	D7D7
2035	206F	00	D7DE
2036	2448	00	D7B4
2036	2449	00	D7BB
2036	244A	00	D7C2
2036	244B	C2	D7C9
2036	244C	C0	D7D0
2036	244D	C0	D7D7
2036	244E	CF	D7DE
2037	2051	94	D7C2
2037	2052	93	D7C9
2037	2053	95	D7D0
2037	2054	95	D7D7
2037	2055	00	D7DE
2037	2031	00	D7C2
2037	2032	00	D7C9
2037	2033	00	D7D0
2037	2034	00	D7D7
2037	2035	00	D7DE
2037	2451	94	D7C2
2037	2452	93	D7C9
2037	2453	95	D7D0
2037	2454	95	D7D7
2037	2455	00	D7DE
2037	2431	00	D7C2
2037	2432	00	D7C9
2037	2433	00	D7D0
2037	2434	00	D7D7
2037	2435	00	D7DE
2037	2043	8B	D7C2
2037	2044	95	D7C9
2037	2045	8E	D7D0
2037	2046	89	D7D7
2037	2047	8F	D7DE
2038	2023	00	D7C2
2038	2024	00	D7C9
2038	2025	00	D7D0
2038	2026	00	D7D7
2038	2027	00	D7DE
2038	2443	8B	D7C2
2038	2444	95	D7C9
2038	2445	8E	D7D0
2038	2446	89	D7D7
2038	2447	8F	D7DE
2038	2423	00	D7C2
2038	2424	00	D7C9
2038	2425	00	D7D0
2038	2426	00	D7D7
2038	2427	00	D7DE
2038	2056	D5	D7AD
2038	2057	D5	D7B4
2038	2058	00	D7BB
2038	2059	00	D7C2
2038	205A	00	D7C9
2038	205B	00	D7D0
2038	205C	00	D7D7
2038	205D	00	D7DE
2039	2076	D8	D7AD
2039	2077	D8	D7B4
2039	2078	00	D7BB
2039	2079	00	D7C2
2039	207A	00	D7C9
2039	207B	00	D7D0
2039	207C	00	D7D7
2039	207D	00	D7DE
2039	2456	00	D7B4
2039	2457	00	D7BB
2039	2458	00	D7C2
2039	2459	C2	D7C9
2039	245A	C0	D7D0
2039	245B	C0	D7D7
2039	245C	CF	D7DE
2039	2048	D5	D7AD
2039	2049	D5	D7B4
2039	204A	00	D7BB
2039	204B	00	D7C2
2039	204C	00	D7C9
2039	204D	00	D7D0
2039	204E	00	D7D7
2039	204F	00	D7DE
2039	2068	D8	D7AD
2039	2069	D8	D7B4
2039	206A	00	D7BB
2039	206B	00	D7C2
2039	206C	00	D7C9
2039	206D	00	D7D0
2039	206E	00	D7D7
2039	206F	00	D7DE
2040	2448	00	D7B4
2040	2449	00	D7BB
2040	244A	00	D7C2
2040	244B	C2	D7C9
2040	244C	C0	D7D0
2040	244D	C0	D7D7
2040	244E	CF	D7DE
2041	2051	94	D7C2
2041	2052	93	D7C9
2041	2053	95	D7D0
2041	2054	95	D7D7
2041	2055	00	D7DE
2041	2031	00	D7C2
2041	2032	00	D7C9
2041	2033	00	D7D0
2041	2034	00	D7D7
2041	2035	00	D7DE
2041	2451	94	D7C2
2041	2452	93	D7C9
2041	2453	95	D7D0
2041	2454	95	D7D7
2041	2455	00	D7DE
2041	2431	00	D7C2
2041	2432	00	D7C9
2041	2433	00	D7D0
2041	2434	00	D7D7
2041	2435	00	D7DE
2041	2043	8B	D7C2
2041	2044	95	D7C9
2041	2045	8E	D7D0
2041	2046	89	D7D7
2041	2047	8F	D7DE
2042	2023	00	D7C2
2042	2024	00	D7C9
2042	2025	00	D7D0
2042	2026	00	D7D7
2042	2027	00	D7DE
2042	2443	8B	D7C2
2042	2444	95	D7C9
2042	2445	8E	D7D0
2042	2446	89	D7D7
2042	2447	8F	D7DE
2042	2423	00	D7C2
2042	2424	00	D7C9
2042	2425	00	D7D0
2042	2426	00	D7D7
2042	2427	00	D7DE
2042	2056	D5	D7AD
2042	2057	D5	D7B4
2042	2058	00	D7BB
2042	2059	00	D7C2
2042	205A	00	D7C9
2042	205B	00	D7D0
2042	205C	00	D7D7
2042	205D	00	D7DE
2043	2076	D8	D7AD
2043	2077	D8	D7B4
2043	2078	00	D7BB
2043	2079	00	D7C2
2043	207A	00	D7C9
2043	207B	00	D7D0
2043	207C	00	D7D7
2043	207D	00	D7DE
2043	2456	00	D7B4
2043	2457	00	D7BB
2043	2458	00	D7C2
2043	2459	C2	D7C9
2043	245A	C0	D7D0
2043	245B	C0	D7D7
2043	245C	CF	D7DE
2043	2048	D5	D7AD
2043	2049	D5	D7B4
2043	204A	00	D7BB
2043	204B	00	D7C2
2043	204C	00	D7C9
2043	204D	00	D7D0
2043	204E	00	D7D7
2043	204F	00	D7DE
2043	2068	D8	D7AD
2043	2069	D8	D7B4
2043	206A	00	D7BB
2043	206B	00	D7C2
2043	206C	00	D7C9
2043	206D	00	D7D0
2043	206E	00	D7D7
2043	206F	00	D7DE
2044	2448	00	D7B4
2044	2449	00	D7BB
2044	244A	00	D7C2
2044	244B	C2	D7C9
2044	244C	C0	D7D0
2044	244D	C0	D7D7
2044	244E	CF	D7DE
2045	2051	94	D7C2
2045	2052	93	D7C9
2045	2053	95	D7D0
2045	2054	95	D7D7
2045	2055	00	D7DE
2045	2031	00	D7C2
2045	2032	00	D7C9
2045	2033	00	D7D0
2045	2034	00	D7D7
2045	2035	00	D7DE
2045	2451	94	D7C2
2045	2452	93	D7C9
2045	2453	95	D7D0
2045	2454	95	D7D7
2045	2455	00	D7DE
2045	2431	00	D7C2
2045	2432	00	D7C9
2045	2433	00	D7D0
2045	2434	00	D7D7
2045	2435	00	D7DE
2045	2043	8B	D7C2
2045	2044	95	D7C9
2045	2045	8E	D7D0
2045	2046	89	D7D7
2045	2047	8F	D7DE
2046	2023	00	D7C2
2046	2024	00	D7C9
2046	2025	00	D7D0
2046	2026	00	D7D7
2046	2027	00	D7DE
2046	2443	8B	D7C2
2046	2444	95	D7C9
2046	2445	8E	D7D0
2046	2446	89	D7D7
2046	2447	8F	D7DE
2046	2423	00	D7C2
2046	2424	00	D7C9
2046	2425	00	D7D0
2046	2426	00	D7D7
2046	2427	00	D7DE
2046	2056	D5	D7AD
2046	2057	D5	D7B4
2046	2058	00	D7BB
2046	2059	00	D7C2
2046	205A	00	D7C9
2046	205B	00	D7D0
2046	205C	00	D7D7
2046	205D	00	D7DE
2047	2076	D8	D7AD
2047	2077	D8	D7B4
2047	2078	00	D7BB
2047	2079	00	D7C2
2047	207A	00	D7C9
2047	207B	00	D7D0
2047	207C	00	D7D7
2047	207D	00	D7DE
2047	2456	00	D7B4
2047	2457	00	D7BB
2047	2458	00	D7C2
2047	2459	C2	D7C9
2047	245A	C0	D7D0
2047	245B	C0	D7D7
2047	245C	CF	D7DE
2047	2048	D5	D7AD
2047	2049	D5	D7B4
2047	204A	00	D7BB
2047	204B	00	D7C2
2047	204C	00	D7C9
2047	204D	00	D7D0
2047	204E	00	D7D7
2047	204F	00	D7DE
2047	2068	D8	D7AD
2047	2069	D8	D7B4
2047	206A	00	D7BB
2047	206B	00	D7C2
2047	206C	00	D7C9
2047	206D	00	D7D0
2047	206E	00	D7D7
2047	206F	00	D7DE
2048	2448	00	D7B4
2048	2449	00	D7BB
2048	244A	00	D7C2
2048	244B	C2	D7C9
2048	244C	C0	D7D0
2048	244D	C0	D7D7
2048	244E	CF	D7DE
2049	2051	94	D7C2
2049	2052	93	D7C9
2049	2053	95	D7D0
2049	2054	95	D7D7
2049	2055	00	D7DE
2049	2031	00	D7C2
2049	2032	00	D7C9
2049	2033	00	D7D0
2049	2034	00	D7D7
2049	2035	00	D7DE
2049	2451	94	D7C2
2049	2452	93	D7C9
2049	2453	95	D7D0
2049	2454	95	D7D7
2049	2455	00	D7DE
2049	2431	00	D7C2
2049	2432	00	D7C9
2049	2433	00	D7D0
2049	2434	00	D7D7
2049	2435	00	D7DE
2049	2043	8B	D7C2
2049	2044	95	D7C9
2049	2045	8E	D7D0
2049	2046	89	D7D7
2049	2047	8F	D7DE
2050	2023	00	D7C2
2050	2024	00	D7C9
2050	2025	00	D7D0
2050	2026	00	D7D7
2050	2027	00	D7DE
2050	2443	8B	D7C2
2050	2444	95	D7C9
2050	2445	8E	D7D0
2050	2446	89	D7D7
2050	2447	8F	D7DE
2050	2423	00	D7C2
2050	2424	00	D7C9
2050	2425	00	D7D0
2050	2426	00	D7D7
2050	2427	00	D7DE
2050	2056	D5	D7AD
2050	2057	D5	D7B4
2050	2058	00	D7BB
2050	2059	00	D7C2
2050	205A	00	D7C9
2050	205B	00	D7D0
2050	205C	00	D7D7
2050	205D	00	D7DE
2051	2076	D8	D7AD
2051	2077	D8	D7B4
2051	2078	00	D7BB
2051	2079	00	D7C2
2051	207A	00	D7C9
2051	207B	00	D7D0
2051	207C	00	D7D7
2051	207D	00	D7DE
2051	2456	00	D7B4
2051	2457	00	D7BB
2051	2458	00	D7C2
2051	2459	C2	D7C9
2051	245A	C0	D7D0
2051	245B	C0	D7D7
2051	245C	CF	D7DE
2051	2048	D5	D7AD
2051	2049	D5	D7B4
2051	204A	00	D7BB
2051	204B	00	D7C2
2051	204C	00	D7C9
2051	204D	00	D7D0
2051	204E	00	D7D7
2051	204F	00	D7DE
2051	2068	D8	D7AD
2051	2069	D8	D7B4
2051	206A	00	D7BB
2051	206B	00	D7C2
2051	206C	00	D7C9
2051	206D	00	D7D0
2051	206E	00	D7D7
2051	206F	00	D7DE
2052	2448	00	D7B4
2052	2449	00	D7BB
2052	244A	00	D7C2
2052	244B	C2	D7C9
2052	244C	C0	D7D0
2052	244D	C0	D7D7
2052	244E	CF	D7DE
2053	2051	94	D7C2
2053	2052	93	D7C9
2053	2053	95	D7D0
2053	2054	95	D7D7
2053	2055	00	D7DE
2053	2031	00	D7C2
2053	2032	00	D7C9
2053	2033	00	D7D0
2053	2034	00	D7D7
2053	2035	00	D7DE
2053	2451	94	D7C2
2053	2452	93	D7C9
2053	2453	95	D7D0
2053	2454	95	D7D7
2053	2455	00	D7DE
2053	2431	00	D7C2
2053	2432	00	D7C9
2053	2433	00	D7D0
2053	2434	00	D7D7
2053	2435	00	D7DE
2053	2043	8B	D7C2
2053	2044	95	D7C9
2053	2045	8E	D7D0
2053	2046	89	D7D7
2053	2047	8F	D7DE
2054	2023	00	D7C2
2054	2024	00	D7C9
2054	2025	00	D7D0
2054	2026	00	D7D7
2054	2027	00	D7DE
2054	2443	8B	D7C2
2054	2444	95	D7C9
2054	2445	8E	D7D0
2054	2446	89	D7D7
2054	2447	8F	D7DE
2054	2423	00	D7C2
2054	2424	00	D7C9
2054	2425	00	D7D0
2054	2426	00	D7D7
2054	2427	00	D7DE
2054	2056	D5	D7AD
2054	2057	D5	D7B4
2054	2058	00	D7BB
2054	2059	00	D7C2
2054	205A	00	D7C9
2054	205B	00	D7D0
2054	205C	00	D7D7
2054	205D	00	D7DE
2055	2076	D8	D7AD
2055	2077	D8	D7B4
2055	2078	00	D7BB
2055	2079	00	D7C2
2055	207A	00	D7C9
2055	207B	00	D7D0
2055	207C	00	D7D7
2055	207D	00	D7DE
2055	2456	00	D7B4
2055	2457	00	D7BB
2055	2458	00	D7C2
2055	2459	C2	D7C9
2055	245A	C0	D7D0
2055	245B	C0	D7D7
2055	245C	CF	D7DE
2055	2048	D5	D7AD
2055	2049	D5	D7B4
2055	204A	00	D7BB
2055	204B	00	D7C2
2055	204C	00	D7C9
2055	204D	00	D7D0
2055	204E	00	D7D7
2055	204F	00	D7DE
2055	2068	D8	D7AD
2055	2069	D8	D7B4
2055	206A	00	D7BB
2055	206B	00	D7C2
2055	206C	00	D7C9
2055	206D	00	D7D0
2055	206E	00	D7D7
2055	206F	00	D7DE
2056	2448	00	D7B4
2056	2449	00	D7BB
2056	244A	00	D7C2
2056	244B	C2	D7C9
2056	244C	C0	D7D0
2056	244D	C0	D7D7
2056	244E	CF	D7DE
2057	2051	94	D7C2
2057	2052	93	D7C9
2057	2053	95	D7D0
2057	2054	95	D7D7
2057	2055	00	D7DE
2057	2031	00	D7C2
2057	2032	00	D7C9
2057	2033	00	D7D0
2057	2034	00	D7D7
2057	2035	00	D7DE
2057	2451	94	D7C2
2057	2452	93	D7C9
2057	2453	95	D7D0
2057	2454	95	D7D7
2057	2455	00	D7DE
2057	2431	00	D7C2
2057	2432	00	D7C9
2057	2433	00	D7D0
2057	2434	00	D7D7
2057	2435	00	D7DE
2057	2043	8B	D7C2
2057	2044	95	D7C9
2057	2045	8E	D7D0
2057	2046	89	D7D7
2057	2047	8F	D7DE
2058	2023	00	D7C2
2058	2024	00	D7C9
2058	2025	00	D7D0
2058	2026	00	D7D7
2058	2027	00	D7DE
2058	2443	8B	D7C2
2058	2444	95	D7C9
2058	2445	8E	D7D0
2058	2446	89	D7D7
2058	2447	8F	D7DE
2058	2423	00	D7C2
2058	2424	00	D7C9
2058	2425	00	D7D0
2058	2426	00	D7D7
2058	2427	00	D7DE
2058	2056	D5	D7AD
2058	2057	D5	D7B4
2058	2058	00	D7BB
2058	2059	00	D7C2
2058	205A	00	D7C9
2058	205B	00	D7D0
2058	205C	00	D7D7
2058	205D	00	D7DE
2059	2076	D8	D7AD
2059	2077	D8	D7B4
2059	2078	00	D7BB
2059	2079	00	D7C2
2059	207A	00	D7C9
2059	207B	00	D7D0
2059	207C	00	D7D7
2059	207D	00	D7DE
2059	2456	00	D7B4
2059	2457	00	D7BB
2059	2458	00	D7C2
2059	2459	C2	D7C9
2059	245A	C0	D7D0
2059	245B	C0	D7D7
2059	245C	CF	D7DE
2059	2048	D5	D7AD
2059	2049	D5	D7B4
2059	204A	00	D7BB
2059	204B	00	D7C2
2059	204C	00	D7C9
2059	204D	00	D7D0
2059	204E	00	D7D7
2059	204F	00	D7DE
2059	2068	D8	D7AD
2059	2069	D8	D7B4
2059	206A	00	D7BB
2059	206B	00	D7C2
2059	206C	00	D7C9
2059	206D	00	D7D0
2059	206E	00	D7D7
2059	206F	00	D7DE
2060	2448	00	D7B4
2060	2449	00	D7BB
2060	244A	00	D7C2
2060	244B	C2	D7C9
2060	244C	C0	D7D0
2060	244D	C0	D7D7
2060	244E	CF	D7DE
2061	2051	94	D7C2
2061	2052	93	D7C9
2061	2053	95	D7D0
2061	2054	95	D7D7
2061	2055	00	D7DE
2061	2031	00	D7C2
2061	2032	00	D7C9
2061	2033	00	D7D0
2061	2034	00	D7D7
2061	2035	00	D7DE
2061	2451	94	D7C2
2061	2452	93	D7C9
2061	2453	95	D7D0
2061	2454	95	D7D7
2061	2455	00	D7DE
2061	2431	00	D7C2
2061	2432	00	D7C9
2061	2433	00	D7D0
2061	2434	00	D7D7
2061	2435	00	D7DE
2061	2043	8B	D7C2
2061	2044	95	D7C9
2061	2045	8E	D7D0
2061	2046	89	D7D7
2061	2047	8F	D7DE
2062	2023	00	D7C2
2062	2024	00	D7C9
2062	2025	00	D7D0
2062	2026	00	D7D7
2062	2027	00	D7DE
2062	2443	8B	D7C2
2062	2444	95	D7C9
2062	2445	8E	D7D0
2062	2446	89	D7D7
2062	2447	8F	D7DE
2062	2423	00	D7C2
2062	2424	00	D7C9
2062	2425	00	D7D0
2062	2426	00	D7D7
2062	2427	00	D7DE
2062	2056	D5	D7AD
2062	2057	D5	D7B4
2062	2058	00	D7BB
2062	2059	00	D7C2
2062	205A	00	D7C9
2062	205B	00	D7D0
2062	205C	00	D7D7
2062	205D	00	D7DE
2063	2076	D8	D7AD
2063	2077	D8	D7B4
2063	2078	00	D7BB
2063	2079	00	D7C2
2063	207A	00	D7C9
2063	207B	00	D7D0
2063	207C	00	D7D7
2063	207D	00	D7DE
2063	2456	00	D7B4
2063	2457	00	D7BB
2063	2458	00	D7C2
2063	2459	C2	D7C9
2063	245A	C0	D7D0
2063	245B	C0	D7D7
2063	245C	CF	D7DE
2063	2048	D5	D7AD
2063	2049	D5	D7B4
2063	204A	00	D7BB
2063	204B	00	D7C2
2063	204C	00	D7C9
2063	204D	00	D7D0
2063	204E	00	D7D7
2063	204F	00	D7DE
2063	2068	D8	D7AD
2063	2069	D8	D7B4
2063	206A	00	D7BB
2063	206B	00	D7C2
2063	206C	00	D7C9
2063	206D	00	D7D0
2063	206E	00	D7D7
2063	206F	00	D7DE
2064	2448	00	D7B4
2064	2449	00	D7BB
2064	244A	00	D7C2
2064	244B	C2	D7C9
2064	244C	C0	D7D0
2064	244D	C0	D7D7
2064	244E	CF	D7DE
2065	2051	94	D7C2
2065	2052	93	D7C9
2065	2053	95	D7D0
2065	2054	95	D7D7
2065	2055	00	D7DE
2065	2031	00	D7C2
2065	2032	00	D7C9
2065	2033	00	D7D0
2065	2034	00	D7D7
2065	2035	00	D7DE
2065	2451	94	D7C2
2065	2452	93	D7C9
2065	2453	95	D7D0
2065	2454	95	D7D7
2065	2455	00	D7DE
2065	2431	00	D7C2
2065	2432	00	D7C9
2065	2433	00	D7D0
2065	2434	00	D7D7
2065	2435	00	D7DE
2065	2043	8B	D7C2
2065	2044	95	D7C9
2065	2045	8E	D7D0
2065	2046	89	D7D7
2065	2047	8F	D7DE
2066	2023	00	D7C2
2066	2024	00	D7C9
2066	2025	00	D7D0
2066	2026	00	D7D7
2066	2027	00	D7DE
2066	2443	8B	D7C2
2066	2444	95	D7C9
2066	2445	8E	D7D0
2066	2446	89	D7D7
2066	2447	8F	D7DE
2066	2423	00	D7C2
2066	2424	00	D7C9
2066	2425	00	D7D0
2066	2426	00	D7D7
2066	2427	00	D7DE
2066	2056	D5	D7AD
2066	2057	D5	D7B4
2066	2058	00	D7BB
2066	2059	00	D7C2
2066	205A	00	D7C9
2066	205B	00	D7D0
2066	205C	00	D7D7
2066	205D	00	D7DE
2067	2076	D8	D7AD
2067	2077	D8	D7B4
2067	2078	00	D7BB
2067	2079	00	D7C2
2067	207A	00	D7C9
2067	207B	00	D7D0
2067	207C	00	D7D7
2067	207D	00	D7DE
2067	2456	00	D7B4
2067	2457	00	D7BB
2067	2458	00	D7C2
2067	2459	C2	D7C9
2067	245A	C0	D7D0
2067	245B	C0	D7D7
2067	245C	CF	D7DE
2067	2048	D5	D7AD
2067	2049	D5	D7B4
2067	204A	00	D7BB
2067	204B	00	D7C2
2067	204C	00	D7C9
2067	204D	00	D7D0
2067	204E	00	D7D7
2067	204F	00	D7DE
2067	2068	D8	D7AD
2067	2069	D8	D7B4
2067	206A	00	D7BB
2067	206B	00	D7C2
2067	206C	00	D7C9
2067	206D	00	D7D0
2067	206E	00	D7D7
2067	206F	00	D7DE
2068	2448	00	D7B4
2068	2449	00	D7BB
2068	244A	00	D7C2
2068	244B	C2	D7C9
2068	244C	C0	D7D0
2068	244D	C0	D7D7
2068	244E	CF	D7DE
2069	2051	94	D7C2
2069	2052	93	D7C9
2069	2053	95	D7D0
2069	2054	95	D7D7
2069	2055	00	D7DE
2069	2031	00	D7C2
2069	2032	00	D7C9
2069	2033	00	D7D0
2069	2034	00	D7D7
2069	2035	00	D7DE
2069	2451	94	D7C2
2069	2452	93	D7C9
2069	2453	95	D7D0
2069	2454	95	D7D7
2069	2455	00	D7DE
2069	2431	00	D7C2
2069	2432	00	D7C9
2069	2433	00	D7D0
2069	2434	00	D7D7
2069	2435	00	D7DE
2069	2043	8B	D7C2
2069	2044	95	D7C9
2069	2045	8E	D7D0
2069	2046	89	D7D7
2069	2047	8F	D7DE
2070	2023	00	D7C2
2070	2024	00	D7C9
2070	2025	00	D7D0
2070	2026	00	D7D7
2070	2027	00	D7DE
2070	2443	8B	D7C2
2070	2444	95	D7C9
2070	2445	8E	D7D0
2070	2446	89	D7D7
2070	2447	8F	D7DE
2070	2423	00	D7C2
2070	2424	00	D7C9
2070	2425	00	D7D0
2070	2426	00	D7D7
2070	2427	00	D7DE
2070	2056	D5	D7AD
2070	2057	D5	D7B4
2070	2058	00	D7BB
2070	2059	00	D7C2
2070	205A	00	D7C9
2070	205B	00	D7D0
2070	205C	00	D7D7
2070	205D	00	D7DE
2071	2076	D8	D7AD
2071	2077	D8	D7B4
2071	2078	00	D7BB
2071	2079	00	D7C2
2071	207A	00	D7C9
2071	207B	00	D7D0
2071	207C	00	D7D7
2071	207D	00	D7DE
2071	2456	00	D7B4
2071	2457	00	D7BB
2071	2458	00	D7C2
2071	2459	C2	D7C9
2071	245A	C0	D7D0
2071	245B	C0	D7D7
2071	245C	CF	D7DE
2071	2048	D5	D7AD
2071	2049	D5	D7B4
2071	204A	00	D7BB
2071	204B	00	D7C2
2071	204C	00	D7C9
2071	204D	00	D7D0
2071	204E	00	D7D7
2071	204F	00	D7DE
2071	2068	D8	D7AD
2071	2069	D8	D7B4
2071	206A	00	D7BB
2071	206B	00	D7C2
2071	206C	00	D7C9
2071	206D	00	D7D0
2071	206E	00	D7D7
2071	206F	00	D7DE
2072	2448	00	D7B4
2072	2449	00	D7BB
2072	244A	00	D7C2
2072	244B	C2	D7C9
2072	244C	C0	D7D0
2072	244D	C0	D7D7
2072	244E	CF	D7DE
2073	2051	94	D7C2
2073	2052	93	D7C9
2073	2053	95	D7D0
2073	2054	95	D7D7
2073	2055	00	D7DE
2073	2031	00	D7C2
2073	2032	00	D7C9
2073	2033	00	D7D0
2073	2034	00	D7D7
2073	2035	00	D7DE
2073	2451	94	D7C2
2073	2452	93	D7C9
2073	2453	95	D7D0
2073	2454	95	D7D7
2073	2455	00	D7DE
2073	2431	00	D7C2
2073	2432	00	D7C9
2073	2433	00	D7D0
2073	2434	00	D7D7
2073	2435	00	D7DE
2073	2043	8B	D7C2
2073	2044	95	D7C9
2073	2045	8E	D7D0
2073	2046	89	D7D7
2073	2047	8F	D7DE
2074	2023	00	D7C2
2074	2024	00	D7C9
2074	2025	00	D7D0
2074	2026	00	D7D7
2074	2027	00	D7DE
2074	2443	8B	D7C2
2074	2444	95	D7C9
2074	2445	8E	D7D0
2074	2446	89	D7D7
2074	2447	8F	D7DE
2074	2423	00	D7C2
2074	2424	00	D7C9
2074	2425	00	D7D0
2074	2426	00	D7D7
2074	2427	00	D7DE
2074	2056	D5	D7AD
2074	2057	D5	D7B4
2074	2058	00	D7BB
2074	2059	00	D7C2
2074	205A	00	D7C9
2074	205B	00	D7D0
2074	205C	00	D7D7
2074	205D	00	D7DE
2075	2076	D8	D7AD
2075	2077	D8	D7B4
2075	2078	00	D7BB
2075	2079	00	D7C2
2075	207A	00	D7C9
2075	207B	00	D7D0
2075	207C	00	D7D7
2075	207D	00	D7DE
2075	2456	00	D7B4
2075	2457	00	D7BB
2075	2458	00	D7C2
2075	2459	C2	D7C9
2075	245A	C0	D7D0
2075	245B	C0	D7D7
2075	245C	CF	D7DE
2075	2048	D5	D7AD
2075	2049	D5	D7B4
2075	204A	00	D7BB
2075	204B	00	D7C2
2075	204C	00	D7C9
2075	204D	00	D7D0
2075	204E	00	D7D7
2075	204F	00	D7DE
2075	2068	D8	D7AD
2075	2069	D8	D7B4
2075	206A	00	D7BB
2075	206B	00	D7C2
2075	206C	00	D7C9
2075	206D	00	D7D0
2075	206E	00	D7D7
2075	206F	00	D7DE
2076	2448	00	D7B4
2076	2449	00	D7BB
2076	244A	00	D7C2
2076	244B	C2	D7C9
2076	244C	C0	D7D0
2076	244D	C0	D7D7
2076	244E	CF	D7DE
2077	2051	94	D7C2
2077	2052	93	D7C9
2077	2053	95	D7D0
2077	2054	95	D7D7
2077	2055	00	D7DE
2077	2031	00	D7C2
2077	2032	00	D7C9
2077	2033	00	D7D0
2077	2034	00	D7D7
2077	2035	00	D7DE
2077	2451	94	D7C2
2077	2452	93	D7C9
2077	2453	95	D7D0
2077	2454	95	D7D7
2077	2455	00	D7DE
2077	2431	00	D7C2
2077	2432	00	D7C9
2077	2433	00	D7D0
2077	2434	00	D7D7
2077	2435	00	D7DE
2077	2043	8B	D7C2
2077	2044	95	D7C9
2077	2045	8E	D7D0
2077	2046	89	D7D7
2077	2047	8F	D7DE
2078	2023	00	D7C2
2078	2024	00	D7C9
2078	2025	00	D7D0
2078	2026	00	D7D7
2078	2027	00	D7DE
2078	2443	8B	D7C2
2078	2444	95	D7C9
2078	2445	8E	D7D0
2078	2446	89	D7D7
2078	2447	8F	D7DE
2078	2423	00	D7C2
2078	2424	00	D7C9
2078	2425	00	D7D0
2078	2426	00	D7D7
2078	2427	00	D7DE
2078	2056	D5	D7AD
2078	2057	D5	D7B4
2078	2058	00	D7BB
2078	2059	00	D7C2
2078	205A	00	D7C9
2078	205B	00	D7D0
2078	205C	00	D7D7
2078	205D	00	D7DE
2079	2076	D8	D7AD
2079	2077	D8	D7B4
2079	2078	00	D7BB
2079	2079	00	D7C2
2079	207A	00	D7C9
2079	207B	00	D7D0
2079	207C	00	D7D7
2079	207D	00	D7DE
2079	2456	00	D7B4
2079	2457	00	D7BB
2079	2458	00	D7C2
2079	2459	C2	D7C9
2079	245A	C0	D7D0
2079	245B	C0	D7D7
2079	245C	CF	D7DE
2079	2048	D5	D7AD
2079	2049	D5	D7B4
2079	204A	00	D7BB
2079	204B	00	D7C2
2079	204C	00	D7C9
2079	204D	00	D7D0
2079	204E	00	D7D7
2079	204F	00	D7DE
2079	2068	D8	D7AD
2079	2069	D8	D7B4
2079	206A	00	D7BB
2079	206B	00	D7C2
2079	206C	00	D7C9
2079	206D	00	D7D0
2079	206E	00	D7D7
2079	206F	00	D7DE
2080	2448	00	D7B4
2080	2449	00	D7BB
2080	244A	00	D7C2
2080	244B	C2	D7C9
2080	244C	C0	D7D0
2080	244D	C0	D7D7
2080	244E	CF	D7DE
2080	210D	7A	D7DE
2080	21CD	3E	D7DE
2081	2051	94	D7C2
2081	2052	93	D7C9
2081	2053	95	D7D0
2081	2054	95	D7D7
2081	2055	00	D7DE
2081	2031	00	D7C2
2081	2032	00	D7C9
2081	2033	00	D7D0
2081	2034	00	D7D7
2081	2035	00	D7DE
2081	2451	94	D7C2
2081	2452	93	D7C9
2081	2453	95	D7D0
2081	2454	95	D7D7
2081	2455	00	D7DE
2081	2431	00	D7C2
2081	2432	00	D7C9
2081	2433	00	D7D0
2081	2434	00	D7D7
2081	2435	00	D7DE
2081	2043	8B	D7C2
2081	2044	95	D7C9
2081	2045	8E	D7D0
2081	2046	89	D7D7
2081	2047	8F	D7DE
2082	2023	00	D7C2
2082	2024	00	D7C9
2082	2025	00	D7D0
2082	2026	00	D7D7
2082	2027	00	D7DE
2082	2443	8B	D7C2
2082	2444	95	D7C9
2082	2445	8E	D7D0
2082	2446	89	D7D7
2082	2447	8F	D7DE
2082	2423	00	D7C2
2082	2424	00	D7C9
2082	2425	00	D7D0
2082	2426	00	D7D7
2082	2427	00	D7DE
2082	2056	D5	D7AD
2082	2057	D5	D7B4
2082	2058	00	D7BB
2082	2059	00	D7C2
2082	205A	00	D7C9
2082	205B	00	D7D0
2082	205C	00	D7D7
2082	205D	00	D7DE
2083	2076	D8	D7AD
2083	2077	D8	D7B4
2083	2078	00	D7BB
2083	2079	00	D7C2
2083	207A	00	D7C9
2083	207B	00	D7D0
2083	207C	00	D7D7
2083	207D	00	D7DE
2083	2456	00	D7B4
2083	2457	00	D7BB
2083	2458	00	D7C2
2083	2459	C2	D7C9
2083	245A	C0	D7D0
2083	245B	C0	D7D7
2083	245C	CF	D7DE
2083	2048	D5	D7AD
2083	2049	D5	D7B4
2083	204A	00	D7BB
2083	204B	00	D7C2
2083	204C	00	D7C9
2083	204D	00	D7D0
2083	204E	00	D7D7
2083	204F	00	D7DE
2083	2068	D8	D7AD
2083	2069	D8	D7B4
2083	206A	00	D7BB
2083	206B	00	D7C2
2083	206C	00	D7C9
2083	206D	00	D7D0
2083	206E	00	D7D7
2083	206F	00	D7DE
2084	2448	00	D7B4
2084	2449	00	D7BB
2084	244A	00	D7C2
2084	244B	C2	D7C9
2084	244C	C0	D7D0
2084	244D	C0	D7D7
2084	244E	CF	D7DE
2085	2051	94	D7C2
2085	2052	93	D7C9
2085	2053	95	D7D0
2085	2054	95	D7D7
2085	2055	00	D7DE
2085	2031	00	D7C2
2085	2032	00	D7C9
2085	2033	00	D7D0
2085	2034	00	D7D7
2085	2035	00	D7DE
2085	2451	94	D7C2
2085	2452	93	D7C9
2085	2453	95	D7D0
2085	2454	95	D7D7
2085	2455	00	D7DE
2085	2431	00	D7C2
2085	2432	00	D7C9
2085	2433	00	D7D0
2085	2434	00	D7D7
2085	2435	00	D7DE
2085	2043	8B	D7C2
2085	2044	95	D7C9
2085	2045	8E	D7D0
2085	2046	89	D7D7
2085	2047	8F	D7DE
2086	2023	00	D7C2
2086	2024	00	D7C9
2086	2025	00	D7D0
2086	2026	00	D7D7
2086	2027	00	D7DE
2086	2443	8B	D7C2
2086	2444	95	D7C9
2086	2445	8E	D7D0
2086	2446	89	D7D7
2086	2447	8F	D7DE
2086	2423	00	D7C2
2086	2424	00	D7C9
2086	2425	00	D7D0
2086	2426	00	D7D7
2086	2427	00	D7DE
2086	2056	D5	D7AD
2086	2057	D5	D7B4
2086	2058	00	D7BB
2086	2059	00	D7C2
2086	205A	00	D7C9
2086	205B	00	D7D0
2086	205C	00	D7D7
2086	205D	00	D7DE
2087	2076	D8	D7AD
2087	2077	D8	D7B4
2087	2078	00	D7BB
2087	2079	00	D7C2
2087	207A	00	D7C9
2087	207B	00	D7D0
2087	207C	00	D7D7
2087	207D	00	D7DE
2087	2456	00	D7B4
2087	2457	00	D7BB
2087	2458	00	D7C2
2087	2459	C2	D7C9
2087	245A	C0	D7D0
2087	245B	C0	D7D7
2087	245C	CF	D7DE
2087	2048	D5	D7AD
2087	2049	D5	D7B4
2087	204A	00	D7BB
2087	204B	00	D7C2
2087	204C	00	D7C9
2087	204D	00	D7D0
2087	204E	00	D7D7
2087	204F	00	D7DE
2087	2068	D8	D7AD
2087	2069	D8	D7B4
2087	206A	00	D7BB
2087	206B	00	D7C2
2087	206C	00	D7C9
2087	206D	00	D7D0
2087	206E	00	D7D7
2087	206F	00	D7DE
2088	2448	00	D7B4
2088	2449	00	D7BB
2088	244A	00	D7C2
2088	244B	C2	D7C9
2088	244C	C0	D7D0
2088	244D	C0	D7D7
2088	244E	CF	D7DE
2089	2051	94	D7C2
2089	2052	93	D7C9
2089	2053	95	D7D0
2089	2054	95	D7D7
2089	2055	00	D7DE
2089	2031	00	D7C2
2089	2032	00	D7C9
2089	2033	00	D7D0
2089	2034	00	D7D7
2089	2035	00	D7DE
2089	2451	94	D7C2
2089	2452	93	D7C9
2089	2453	95	D7D0
2089	2454	95	D7D7
2089	2455	00	D7DE
2089	2431	00	D7C2
2089	2432	00	D7C9
2089	2433	00	D7D0
2089	2434	00	D7D7
2089	2435	00	D7DE
2089	2043	8B	D7C2
2089	2044	95	D7C9
2089	2045	8E	D7D0
2089	2046	89	D7D7
2089	2047	8F	D7DE
2090	2023	00	D7C2
2090	2024	00	D7C9
2090	2025	00	D7D0
2090	2026	00	D7D7
2090	2027	00	D7DE
2090	2443	8B	D7C2
2090	2444	95	D7C9
2090	2445	8E	D7D0
2090	2446	89	D7D7
2090	2447	8F	D7DE
2090	2423	00	D7C2
2090	2424	00	D7C9
2090	2425	00	D7D0
2090	2426	00	D7D7
2090	2427	00	D7DE
2090	2056	D5	D7AD
2090	2057	D5	D7B4
2090	2058	00	D7BB
2090	2059	00	D7C2
2090	205A	00	D7C9
2090	205B	00	D7D0
2090	205C	00	D7D7
2090	205D	00	D7DE
2091	2076	D8	D7AD
2091	2077	D8	D7B4
2091	2078	00	D7BB
2091	2079	00	D7C2
2091	207A	00	D7C9
2091	207B	00	D7D0
2091	207C	00	D7D7
2091	207D	00	D7DE
2091	2456	00	D7B4
2091	2457	00	D7BB
2091	2458	00	D7C2
2091	2459	C2	D7C9
2091	245A	C0	D7D0
2091	245B	C0	D7D7
2091	245C	CF	D7DE
2091	2048	D5	D7AD
2091	2049	D5	D7B4
2091	204A	00	D7BB
2091	204B	00	D7C2
2091	204C	00	D7C9
2091	204D	00	D7D0
2091	204E	00	D7D7
2091	204F	00	D7DE
2091	2068	D8	D7AD
2091	2069	D8	D7B4
2091	206A	00	D7BB
2091	206B	00	D7C2
2091	206C	00	D7C9
2091	206D	00	D7D0
2091	206E	00	D7D7
2091	206F	00	D7DE
2092	2448	00	D7B4
2092	2449	00	D7BB
2092	244A	00	D7C2
2092	244B	C2	D7C9
2092	244C	C0	D7D0
2092	244D	C0	D7D7
2092	244E	CF	D7DE
2093	2051	94	D7C2
2093	2052	93	D7C9
2093	2053	95	D7D0
2093	2054	95	D7D7
2093	2055	00	D7DE
2093	2031	00	D7C2
2093	2032	00	D7C9
2093	2033	00	D7D0
2093	2034	00	D7D7
2093	2035	00	D7DE
2093	2451	94	D7C2
2093	2452	93	D7C9
2093	2453	95	D7D0
2093	2454	95	D7D7
2093	2455	00	D7DE
2093	2431	00	D7C2
2093	2432	00	D7C9
2093	2433	00	D7D0
2093	2434	00	D7D7
2093	2435	00	D7DE
2093	2043	8B	D7C2
2093	2044	95	D7C9
2093	2045	8E	D7D0
2093	2046	89	D7D7
2093	2047	8F	D7DE
2094	2023	00	D7C2
2094	2024	00	D7C9
2094	2025	00	D7D0
2094	2026	00	D7D7
2094	2027	00	D7DE
2094	2443	8B	D7C2
2094	2444	95	D7C9
2094	2445	8E	D7D0
2094	2446	89	D7D7
2094	2447	8F	D7DE
2094	2423	00	D7C2
2094	2424	00	D7C9
2094	2425	00	D7D0
2094	2426	00	D7D7
2094	2427	00	D7DE
2094	2056	D5	D7AD
2094	2057	D5	D7B4
2094	2058	00	D7BB
2094	2059	00	D7C2
2094	205A	00	D7C9
2094	205B	00	D7D0
2094	205C	00	D7D7
2094	205D	00	D7DE
2095	2076	D8	D7AD
2095	2077	D8	D7B4
2095	2078	00	D7BB
2095	2079	00	D7C2
2095	207A	00	D7C9
2095	207B	00	D7D0
2095	207C	00	D7D7
2095	207D	00	D7DE
2095	2456	00	D7B4
2095	2457	00	D7BB
2095	2458	00	D7C2
2095	2459	C2	D7C9
2095	245A	C0	D7D0
2095	245B	C0	D7D7
2095	245C	CF	D7DE
2095	2048	D5	D7AD
2095	2049	D5	D7B4
2095	204A	00	D7BB
2095	204B	00	D7C2
2095	204C	00	D7C9
2095	204D	00	D7D0
2095	204E	00	D7D7
2095	204F	00	D7DE
2095	2068	D8	D7AD
2095	2069	D8	D7B4
2095	206A	00	D7BB
2095	206B	00	D7C2
2095	206C	00	D7C9
2095	206D	00	D7D0
2095	206E	00	D7D7
2095	206F	00	D7DE
2096	2448	00	D7B4
2096	2449	00	D7BB
2096	244A	00	D7C2
2096	244B	C2	D7C9
2096	244C	C0	D7D0
2096	244D	C0	D7D7
2096	244E	CF	D7DE
2097	2051	94	D7C2
2097	2052	93	D7C9
2097	2053	95	D7D0
2097	2054	95	D7D7
2097	2055	00	D7DE
2097	2031	00	D7C2
2097	2032	00	D7C9
2097	2033	00	D7D0
2097	2034	00	D7D7
2097	2035	00	D7DE
2097	2451	94	D7C2
2097	2452	93	D7C9
2097	2453	95	D7D0
2097	2454	95	D7D7
2097	2455	00	D7DE
2097	2431	00	D7C2
2097	2432	00	D7C9
2097	2433	00	D7D0
2097	2434	00	D7D7
2097	2435	00	D7DE
2097	2043	8B	D7C2
2097	2044	95	D7C9
2097	2045	8E	D7D0
2097	2046	89	D7D7
2097	2047	8F	D7DE
2098	2023	00	D7C2
2098	2024	00	D7C9
2098	2025	00	D7D0
2098	2026	00	D7D7
2098	2027	00	D7DE
2098	2443	8B	D7C2
2098	2444	95	D7C9
2098	2445	8E	D7D0
2098	2446	89	D7D7
2098	2447	8F	D7DE
2098	2423	00	D7C2
2098	2424	00	D7C9
2098	2425	00	D7D0
2098	2426	00	D7D7
2098	2427	00	D7DE
2098	2056	D5	D7AD
2098	2057	D5	D7B4
2098	2058	00	D7BB
2098	2059	00	D7C2
2098	205A	00	D7C9
2098	205B	00	D7D0
2098	205C	00	D7D7
2098	205D	00	D7DE
2099	2076	D8	D7AD
2099	2077	D8	D7B4
2099	2078	00	D7BB
2099	2079	00	D7C2
2099	207A	00	D7C9
2099	207B	00	D7D0
2099	207C	00	D7D7
2099	207D	00	D7DE
2099	2456	00	D7B4
2099	2457	00	D7BB
2099	2458	00	D7C2
2099	2459	C2	D7C9
2099	245A	C0	D7D0
2099	245B	C0	D7D7
2099	245C	CF	D7DE
2099	2048	D5	D7AD
2099	2049	D5	D7B4
2099	204A	00	D7BB
2099	204B	00	D7C2
2099	204C	00	D7C9
2099	204D	00	D7D0
2099	204E	00	D7D7
2099	204F	00	D7DE
2099	2068	D8	D7AD
2099	2069	D8	D7B4
2099	206A	00	D7BB
2099	206B	00	D7C2
2099	206C	00	D7C9
2099	206D	00	D7D0
2099	206E	00	D7D7
2099	206F	00	D7DE
2100	2448	00	D7B4
2100	2449	00	D7BB
2100	244A	00	D7C2
2100	244B	C2	D7C9
2100	244C	C0	D7D0
2100	244D	C0	D7D7
2100	244E	CF	D7DE
2101	2051	94	D7C2
2101	2052	93	D7C9
2101	2053	95	D7D0
2101	2054	95	D7D7
2101	2055	00	D7DE
2101	2031	00	D7C2
2101	2032	00	D7C9
2101	2033	00	D7D0
2101	2034	00	D7D7
2101	2035	00	D7DE
2101	2451	94	D7C2
2101	2452	93	D7C9
2101	2453	95	D7D0
2101	2454	95	D7D7
2101	2455	00	D7DE
2101	2431	00	D7C2
2101	2432	00	D7C9
2101	2433	00	D7D0
2101	2434	00	D7D7
2101	2435	00	D7DE
2101	2043	8B	D7C2
2101	2044	95	D7C9
2101	2045	8E	D7D0
2101	2046	89	D7D7
2101	2047	8F	D7DE
2102	2023	00	D7C2
2102	2024	00	D7C9
2102	2025	00	D7D0
2102	2026	00	D7D7
2102	2027	00	D7DE
2102	2443	8B	D7C2
2102	2444	95	D7C9
2102	2445	8E	D7D0
2102	2446	89	D7D7
2102	2447	8F	D7DE
2102	2423	00	D7C2
2102	2424	00	D7C9
2102	2425	00	D7D0
2102	2426	00	D7D7
2102	2427	00	D7DE
2102	2056	D5	D7AD
2102	2057	D5	D7B4
2102	2058	00	D7BB
2102	2059	00	D7C2
2102	205A	00	D7C9
2102	205B	00	D7D0
2102	205C	00	D7D7
2102	205D	00	D7DE
2103	2076	D8	D7AD
2103	2077	D8	D7B4
2103	2078	00	D7BB
2103	2079	00	D7C2
2103	207A	00	D7C9
2103	207B	00	D7D0
2103	207C	00	D7D7
2103	207D	00	D7DE
2103	2456	00	D7B4
2103	2457	00	D7BB
2103	2458	00	D7C2
2103	2459	C2	D7C9
2103	245A	C0	D7D0
2103	245B	C0	D7D7
2103	245C	CF	D7DE
2103	2048	D5	D7AD
2103	2049	D5	D7B4
2103	204A	00	D7BB
2103	204B	00	D7C2
2103	204C	00	D7C9
2103	204D	00	D7D0
2103	204E	00	D7D7
2103	204F	00	D7DE
2103	2068	D8	D7AD
2103	2069	D8	D7B4
2103	206A	00	D7BB
2103	206B	00	D7C2
2103	206C	00	D7C9
2103	206D	00	D7D0
2103	206E	00	D7D7
2103	206F	00	D7DE
2104	2448	00	D7B4
2104	2449	00	D7BB
2104	244A	00	D7C2
2104	244B	C2	D7C9
2104	244C	C0	D7D0
2104	244D	C0	D7D7
2104	244E	CF	D7DE
2105	2051	94	D7C2
2105	2052	93	D7C9
2105	2053	95	D7D0
2105	2054	95	D7D7
2105	2055	00	D7DE
2105	2031	00	D7C2
2105	2032	00	D7C9
2105	2033	00	D7D0
2105	2034	00	D7D7
2105	2035	00	D7DE
2105	2451	94	D7C2
2105	2452	93	D7C9
2105	2453	95	D7D0
2105	2454	95	D7D7
2105	2455	00	D7DE
2105	2431	00	D7C2
2105	2432	00	D7C9
2105	2433	00	D7D0
2105	2434	00	D7D7
2105	2435	00	D7DE
2105	2043	8B	D7C2
2105	2044	95	D7C9
2105	2045	8E	D7D0
2105	2046	89	D7D7
2105	2047	8F	D7DE
2106	2023	00	D7C2
2106	2024	00	D7C9
2106	2025	00	D7D0
2106	2026	00	D7D7
2106	2027	00	D7DE
2106	2443	8B	D7C2
2106	2444	95	D7C9
2106	2445	8E	D7D0
2106	2446	89	D7D7
2106	2447	8F	D7DE
2106	2423	00	D7C2
2106	2424	00	D7C9
2106	2425	00	D7D0
2106	2426	00	D7D7
2106	2427	00	D7DE
2106	2056	D5	D7AD
2106	2057	D5	D7B4
2106	2058	00	D7BB
2106	2059	00	D7C2
2106	205A	00	D7C9
2106	205B	00	D7D0
2106	205C	00	D7D7
2106	205D	00	D7DE
2107	2076	D8	D7AD
2107	2077	D8	D7B4
2107	2078	00	D7BB
2107	2079	00	D7C2
2107	207A	00	D7C9
2107	207B	00	D7D0
2107	207C	00	D7D7
2107	207D	00	D7DE
2107	2456	00	D7B4
2107	2457	00	D7BB
2107	2458	00	D7C2
2107	2459	C2	D7C9
2107	245A	C0	D7D0
2107	245B	C0	D7D7
2107	245C	CF	D7DE
2107	2048	D5	D7AD
2107	2049	D5	D7B4
2107	204A	00	D7BB
2107	204B	00	D7C2
2107	204C	00	D7C9
2107	204D	00	D7D0
2107	204E	00	D7D7
2107	204F	00	D7DE
2107	2068	D8	D7AD
2107	2069	D8	D7B4
2107	206A	00	D7BB
2107	206B	00	D7C2
2107	206C	00	D7C9
2107	206D	00	D7D0
2107	206E	00	D7D7
2107	206F	00	D7DE
2108	2448	00	D7B4
2108	2449	00	D7BB
2108	244A	00	D7C2
2108	244B	C2	D7C9
2108	244C	C0	D7D0
2108	244D	C0	D7D7
2108	244E	CF	D7DE
2109	2051	94	D7C2
2109	2052	93	D7C9
2109	2053	95	D7D0
2109	2054	95	D7D7
2109	2055	00	D7DE
2109	2031	00	D7C2
2109	2032	00	D7C9
2109	2033	00	D7D0
2109	2034	00	D7D7
2109	2035	00	D7DE
2109	2451	94	D7C2
2109	2452	93	D7C9
2109	2453	95	D7D0
2109	2454	95	D7D7
2109	2455	00	D7DE
2109	2431	00	D7C2
2109	2432	00	D7C9
2109	2433	00	D7D0
2109	2434	00	D7D7
2109	2435	00	D7DE
2109	2043	8B	D7C2
2109	2044	95	D7C9
2109	2045	8E	D7D0
2109	2046	89	D7D7
2109	2047	8F	D7DE
2110	2023	00	D7C2
2110	2024	00	D7C9
2110	2025	00	D7D0
2110	2026	00	D7D7
2110	2027	00	D7DE
2110	2443	8B	D7C2
2110	2444	95	D7C9
2110	2445	8E	D7D0
2110	2446	89	D7D7
2110	2447	8F	D7DE
2110	2423	00	D7C2
2110	2424	00	D7C9
2110	2425	00	D7D0
2110	2426	00	D7D7
2110	2427	00	D7DE
2110	2056	D5	D7AD
2110	2057	D5	D7B4
2110	2058	00	D7BB
2110	2059	00	D7C2
2110	205A	00	D7C9
2110	205B	00	D7D0
2110	205C	00	D7D7
2110	205D	00	D7DE
2111	2076	D8	D7AD
2111	2077	D8	D7B4
2111	2078	00	D7BB
2111	2079	00	D7C2
2111	207A	00	D7C9
2111	207B	00	D7D0
2111	207C	00	D7D7
2111	207D	00	D7DE
2111	2456	00	D7B4
2111	2457	00	D7BB
2111	2458	00	D7C2
2111	2459	C2	D7C9
2111	245A	C0	D7D0
2111	245B	C0	D7D7
2111	245C	CF	D7DE
2111	2048	D5	D7AD
2111	2049	D5	D7B4
2111	204A	00	D7BB
2111	204B	00	D7C2
2111	204C	00	D7C9
2111	204D	00	D7D0
2111	204E	00	D7D7
2111	204F	00	D7DE
2111	2068	D8	D7AD
2111	2069	D8	D7B4
2111	206A	00	D7BB
2111	206B	00	D7C2
2111	206C	00	D7C9
2111	206D	00	D7D0
2111	206E	00	D7D7
2111	206F	00	D7DE
2112	2448	00	D7B4
2112	2449	00	D7BB
2112	244A	00	D7C2
2112	244B	C2	D7C9
2112	244C	C0	D7D0
2112	244D	C0	D7D7
2112	244E	CF	D7DE
2113	2051	94	D7C2
2113	2052	93	D7C9
2113	2053	95	D7D0
2113	2054	95	D7D7
2113	2055	00	D7DE
2113	2031	00	D7C2
2113	2032	00	D7C9
2113	2033	00	D7D0
2113	2034	00	D7D7
2113	2035	00	D7DE
2113	2451	94	D7C2
2113	2452	93	D7C9
2113	2453	95	D7D0
2113	2454	95	D7D7
2113	2455	00	D7DE
2113	2431	00	D7C2
2113	2432	00	D7C9
2113	2433	00	D7D0
2113	2434	00	D7D7
2113	2435	00	D7DE
2113	2043	8B	D7C2
2113	2044	95	D7C9
2113	2045	8E	D7D0
2113	2046	89	D7D7
2113	2047	8F	D7DE
2114	2023	00	D7C2
2114	2024	00	D7C9
2114	2025	00	D7D0
2114	2026	00	D7D7
2114	2027	00	D7DE
2114	2443	8B	D7C2
2114	2444	95	D7C9
2114	2445	8E	D7D0
2114	2446	89	D7D7
2114	2447	8F	D7DE
2114	2423	00	D7C2
2114	2424	00	D7C9
2114	2425	00	D7D0
2114	2426	00	D7D7
2114	2427	00	D7DE
2114	2056	D5	D7AD
2114	2057	D5	D7B4
2114	2058	00	D7BB
2114	2059	00	D7C2
2114	205A	00	D7C9
2114	205B	00	D7D0
2114	205C	00	D7D7
2114	205D	00	D7DE
2115	2076	D8	D7AD
2115	2077	D8	D7B4
2115	2078	00	D7BB
2115	2079	00	D7C2
2115	207A	00	D7C9
2115	207B	00	D7D0
2115	207C	00	D7D7
2115	207D	00	D7DE
2115	2456	00	D7B4
2115	2457	00	D7BB
2115	2458	00	D7C2
2115	2459	C2	D7C9
2115	245A	C0	D7D0
2115	245B	C0	D7D7
2115	245C	CF	D7DE
2115	2048	D5	D7AD
2115	2049	D5	D7B4
2115	204A	00	D7BB
2115	204B	00	D7C2
2115	204C	00	D7C9
2115	204D	00	D7D0
2115	204E	00	D7D7
2115	204F	00	D7DE
2115	2068	D8	D7AD
2115	2069	D8	D7B4
2115	206A	00	D7BB
2115	206B	00	D7C2
2115	206C	00	D7C9
2115	206D	00	D7D0
2115	206E	00	D7D7
2115	206F	00	D7DE
2116	2448	00	D7B4
2116	2449	00	D7BB
2116	244A	00	D7C2
2116	244B	C2	D7C9
2116	244C	C0	D7D0
2116	244D	C0	D7D7
2116	244E	CF	D7DE
2117	2051	94	D7C2
2117	2052	93	D7C9
2117	2053	95	D7D0
2117	2054	95	D7D7
2117	2055	00	D7DE
2117	2031	00	D7C2
2117	2032	00	D7C9
2117	2033	00	D7D0
2117	2034	00	D7D7
2117	2035	00	D7DE
2117	2451	94	D7C2
2117	2452	93	D7C9
2117	2453	95	D7D0
2117	2454	95	D7D7
2117	2455	00	D7DE
2117	2431	00	D7C2
2117	2432	00	D7C9
2117	2433	00	D7D0
2117	2434	00	D7D7
2117	2435	00	D7DE
2117	2043	8B	D7C2
2117	2044	95	D7C9
2117	2045	8E	D7D0
2117	2046	89	D7D7
2117	2047	8F	D7DE
2118	2023	00	D7C2
2118	2024	00	D7C9
2118	2025	00	D7D0
2118	2026	00	D7D7
2118	2027	00	D7DE
2118	2443	8B	D7C2
2118	2444	95	D7C9
2118	2445	8E	D7D0
2118	2446	89	D7D7
2118	2447	8F	D7DE
2118	2423	00	D7C2
2118	2424	00	D7C9
2118	2425	00	D7D0
2118	2426	00	D7D7
2118	2427	00	D7DE
2118	2056	D5	D7AD
2118	2057	D5	D7B4
2118	2058	00	D7BB
2118	2059	00	D7C2
2118	205A	00	D7C9
2118	205B	00	D7D0
2118	205C	00	D7D7
2118	205D	00	D7DE
2119	2076	D8	D7AD
2119	2077	D8	D7B4
2119	2078	00	D7BB
2119	2079	00	D7C2
2119	207A	00	D7C9
2119	207B	00	D7D0
2119	207C	00	D7D7
2119	207D	00	D7DE
2119	2456	00	D7B4
2119	2457	00	D7BB
2119	2458	00	D7C2
2119	2459	C2	D7C9
2119	245A	C0	D7D0
2119	245B	C0	D7D7
2119	245C	CF	D7DE
2119	2048	D5	D7AD
2119	2049	D5	D7B4
2119	204A	00	D7BB
2119	204B	00	D7C2
2119	204C	00	D7C9
2119	204D	00	D7D0
2119	204E	00	D7D7
2119	204F	00	D7DE
2119	2068	D8	D7AD
2119	2069	D8	D7B4
2119	206A	00	D7BB
2119	206B	00	D7C2
2119	206C	00	D7C9
2119	206D	00	D7D0
2119	206E	00	D7D7
2119	206F	00	D7DE
2120	2448	00	D7B4
2120	2449	00	D7BB
2120	244A	00	D7C2
2120	244B	C2	D7C9
2120	244C	C0	D7D0
2120	244D	C0	D7D7
2120	244E	CF	D7DE
2121	2051	94	D7C2
2121	2052	93	D7C9
2121	2053	95	D7D0
2121	2054	95	D7D7
2121	2055	00	D7DE
2121	2031	00	D7C2
2121	2032	00	D7C9
2121	2033	00	D7D0
2121	2034	00	D7D7
2121	2035	00	D7DE
2121	2451	94	D7C2
2121	2452	93	D7C9
2121	2453	95	D7D0
2121	2454	95	D7D7
2121	2455	00	D7DE
2121	2431	00	D7C2
2121	2432	00	D7C9
2121	2433	00	D7D0
2121	2434	00	D7D7
2121	2435	00	D7DE
2121	2043	8B	D7C2
2121	2044	95	D7C9
2121	2045	8E	D7D0
2121	2046	89	D7D7
2121	2047	8F	D7DE
2122	2023	00	D7C2
2122	2024	00	D7C9
2122	2025	00	D7D0
2122	2026	00	D7D7
2122	2027	00	D7DE
2122	2443	8B	D7C2
2122	2444	95	D7C9
2122	2445	8E	D7D0
2122	2446	89	D7D7
2122	2447	8F	D7DE
2122	2423	00	D7C2
2122	2424	00	D7C9
2122	2425	00	D7D0
2122	2426	00	D7D7
2122	2427	00	D7DE
2122	2056	D5	D7AD
2122	2057	D5	D7B4
2122	2058	00	D7BB
2122	2059	00	D7C2
2122	205A	00	D7C9
2122	205B	00	D7D0
2122	205C	00	D7D7
2122	205D	00	D7DE
2123	2076	D8	D7AD
2123	2077	D8	D7B4
2123	2078	00	D7BB
2123	2079	00	D7C2
2123	207A	00	D7C9
2123	207B	00	D7D0
2123	207C	00	D7D7
2123	207D	00	D7DE
2123	2456	00	D7B4
2123	2457	00	D7BB
2123	2458	00	D7C2
2123	2459	C2	D7C9
2123	245A	C0	D7D0
2123	245B	C0	D7D7
2123	245C	CF	D7DE
2123	2048	D5	D7AD
2123	2049	D5	D7B4
2123	204A	00	D7BB
2123	204B	00	D7C2
2123	204C	00	D7C9
2123	204D	00	D7D0
2123	204E	00	D7D7
2123	204F	00	D7DE
2123	2068	D8	D7AD
2123	2069	D8	D7B4
2123	206A	00	D7BB
2123	206B	00	D7C2
2123	206C	00	D7C9
2123	206D	00	D7D0
2123	206E	00	D7D7
2123	206F	00	D7DE
2124	2448	00	D7B4
2124	2449	00	D7BB
2124	244A	00	D7C2
2124	244B	C2	D7C9
2124	244C	C0	D7D0
2124	244D	C0	D7D7
2124	244E	CF	D7DE
2125	2051	94	D7C2
2125	2052	93	D7C9
2125	2053	95	D7D0
2125	2054	95	D7D7
2125	2055	00	D7DE
2125	2031	00	D7C2
2125	2032	00	D7C9
2125	2033	00	D7D0
2125	2034	00	D7D7
2125	2035	00	D7DE
2125	2451	94	D7C2
2125	2452	93	D7C9
2125	2453	95	D7D0
2125	2454	95	D7D7
2125	2455	00	D7DE
2125	2431	00	D7C2
2125	2432	00	D7C9
2125	2433	00	D7D0
2125	2434	00	D7D7
2125	2435	00	D7DE
2125	2043	8B	D7C2
2125	2044	95	D7C9
2125	2045	8E	D7D0
2125	2046	89	D7D7
2125	2047	8F	D7DE
2126	2023	00	D7C2
2126	2024	00	D7C9
2126	2025	00	D7D0
2126	2026	00	D7D7
2126	2027	00	D7DE
2126	2443	8B	D7C2
2126	2444	95	D7C9
2126	2445	8E	D7D0
2126	2446	89	D7D7
2126	2447	8F	D7DE
2126	2423	00	D7C2
2126	2424	00	D7C9
2126	2425	00	D7D0
2126	2426	00	D7D7
2126	2427	00	D7DE
2126	2056	D5	D7AD
2126	2057	D5	D7B4
2126	2058	00	D7BB
2126	2059	00	D7C2
2126	205A	00	D7C9
2126	205B	00	D7D0
2126	205C	00	D7D7
2126	205D	00	D7DE
2127	2076	D8	D7AD
2127	2077	D8	D7B4
2127	2078	00	D7BB
2127	2079	00	D7C2
2127	207A	00	D7C9
2127	207B	00	D7D0
2127	207C	00	D7D7
2127	207D	00	D7DE
2127	2456	00	D7B4
2127	2457	00	D7BB
2127	2458	00	D7C2
2127	2459	C2	D7C9
2127	245A	C0	D7D0
2127	245B	C0	D7D7
2127	245C	CF	D7DE
2127	2048	D5	D7AD
2127	2049	D5	D7B4
2127	204A	00	D7BB
2127	204B	00	D7C2
2127	204C	00	D7C9
2127	204D	00	D7D0
2127	204E	00	D7D7
2127	204F	00	D7DE
2127	2068	D8	D7AD
2127	2069	D8	D7B4
2127	206A	00	D7BB
2127	206B	00	D7C2
2127	206C	00	D7C9
2127	206D	00	D7D0
2127	206E	00	D7D7
2127	206F	00	D7DE
2128	2448	00	D7B4
2128	2449	00	D7BB
2128	244A	00	D7C2
2128	244B	C2	D7C9
2128	244C	C0	D7D0
2128	244D	C0	D7D7
2128	244E	CF	D7DE
2129	2051	94	D7C2
2129	2052	93	D7C9
2129	2053	95	D7D0
2129	2054	95	D7D7
2129	2055	00	D7DE
2129	2031	00	D7C2
2129	2032	00	D7C9
2129	2033	00	D7D0
2129	2034	00	D7D7
2129	2035	00	D7DE
2129	2451	94	D7C2
2129	2452	93	D7C9
2129	2453	95	D7D0
2129	2454	95	D7D7
2129	2455	00	D7DE
2129	2431	00	D7C2
2129	2432	00	D7C9
2129	2433	00	D7D0
2129	2434	00	D7D7
2129	2435	00	D7DE
2129	2043	8B	D7C2
2129	2044	95	D7C9
2129	2045	8E	D7D0
2129	2046	89	D7D7
2129	2047	8F	D7DE
2130	2023	00	D7C2
2130	2024	00	D7C9
2130	2025	00	D7D0
2130	2026	00	D7D7
2130	2027	00	D7DE
2130	2443	8B	D7C2
2130	2444	95	D7C9
2130	2445	8E	D7D0
2130	2446	89	D7D7
2130	2447	8F	D7DE
2130	2423	00	D7C2
2130	2424	00	D7C9
2130	2425	00	D7D0
2130	2426	00	D7D7
2130	2427	00	D7DE
2130	2056	D5	D7AD
2130	2057	D5	D7B4
2130	2058	00	D7BB
2130	2059	00	D7C2
2130	205A	00	D7C9
2130	205B	00	D7D0
2130	205C	00	D7D7
2130	205D	00	D7DE
2131	2076	D8	D7AD
2131	2077	D8	D7B4
2131	2078	00	D7BB
2131	2079	00	D7C2
2131	207A	00	D7C9
2131	207B	00	D7D0
2131	207C	00	D7D7
2131	207D	00	D7DE
2131	2456	00	D7B4
2131	2457	00	D7BB
2131	2458	00	D7C2
2131	2459	C2	D7C9
2131	245A	C0	D7D0
2131	245B	C0	D7D7
2131	245C	CF	D7DE
2131	2048	D5	D7AD
2131	2049	D5	D7B4
2131	204A	00	D7BB
2131	204B	00	D7C2
2131	204C	00	D7C9
2131	204D	00	D7D0
2131	204E	00	D7D7
2131	204F	00	D7DE
2131	2068	D8	D7AD
2131	2069	D8	D7B4
2131	206A	00	D7BB
2131	206B	00	D7C2
2131	206C	00	D7C9
2131	206D	00	D7D0
2131	206E	00	D7D7
2131	206F	00	D7DE
2132	2448	00	D7B4
2132	2449	00	D7BB
2132	244A	00	D7C2
2132	244B	C2	D7C9
2132	244C	C0	D7D0
2132	244D	C0	D7D7
2132	244E	CF	D7DE
2133	2051	94	D7C2
2133	2052	93	D7C9
2133	2053	95	D7D0
2133	2054	95	D7D7
2133	2055	00	D7DE
2133	2031	00	D7C2
2133	2032	00	D7C9
2133	2033	00	D7D0
2133	2034	00	D7D7
2133	2035	00	D7DE
2133	2451	94	D7C2
2133	2452	93	D7C9
2133	2453	95	D7D0
2133	2454	95	D7D7
2133	2455	00	D7DE
2133	2431	00	D7C2
2133	2432	00	D7C9
2133	2433	00	D7D0
2133	2434	00	D7D7
2133	2435	00	D7DE
2133	2043	8B	D7C2
2133	2044	95	D7C9
2133	2045	8E	D7D0
2133	2046	89	D7D7
2133	2047	8F	D7DE
2134	2023	00	D7C2
2134	2024	00	D7C9
2134	2025	00	D7D0
2134	2026	00	D7D7
2134	2027	00	D7DE
2134	2443	8B	D7C2
2134	2444	95	D7C9
2134	2445	8E	D7D0
2134	2446	89	D7D7
2134	2447	8F	D7DE
2134	2423	00	D7C2
2134	2424	00	D7C9
2134	2425	00	D7D0
2134	2426	00	D7D7
2134	2427	00	D7DE
2134	2056	D5	D7AD
2134	2057	D5	D7B4
2134	2058	00	D7BB
2134	2059	00	D7C2
2134	205A	00	D7C9
2134	205B	00	D7D0
2134	205C	00	D7D7
2134	205D	00	D7DE
2135	2076	D8	D7AD
2135	2077	D8	D7B4
2135	2078	00	D7BB
2135	2079	00	D7C2
2135	207A	00	D7C9
2135	207B	00	D7D0
2135	207C	00	D7D7
2135	207D	00	D7DE
2135	2456	00	D7B4
2135	2457	00	D7BB
2135	2458	00	D7C2
2135	2459	C2	D7C9
2135	245A	C0	D7D0
2135	245B	C0	D7D7
2135	245C	CF	D7DE
2135	2048	D5	D7AD
2135	2049	D5	D7B4
2135	204A	00	D7BB
2135	204B	00	D7C2
2135	204C	00	D7C9
2135	204D	00	D7D0
2135	204E	00	D7D7
2135	204F	00	D7DE
2135	2068	D8	D7AD
2135	2069	D8	D7B4
2135	206A	00	D7BB
2135	206B	00	D7C2
2135	206C	00	D7C9
2135	206D	00	D7D0
2135	206E	00	D7D7
2135	206F	00	D7DE
2136	2448	00	D7B4
2136	2449	00	D7BB
2136	244A	00	D7C2
2136	244B	C2	D7C9
2136	244C	C0	D7D0
2136	244D	C0	D7D7
2136	244E	CF	D7DE
2137	2051	94	D7C2
2137	2052	93	D7C9
2137	2053	95	D7D0
2137	2054	95	D7D7
2137	2055	00	D7DE
2137	2031	00	D7C2
2137	2032	00	D7C9
2137	2033	00	D7D0
2137	2034	00	D7D7
2137	2035	00	D7DE
2137	2451	94	D7C2
2137	2452	93	D7C9
2137	2453	95	D7D0
2137	2454	95	D7D7
2137	2455	00	D7DE
2137	2431	00	D7C2
2137	2432	00	D7C9
2137	2433	00	D7D0
2137	2434	00	D7D7
2137	2435	00	D7DE
2137	2043	8B	D7C2
2137	2044	95	D7C9
2137	2045	8E	D7D0
2137	2046	89	D7D7
2137	2047	8F	D7DE
2138	2023	00	D7C2
2138	2024	00	D7C9
2138	2025	00	D7D0
2138	2026	00	D7D7
2138	2027	00	D7DE
2138	2443	8B	D7C2
2138	2444	95	D7C9
2138	2445	8E	D7D0
2138	2446	89	D7D7
2138	2447	8F	D7DE
2138	2423	00	D7C2
2138	2424	00	D7C9
2138	2425	00	D7D0
2138	2426	00	D7D7
2138	2427	00	D7DE
2138	2056	D5	D7AD
2138	2057	D5	D7B4
2138	2058	00	D7BB
2138	2059	00	D7C2
2138	205A	00	D7C9
2138	205B	00	D7D0
2138	205C	00	D7D7
2138	205D	00	D7DE
2139	2076	D8	D7AD
2139	2077	D8	D7B4
2139	2078	00	D7BB
2139	2079	00	D7C2
2139	207A	00	D7C9
2139	207B	00	D7D0
2139	207C	00	D7D7
2139	207D	00	D7DE
2139	2456	00	D7B4
2139	2457	00	D7BB
2139	2458	00	D7C2
2139	2459	C2	D7C9
2139	245A	C0	D7D0
2139	245B	C0	D7D7
2139	245C	CF	D7DE
2139	2048	D5	D7AD
2139	2049	D5	D7B4
2139	204A	00	D7BB
2139	204B	00	D7C2
2139	204C	00	D7C9
2139	204D	00	D7D0
2139	204E	00	D7D7
2139	204F	00	D7DE
2139	2068	D8	D7AD
2139	2069	D8	D7B4
2139	206A	00	D7BB
2139	206B	00	D7C2
2139	206C	00	D7C9
2139	206D	00	D7D0
2139	206E	00	D7D7
2139	206F	00	D7DE
2140	2448	00	D7B4
2140	2449	00	D7BB
2140	244A	00	D7C2
2140	244B	C2	D7C9
2140	244C	C0	D7D0
2140	244D	C0	D7D7
2140	244E	CF	D7DE
2141	2051	94	D7C2
2141	2052	93	D7C9
2141	2053	95	D7D0
2141	2054	95	D7D7
2141	2055	00	D7DE
2141	2031	00	D7C2
2141	2032	00	D7C9
2141	2033	00	D7D0
2141	2034	00	D7D7
2141	2035	00	D7DE
2141	2451	94	D7C2
2141	2452	93	D7C9
2141	2453	95	D7D0
2141	2454	95	D7D7
2141	2455	00	D7DE
2141	2431	00	D7C2
2141	2432	00	D7C9
2141	2433	00	D7D0
2141	2434	00	D7D7
2141	2435	00	D7DE
2141	2043	8B	D7C2
2141	2044	95	D7C9
2141	2045	8E	D7D0
2141	2046	89	D7D7
2141	2047	8F	D7DE
2142	2023	00	D7C2
2142	2024	00	D7C9
2142	2025	00	D7D0
2142	2026	00	D7D7
2142	2027	00	D7DE
2142	2443	8B	D7C2
2142	2444	95	D7C9
2142	2445	8E	D7D0
2142	2446	89	D7D7
2142	2447	8F	D7DE
2142	2423	00	D7C2
2142	2424	00	D7C9
2142	2425	00	D7D0
2142	2426	00	D7D7
2142	2427	00	D7DE
2142	2056	D5	D7AD
2142	2057	D5	D7B4
2142	2058	00	D7BB
2142	2059	00	D7C2
2142	205A	00	D7C9
2142	205B	00	D7D0
2142	205C	00	D7D7
2142	205D	00	D7DE
2143	2076	D8	D7AD
2143	2077	D8	D7B4
2143	2078	00	D7BB
2143	2079	00	D7C2
2143	207A	00	D7C9
2143	207B	00	D7D0
2143	207C	00	D7D7
2143	207D	00	D7DE
2143	2456	00	D7B4
2143	2457	00	D7BB
2143	2458	00	D7C2
2143	2459	C2	D7C9
2143	245A	C0	D7D0
2143	245B	C0	D7D7
2143	245C	CF	D7DE
2143	2048	D5	D7AD
2143	2049	D5	D7B4
2143	204A	00	D7BB
2143	204B	00	D7C2
2143	204C	00	D7C9
2143	204D	00	D7D0
2143	204E	00	D7D7
2143	204F	00	D7DE
2143	2068	D8	D7AD
2143	2069	D8	D7B4
2143	206A	00	D7BB
2143	206B	00	D7C2
2143	206C	00	D7C9
2143	206D	00	D7D0
2143	206E	00	D7D7
2143	206F	00	D7DE
2144	2448	00	D7B4
2144	2449	00	D7BB
2144	244A	00	D7C2
2144	244B	C2	D7C9
2144	244C	C0	D7D0
2144	244D	C0	D7D7
2144	244E	CF	D7DE
2145	2051	94	D7C2
2145	2052	93	D7C9
2145	2053	95	D7D0
2145	2054	95	D7D7
2145	2055	00	D7DE
2145	2031	00	D7C2
2145	2032	00	D7C9
2145	2033	00	D7D0
2145	2034	00	D7D7
2145	2035	00	D7DE
2145	2451	94	D7C2
2145	2452	93	D7C9
2145	2453	95	D7D0
2145	2454	95	D7D7
2145	2455	00	D7DE
2145	2431	00	D7C2
2145	2432	00	D7C9
2145	2433	00	D7D0
2145	2434	00	D7D7
2145	2435	00	D7DE
2145	2043	8B	D7C2
2145	2044	95	D7C9
2145	2045	8E	D7D0
2145	2046	89	D7D7
2145	2047	8F	D7DE
2146	2023	00	D7C2
2146	2024	00	D7C9
2146	2025	00	D7D0
2146	2026	00	D7D7
2146	2027	00	D7DE
2146	2443	8B	D7C2
2146	2444	95	D7C9
2146	2445	8E	D7D0
2146	2446	89	D7D7
2146	2447	8F	D7DE
2146	2423	00	D7C2
2146	2424	00	D7C9
2146	2425	00	D7D0
2146	2426	00	D7D7
2146	2427	00	D7DE
2146	2056	D5	D7AD
2146	2057	D5	D7B4
2146	2058	00	D7BB
2146	2059	00	D7C2
2146	205A	00	D7C9
2146	205B	00	D7D0
2146	205C	00	D7D7
2146	205D	00	D7DE
2147	2076	D8	D7AD
2147	2077	D8	D7B4
2147	2078	00	D7BB
2147	2079	00	D7C2
2147	207A	00	D7C9
2147	207B	00	D7D0
2147	207C	00	D7D7
2147	207D	00	D7DE
2147	2456	00	D7B4
2147	2457	00	D7BB
2147	2458	00	D7C2
2147	2459	C2	D7C9
2147	245A	C0	D7D0
2147	245B	C0	D7D7
2147	245C	CF	D7DE
2147	2048	D5	D7AD
2147	2049	D5	D7B4
2147	204A	00	D7BB
2147	204B	00	D7C2
2147	204C	00	D7C9
2147	204D	00	D7D0
2147	204E	00	D7D7
2147	204F	00	D7DE
2147	2068	D8	D7AD
2147	2069	D8	D7B4
2147	206A	00	D7BB
2147	206B	00	D7C2
2147	206C	00	D7C9
2147	206D	00	D7D0
2147	206E	00	D7D7
2147	206F	00	D7DE
2148	2448	00	D7B4
2148	2449	00	D7BB
2148	244A	00	D7C2
2148	244B	C2	D7C9
2148	244C	C0	D7D0
2148	244D	C0	D7D7
2148	244E	CF	D7DE
2149	2051	94	D7C2
2149	2052	93	D7C9
2149	2053	95	D7D0
2149	2054	95	D7D7
2149	2055	00	D7DE
2149	2031	00	D7C2
2149	2032	00	D7C9
2149	2033	00	D7D0
2149	2034	00	D7D7
2149	2035	00	D7DE
2149	2451	94	D7C2
2149	2452	93	D7C9
2149	2453	95	D7D0
2149	2454	95	D7D7
2149	2455	00	D7DE
2149	2431	00	D7C2
2149	2432	00	D7C9
2149	2433	00	D7D0
2149	2434	00	D7D7
2149	2435	00	D7DE
2149	2043	8B	D7C2
2149	2044	95	D7C9
2149	2045	8E	D7D0
2149	2046	89	D7D7
2149	2047	8F	D7DE
2150	2023	00	D7C2
2150	2024	00	D7C9
2150	2025	00	D7D0
2150	2026	00	D7D7
2150	2027	00	D7DE
2150	2443	8B	D7C2
2150	2444	95	D7C9
2150	2445	8E	D7D0
2150	2446	89	D7D7
2150	2447	8F	D7DE
2150	2423	00	D7C2
2150	2424	00	D7C9
2150	2425	00	D7D0
2150	2426	00	D7D7
2150	2427	00	D7DE
2150	2056	D5	D7AD
2150	2057	D5	D7B4
2150	2058	00	D7BB
2150	2059	00	D7C2
2150	205A	00	D7C9
2150	205B	00	D7D0
2150	205C	00	D7D7
2150	205D	00	D7DE
2151	2076	D8	D7AD
2151	2077	D8	D7B4
2151	2078	00	D7BB
2151	2079	00	D7C2
2151	207A	00	D7C9
2151	207B	00	D7D0
2151	207C	00	D7D7
2151	207D	00	D7DE
2151	2456	00	D7B4
2151	2457	00	D7BB
2151	2458	00	D7C2
2151	2459	C2	D7C9
2151	245A	C0	D7D0
2151	245B	C0	D7D7
2151	245C	CF	D7DE
2151	2048	D5	D7AD
2151	2049	D5	D7B4
2151	204A	00	D7BB
2151	204B	00	D7C2
2151	204C	00	D7C9
2151	204D	00	D7D0
2151	204E	00	D7D7
2151	204F	00	D7DE
2151	2068	D8	D7AD
2151	2069	D8	D7B4
2151	206A	00	D7BB
2151	206B	00	D7C2
2151	206C	00	D7C9
2151	206D	00	D7D0
2151	206E	00	D7D7
2151	206F	00	D7DE
2152	2448	00	D7B4
2152	2449	00	D7BB
2152	244A	00	D7C2
2152	244B	C2	D7C9
2152	244C	C0	D7D0
2152	244D	C0	D7D7
2152	244E	CF	D7DE
2153	2051	94	D7C2
2153	2052	93	D7C9
2153	2053	95	D7D0
2153	2054	95	D7D7
2153	2055	00	D7DE
2153	2031	00	D7C2
2153	2032	00	D7C9
2153	2033	00	D7D0
2153	2034	00	D7D7
2153	2035	00	D7DE
2153	2451	94	D7C2
2153	2452	93	D7C9
2153	2453	95	D7D0
2153	2454	95	D7D7
2153	2455	00	D7DE
2153	2431	00	D7C2
2153	2432	00	D7C9
2153	2433	00	D7D0
2153	2434	00	D7D7
2153	2435	00	D7DE
2153	2043	8B	D7C2
2153	2044	95	D7C9
2153	2045	8E	D7D0
2153	2046	89	D7D7
2153	2047	8F	D7DE
2154	2023	00	D7C2
2154	2024	00	D7C9
2154	2025	00	D7D0
2154	2026	00	D7D7
2154	2027	00	D7DE
2154	2443	8B	D7C2
2154	2444	95	D7C9
2154	2445	8E	D7D0
2154	2446	89	D7D7
2154	2447	8F	D7DE
2154	2423	00	D7C2
2154	2424	00	D7C9
2154	2425	00	D7D0
2154	2426	00	D7D7
2154	2427	00	D7DE
2154	2056	D5	D7AD
2154	2057	D5	D7B4
2154	2058	00	D7BB
2154	2059	00	D7C2
2154	205A	00	D7C9
2154	205B	00	D7D0
2154	205C	00	D7D7
2154	205D	00	D7DE
2155	2076	D8	D7AD
2155	2077	D8	D7B4
2155	2078	00	D7BB
2155	2079	00	D7C2
2155	207A	00	D7C9
2155	207B	00	D7D0
2155	207C	00	D7D7
2155	207D	00	D7DE
2155	2456	00	D7B4
2155	2457	00	D7BB
2155	2458	00	D7C2
2155	2459	C2	D7C9
2155	245A	C0	D7D0
2155	245B	C0	D7D7
2155	245C	CF	D7DE
2155	2048	D5	D7AD
2155	2049	D5	D7B4
2155	204A	00	D7BB
2155	204B	00	D7C2
2155	204C	00	D7C9
2155	204D	00	D7D0
2155	204E	00	D7D7
2155	204F	00	D7DE
2155	2068	D8	D7AD
2155	2069	D8	D7B4
2155	206A	00	D7BB
2155	206B	00	D7C2
2155	206C	00	D7C9
2155	206D	00	D7D0
2155	206E	00	D7D7
2155	206F	00	D7DE
2156	2448	00	D7B4
2156	2449	00	D7BB
2156	244A	00	D7C2
2156	244B	C2	D7C9
2156	244C	C0	D7D0
2156	244D	C0	D7D7
2156	244E	CF	D7DE
2157	2051	94	D7C2
2157	2052	93	D7C9
2157	2053	95	D7D0
2157	2054	95	D7D7
2157	2055	00	D7DE
2157	2031	00	D7C2
2157	2032	00	D7C9
2157	2033	00	D7D0
2157	2034	00	D7D7
2157	2035	00	D7DE
2157	2451	94	D7C2
2157	2452	93	D7C9
2157	2453	95	D7D0
2157	2454	95	D7D7
2157	2455	00	D7DE
2157	2431	00	D7C2
2157	2432	00	D7C9
2157	2433	00	D7D0
2157	2434	00	D7D7
2157	2435	00	D7DE
2157	2043	8B	D7C2
2157	2044	95	D7C9
2157	2045	8E	D7D0
2157	2046	89	D7D7
2157	2047	8F	D7DE
2158	2023	00	D7C2
2158	2024	00	D7C9
2158	2025	00	D7D0
2158	2026	00	D7D7
2158	2027	00	D7DE
2158	2443	8B	D7C2
2158	2444	95	D7C9
2158	2445	8E	D7D0
2158	2446	89	D7D7
2158	2447	8F	D7DE
2158	2423	00	D7C2
2158	2424	00	D7C9
2158	2425	00	D7D0
2158	2426	00	D7D7
2158	2427	00	D7DE
2158	2056	D5	D7AD
2158	2057	D5	D7B4
2158	2058	00	D7BB
2158	2059	00	D7C2
2158	205A	00	D7C9
2158	205B	00	D7D0
2158	205C	00	D7D7
2158	205D	00	D7DE
2159	2076	D8	D7AD
2159	2077	D8	D7B4
2159	2078	00	D7BB
2159	2079	00	D7C2
2159	207A	00	D7C9
2159	207B	00	D7D0
2159	207C	00	D7D7
2159	207D	00	D7DE
2159	2456	00	D7B4
2159	2457	00	D7BB
2159	2458	00	D7C2
2159	2459	C2	D7C9
2159	245A	C0	D7D0
2159	245B	C0	D7D7
2159	245C	CF	D7DE
2159	2048	D5	D7AD
2159	2049	D5	D7B4
2159	204A	00	D7BB
2159	204B	00	D7C2
2159	204C	00	D7C9
2159	204D	00	D7D0
2159	204E	00	D7D7
2159	204F	00	D7DE
2159	2068	D8	D7AD
2159	2069	D8	D7B4
2159	206A	00	D7BB
2159	206B	00	D7C2
2159	206C	00	D7C9
2159	206D	00	D7D0
2159	206E	00	D7D7
2159	206F	00	D7DE
2160	2448	00	D7B4
2160	2449	00	D7BB
2160	244A	00	D7C2
2160	244B	C2	D7C9
2160	244C	C0	D7D0
2160	244D	C0	D7D7
2160	244E	CF	D7DE
2161	2051	94	D7C2
2161	2052	93	D7C9
2161	2053	95	D7D0
2161	2054	95	D7D7
2161	2055	00	D7DE
2161	2031	00	D7C2
2161	2032	00	D7C9
2161	2033	00	D7D0
2161	2034	00	D7D7
2161	2035	00	D7DE
2161	2451	94	D7C2
2161	2452	93	D7C9
2161	2453	95	D7D0
2161	2454	95	D7D7
2161	2455	00	D7DE
2161	2431	00	D7C2
2161	2432	00	D7C9
2161	2433	00	D7D0
2161	2434	00	D7D7
2161	2435	00	D7DE
2161	2043	8B	D7C2
2161	2044	95	D7C9
2161	2045	8E	D7D0
2161	2046	89	D7D7
2161	2047	8F	D7DE
2162	2023	00	D7C2
2162	2024	00	D7C9
2162	2025	00	D7D0
2162	2026	00	D7D7
2162	2027	00	D7DE
2162	2443	8B	D7C2
2162	2444	95	D7C9
2162	2445	8E	D7D0
2162	2446	89	D7D7
2162	2447	8F	D7DE
2162	2423	00	D7C2
2162	2424	00	D7C9
2162	2425	00	D7D0
2162	2426	00	D7D7
2162	2427	00	D7DE
2162	2056	D5	D7AD
2162	2057	D5	D7B4
2162	2058	00	D7BB
2162	2059	00	D7C2
2162	205A	00	D7C9
2162	205B	00	D7D0
2162	205C	00	D7D7
2162	205D	00	D7DE
2163	2076	D8	D7AD
2163	2077	D8	D7B4
2163	2078	00	D7BB
2163	2079	00	D7C2
2163	207A	00	D7C9
2163	207B	00	D7D0
2163	207C	00	D7D7
2163	207D	00	D7DE
2163	2456	00	D7B4
2163	2457	00	D7BB
2163	2458	00	D7C2
2163	2459	C2	D7C9
2163	245A	C0	D7D0
2163	245B	C0	D7D7
2163	245C	CF	D7DE
2163	2048	D5	D7AD
2163	2049	D5	D7B4
2163	204A	00	D7BB
2163	204B	00	D7C2
2163	204C	00	D7C9
2163	204D	00	D7D0
2163	204E	00	D7D7
2163	204F	00	D7DE
2163	2068	D8	D7AD
2163	2069	D8	D7B4
2163	206A	00	D7BB
2163	206B	00	D7C2
2163	206C	00	D7C9
2163	206D	00	D7D0
2163	206E	00	D7D7
2163	206F	00	D7DE
2164	2448	00	D7B4
2164	2449	00	D7BB
2164	244A	00	D7C2
2164	244B	C2	D7C9
2164	244C	C0	D7D0
2164	244D	C0	D7D7
2164	244E	CF	D7DE
2165	2051	94	D7C2
2165	2052	93	D7C9
2165	2053	95	D7D0
2165	2054	95	D7D7
2165	2055	00	D7DE
2165	2031	00	D7C2
2165	2032	00	D7C9
2165	2033	00	D7D0
2165	2034	00	D7D7
2165	2035	00	D7DE
2165	2451	94	D7C2
2165	2452	93	D7C9
2165	2453	95	D7D0
2165	2454	95	D7D7
2165	2455	00	D7DE
2165	2431	00	D7C2
2165	2432	00	D7C9
2165	2433	00	D7D0
2165	2434	00	D7D7
2165	2435	00	D7DE
2165	2043	8B	D7C2
2165	2044	95	D7C9
2165	2045	8E	D7D0
2165	2046	89	D7D7
2165	2047	8F	D7DE
2166	2023	00	D7C2
2166	2024	00	D7C9
2166	2025	00	D7D0
2166	2026	00	D7D7
2166	2027	00	D7DE
2166	2443	8B	D7C2
2166	2444	95	D7C9
2166	2445	8E	D7D0
2166	2446	89	D7D7
2166	2447	8F	D7DE
2166	2423	00	D7C2
2166	2424	00	D7C9
2166	2425	00	D7D0
2166	2426	00	D7D7
2166	2427	00	D7DE
2166	2056	D5	D7AD
2166	2057	D5	D7B4
2166	2058	00	D7BB
2166	2059	00	D7C2
2166	205A	00	D7C9
2166	205B	00	D7D0
2166	205C	00	D7D7
2166	205D	00	D7DE
2167	2076	D8	D7AD
2167	2077	D8	D7B4
2167	2078	00	D7BB
2167	2079	00	D7C2
2167	207A	00	D7C9
2167	207B	00	D7D0
2167	207C	00	D7D7
2167	207D	00	D7DE
2167	2456	00	D7B4
2167	2457	00	D7BB
2167	2458	00	D7C2
2167	2459	C2	D7C9
2167	245A	C0	D7D0
2167	245B	C0	D7D7
2167	245C	CF	D7DE
2167	2048	D5	D7AD
2167	2049	D5	D7B4
2167	204A	00	D7BB
2167	204B	00	D7C2
2167	204C	00	D7C9
2167	204D	00	D7D0
2167	204E	00	D7D7
2167	204F	00	D7DE
2167	2068	D8	D7AD
2167	2069	D8	D7B4
2167	206A	00	D7BB
2167	206B	00	D7C2
2167	206C	00	D7C9
2167	206D	00	D7D0
2167	206E	00	D7D7
2167	206F	00	D7DE
2168	2448	00	D7B4
2168	2449	00	D7BB
2168	244A	00	D7C2
2168	244B	C2	D7C9
2168	244C	C0	D7D0
2168	244D	C0	D7D7
2168	244E	CF	D7DE
2169	2051	94	D7C2
2169	2052	93	D7C9
2169	2053	95	D7D0
2169	2054	95	D7D7
2169	2055	00	D7DE
2169	2031	00	D7C2
2169	2032	00	D7C9
2169	2033	00	D7D0
2169	2034	00	D7D7
2169	2035	00	D7DE
2169	2451	94	D7C2
2169	2452	93	D7C9
2169	2453	95	D7D0
2169	2454	95	D7D7
2169	2455	00	D7DE
2169	2431	00	D7C2
2169	2432	00	D7C9
2169	2433	00	D7D0
2169	2434	00	D7D7
2169	2435	00	D7DE
2169	2043	8B	D7C2
2169	2044	95	D7C9
2169	2045	8E	D7D0
2169	2046	89	D7D7
2169	2047	8F	D7DE
2170	2023	00	D7C2
2170	2024	00	D7C9
2170	2025	00	D7D0
2170	2026	00	D7D7
2170	2027	00	D7DE
2170	2443	8B	D7C2
2170	2444	95	D7C9
2170	2445	8E	D7D0
2170	2446	89	D7D7
2170	2447	8F	D7DE
2170	2423	00	D7C2
2170	2424	00	D7C9
2170	2425	00	D7D0
2170	2426	00	D7D7
2170	2427	00	D7DE
2170	2056	D5	D7AD
2170	2057	D5	D7B4
2170	2058	00	D7BB
2170	2059	00	D7C2
2170	205A	00	D7C9
2170	205B	00	D7D0
2170	205C	00	D7D7
2170	205D	00	D7DE
2171	2076	D8	D7AD
2171	2077	D8	D7B4
2171	2078	00	D7BB
2171	2079	00	D7C2
2171	207A	00	D7C9
2171	207B	00	D7D0
2171	207C	00	D7D7
2171	207D	00	D7DE
2171	2456	00	D7B4
2171	2457	00	D7BB
2171	2458	00	D7C2
2171	2459	C2	D7C9
2171	245A	C0	D7D0
2171	245B	C0	D7D7
2171	245C	CF	D7DE
2171	2048	D5	D7AD
2171	2049	D5	D7B4
2171	204A	00	D7BB
2171	204B	00	D7C2
2171	204C	00	D7C9
2171	204D	00	D7D0
2171	204E	00	D7D7
2171	204F	00	D7DE
2171	2068	D8	D7AD
2171	2069	D8	D7B4
2171	206A	00	D7BB
2171	206B	00	D7C2
2171	206C	00	D7C9
2171	206D	00	D7D0
2171	206E	00	D7D7
2171	206F	00	D7DE
2172	2448	00	D7B4
2172	2449	00	D7BB
2172	244A	00	D7C2
2172	244B	C2	D7C9
2172	244C	C0	D7D0
2172	244D	C0	D7D7
2172	244E	CF	D7DE
2173	2051	94	D7C2
2173	2052	93	D7C9
2173	2053	95	D7D0
2173	2054	95	D7D7
2173	2055	00	D7DE
2173	2031	00	D7C2
2173	2032	00	D7C9
2173	2033	00	D7D0
2173	2034	00	D7D7
2173	2035	00	D7DE
2173	2451	94	D7C2
2173	2452	93	D7C9
2173	2453	95	D7D0
2173	2454	95	D7D7
2173	2455	00	D7DE
2173	2431	00	D7C2
2173	2432	00	D7C9
2173	2433	00	D7D0
2173	2434	00	D7D7
2173	2435	00	D7DE
2173	2043	8B	D7C2
2173	2044	95	D7C9
2173	2045	8E	D7D0
2173	2046	89	D7D7
2173	2047	8F	D7DE
2174	2023	00	D7C2
2174	2024	00	D7C9
2174	2025	00	D7D0
2174	2026	00	D7D7
2174	2027	00	D7DE
2174	2443	8B	D7C2
2174	2444	95	D7C9
2174	2445	8E	D7D0
2174	2446	89	D7D7
2174	2447	8F	D7DE
2174	2423	00	D7C2
2174	2424	00	D7C9
2174	2425	00	D7D0
2174	2426	00	D7D7
2174	2427	00	D7DE
2174	2056	D5	D7AD
2174	2057	D5	D7B4
2174	2058	00	D7BB
2174	2059	00	D7C2
2174	205A	00	D7C9
2174	205B	00	D7D0
2174	205C	00	D7D7
2174	205D	00	D7DE
2175	2076	D8	D7AD
2175	2077	D8	D7B4
2175	2078	00	D7BB
2175	2079	00	D7C2
2175	207A	00	D7C9
2175	207B	00	D7D0
2175	207C	00	D7D7
2175	207D	00	D7DE
2175	2456	00	D7B4
2175	2457	00	D7BB
2175	2458	00	D7C2
2175	2459	C2	D7C9
2175	245A	C0	D7D0
2175	245B	C0	D7D7
2175	245C	CF	D7DE
2175	2048	D5	D7AD
2175	2049	D5	D7B4
2175	204A	00	D7BB
2175	204B	00	D7C2
2175	204C	00	D7C9
2175	204D	00	D7D0
2175	204E	00	D7D7
2175	204F	00	D7DE
2175	2068	D8	D7AD
2175	2069	D8	D7B4
2175	206A	00	D7BB
2175	206B	00	D7C2
2175	206C	00	D7C9
2175	206D	00	D7D0
2175	206E	00	D7D7
2175	206F	00	D7DE
2176	2448	00	D7B4
2176	2449	00	D7BB
2176	244A	00	D7C2
2176	244B	C2	D7C9
2176	244C	C0	D7D0
2176	244D	C0	D7D7
2176	244E	CF	D7DE
2177	2051	94	D7C2
2177	2052	93	D7C9
2177	2053	95	D7D0
2177	2054	95	D7D7
2177	2055	00	D7DE
2177	2031	00	D7C2
2177	2032	00	D7C9
2177	2033	00	D7D0
2177	2034	00	D7D7
2177	2035	00	D7DE
2177	2451	94	D7C2
2177	2452	93	D7C9
2177	2453	95	D7D0
2177	2454	95	D7D7
2177	2455	00	D7DE
2177	2431	00	D7C2
2177	2432	00	D7C9
2177	2433	00	D7D0
2177	2434	00	D7D7
2177	2435	00	D7DE
2177	2043	8B	D7C2
2177	2044	95	D7C9
2177	2045	8E	D7D0
2177	2046	89	D7D7
2177	2047	8F	D7DE
2178	2023	00	D7C2
2178	2024	00	D7C9
2178	2025	00	D7D0
2178	2026	00	D7D7
2178	2027	00	D7DE
2178	2443	8B	D7C2
2178	2444	95	D7C9
2178	2445	8E	D7D0
2178	2446	89	D7D7
2178	2447	8F	D7DE
2178	2423	00	D7C2
2178	2424	00	D7C9
2178	2425	00	D7D0
2178	2426	00	D7D7
2178	2427	00	D7DE
2178	2056	D5	D7AD
2178	2057	D5	D7B4
2178	2058	00	D7BB
2178	2059	00	D7C2
2178	205A	00	D7C9
2178	205B	00	D7D0
2178	205C	00	D7D7
2178	205D	00	D7DE
2179	2076	D8	D7AD
2179	2077	D8	D7B4
2179	2078	00	D7BB
2179	2079	00	D7C2
2179	207A	00	D7C9
2179	207B	00	D7D0
2179	207C	00	D7D7
2179	207D	00	D7DE
2179	2456	00	D7B4
2179	2457	00	D7BB
2179	2458	00	D7C2
2179	2459	C2	D7C9
2179	245A	C0	D7D0
2179	245B	C0	D7D7
2179	245C	CF	D7DE
2179	2048	D5	D7AD
2179	2049	D5	D7B4
2179	204A	00	D7BB
2179	204B	00	D7C2
2179	204C	00	D7C9
2179	204D	00	D7D0
2179	204E	00	D7D7
2179	204F	00	D7DE
2179	2068	D8	D7AD
2179	2069	D8	D7B4
2179	206A	00	D7BB
2179	206B	00	D7C2
2179	206C	00	D7C9
2179	206D	00	D7D0
2179	206E	00	D7D7
2179	206F	00	D7DE
2180	2448	00	D7B4
2180	2449	00	D7BB
2180	244A	00	D7C2
2180	244B	C2	D7C9
2180	244C	C0	D7D0
2180	244D	C0	D7D7
2180	244E	CF	D7DE
2181	2051	94	D7C2
2181	2052	93	D7C9
2181	2053	95	D7D0
2181	2054	95	D7D7
2181	2055	00	D7DE
2181	2031	00	D7C2
2181	2032	00	D7C9
2181	2033	00	D7D0
2181	2034	00	D7D7
2181	2035	00	D7DE
2181	2451	94	D7C2
2181	2452	93	D7C9
2181	2453	95	D7D0
2181	2454	95	D7D7
2181	2455	00	D7DE
2181	2431	00	D7C2
2181	2432	00	D7C9
2181	2433	00	D7D0
2181	2434	00	D7D7
2181	2435	00	D7DE
2181	2043	8B	D7C2
2181	2044	95	D7C9
2181	2045	8E	D7D0
2181	2046	89	D7D7
2181	2047	8F	D7DE
2182	2023	00	D7C2
2182	2024	00	D7C9
2182	2025	00	D7D0
2182	2026	00	D7D7
2182	2027	00	D7DE
2182	2443	8B	D7C2
2182	2444	95	D7C9
2182	2445	8E	D7D0
2182	2446	89	D7D7
2182	2447	8F	D7DE
2182	2423	00	D7C2
2182	2424	00	D7C9
2182	2425	00	D7D0
2182	2426	00	D7D7
2182	2427	00	D7DE
2182	2056	D5	D7AD
2182	2057	D5	D7B4
2182	2058	00	D7BB
2182	2059	00	D7C2
2182	205A	00	D7C9
2182	205B	00	D7D0
2182	205C	00	D7D7
2182	205D	00	D7DE
2183	2076	D8	D7AD
2183	2077	D8	D7B4
2183	2078	00	D7BB
2183	2079	00	D7C2
2183	207A	00	D7C9
2183	207B	00	D7D0
2183	207C	00	D7D7
2183	207D	00	D7DE
2183	2456	00	D7B4
2183	2457	00	D7BB
2183	2458	00	D7C2
2183	2459	C2	D7C9
2183	245A	C0	D7D0
2183	245B	C0	D7D7
2183	245C	CF	D7DE
2183	2048	D5	D7AD
2183	2049	D5	D7B4
2183	204A	00	D7BB
2183	204B	00	D7C2
2183	204C	00	D7C9
2183	204D	00	D7D0
2183	204E	00	D7D7
2183	204F	00	D7DE
2183	2068	D8	D7AD
2183	2069	D8	D7B4
2183	206A	00	D7BB
2183	206B	00	D7C2
2183	206C	00	D7C9
2183	206D	00	D7D0
2183	206E	00	D7D7
2183	206F	00	D7DE
2184	2448	00	D7B4
2184	2449	00	D7BB
2184	244A	00	D7C2
2184	244B	C2	D7C9
2184	244C	C0	D7D0
2184	244D	C0	D7D7
2184	244E	CF	D7DE
2185	2051	94	D7C2
2185	2052	93	D7C9
2185	2053	95	D7D0
2185	2054	95	D7D7
2185	2055	00	D7DE
2185	2031	00	D7C2
2185	2032	00	D7C9
2185	2033	00	D7D0
2185	2034	00	D7D7
2185	2035	00	D7DE
2185	2451	94	D7C2
2185	2452	93	D7C9
2185	2453	95	D7D0
2185	2454	95	D7D7
2185	2455	00	D7DE
2185	2431	00	D7C2
2185	2432	00	D7C9
2185	2433	00	D7D0
2185	2434	00	D7D7
2185	2435	00	D7DE
2185	2043	8B	D7C2
2185	2044	95	D7C9
2185	2045	8E	D7D0
2185	2046	89	D7D7
2185	2047	8F	D7DE
2186	2023	00	D7C2
2186	2024	00	D7C9
2186	2025	00	D7D0
2186	2026	00	D7D7
2186	2027	00	D7DE
2186	2443	8B	D7C2
2186	2444	95	D7C9
2186	2445	8E	D7D0
2186	2446	89	D7D7
2186	2447	8F	D7DE
2186	2423	00	D7C2
2186	2424	00	D7C9
2186	2425	00	D7D0
2186	2426	00	D7D7
2186	2427	00	D7DE
2186	2056	D5	D7AD
2186	2057	D5	D7B4
2186	2058	00	D7BB
2186	2059	00	D7C2
2186	205A	00	D7C9
2186	205B	00	D7D0
2186	205C	00	D7D7
2186	205D	00	D7DE
2187	2076	D8	D7AD
2187	2077	D8	D7B4
2187	2078	00	D7BB
2187	2079	00	D7C2
2187	207A	00	D7C9
2187	207B	00	D7D0
2187	207C	00	D7D7
2187	207D	00	D7DE
2187	2456	00	D7B4
2187	2457	00	D7BB
2187	2458	00	D7C2
2187	2459	C2	D7C9
2187	245A	C0	D7D0
2187	245B	C0	D7D7
2187	245C	CF	D7DE
2187	2048	D5	D7AD
2187	2049	D5	D7B4
2187	204A	00	D7BB
2187	204B	00	D7C2
2187	204C	00	D7C9
2187	204D	00	D7D0
2187	204E	00	D7D7
2187	204F	00	D7DE
2187	2068	D8	D7AD
2187	2069	D8	D7B4
2187	206A	00	D7BB
2187	206B	00	D7C2
2187	206C	00	D7C9
2187	206D	00	D7D0
2187	206E	00	D7D7
2187	206F	00	D7DE
2188	2448	00	D7B4
2188	2449	00	D7BB
2188	244A	00	D7C2
2188	244B	C2	D7C9
2188	244C	C0	D7D0
2188	244D	C0	D7D7
2188	244E	CF	D7DE
2189	2051	94	D7C2
2189	2052	93	D7C9
2189	2053	95	D7D0
2189	2054	95	D7D7
2189	2055	00	D7DE
2189	2031	00	D7C2
2189	2032	00	D7C9
2189	2033	00	D7D0
2189	2034	00	D7D7
2189	2035	00	D7DE
2189	2451	94	D7C2
2189	2452	93	D7C9
2189	2453	95	D7D0
2189	2454	95	D7D7
2189	2455	00	D7DE
2189	2431	00	D7C2
2189	2432	00	D7C9
2189	2433	00	D7D0
2189	2434	00	D7D7
2189	2435	00	D7DE
2189	2043	8B	D7C2
2189	2044	95	D7C9
2189	2045	8E	D7D0
2189	2046	89	D7D7
2189	2047	8F	D7DE
2190	2023	00	D7C2
2190	2024	00	D7C9
2190	2025	00	D7D0
2190	2026	00	D7D7
2190	2027	00	D7DE
2190	2443	8B	D7C2
2190	2444	95	D7C9
2190	2445	8E	D7D0
2190	2446	89	D7D7
2190	2447	8F	D7DE
2190	2423	00	D7C2
2190	2424	00	D7C9
2190	2425	00	D7D0
2190	2426	00	D7D7
2190	2427	00	D7DE
2190	2056	D5	D7AD
2190	2057	D5	D7B4
2190	2058	00	D7BB
2190	2059	00	D7C2
2190	205A	00	D7C9
2190	205B	00	D7D0
2190	205C	00	D7D7
2190	205D	00	D7DE
2191	2076	D8	D7AD
2191	2077	D8	D7B4
2191	2078	00	D7BB
2191	2079	00	D7C2
2191	207A	00	D7C9
2191	207B	00	D7D0
2191	207C	00	D7D7
2191	207D	00	D7DE
2191	2456	00	D7B4
2191	2457	00	D7BB
2191	2458	00	D7C2
2191	2459	C2	D7C9
2191	245A	C0	D7D0
2191	245B	C0	D7D7
2191	245C	CF	D7DE
2191	2048	D5	D7AD
2191	2049	D5	D7B4
2191	204A	00	D7BB
2191	204B	00	D7C2
2191	204C	00	D7C9
2191	204D	00	D7D0
2191	204E	00	D7D7
2191	204F	00	D7DE
2191	2068	D8	D7AD
2191	2069	D8	D7B4
2191	206A	00	D7BB
2191	206B	00	D7C2
2191	206C	00	D7C9
2191	206D	00	D7D0
2191	206E	00	D7D7
2191	206F	00	D7DE
2192	2448	00	D7B4
2192	2449	00	D7BB
2192	244A	00	D7C2
2192	244B	C2	D7C9
2192	244C	C0	D7D0
2192	244D	C0	D7D7
2192	244E	CF	D7DE
2193	2051	94	D7C2
2193	2052	93	D7C9
2193	2053	95	D7D0
2193	2054	95	D7D7
2193	2055	00	D7DE
2193	2031	00	D7C2
2193	2032	00	D7C9
2193	2033	00	D7D0
2193	2034	00	D7D7
2193	2035	00	D7DE
2193	2451	94	D7C2
2193	2452	93	D7C9
2193	2453	95	D7D0
2193	2454	95	D7D7
2193	2455	00	D7DE
2193	2431	00	D7C2
2193	2432	00	D7C9
2193	2433	00	D7D0
2193	2434	00	D7D7
2193	2435	00	D7DE
2193	2043	8B	D7C2
2193	2044	95	D7C9
2193	2045	8E	D7D0
2193	2046	89	D7D7
2193	2047	8F	D7DE
2194	2023	00	D7C2
2194	2024	00	D7C9
2194	2025	00	D7D0
2194	2026	00	D7D7
2194	2027	00	D7DE
2194	2443	8B	D7C2
2194	2444	95	D7C9
2194	2445	8E	D7D0
2194	2446	89	D7D7
2194	2447	8F	D7DE
2194	2423	00	D7C2
2194	2424	00	D7C9
2194	2425	00	D7D0
2194	2426	00	D7D7
2194	2427	00	D7DE
2194	2056	D5	D7AD
2194	2057	D5	D7B4
2194	2058	00	D7BB
2194	2059	00	D7C2
2194	205A	00	D7C9
2194	205B	00	D7D0
2194	205C	00	D7D7
2194	205D	00	D7DE
2195	2076	D8	D7AD
2195	2077	D8	D7B4
2195	2078	00	D7BB
2195	2079	00	D7C2
2195	207A	00	D7C9
2195	207B	00	D7D0
2195	207C	00	D7D7
2195	207D	00	D7DE
2195	2456	00	D7B4
2195	2457	00	D7BB
2195	2458	00	D7C2
2195	2459	C2	D7C9
2195	245A	C0	D7D0
2195	245B	C0	D7D7
2195	245C	CF	D7DE
2195	2048	D5	D7AD
2195	2049	D5	D7B4
2195	204A	00	D7BB
2195	204B	00	D7C2
2195	204C	00	D7C9
2195	204D	00	D7D0
2195	204E	00	D7D7
2195	204F	00	D7DE
2195	2068	D8	D7AD
2195	2069	D8	D7B4
2195	206A	00	D7BB
2195	206B	00	D7C2
2195	206C	00	D7C9
2195	206D	00	D7D0
2195	206E	00	D7D7
2195	206F	00	D7DE
2196	2448	00	D7B4
2196	2449	00	D7BB
2196	244A	00	D7C2
2196	244B	C2	D7C9
2196	244C	C0	D7D0
2196	244D	C0	D7D7
2196	244E	CF	D7DE
2197	2051	94	D7C2
2197	2052	93	D7C9
2197	2053	95	D7D0
2197	2054	95	D7D7
2197	2055	00	D7DE
2197	2031	00	D7C2
2197	2032	00	D7C9
2197	2033	00	D7D0
2197	2034	00	D7D7
2197	2035	00	D7DE
2197	2451	94	D7C2
2197	2452	93	D7C9
2197	2453	95	D7D0
2197	2454	95	D7D7
2197	2455	00	D7DE
2197	2431	00	D7C2
2197	2432	00	D7C9
2197	2433	00	D7D0
2197	2434	00	D7D7
2197	2435	00	D7DE
2197	2043	8B	D7C2
2197	2044	95	D7C9
2197	2045	8E	D7D0
2197	2046	89	D7D7
2197	2047	8F	D7DE
2198	2023	00	D7C2
2198	2024	00	D7C9
2198	2025	00	D7D0
2198	2026	00	D7D7
2198	2027	00	D7DE
2198	2443	8B	D7C2
2198	2444	95	D7C9
2198	2445	8E	D7D0
2198	2446	89	D7D7
2198	2447	8F	D7DE
2198	2423	00	D7C2
2198	2424	00	D7C9
2198	2425	00	D7D0
2198	2426	00	D7D7
2198	2427	00	D7DE
2198	2056	D5	D7AD
2198	2057	D5	D7B4
2198	2058	00	D7BB
2198	2059	00	D7C2
2198	205A	00	D7C9
2198	205B	00	D7D0
2198	205C	00	D7D7
2198	205D	00	D7DE
2199	2076	D8	D7AD
2199	2077	D8	D7B4
2199	2078	00	D7BB
2199	2079	00	D7C2
2199	207A	00	D7C9
2199	207B	00	D7D0
2199	207C	00	D7D7
2199	207D	00	D7DE
2199	2456	00	D7B4
2199	2457	00	D7BB
2199	2458	00	D7C2
2199	2459	C2	D7C9
2199	245A	C0	D7D0
2199	245B	C0	D7D7
2199	245C	CF	D7DE
2199	2048	D5	D7AD
2199	2049	D5	D7B4
2199	204A	00	D7BB
2199	204B	00	D7C2
2199	204C	00	D7C9
2199	204D	00	D7D0
2199	204E	00	D7D7
2199	204F	00	D7DE
2199	2068	D8	D7AD
2199	2069	D8	D7B4
2199	206A	00	D7BB
2199	206B	00	D7C2
2199	206C	00	D7C9
2199	206D	00	D7D0
2199	206E	00	D7D7
2199	206F	00	D7DE
2200	2448	00	D7B4
2200	2449	00	D7BB
2200	244A	00	D7C2
2200	244B	C2	D7C9
2200	244C	C0	D7D0
2200	244D	C0	D7D7
2200	244E	CF	D7DE
2200	2302	82	D7D7
2200	2322	A2	D7DE
2201	2303	8B	D7D7
2201	2323	AB	D7DE
2202	2304	92	D7D7
2202	2324	B2	D7DE
2203	2305	86	D7D7
2203	2325	A6	D7DE
2204	2306	87	D7D7
2204	2326	A7	D7DE
2205	2307	00	D7D7
2205	2327	CA	D7DE
2206	2308	88	D7D7
2206	2328	A8	D7DE
2207	2309	00	D7D7
2207	2329	00	D7DE
2208	230A	98	D7D7
2208	232A	B8	D7DE
2209	230B	91	D7D7
2209	232B	B1	D7DE
2210	230C	99	D7D7
2210	232C	B9	D7DE
2211	2051	94	D7C2
2211	2052	93	D7C9
2211	2053	95	D7D0
2211	2054	95	D7D7
2211	2055	00	D7DE
2211	2031	00	D7C2
2211	2032	00	D7C9
2211	2033	00	D7D0
2211	2034	00	D7D7
2211	2035	00	D7DE
2211	2451	94	D7C2
2211	2452	93	D7C9
2211	2453	95	D7D0
2211	2454	95	D7D7
2211	2455	00	D7DE
2211	2431	00	D7C2
2211	2432	00	D7C9
2211	2433	00	D7D0
2211	2434	00	D7D7
2211	2435	00	D7DE
2211	2043	8B	D7C2
2211	2044	95	D7C9
2211	2045	8E	D7D0
2211	2046	89	D7D7
2211	2047	8F	D7DE
2212	2023	00	D7C2
2212	2024	00	D7C9
2212	2025	00	D7D0
2212	2026	00	D7D7
2212	2027	00	D7DE
2212	2443	8B	D7C2
2212	2444	95	D7C9
2212	2445	8E	D7D0
2212	2446	89	D7D7
2212	2447	8F	D7DE
2212	2423	00	D7C2
2212	2424	00	D7C9
2212	2425	00	D7D0
2212	2426	00	D7D7
2212	2427	00	D7DE
2212	2056	D5	D7AD
2212	2057	D5	D7B4
2212	2058	00	D7BB
2212	2059	00	D7C2
2212	205A	00	D7C9
2212	205B	00	D7D0
2212	205C	00	D7D7
2212	205D	00	D7DE
2213	2076	D8	D7AD
2213	2077	D8	D7B4
2213	2078	00	D7BB
2213	2079	00	D7C2
2213	207A	00	D7C9
2213	207B	00	D7D0
2213	207C	00	D7D7
2213	207D	00	D7DE
2213	2456	00	D7B4
2213	2457	00	D7BB
2213	2458	00	D7C2
2213	2459	C2	D7C9
2213	245A	C0	D7D0
2213	245B	C0	D7D7
2213	245C	CF	D7DE
2213	2048	D5	D7AD
2213	2049	D5	D7B4
2213	204A	00	D7BB
2213	204B	00	D7C2
2213	204C	00	D7C9
2213	204D	00	D7D0
2213	204E	00	D7D7
2213	204F	00	D7DE
2213	2068	D8	D7AD
2213	2069	D8	D7B4
2213	206A	00	D7BB
2213	206B	00	D7C2
2213	206C	00	D7C9
2213	206D	00	D7D0
2213	206E	00	D7D7
2213	206F	00	D7DE
2214	2448	00	D7B4
2214	2449	00	D7BB
2214	244A	00	D7C2
2214	244B	C2	D7C9
2214	244C	C0	D7D0
2214	244D	C0	D7D7
2214	244E	CF	D7DE
2215	2051	94	D7C2
2215	2052	93	D7C9
2215	2053	95	D7D0
2215	2054	95	D7D7
2215	2055	00	D7DE
2215	2031	00	D7C2
2215	2032	00	D7C9
2215	2033	00	D7D0
2215	2034	00	D7D7
2215	2035	00	D7DE
2215	2451	94	D7C2
2215	2452	93	D7C9
2215	2453	95	D7D0
2215	2454	95	D7D7
2215	2455	00	D7DE
2215	2431	00	D7C2
2215	2432	00	D7C9
2215	2433	00	D7D0
2215	2434	00	D7D7
2215	2435	00	D7DE
2215	2043	8B	D7C2
2215	2044	95	D7C9
2215	2045	8E	D7D0
2215	2046	89	D7D7
2215	2047	8F	D7DE
2216	2023	00	D7C2
2216	2024	00	D7C9
2216	2025	00	D7D0
2216	2026	00	D7D7
2216	2027	00	D7DE
2216	2443	8B	D7C2
2216	2444	95	D7C9
2216	2445	8E	D7D0
2216	2446	89	D7D7
2216	2447	8F	D7DE
2216	2423	00	D7C2
2216	2424	00	D7C9
2216	2425	00	D7D0
2216	2426	00	D7D7
2216	2427	00	D7DE
2216	2056	D5	D7AD
2216	2057	D5	D7B4
2216	2058	00	D7BB
2216	2059	00	D7C2
2216	205A	00	D7C9
2216	205B	00	D7D0
2216	205C	00	D7D7
2216	205D	00	D7DE
2217	2076	D8	D7AD
2217	2077	D8	D7B4
2217	2078	00	D7BB
2217	2079	00	D7C2
2217	207A	00	D7C9
2217	207B	00	D7D0
2217	207C	00	D7D7
2217	207D	00	D7DE
2217	2456	00	D7B4
2217	2457	00	D7BB
2217	2458	00	D7C2
2217	2459	C2	D7C9
2217	245A	C0	D7D0
2217	245B	C0	D7D7
2217	245C	CF	D7DE
2217	2048	D5	D7AD
2217	2049	D5	D7B4
2217	204A	00	D7BB
2217	204B	00	D7C2
2217	204C	00	D7C9
2217	204D	00	D7D0
2217	204E	00	D7D7
2217	204F	00	D7DE
2217	2068	D8	D7AD
2217	2069	D8	D7B4
2217	206A	00	D7BB
2217	206B	00	D7C2
2217	206C	00	D7C9
2217	206D	00	D7D0
2217	206E	00	D7D7
2217	206F	00	D7DE
2218	2448	00	D7B4
2218	2449	00	D7BB
2218	244A	00	D7C2
2218	244B	C2	D7C9
2218	244C	C0	D7D0
2218	244D	C0	D7D7
2218	244E	CF	D7DE
2219	2051	94	D7C2
2219	2052	93	D7C9
2219	2053	95	D7D0
2219	2054	95	D7D7
2219	2055	00	D7DE
2219	2031	00	D7C2
2219	2032	00	D7C9
2219	2033	00	D7D0
2219	2034	00	D7D7
2219	2035	00	D7DE
2219	2451	94	D7C2
2219	2452	93	D7C9
2219	2453	95	D7D0
2219	2454	95	D7D7
2219	2455	00	D7DE
2219	2431	00	D7C2
2219	2432	00	D7C9
2219	2433	00	D7D0
2219	2434	00	D7D7
2219	2435	00	D7DE
2219	2043	8B	D7C2
2219	2044	95	D7C9
2219	2045	8E	D7D0
2219	2046	89	D7D7
2219	2047	8F	D7DE
2220	2023	00	D7C2
2220	2024	00	D7C9
2220	2025	00	D7D0
2220	2026	00	D7D7
2220	2027	00	D7DE
2220	2443	8B	D7C2
2220	2444	95	D7C9
2220	2445	8E	D7D0
2220	2446	89	D7D7
2220	2447	8F	D7DE
2220	2423	00	D7C2
2220	2424	00	D7C9
2220	2425	00	D7D0
2220	2426	00	D7D7
2220	2427	00	D7DE
2220	2056	D5	D7AD
2220	2057	D5	D7B4
2220	2058	00	D7BB
2220	2059	00	D7C2
2220	205A	00	D7C9
2220	205B	00	D7D0
2220	205C	00	D7D7
2220	205D	00	D7DE
2221	2076	D8	D7AD
2221	2077	D8	D7B4
2221	2078	00	D7BB
2221	2079	00	D7C2
2221	207A	00	D7C9
2221	207B	00	D7D0
2221	207C	00	D7D7
2221	207D	00	D7DE
2221	2456	00	D7B4
2221	2457	00	D7BB
2221	2458	00	D7C2
2221	2459	C2	D7C9
2221	245A	C0	D7D0
2221	245B	C0	D7D7
2221	245C	CF	D7DE
2221	2048	D5	D7AD
2221	2049	D5	D7B4
2221	204A	00	D7BB
2221	204B	02	D7C2
2221	204C	00	D7C9
2221	204D	00	D7D0
2221	204E	00	D7D7
2221	204F	80	D7DE
2221	2068	D8	D7AD
2221	2069	D8	D7B4
2221	206A	00	D7BB
2221	206B	00	D7C2
2221	206C	00	D7C9
2221	206D	00	D7D0
2221	206E	00	D7D7
2221	206F	00	D7DE
2222	2448	00	D7B4
2222	2449	00	D7BB
2222	244A	00	D7C2
2222	244B	C2	D7C9
2222	244C	C0	D7D0
2222	244D	C0	D7D7
2222	244E	CF	D7DE
2223	2051	94	D7C2
2223	2052	93	D7C9
2223	2053	95	D7D0
2223	2054	95	D7D7
2223	2055	00	D7DE
2223	2031	00	D7C2
2223	2032	00	D7C9
2223	2033	00	D7D0
2223	2034	00	D7D7
2223	2035	00	D7DE
2223	2451	94	D7C2
2223	2452	93	D7C9
2223	2453	95	D7D0
2223	2454	95	D7D7
2223	2455	00	D7DE
2223	2431	00	D7C2
2223	2432	00	D7C9
2223	2433	00	D7D0
2223	2434	00	D7D7
2223	2435	00	D7DE
2223	2043	8B	D7C2
2223	2044	95	D7C9
2223	2045	8E	D7D0
2223	2046	89	D7D7
2223	2047	8F	D7DE
2224	2023	00	D7C2
2224	2024	00	D7C9
2224	2025	00	D7D0
2224	2026	00	D7D7
2224	2027	00	D7DE
2224	2443	8B	D7C2
2224	2444	95	D7C9
2224	2445	8E	D7D0
2224	2446	89	D7D7
2224	2447	8F	D7DE
2224	2423	00	D7C2
2224	2424	00	D7C9
2224	2425	00	D7D0
2224	2426	00	D7D7
2224	2427	00	D7DE
2224	2056	D5	D7AD
2224	2057	D5	D7B4
2224	2058	00	D7BB
2224	2059	00	D7C2
2224	205A	00	D7C9
2224	205B	00	D7D0
2224	205C	00	D7D7
2224	205D	00	D7DE
2225	2076	D8	D7AD
2225	2077	D8	D7B4
2225	2078	00	D7BB
2225	2079	00	D7C2
2225	207A	00	D7C9
2225	207B	00	D7D0
2225	207C	00	D7D7
2225	207D	00	D7DE
2225	2456	00	D7B4
2225	2457	00	D7BB
2225	2458	00	D7C2
2225	2459	C2	D7C9
2225	245A	C0	D7D0
2225	245B	C0	D7D7
2225	245C	CF	D7DE
2225	2048	D5	D7AD
2225	2049	D5	D7B4
2225	204A	00	D7BB
2225	204B	00	D7C2
2225	204C	00	D7C9
2225	204D	00	D7D0
2225	204E	00	D7D7
2225	204F	00	D7DE
2225	2068	D8	D7AD
2225	2069	D8	D7B4
2225	206A	00	D7BB
2225	206B	00	D7C2
2225	206C	00	D7C9
2225	206D	00	D7D0
2225	206E	00	D7D7
2225	206F	00	D7DE
2226	2448	00	D7B4
2226	2449	00	D7BB
2226	244A	00	D7C2
2226	244B	C2	D7C9
2226	244C	C0	D7D0
2226	244D	C0	D7D7
2226	244E	CF	D7DE
2227	2051	94	D7C2
2227	2052	93	D7C9
2227	2053	95	D7D0
2227	2054	95	D7D7
2227	2055	00	D7DE
2227	2031	00	D7C2
2227	2032	00	D7C9
2227	2033	00	D7D0
2227	2034	00	D7D7
2227	2035	00	D7DE
2227	2451	94	D7C2
2227	2452	93	D7C9
2227	2453	95	D7D0
2227	2454	95	D7D7
2227	2455	00	D7DE
2227	2431	00	D7C2
2227	2432	00	D7C9
2227	2433	00	D7D0
2227	2434	00	D7D7
2227	2435	00	D7DE
2227	2043	8B	D7C2
2227	2044	95	D7C9
2227	2045	8E	D7D0
2227	2046	89	D7D7
2227	2047	8F	D7DE
2228	2023	00	D7C2
2228	2024	00	D7C9
2228	2025	00	D7D0
2228	2026	00	D7D7
2228	2027	00	D7DE
2228	2443	8B	D7C2
2228	2444	95	D7C9
2228	2445	8E	D7D0
2228	2446	89	D7D7
2228	2447	8F	D7DE
2228	2423	00	D7C2
2228	2424	00	D7C9
2228	2425	00	D7D0
2228	2426	00	D7D7
2228	2427	00	D7DE
2228	2056	D5	D7AD
2228	2057	D5	D7B4
2228	2058	00	D7BB
2228	2059	00	D7C2
2228	205A	00	D7C9
2228	205B	00	D7D0
2228	205C	00	D7D7
2228	205D	00	D7DE
2229	2076	D8	D7AD
2229	2077	D8	D7B4
2229	2078	80	D7BB
2229	2079	00	D7C2
2229	207A	00	D7C9
2229	207B	00	D7D0
2229	207C	00	D7D7
2229	207D	00	D7DE
2229	2456	00	D7B4
2229	2457	00	D7BB
2229	2458	00	D7C2
2229	2459	C2	D7C9
2229	245A	C0	D7D0
2229	245B	C0	D7D7
2229	245C	CF	D7DE
2229	2048	D5	D7AD
2229	2049	D5	D7B4
2229	204A	00	D7BB
2229	204B	00	D7C2
2229	204C	00	D7C9
2229	204D	00	D7D0
2229	204E	00	D7D7
2229	204F	00	D7DE
2229	2068	D8	D7AD
2229	2069	D8	D7B4
2229	206A	00	D7BB
2229	206B	00	D7C2
2229	206C	00	D7C9
2229	206D	00	D7D0
2229	206E	00	D7D7
2229	206F	00	D7DE
2230	2448	00	D7B4
2230	2449	00	D7BB
2230	244A	00	D7C2
2230	244B	C2	D7C9
2230	244C	C0	D7D0
2230	244D	C0	D7D7
2230	244E	CF	D7DE
2231	2051	94	D7C2
2231	2052	93	D7C9
2231	2053	95	D7D0
2231	2054	95	D7D7
2231	2055	00	D7DE
2231	2031	00	D7C2
2231	2032	00	D7C9
2231	2033	00	D7D0
2231	2034	00	D7D7
2231	2035	00	D7DE
2231	2451	94	D7C2
2231	2452	93	D7C9
2231	2453	95	D7D0
2231	2454	95	D7D7
2231	2455	00	D7DE
2231	2431	00	D7C2
2231	2432	00	D7C9
2231	2433	00	D7D0
2231	2434	00	D7D7
2231	2435	00	D7DE
2231	2043	8B	D7C2
2231	2044	95	D7C9
2231	2045	8E	D7D0
2231	2046	89	D7D7
2231	2047	8F	D7DE
2232	2023	00	D7C2
2232	2024	00	D7C9
2232	2025	00	D7D0
2232	2026	00	D7D7
2232	2027	00	D7DE
2232	2443	8B	D7C2
2232	2444	95	D7C9
2232	2445	8E	D7D0
2232	2446	89	D7D7
2232	2447	8F	D7DE
2232	2423	00	D7C2
2232	2424	00	D7C9
2232	2425	00	D7D0
2232	2426	00	D7D7
2232	2427	00	D7DE
2232	2056	D5	D7AD
2232	2057	D5	D7B4
2232	2058	00	D7BB
2232	2059	00	D7C2
2232	205A	00	D7C9
2232	205B	00	D7D0
2232	205C	00	D7D7
2232	205D	00	D7DE
2233	2076	D8	D7AD
2233	2077	D8	D7B4
2233	2078	00	D7BB
2233	2079	00	D7C2
2233	207A	00	D7C9
2233	207B	00	D7D0
2233	207C	00	D7D7
2233	207D	00	D7DE
2233	2456	00	D7B4
2233	2457	00	D7BB
2233	2458	00	D7C2
2233	2459	C2	D7C9
2233	245A	C0	D7D0
2233	245B	C0	D7D7
2233	245C	CF	D7DE
2233	2048	D5	D7AD
2233	2049	D5	D7B4
2233	204A	00	D7BB
2233	204B	00	D7C2
2233	204C	00	D7C9
2233	204D	00	D7D0
2233	204E	00	D7D7
2233	204F	00	D7DE
2233	2068	D8	D7AD
2233	2069	D8	D7B4
2233	206A	00	D7BB
2233	206B	00	D7C2
2233	206C	00	D7C9
2233	206D	00	D7D0
2233	206E	00	D7D7
2233	206F	00	D7DE
2234	2448	00	D7B4
2234	2449	00	D7BB
2234	244A	00	D7C2
2234	244B	C2	D7C9
2234	244C	C0	D7D0
2234	244D	C0	D7D7
2234	244E	CF	D7DE
2235	2051	94	D7C2
2235	2052	93	D7C9
2235	2053	95	D7D0
2235	2054	95	D7D7
2235	2055	00	D7DE
2235	2031	00	D7C2
2235	2032	00	D7C9
2235	2033	00	D7D0
2235	2034	00	D7D7
2235	2035	00	D7DE
2235	2451	94	D7C2
2235	2452	93	D7C9
2235	2453	95	D7D0
2235	2454	95	D7D7
2235	2455	00	D7DE
2235	2431	00	D7C2
2235	2432	00	D7C9
2235	2433	00	D7D0
2235	2434	00	D7D7
2235	2435	00	D7DE
2235	2043	8B	D7C2
2235	2044	95	D7C9
2235	2045	8E	D7D0
2235	2046	89	D7D7
2235	2047	8F	D7DE
2236	2023	00	D7C2
2236	2024	00	D7C9
2236	2025	00	D7D0
2236	2026	00	D7D7
2236	2027	00	D7DE
2236	2443	8C	D7C2
2236	2444	95	D7C9
2236	2445	8E	D7D0
2236	2446	89	D7D7
2236	2447	80	D7DE
2236	2423	00	D7C2
2236	2424	00	D7C9
2236	2425	00	D7D0
2236	2426	00	D7D7
2236	2427	00	D7DE
2236	2056	D5	D7AD
2236	2057	D5	D7B4
2236	2058	00	D7BB
2236	2059	00	D7C2
2236	205A	00	D7C9
2236	205B	00	D7D0
2236	205C	00	D7D7
2236	205D	00	D7DE
2237	2076	D8	D7AD
2237	2077	D8	D7B4
2237	2078	00	D7BB
2237	2079	00	D7C2
2237	207A	00	D7C9
2237	207B	00	D7D0
2237	207C	00	D7D7
2237	207D	00	D7DE
2237	2456	00	D7B4
2237	2457	00	D7BB
2237	2458	00	D7C2
2237	2459	C2	D7C9
2237	245A	C0	D7D0
2237	245B	C0	D7D7
2237	245C	CF	D7DE
2237	2048	D5	D7AD
2237	2049	D5	D7B4
2237	204A	00	D7BB
2237	204B	00	D7C2
2237	204C	00	D7C9
2237	204D	00	D7D0
2237	204E	00	D7D7
2237	204F	00	D7DE
2237	2068	D8	D7AD
2237	2069	D8	D7B4
2237	206A	00	D7BB
2237	206B	00	D7C2
2237	206C	00	D7C9
2237	206D	00	D7D0
2237	206E	00	D7D7
2237	206F	00	D7DE
2238	2448	00	D7B4
2238	2449	00	D7BB
2238	244A	00	D7C2
2238	244B	C2	D7C9
2238	244C	C0	D7D0
2238	244D	C0	D7D7
2238	244E	CF	D7DE
2239	2051	94	D7C2
2239	2052	93	D7C9
2239	2053	95	D7D0
2239	2054	95	D7D7
2239	2055	00	D7DE
2239	2031	00	D7C2
2239	2032	00	D7C9
2239	2033	00	D7D0
2239	2034	00	D7D7
2239	2035	00	D7DE
2239	2451	94	D7C2
2239	2452	93	D7C9
2239	2453	95	D7D0
2239	2454	95	D7D7
2239	2455	00	D7DE
2239	2431	00	D7C2
2239	2432	00	D7C9
2239	2433	00	D7D0
2239	2434	00	D7D7
2239	2435	00	D7DE
2239	2043	8B	D7C2
2239	2044	95	D7C9
2239	2045	8E	D7D0
2239	2046	89	D7D7
2239	2047	8F	D7DE
2240	2023	00	D7C2
2240	2024	00	D7C9
2240	2025	00	D7D0
2240	2026	00	D7D7
2240	2027	00	D7DE
2240	2443	8B	D7C2
2240	2444	95	D7C9
2240	2445	8E	D7D0
2240	2446	89	D7D7
2240	2447	8F	D7DE
2240	2423	00	D7C2
2240	2424	00	D7C9
2240	2425	00	D7D0
2240	2426	00	D7D7
2240	2427	00	D7DE
2240	2056	D5	D7AD
2240	2057	D5	D7B4
2240	2058	00	D7BB
2240	2059	00	D7C2
2240	205A	00	D7C9
2240	205B	00	D7D0
2240	205C	00	D7D7
2240	205D	00	D7DE
2241	2076	D8	D7AD
2241	2077	D8	D7B4
2241	2078	00	D7BB
2241	2079	00	D7C2
2241	207A	00	D7C9
2241	207B	00	D7D0
2241	207C	00	D7D7
2241	207D	00	D7DE
2241	2456	00	D7B4
2241	2457	00	D7BB
2241	2458	00	D7C2
2241	2459	C2	D7C9
2241	245A	C0	D7D0
2241	245B	C0	D7D7
2241	245C	CF	D7DE
2241	2048	D5	D7AD
2241	2049	D5	D7B4
2241	204A	00	D7BB
2241	204B	00	D7C2
2241	204C	00	D7C9
2241	204D	00	D7D0
2241	204E	00	D7D7
2241	204F	00	D7DE
2241	2068	D8	D7AD
2241	2069	D8	D7B4
2241	206A	00	D7BB
2241	206B	00	D7C2
2241	206C	00	D7C9
2241	206D	00	D7D0
2241	206E	00	D7D7
2241	206F	00	D7DE
2242	2448	00	D7B4
2242	2449	00	D7BB
2242	244A	00	D7C2
2242	244B	C2	D7C9
2242	244C	C0	D7D0
2242	244D	C0	D7D7
2242	244E	CF	D7DE
2243	2051	94	D7C2
2243	2052	93	D7C9
2243	2053	95	D7D0
2243	2054	95	D7D7
2243	2055	00	D7DE
2243	2031	00	D7C2
2243	2032	00	D7C9
2243	2033	00	D7D0
2243	2034	00	D7D7
2243	2035	00	D7DE
2243	2451	94	D7C2
2243	2452	93	D7C9
2243	2453	95	D7D0
2243	2454	95	D7D7
2243	2455	00	D7DE
2243	2431	00	D7C2
2243	2432	00	D7C9
2243	2433	00	D7D0
2243	2434	00	D7D7
2243	2435	00	D7DE
2243	2043	8B	D7C2
2243	2044	95	D7C9
2243	2045	8E	D7D0
2243	2046	89	D7D7
2243	2047	8F	D7DE
2244	2023	00	D7C2
2244	2024	00	D7C9
2244	2025	00	D7D0
2244	2026	00	D7D7
2244	2027	00	D7DE
2244	2443	8B	D7C2
2244	2444	95	D7C9
2244	2445	8E	D7D0
2244	2446	89	D7D7
2244	2447	8F	D7DE
2244	2423	00	D7C2
2244	2424	00	D7C9
2244	2425	00	D7D0
2244	2426	00	D7D7
2244	2427	00	D7DE
2244	2056	D5	D7AD
2244	2057	D5	D7B4
2244	2058	00	D7BB
2244	2059	00	D7C2
2244	205A	00	D7C9
2244	205B	00	D7D0
2244	205C	00	D7D7
2244	205D	00	D7DE
2245	2076	D8	D7AD
2245	2077	D8	D7B4
2245	2078	00	D7BB
2245	2079	00	D7C2
2245	207A	00	D7C9
2245	207B	00	D7D0
2245	207C	00	D7D7
2245	207D	00	D7DE
2245	2456	00	D7B4
2245	2457	00	D7BB
2245	2458	00	D7C2
2245	2459	C2	D7C9
2245	245A	C0	D7D0
2245	245B	C0	D7D7
2245	245C	CF	D7DE
2245	2048	D5	D7AD
2245	2049	D5	D7B4
2245	204A	00	D7BB
2245	204B	00	D7C2
2245	204C	00	D7C9
2245	204D	00	D7D0
2245	204E	00	D7D7
2245	204F	00	D7DE
2245	2068	D8	D7AD
2245	2069	D8	D7B4
2245	206A	00	D7BB
2245	206B	00	D7C2
2245	206C	00	D7C9
2245	206D	00	D7D0
2245	206E	00	D7D7
2245	206F	00	D7DE
2246	2448	00	D7B4
2246	2449	00	D7BB
2246	244A	00	D7C2
2246	244B	C2	D7C9
2246	244C	C0	D7D0
2246	244D	C0	D7D7
2246	244E	CF	D7DE
2247	2051	94	D7C2
2247	2052	93	D7C9
2247	2053	95	D7D0
2247	2054	95	D7D7
2247	2055	00	D7DE
2247	2031	00	D7C2
2247	2032	00	D7C9
2247	2033	00	D7D0
2247	2034	00	D7D7
2247	2035	00	D7DE
2247	2451	94	D7C2
2247	2452	93	D7C9
2247	2453	95	D7D0
2247	2454	95	D7D7
2247	2455	00	D7DE
2247	2431	00	D7C2
2247	2432	00	D7C9
2247	2433	00	D7D0
2247	2434	00	D7D7
2247	2435	00	D7DE
2247	2043	8B	D7C2
2247	2044	95	D7C9
2247	2045	8E	D7D0
2247	2046	89	D7D7
2247	2047	8F	D7DE
2248	2023	00	D7C2
2248	2024	00	D7C9
2248	2025	00	D7D0
2248	2026	00	D7D7
2248	2027	00	D7DE
2248	2443	8B	D7C2
2248	2444	95	D7C9
2248	2445	8E	D7D0
2248	2446	89	D7D7
2248	2447	8F	D7DE
2248	2423	00	D7C2
2248	2424	00	D7C9
2248	2425	00	D7D0
2248	2426	00	D7D7
2248	2427	00	D7DE
2248	2056	D5	D7AD
2248	2057	D5	D7B4
2248	2058	00	D7BB
2248	2059	00	D7C2
2248	205A	00	D7C9
2248	205B	00	D7D0
2248	205C	00	D7D7
2248	205D	00	D7DE
2249	2076	D8	D7AD
2249	2077	D8	D7B4
2249	2078	00	D7BB
2249	2079	00	D7C2
2249	207A	00	D7C9
2249	207B	00	D7D0
2249	207C	00	D7D7
2249	207D	00	D7DE
2249	2456	00	D7B4
2249	2457	00	D7BB
2249	2458	00	D7C2
2249	2459	C2	D7C9
2249	245A	C0	D7D0
2249	245B	C0	D7D7
2249	245C	CF	D7DE
2249	2048	D5	D7AD
2249	2049	D5	D7B4
2249	204A	00	D7BB
2249	204B	00	D7C2
2249	204C	00	D7C9
2249	204D	00	D7D0
2249	204E	00	D7D7
2249	204F	00	D7DE
2249	2068	D8	D7AD
2249	2069	D8	D7B4
2249	206A	00	D7BB
2249	206B	00	D7C2
2249	206C	00	D7C9
2249	206D	00	D7D0
2249	206E	00	D7D7
2249	206F	00	D7DE
2250	2448	00	D7B4
2250	2449	00	D7BB
2250	244A	00	D7C2
2250	244B	C2	D7C9
2250	244C	C0	D7D0
2250	244D	C0	D7D7
2250	244E	CF	D7DE
2251	2051	94	D7C2
2251	2052	93	D7C9
2251	2053	95	D7D0
2251	2054	95	D7D7
2251	2055	00	D7DE
2251	2031	00	D7C2
2251	2032	00	D7C9
2251	2033	00	D7D0
2251	2034	00	D7D7
2251	2035	00	D7DE
2251	2451	94	D7C2
2251	2452	93	D7C9
2251	2453	95	D7D0
2251	2454	95	D7D7
2251	2455	00	D7DE
2251	2431	00	D7C2
2251	2432	00	D7C9
2251	2433	00	D7D0
2251	2434	00	D7D7
2251	2435	00	D7DE
2251	2043	8B	D7C2
2251	2044	95	D7C9
2251	2045	8E	D7D0
2251	2046	89	D7D7
2251	2047	8F	D7DE
2252	2023	00	D7C2
2252	2024	00	D7C9
2252	2025	00	D7D0
2252	2026	00	D7D7
2252	2027	00	D7DE
2252	2443	8B	D7C2
2252	2444	95	D7C9
2252	2445	8E	D7D0
2252	2446	89	D7D7
2252	2447	8F	D7DE
2252	2423	00	D7C2
2252	2424	00	D7C9
2252	2425	00	D7D0
2252	2426	00	D7D7
2252	2427	00	D7DE
2252	2056	D5	D7AD
2252	2057	D5	D7B4
2252	2058	00	D7BB
2252	2059	00	D7C2
2252	205A	00	D7C9
2252	205B	00	D7D0
2252	205C	00	D7D7
2252	205D	00	D7DE
2253	2076	D8	D7AD
2253	2077	D8	D7B4
2253	2078	00	D7BB
2253	2079	00	D7C2
2253	207A	00	D7C9
2253	207B	00	D7D0
2253	207C	00	D7D7
2253	207D	00	D7DE
2253	2456	00	D7B4
2253	2457	00	D7BB
2253	2458	00	D7C2
2253	2459	C2	D7C9
2253	245A	C0	D7D0
2253	245B	C0	D7D7
2253	245C	CF	D7DE
2253	2048	D5	D7AD
2253	2049	D5	D7B4
2253	204A	00	D7BB
2253	204B	00	D7C2
2253	204C	00	D7C9
2253	204D	00	D7D0
2253	204E	00	D7D7
2253	204F	00	D7DE
2253	2068	D8	D7AD
2253	2069	D8	D7B4
2253	206A	00	D7BB
2253	206B	00	D7C2
2253	206C	00	D7C9
2253	206D	00	D7D0
2253	206E	00	D7D7
2253	206F	00	D7DE
2254	2448	00	D7B4
2254	2449	00	D7BB
2254	244A	00	D7C2
2254	244B	C2	D7C9
2254	244C	C0	D7D0
2254	244D	C0	D7D7
2254	244E	CF	D7DE
2255	2051	94	D7C2
2255	2052	93	D7C9
2255	2053	95	D7D0
2255	2054	95	D7D7
2255	2055	00	D7DE
2255	2031	00	D7C2
2255	2032	00	D7C9
2255	2033	00	D7D0
2255	2034	00	D7D7
2255	2035	00	D7DE
2255	2451	94	D7C2
2255	2452	93	D7C9
2255	2453	95	D7D0
2255	2454	95	D7D7
2255	2455	00	D7DE
2255	2431	00	D7C2
2255	2432	00	D7C9
2255	2433	00	D7D0
2255	2434	00	D7D7
2255	2435	00	D7DE
2255	2043	8B	D7C2
2255	2044	95	D7C9
2255	2045	8E	D7D0
2255	2046	89	D7D7
2255	2047	8F	D7DE
2256	2023	00	D7C2
2256	2024	00	D7C9
2256	2025	00	D7D0
2256	2026	00	D7D7
2256	2027	00	D7DE
2256	2443	8B	D7C2
2256	2444	95	D7C9
2256	2445	8E	D7D0
2256	2446	89	D7D7
2256	2447	8F	D7DE
2256	2423	00	D7C2
2256	2424	00	D7C9
2256	2425	00	D7D0
2256	2426	00	D7D7
2256	2427	00	D7DE
2256	2056	D5	D7AD
2256	2057	D5	D7B4
2256	2058	00	D7BB
2256	2059	00	D7C2
2256	205A	00	D7C9
2256	205B	00	D7D0
2256	205C	00	D7D7
2256	205D	00	D7DE
2257	2076	D8	D7AD
2257	2077	D8	D7B4
2257	2078	00	D7BB
2257	2079	00	D7C2
2257	207A	00	D7C9
2257	207B	00	D7D0
2257	207C	00	D7D7
2257	207D	00	D7DE
2257	2456	00	D7B4
2257	2457	00	D7BB
2257	2458	00	D7C2
2257	2459	C2	D7C9
2257	245A	C0	D7D0
2257	245B	C0	D7D7
2257	245C	CF	D7DE
2257	2048	D5	D7AD
2257	2049	D5	D7B4
2257	204A	00	D7BB
2257	204B	00	D7C2
2257	204C	00	D7C9
2257	204D	02	D7D0
2257	204E	00	D7D7
2257	204F	00	D7DE
2257	2080	D8	D7AD
2257	2081	D8	D7B4
2257	2082	00	D7BB
2257	2083	00	D7C2
2257	2084	00	D7C9
2257	2085	00	D7D0
2257	2086	00	D7D7
2257	2087	00	D7DE
2258	2448	00	D7B4
2258	2449	00	D7BB
2258	244A	00	D7C2
2258	244B	C2	D7C9
2258	244C	C0	D7D0
2258	244D	C0	D7D7
2258	244E	CF	D7DE
2259	2051	94	D7C2
2259	2052	93	D7C9
2259	2053	95	D7D0
2259	2054	95	D7D7
2259	2055	00	D7DE
2259	2031	00	D7C2
2259	2032	00	D7C9
2259	2033	00	D7D0
2259	2034	00	D7D7
2259	2035	00	D7DE
2259	2451	94	D7C2
2259	2452	93	D7C9
2259	2453	95	D7D0
2259	2454	95	D7D7
2259	2455	00	D7DE
2259	2431	00	D7C2
2259	2432	00	D7C9
2259	2433	00	D7D0
2259	2434	00	D7D7
2259	2435	00	D7DE
2259	2043	8B	D7C2
2259	2044	95	D7C9
2259	2045	8E	D7D0
2259	2046	89	D7D7
2259	2047	8F	D7DE
2260	2023	00	D7C2
2260	2024	00	D7C9
2260	2025	00	D7D0
2260	2026	00	D7D7
2260	2027	00	D7DE
2260	2443	8B	D7C2
2260	2444	95	D7C9
2260	2445	8E	D7D0
2260	2446	89	D7D7
2260	2447	8F	D7DE
2260	2423	00	D7C2
2260	2424	00	D7C9
2260	2425	00	D7D0
2260	2426	00	D7D7
2260	2427	00	D7DE
2260	2056	D5	D7AD
2260	2057	D5	D7B4
2260	2058	00	D7BB
2260	2059	00	D7C2
2260	205A	00	D7C9
2260	205B	00	D7D0
2260	205C	00	D7D7
2260	205D	00	D7DE
2261	2076	D8	D7AD
2261	2077	D8	D7B4
2261	2078	00	D7BB
2261	2079	00	D7C2
2261	207A	00	D7C9
2261	207B	00	D7D0
2261	207C	00	D7D7
2261	207D	00	D7DE
2261	2456	00	D7B4
2261	2457	00	D7BB
2261	2458	00	D7C2
2261	2459	C2	D7C9
2261	245A	C0	D7D0
2261	245B	C0	D7D7
2261	245C	CF	D7DE
2261	2048	D5	D7AD
2261	2049	D5	D7B4
2261	204A	00	D7BB
2261	204B	00	D7C2
2261	204C	00	D7C9
2261	204D	00	D7D0
2261	204E	00	D7D7
2261	204F	00	D7DE
2261	2068	D8	D7AD
2261	2069	D8	D7B4
2261	206A	00	D7BB
2261	206B	00	D7C2
2261	206C	00	D7C9
2261	206D	00	D7D0
2261	206E	00	D7D7
2261	206F	00	D7DE
2262	2448	00	D7B4
2262	2449	00	D7BB
2262	244A	00	D7C2
2262	244B	C2	D7C9
2262	244C	C0	D7D0
2262	244D	C0	D7D7
2262	244E	CF	D7DE
2263	2051	94	D7C2
2263	2052	93	D7C9
2263	2053	95	D7D0
2263	2054	95	D7D7
2263	2055	00	D7DE
2263	2031	00	D7C2
2263	2032	00	D7C9
2263	2033	00	D7D0
2263	2034	00	D7D7
2263	2035	00	D7DE
2263	2451	94	D7C2
2263	2452	93	D7C9
2263	2453	95	D7D0
2263	2454	95	D7D7
2263	2455	00	D7DE
2263	2431	00	D7C2
2263	2432	00	D7C9
2263	2433	00	D7D0
2263	2434	00	D7D7
2263	2435	00	D7DE
2263	2043	8B	D7C2
2263	2044	95	D7C9
2263	2045	8E	D7D0
2263	2046	89	D7D7
2263	2047	8F	D7DE
2264	2023	00	D7C2
2264	2024	00	D7C9
2264	2025	00	D7D0
2264	2026	00	D7D7
2264	2027	00	D7DE
2264	2443	8B	D7C2
2264	2444	95	D7C9
2264	2445	8E	D7D0
2264	2446	89	D7D7
2264	2447	8F	D7DE
2264	2423	00	D7C2
2264	2424	00	D7C9
2264	2425	00	D7D0
2264	2426	00	D7D7
2264	2427	00	D7DE
2264	2056	D5	D7AD
2264	2057	D5	D7B4
2264	2058	00	D7BB
2264	2059	00	D7C2
2264	205A	00	D7C9
2264	205B	00	D7D0
2264	205C	00	D7D7
2264	205D	00	D7DE
2265	2076	DA	D7AD
2265	2077	D8	D7B4
2265	2078	00	D7BB
2265	2079	00	D7C2
2265	207A	80	D7C9
2265	207B	00	D7D0
2265	207C	00	D7D7
2265	207D	00	D7DE
2265	2456	00	D7B4
2265	2457	00	D7BB
2265	2458	00	D7C2
2265	2459	C2	D7C9
2265	245A	C0	D7D0
2265	245B	C0	D7D7
2265	245C	CF	D7DE
2265	2048	D5	D7AD
2265	2049	D5	D7B4
2265	204A	00	D7BB
2265	204B	00	D7C2
2265	204C	00	D7C9
2265	204D	00	D7D0
2265	204E	00	D7D7
2265	204F	00	D7DE
2265	2068	D8	D7AD
2265	2069	D8	D7B4
2265	206A	00	D7BB
2265	206B	00	D7C2
2265	206C	00	D7C9
2265	206D	00	D7D0
2265	206E	00	D7D7
2265	206F	00	D7DE
2266	2448	00	D7B4
2266	2449	00	D7BB
2266	244A	00	D7C2
2266	244B	C2	D7C9
2266	244C	C0	D7D0
2266	244D	C0	D7D7
2266	244E	CF	D7DE
2267	2051	94	D7C2
2267	2052	93	D7C9
2267	2053	95	D7D0
2267	2054	95	D7D7
2267	2055	00	D7DE
2267	2031	00	D7C2
2267	2032	00	D7C9
2267	2033	00	D7D0
2267	2034	00	D7D7
2267	2035	00	D7DE
2267	2451	94	D7C2
2267	2452	93	D7C9
2267	2453	95	D7D0
2267	2454	95	D7D7
2267	2455	00	D7DE
2267	2431	00	D7C2
2267	2432	00	D7C9
2267	2433	00	D7D0
2267	2434	00	D7D7
2267	2435	00	D7DE
2267	2043	8B	D7C2
2267	2044	95	D7C9
2267	2045	8E	D7D0
2267	2046	89	D7D7
2267	2047	8F	D7DE
2268	2023	00	D7C2
2268	2024	00	D7C9
2268	2025	00	D7D0
2268	2026	00	D7D7
2268	2027	00	D7DE
2268	2443	8B	D7C2
2268	2444	95	D7C9
2268	2445	8E	D7D0
2268	2446	89	D7D7
2268	2447	8F	D7DE
2268	2423	00	D7C2
2268	2424	00	D7C9
2268	2425	00	D7D0
2268	2426	00	D7D7
2268	2427	00	D7DE
2268	2056	D5	D7AD
2268	2057	D5	D7B4
2268	2058	00	D7BB
2268	2059	00	D7C2
2268	205A	00	D7C9
2268	205B	00	D7D0
2268	205C	00	D7D7
2268	205D	00	D7DE
2269	2076	D8	D7AD
2269	2077	D8	D7B4
2269	2078	00	D7BB
2269	2079	00	D7C2
2269	207A	00	D7C9
2269	207B	00	D7D0
2269	207C	00	D7D7
2269	207D	00	D7DE
2269	2456	00	D7B4
2269	2457	00	D7BB
2269	2458	00	D7C2
2269	2459	C2	D7C9
2269	245A	C0	D7D0
2269	245B	C0	D7D7
2269	245C	CF	D7DE
2269	2048	D5	D7AD
2269	2049	D5	D7B4
2269	204A	00	D7BB
2269	204B	00	D7C2
2269	204C	00	D7C9
2269	204D	00	D7D0
2269	204E	00	D7D7
2269	204F	00	D7DE
2269	2068	D8	D7AD
2269	2069	D8	D7B4
2269	206A	00	D7BB
2269	206B	00	D7C2
2269	206C	00	D7C9
2269	206D	00	D7D0
2269	206E	00	D7D7
2269	206F	00	D7DE
2270	2448	00	D7B4
2270	2449	00	D7BB
2270	244A	00	D7C2
2270	244B	C2	D7C9
2270	244C	C0	D7D0
2270	244D	C0	D7D7
2270	244E	CF	D7DE
2270	2300	00	D705
2270	2301	00	D70C
2270	2302	00	D713
2270	2303	00	D71A
2270	2304	00	D721
2270	2305	00	D728
2270	2306	00	D72F
2270	2307	00	D736
2270	2308	00	D73D
2270	2309	00	D744
2270	230A	00	D74B
2270	230B	00	D752
2270	230C	00	D759
2270	230D	00	D760
2270	230E	00	D767
2270	230F	00	D76E
2270	2310	00	D775
2270	2311	00	D77C
2270	2312	00	D783
2270	2313	00	D78A
2270	2314	00	D791
2270	2315	00	D798
2270	2316	00	D79F
2270	2317	00	D7A6
2270	2318	00	D7AD
2270	2319	00	D7B4
2270	231A	00	D7BB
2270	231B	00	D7C2
2270	231C	00	D7C9
2270	231D	00	D7D0
2270	231E	00	D7D7
2270	231F	00	D7DE
2271	2320	00	D705
2271	2321	00	D70C
2271	2322	00	D713
2271	2323	00	D71A
2271	2324	00	D721
2271	2325	00	D728
2271	2326	00	D72F
2271	2327	00	D736
2271	2328	00	D73D
2271	2329	00	D744
2271	232A	00	D74B
2271	232B	00	D752
2271	232C	00	D759
2271	232D	00	D760
2271	232E	00	D767
2271	232F	00	D76E
2271	2330	00	D775
2271	2331	00	D77C
2271	2332	00	D783
2271	2333	00	D78A
2271	2334	00	D791
2271	2335	00	D798
2271	2336	00	D79F
2271	2337	00	D7A6
2271	2338	00	D7AD
2271	2339	00	D7B4
2271	233A	00	D7BB
2271	233B	00	D7C2
2271	233C	00	D7C9
2271	233D	00	D7D0
2271	233E	00	D7D7
2271	233F	00	D7DE
2271	2340	00	D705
2271	2341	00	D70C
2271	2342	00	D713
2271	2343	00	D71A
2271	2344	00	D721
2271	2345	00	D728
2271	2346	00	D72F
2271	2347	00	D736
2271	2348	00	D73D
2271	2349	00	D744
2271	234A	00	D74B
2271	234B	00	D752
2271	234C	00	D759
2271	234D	00	D760
2271	234E	00	D767
2271	234F	00	D76E
2271	2350	00	D775
2271	2351	00	D77C
2271	2352	00	D783
2271	2353	00	D78A
2271	2354	00	D791
2271	2355	00	D798
2271	2356	00	D79F
2271	2357	00	D7A6
2271	2358	00	D7AD
2271	2359	00	D7B4
2271	235A	00	D7BB
2271	235B	00	D7C2
2271	235C	00	D7C9
2271	235D	00	D7D0
2271	235E	00	D7D7
2271	235F	00	D7DE
2272	2360	00	D705
2272	2361	00	D70C
2272	2362	00	D713
2272	2363	00	D71A
2272	2364	00	D721
2272	2365	00	D728
2272	2366	00	D72F
2272	2367	00	D736
2272	2368	00	D73D
2272	2369	00	D744
2272	236A	00	D74B
2272	236B	00	D752
2272	236C	00	D759
2272	236D	00	D760
2272	236E	00	D767
2272	236F	00	D76E
2272	2370	00	D775
2272	2371	00	D77C
2272	2372	00	D783
2272	2373	00	D78A
2272	2374	00	D791
2272	2375	00	D798
2272	2376	00	D79F
2272	2377	00	D7A6
2272	2378	00	D7AD
2272	2379	00	D7B4
2272	237A	00	D7BB
2272	237B	00	D7C2
2272	237C	00	D7C9
2272	237D	00	D7D0
2272	237E	00	D7D7
2272	237F	00	D7DE
2272	21CD	7A	D7DE
2286	2000	00	FDF5
2286	2001	00	FDF5
2286	2002	00	FDF5
2286	2003	00	FDF5
2286	2004	00	FDF5
2286	2005	00	FDF5
2286	2006	00	FDF5
2286	2007	00	FDF5
2286	2008	00	FDF5
2286	2009	00	FDF5
2286	200A	00	FDF5
2286	200B	00	FDF5
2286	200C	00	FDF5
2286	200D	00	FDF5
2286	200E	00	FDF5
2286	200F	00	FDF5
2286	2010	00	FDF5
2286	2011	00	FDF5
2286	2012	00	FDF5
2286	2013	00	FDF5
2286	2014	00	FDF5
2286	2015	00	FDF5
2286	2016	00	FDF5
2286	2017	00	FDF5
2286	2018	00	FDF5
2286	2019	00	FDF5
2286	201A	00	FDF5
2286	201B	00	FDF5
2286	201C	00	FDF5
2286	201D	00	FDF5
2286	201E	00	FDF5
2286	201F	00	FDF5
2286	2020	00	FDF5
2286	2021	00	FDF5
2286	2022	00	FDF5
2286	2023	00	FDF5
2286	2024	00	FDF5
2286	2025	00	FDF5
2286	2026	00	FDF5
2286	2027	00	FDF5
2286	2028	00	FDF5
2286	2029	00	FDF5
2286	202A	00	FDF5
2286	202B	00	FDF5
2286	202C	00	FDF5
2286	202D	00	FDF5
2286	202E	00	FDF5
2286	202F	00	FDF5
2286	2030	00	FDF5
2286	2031	00	FDF5
2286	2032	00	FDF5
2286	2033	00	FDF5
2286	2034	00	FDF5
2286	2035	00	FDF5
2286	2036	00	FDF5
2286	2037	00	FDF5
2286	2038	00	FDF5
2286	2039	00	FDF5
2286	203A	00	FDF5
2286	203B	00	FDF5
2286	203C	00	FDF5
2286	203D	00	FDF5
2286	203E	00	FDF5
2286	203F	00	FDF5
2286	2040	00	FDF5
2286	2041	00	FDF5
2286	2042	00	FDF5
2286	2043	00	FDF5
2286	2044	00	FDF5
2286	2045	00	FDF5
2286	2046	00	FDF5
2286	2047	00	FDF5
2286	2048	00	FDF5
2286	2049	00	FDF5
2286	204A	00	FDF5
2286	204B	00	FDF5
2286	204C	00	FDF5
2286	204D	00	FDF5
2286	204E	00	FDF5
2286	204F	00	FDF5
2286	2050	00	FDF5
2286	2051	00	FDF5
2286	2052	00	FDF5
2286	2053	00	FDF5
2286	2054	00	FDF5
2286	2055	00	FDF5
2286	2056	00	FDF5
2286	2057	00	FDF5
2286	2058	00	FDF5
2286	2059	00	FDF5
2286	205A	00	FDF5
2286	205B	00	FDF5
2286	205C	00	FDF5
2286	205D	00	FDF5
2286	205E	00	FDF5
2286	205F	00	FDF5
2286	2060	00	FDF5
2286	2061	00	FDF5
2286	2062	00	FDF5
2286	2063	00	FDF5
2286	2064	00	FDF5
2286	2065	00	FDF5
2286	2066	00	FDF5
2286	2067	00	FDF5
2286	2068	00	FDF5
2286	2069	00	FDF5
2286	206A	00	FDF5
2286	206B	00	FDF5
2286	206C	00	FDF5
2286	206D	00	FDF5
2286	206E	00	FDF5
2286	206F	00	FDF5
2286	2070	00	FDF5
2286	2071	00	FDF5
2286	2072	00	FDF5
2286	2073	00	FDF5
2286	2074	00	FDF5
2286	2075	00	FDF5
2286	2076	00	FDF5
2286	2077	00	FDF5
2286	2078	00	FDF5
2286	2079	00	FDF5
2286	207A	00	FDF5
2286	207B	00	FDF5
2286	207C	00	FDF5
2286	207D	00	FDF5
2286	207E	00	FDF5
2286	207F	00	FDF5
2286	2080	00	FDF5
2286	2081	00	FDF5
2286	2082	00	FDF5
2286	2083	00	FDF5
2286	2084	00	FDF5
2286	2085	00	FDF5
2286	2086	00	FDF5
2286	2087	00	FDF5
2286	2088	00	FDF5
2286	2089	00	FDF5
2286	208A	00	FDF5
2286	208B	00	FDF5
2286	208C	00	FDF5
2286	208D	00	FDF5
2286	208E	00	FDF5
2286	208F	00	FDF5
2286	2090	00	FDF5
2286	2091	00	FDF5
2286	2092	00	FDF5
2286	2093	00	FDF5
2286	2094	00	FDF5
2286	2095	00	FDF5
2286	2096	00	FDF5
2286	2097	00	FDF5
2286	2098	00	FDF5
2286	2099	00	FDF5
2286	209A	00	FDF5
2286	209B	00	FDF5
2286	209C	00	FDF5
2286	209D	00	FDF5
2286	209E	00	FDF5
2286	209F	00	FDF5
2286	20A0	00	FDF5
2286	20A1	00	FDF5
2286	20A2	00	FDF5
2286	20A3	00	FDF5
2286	20A4	00	FDF5
2286	20A5	00	FDF5
2286	20A6	00	FDF5
2286	20A7	00	FDF5
2286	20A8	00	FDF5
2286	20A9	00	FDF5
2286	20AA	00	FDF5
2286	20AB	00	FDF5
2286	20AC	00	FDF5
2286	20AD	00	FDF5
2286	20AE	00	FDF5
2286	20AF	00	FDF5
2286	20B0	00	FDF5
2286	20B1	00	FDF5
2286	20B2	00	FDF5
2286	20B3	00	FDF5
2286	20B4	00	FDF5
2286	20B5	00	FDF5
2286	20B6	00	FDF5
2286	20B7	00	FDF5
2286	20B8	00	FDF5
2286	20B9	00	FDF5
2286	20BA	00	FDF5
2286	20BB	00	FDF5
2286	20BC	00	FDF5
2286	20BD	00	FDF5
2286	20BE	00	FDF5
2286	20BF	00	FDF5
2286	20C0	00	FDF5
2286	20C1	00	FDF5
2286	20C2	00	FDF5
2286	20C3	00	FDF5
2286	20C4	00	FDF5
2286	20C5	00	FDF5
2286	20C6	00	FDF5
2286	20C7	00	FDF5
2286	20C8	00	FDF5
2286	20C9	00	FDF5
2286	20CA	00	FDF5
2286	20CB	00	FDF5
2286	20CC	00	FDF5
2286	20CD	00	FDF5
2286	20CE	00	FDF5
2286	20CF	00	FDF5
2286	20D0	00	FDF5
2286	20D1	00	FDF5
2286	20D2	00	FDF5
2286	20D3	00	FDF5
2286	20D4	00	FDF5
2286	20D5	00	FDF5
2286	20D6	00	FDF5
2286	20D7	00	FDF5
2286	20D8	00	FDF5
2286	20D9	00	FDF5
2286	20DA	00	FDF5
2286	20DB	00	FDF5
2286	20DC	00	FDF5
2286	20DD	00	FDF5
2286	20DE	00	FDF5
2286	20DF	00	FDF5
2286	20E0	00	FDF5
2286	20E1	00	FDF5
2286	20E2	00	FDF5
2286	20E3	00	FDF5
2286	20E4	00	FDF5
2286	20E5	00	FDF5
2286	20E6	00	FDF5
2286	20E7	00	FDF5
2286	20E8	00	FDF5
2286	20E9	00	FDF5
2286	20EA	00	FDF5
2286	20EB	00	FDF5
2286	20EC	00	FDF5
2286	20ED	00	FDF5
2286	20EE	00	FDF5
2286	20EF	00	FDF5
2286	20F0	00	FDF5
2286	20F1	00	FDF5
2286	20F2	00	FDF5
2286	20F3	00	FDF5
2286	20F4	00	FDF5
2286	20F5	00	FDF5
2286	20F6	00	FDF5
2286	20F7	00	FDF5
2286	20F8	00	FDF5
2286	20F9	00	FDF5
2286	20FA	00	FDF5
2286	20FB	00	FDF5
2286	20FC	00	FDF5
2286	20FD	00	FDF5
2286	20FE	00	FDF5
2286	20FF	00	FDF5
2286	2100	00	FDF5
2286	2101	00	FDF5
2286	2102	00	FDF5
2286	2103	00	FDF5
2286	2104	00	FDF5
2286	2105	00	FDF5
2286	2106	00	FDF5
2286	2107	00	FDF5
2286	2108	00	FDF5
2286	2109	00	FDF5
2286	210A	00	FDF5
2286	210B	00	FDF5
2286	210C	00	FDF5
2286	210D	00	FDF5
2286	210E	00	FDF5
2286	210F	00	FDF5
2286	2110	00	FDF5
2286	2111	00	FDF5
2286	2112	00	FDF5
2286	2113	00	FDF5
2286	2114	00	FDF5
2286	2115	00	FDF5
2286	2116	00	FDF5
2286	2117	00	FDF5
2286	2118	00	FDF5
2286	2119	00	FDF5
2286	211A	00	FDF5
2286	211B	00	FDF5
2286	211C	00	FDF5
2286	211D	00	FDF5
2286	211E	00	FDF5
2286	211F	00	FDF5
2286	2120	00	FDF5
2286	2121	00	FDF5
2286	2122	00	FDF5
2286	2123	00	FDF5
2286	2124	00	FDF5
2286	2125	00	FDF5
2286	2126	00	FDF5
2286	2127	00	FDF5
2286	2128	00	FDF5
2286	2129	00	FDF5
2286	212A	00	FDF5
2286	212B	00	FDF5
2286	212C	00	FDF5
2286	212D	00	FDF5
2286	212E	00	FDF5
2286	212F	00	FDF5
2286	2130	00	FDF5
2286	2131	00	FDF5
2286	2132	00	FDF5
2286	2133	00	FDF5
2286	2134	00	FDF5
2286	2135	00	FDF5
2286	2136	00	FDF5
2286	2137	00	FDF5
2286	2138	00	FDF5
2286	2139	00	FDF5
2286	213A	00	FDF5
2286	213B	00	FDF5
2286	213C	00	FDF5
2286	213D	00	FDF5
2286	213E	00	FDF5
2286	213F	00	FDF5
2286	2140	00	FDF5
2286	2141	00	FDF5
2286	2142	00	FDF5
2286	2143	00	FDF5
2286	2144	00	FDF5
2286	2145	00	FDF5
2286	2146	00	FDF5
2286	2147	00	FDF5
2286	2148	00	FDF5
2286	2149	00	FDF5
2286	214A	00	FDF5
2286	214B	00	FDF5
2286	214C	00	FDF5
2286	214D	00	FDF5
2286	214E	00	FDF5
2286	214F	00	FDF5
2286	2150	00	FDF5
2286	2151	00	FDF5
2286	2152	00	FDF5
2286	2153	00	FDF5
2286	2154	00	FDF5
2286	2155	00	FDF5
2286	2156	00	FDF5
2286	2157	00	FDF5
2286	2158	00	FDF5
2286	2159	00	FDF5
2286	215A	00	FDF5
2286	215B	00	FDF5
2286	215C	00	FDF5
2286	215D	00	FDF5
2286	215E	00	FDF5
2286	215F	00	FDF5
2286	2160	00	FDF5
2286	2161	00	FDF5
2286	2162	00	FDF5
2286	2163	00	FDF5
2286	2164	00	FDF5
2286	2165	00	FDF5
2286	2166	00	FDF5
2286	2167	00	FDF5
2286	2168	00	FDF5
2286	2169	00	FDF5
2286	216A	00	FDF5
2286	216B	00	FDF5
2286	216C	00	FDF5
2286	216D	00	FDF5
2286	216E	00	FDF5
2286	216F	00	FDF5
2286	2170	00	FDF5
2286	2171	00	FDF5
2286	2172	00	FDF5
2286	2173	00	FDF5
2286	2174	00	FDF5
2286	2175	00	FDF5
2286	2176	00	FDF5
2286	2177	00	FDF5
2286	2178	00	FDF5
2286	2179	00	FDF5
2286	217A	00	FDF5
2286	217B	00	FDF5
2286	217C	00	FDF5
2286	217D	00	FDF5
2286	217E	00	FDF5
2286	217F	00	FDF5
2286	2180	00	FDF5
2286	2181	00	FDF5
2286	2182	00	FDF5
2286	2183	00	FDF5
2286	2184	00	FDF5
2286	2185	00	FDF5
2286	2186	00	FDF5
2286	2187	00	FDF5
2286	2188	00	FDF5
2286	2189	00	FDF5
2286	218A	00	FDF5
2286	218B	00	FDF5
2286	218C	00	FDF5
2286	218D	00	FDF5
2286	218E	00	FDF5
2286	218F	00	FDF5
2286	2190	00	FDF5
2286	2191	00	FDF5
2286	2192	00	FDF5
2286	2193	00	FDF5
2286	2194	00	FDF5
2286	2195	00	FDF5
2286	2196	00	FDF5
2286	2197	00	FDF5
2286	2198	00	FDF5
2286	2199	00	FDF5
2286	219A	00	FDF5
2286	219B	00	FDF5
2286	219C	00	FDF5
2286	219D	00	FDF5
2286	219E	00	FDF5
2286	219F	00	FDF5
2286	21A0	00	FDF5
2286	21A1	00	FDF5
2286	21A2	00	FDF5
2286	21A3	00	FDF5
2286	21A4	00	FDF5
2286	21A5	00	FDF5
2286	21A6	00	FDF5
2286	21A7	00	FDF5
2286	21A8	00	FDF5
2286	21A9	00	FDF5
2286	21AA	00	FDF5
2286	21AB	00	FDF5
2286	21AC	00	FDF5
2286	21AD	00	FDF5
2286	21AE	00	FDF5
2286	21AF	00	FDF5
2286	21B0	00	FDF5
2286	21B1	00	FDF5
2286	21B2	00	FDF5
2286	21B3	00	FDF5
2286	21B4	00	FDF5
2286	21B5	00	FDF5
2286	21B6	00	FDF5
2286	21B7	00	FDF5
2286	21B8	00	FDF5
2286	21B9	00	FDF5
2286	21BA	00	FDF5
2286	21BB	00	FDF5
2286	21BC	00	FDF5
2286	21BD	00	FDF5
2286	21BE	00	FDF5
2286	21BF	00	FDF5
2286	21C0	00	FDF5
2286	21C1	00	FDF5
2286	21C2	00	FDF5
2286	21C3	00	FDF5
2286	21C4	00	FDF5
2286	21C5	00	FDF5
2286	21C6	00	FDF5
2286	21C7	00	FDF5
2286	21C8	00	FDF5
2286	21C9	00	FDF5
2286	21CA	00	FDF5
2286	21CB	00	FDF5
2286	21CC	00	FDF5
2286	21CD	00	FDF5
2286	21CE	00	FDF5
2286	21CF	00	FDF5
2286	21D0	00	FDF5
2286	21D1	00	FDF5
2286	21D2	00	FDF5
2286	21D3	00	FDF5
2286	21D4	00	FDF5
2286	21D5	00	FDF5
2286	21D6	00	FDF5
2286	21D7	00	FDF5
2286	21D8	00	FDF5
2286	21D9	00	FDF5
2286	21DA	00	FDF5
2286	21DB	00	FDF5
2286	21DC	00	FDF5
2286	21DD	00	FDF5
2286	21DE	00	FDF5
2286	21DF	00	FDF5
2286	21E0	00	FDF5
2286	21E1	00	FDF5
2286	21E2	00	FDF5
2286	21E3	00	FDF5
2286	21E4	00	FDF5
2286	21E5	00	FDF5
2286	21E6	00	FDF5
2286	21E7	00	FDF5
2286	21E8	00	FDF5
2286	21E9	00	FDF5
2286	21EA	00	FDF5
2286	21EB	00	FDF5
2286	21EC	00	FDF5
2286	21ED	00	FDF5
2286	21EE	00	FDF5
2286	21EF	00	FDF5
2286	21F0	00	FDF5
2286	21F1	00	FDF5
2286	21F2	00	FDF5
2286	21F3	00	FDF5
2286	21F4	00	FDF5
2286	21F5	00	FDF5
2286	21F6	00	FDF5
2286	21F7	00	FDF5
2286	21F8	00	FDF5
2286	21F9	00	FDF5
2286	21FA	00	FDF5
2286	21FB	00	FDF5
2286	21FC	00	FDF5
2286	21FD	00	FDF5
2286	21FE	00	FDF5
2286	21FF	00	FDF5
2286	2200	00	FDF5
2286	2201	00	FDF5
2286	2202	00	FDF5
2286	2203	00	FDF5
2286	2204	00	FDF5
2286	2205	00	FDF5
2286	2206	00	FDF5
2286	2207	00	FDF5
2286	2208	00	FDF5
2286	2209	00	FDF5
2286	220A	00	FDF5
2286	220B	00	FDF5
2286	220C	00	FDF5
2286	220D	00	FDF5
2286	220E	00	FDF5
2286	220F	00	FDF5
2286	2210	00	FDF5
2286	2211	00	FDF5
2286	2212	00	FDF5
2286	2213	00	FDF5
2286	2214	00	FDF5
2286	2215	00	FDF5
2286	2216	00	FDF5
2286	2217	00	FDF5
2286	2218	00	FDF5
2286	2219	00	FDF5
2286	221A	00	FDF5
2286	221B	00	FDF5
2286	221C	00	FDF5
2286	221D	00	FDF5
2286	221E	00	FDF5
2286	221F	00	FDF5
2286	2220	00	FDF5
2286	2221	00	FDF5
2286	2222	00	FDF5
2286	2223	00	FDF5
2286	2224	00	FDF5
2286	2225	00	FDF5
2286	2226	00	FDF5
2286	2227	00	FDF5
2286	2228	00	FDF5
2286	2229	00	FDF5
2286	222A	00	FDF5
2286	222B	00	FDF5
2286	222C	00	FDF5
2286	222D	00	FDF5
2286	222E	00	FDF5
2286	222F	00	FDF5
2286	2230	00	FDF5
2286	2231	00	FDF5
2286	2232	00	FDF5
2286	2233	00	FDF5
2286	2234	00	FDF5
2286	2235	00	FDF5
2286	2236	00	FDF5
2286	2237	00	FDF5
2286	2238	00	FDF5
2286	2239	00	FDF5
2286	223A	00	FDF5
2286	223B	00	FDF5
2286	223C	00	FDF5
2286	223D	00	FDF5
2286	223E	00	FDF5
2286	223F	00	FDF5
2286	2240	00	FDF5
2286	2241	00	FDF5
2286	2242	00	FDF5
2286	2243	00	FDF5
2286	2244	00	FDF5
2286	2245	00	FDF5
2286	2246	00	FDF5
2286	2247	00	FDF5
2286	2248	00	FDF5
2286	2249	00	FDF5
2286	224A	00	FDF5
2286	224B	00	FDF5
2286	224C	00	FDF5
2286	224D	00	FDF5
2286	224E	00	FDF5
2286	224F	00	FDF5
2286	2250	00	FDF5
2286	2251	00	FDF5
2286	2252	00	FDF5
2286	2253	00	FDF5
2286	2254	00	FDF5
2286	2255	00	FDF5
2286	2256	00	FDF5
2286	2257	00	FDF5
2286	2258	00	FDF5
2286	2259	00	FDF5
2286	225A	00	FDF5
2286	225B	00	FDF5
2286	225C	00	FDF5
2286	225D	00	FDF5
2286	225E	00	FDF5
2286	225F	00	FDF5
2286	2260	00	FDF5
2286	2261	00	FDF5
2286	2262	00	FDF5
2286	2263	00	FDF5
2286	2264	00	FDF5
2286	2265	00	FDF5
2286	2266	00	FDF5
2286	2267	00	FDF5
2286	2268	00	FDF5
2286	2269	00	FDF5
2286	226A	00	FDF5
2286	226B	00	FDF5
2286	226C	00	FDF5
2286	226D	00	FDF5
2286	226E	00	FDF5
2286	226F	00	FDF5
2286	2270	00	FDF5
2286	2271	00	FDF5
2286	2272	00	FDF5
2286	2273	00	FDF5
2286	2274	00	FDF5
2286	2275	00	FDF5
2286	2276	00	FDF5
2286	2277	00	FDF5
2286	2278	00	FDF5
2286	2279	00	FDF5
2286	227A	00	FDF5
2286	227B	00	FDF5
2286	227C	00	FDF5
2286	227D	00	FDF5
2286	227E	00	FDF5
2286	227F	00	FDF5
2286	2280	00	FDF5
2286	2281	00	FDF5
2286	2282	00	FDF5
2286	2283	00	FDF5
2286	2284	00	FDF5
2286	2285	00	FDF5
2286	2286	00	FDF5
2286	2287	00	FDF5
2286	2288	00	FDF5
2286	2289	00	FDF5
2286	228A	00	FDF5
2286	228B	00	FDF5
2286	228C	00	FDF5
2286	228D	00	FDF5
2286	228E	00	FDF5
2286	228F	00	FDF5
2286	2290	00	FDF5
2286	2291	00	FDF5
2286	2292	00	FDF5
2286	2293	00	FDF5
2286	2294	00	FDF5
2286	2295	00	FDF5
2286	2296	00	FDF5
2286	2297	00	FDF5
2286	2298	00	FDF5
2286	2299	00	FDF5
2286	229A	00	FDF5
2286	229B	00	FDF5
2286	229C	00	FDF5
2286	229D	00	FDF5
2286	229E	00	FDF5
2286	229F	00	FDF5
2286	22A0	00	FDF5
2286	22A1	00	FDF5
2286	22A2	00	FDF5
2286	22A3	00	FDF5
2286	22A4	00	FDF5
2286	22A5	00	FDF5
2286	22A6	00	FDF5
2286	22A7	00	FDF5
2286	22A8	00	FDF5
2286	22A9	00	FDF5
2286	22AA	00	FDF5
2286	22AB	00	FDF5
2286	22AC	00	FDF5
2286	22AD	00	FDF5
2286	22AE	00	FDF5
2286	22AF	00	FDF5
2286	22B0	00	FDF5
2286	22B1	00	FDF5
2286	22B2	00	FDF5
2286	22B3	00	FDF5
2286	22B4	00	FDF5
2286	22B5	00	FDF5
2286	22B6	00	FDF5
2286	22B7	00	FDF5
2286	22B8	00	FDF5
2286	22B9	00	FDF5
2286	22BA	00	FDF5
2286	22BB	00	FDF5
2286	22BC	00	FDF5
2286	22BD	00	FDF5
2286	22BE	00	FDF5
2286	22BF	00	FDF5
2286	22C0	00	FDF5
2286	22C1	00	FDF5
2286	22C2	00	FDF5
2286	22C3	00	FDF5
2286	22C4	00	FDF5
2286	22C5	00	FDF5
2286	22C6	00	FDF5
2286	22C7	00	FDF5
2286	22C8	00	FDF5
2286	22C9	00	FDF5
2286	22CA	00	FDF5
2286	22CB	00	FDF5
2286	22CC	00	FDF5
2286	22CD	00	FDF5
2286	22CE	00	FDF5
2286	22CF	00	FDF5
2286	22D0	00	FDF5
2286	22D1	00	FDF5
2286	22D2	00	FDF5
2286	22D3	00	FDF5
2286	22D4	00	FDF5
2286	22D5	00	FDF5
2286	22D6	00	FDF5
2286	22D7	00	FDF5
2286	22D8	00	FDF5
2286	22D9	00	FDF5
2286	22DA	00	FDF5
2286	22DB	00	FDF5
2286	22DC	00	FDF5
2286	22DD	00	FDF5
2286	22DE	00	FDF5
2286	22DF	00	FDF5
2286	22E0	00	FDF5
2286	22E1	00	FDF5
2286	22E2	00	FDF5
2286	22E3	00	FDF5
2286	22E4	00	FDF5
2286	22E5	00	FDF5
2286	22E6	00	FDF5
2286	22E7	00	FDF5
2286	22E8	00	FDF5
2286	22E9	00	FDF5
2286	22EA	00	FDF5
2286	22EB	00	FDF5
2286	22EC	00	FDF5
2286	22ED	00	FDF5
2286	22EE	00	FDF5
2286	22EF	00	FDF5
2286	22F0	00	FDF5
2286	22F1	00	FDF5
2286	22F2	00	FDF5
2286	22F3	00	FDF5
2286	22F4	00	FDF5
2286	22F5	00	FDF5
2286	22F6	00	FDF5
2286	22F7	00	FDF5
2286	22F8	00	FDF5
2286	22F9	00	FDF5
2286	22FA	00	FDF5
2286	22FB	00	FDF5
2286	22FC	00	FDF5
2286	22FD	00	FDF5
2286	22FE	00	FDF5
2286	22FF	00	FDF5
2286	2300	00	FDF5
2286	2301	00	FDF5
2286	2302	00	FDF5
2286	2303	00	FDF5
2286	2304	00	FDF5
2286	2305	00	FDF5
2286	2306	00	FDF5
2286	2307	00	FDF5
2286	2308	00	FDF5
2286	2309	00	FDF5
2286	230A	00	FDF5
2286	230B	00	FDF5
2286	230C	00	FDF5
2286	230D	00	FDF5
2286	230E	00	FDF5
2286	230F	00	FDF5
2286	2310	00	FDF5
2286	2311	00	FDF5
2286	2312	00	FDF5
2286	2313	00	FDF5
2286	2314	00	FDF5
2286	2315	00	FDF5
2286	2316	00	FDF5
2286	2317	00	FDF5
2286	2318	00	FDF5
2286	2319	00	FDF5
2286	231A	00	FDF5
2286	231B	00	FDF5
2286	231C	00	FDF5
2286	231D	00	FDF5
2286	231E	00	FDF5
2286	231F	00	FDF5
2286	2320	00	FDF5
2286	2321	00	FDF5
2286	2322	00	FDF5
2286	2323	00	FDF5
2286	2324	00	FDF5
2286	2325	00	FDF5
2286	2326	00	FDF5
2286	2327	00	FDF5
2286	2328	00	FDF5
2286	2329	00	FDF5
2286	232A	00	FDF5
2286	232B	00	FDF5
2286	232C	00	FDF5
2286	232D	00	FDF5
2286	232E	00	FDF5
2286	232F	00	FDF5
2286	2330	00	FDF5
2286	2331	00	FDF5
2286	2332	00	FDF5
2286	2333	00	FDF5
2286	2334	00	FDF5
2286	2335	00	FDF5
2286	2336	00	FDF5
2286	2337	00	FDF5
2286	2338	00	FDF5
2286	2339	00	FDF5
2286	233A	00	FDF5
2286	233B	00	FDF5
2286	233C	00	FDF5
2286	233D	00	FDF5
2286	233E	00	FDF5
2286	233F	00	FDF5
2286	2340	00	FDF5
2286	2341	00	FDF5
2286	2342	00	FDF5
2286	2343	00	FDF5
2286	2344	00	FDF5
2286	2345	00	FDF5
2286	2346	00	FDF5
2286	2347	00	FDF5
2286	2348	00	FDF5
2286	2349	00	FDF5
2286	234A	00	FDF5
2286	234B	00	FDF5
2286	234C	00	FDF5
2286	234D	00	FDF5
2286	234E	00	FDF5
2286	234F	00	FDF5
2286	2350	00	FDF5
2286	2351	00	FDF5
2286	2352	00	FDF5
2286	2353	00	FDF5
2286	2354	00	FDF5
2286	2355	00	FDF5
2286	2356	00	FDF5
2286	2357	00	FDF5
2286	2358	00	FDF5
2286	2359	00	FDF5
2286	235A	00	FDF5
2286	235B	00	FDF5
2286	235C	00	FDF5
2286	235D	00	FDF5
2286	235E	00	FDF5
2286	235F	00	FDF5
2286	2360	00	FDF5
2286	2361	00	FDF5
2286	2362	00	FDF5
2286	2363	00	FDF5
2286	2364	00	FDF5
2286	2365	00	FDF5
2286	2366	00	FDF5
2286	2367	00	FDF5
2286	2368	00	FDF5
2286	2369	00	FDF5
2286	236A	00	FDF5
2286	236B	00	FDF5
2286	236C	00	FDF5
2286	236D	00	FDF5
2286	236E	00	FDF5
2286	236F	00	FDF5
2286	2370	00	FDF5
2286	2371	00	FDF5
2286	2372	00	FDF5
2286	2373	00	FDF5
2286	2374	00	FDF5
2286	2375	00	FDF5
2286	2376	00	FDF5
2286	2377	00	FDF5
2286	2378	00	FDF5
2286	2379	00	FDF5
2286	237A	00	FDF5
2286	237B	00	FDF5
2286	237C	00	FDF5
2286	237D	00	FDF5
2286	237E	00	FDF5
2286	237F	00	FDF5
2286	2380	00	FDF5
2286	2381	00	FDF5
2286	2382	00	FDF5
2286	2383	00	FDF5
2286	2384	00	FDF5
2286	2385	00	FDF5
2286	2386	00	FDF5
2286	2387	00	FDF5
2286	2388	00	FDF5
2286	2389	00	FDF5
2286	238A	00	FDF5
2286	238B	00	FDF5
2286	238C	00	FDF5
2286	238D	00	FDF5
2286	238E	00	FDF5
2286	238F	00	FDF5
2286	2390	00	FDF5
2286	2391	00	FDF5
2286	2392	00	FDF5
2286	2393	00	FDF5
2286	2394	00	FDF5
2286	2395	00	FDF5
2286	2396	00	FDF5
2286	2397	00	FDF5
2286	2398	00	FDF5
2286	2399	00	FDF5
2286	239A	00	FDF5
2286	239B	00	FDF5
2286	239C	00	FDF5
2286	239D	00	FDF5
2286	239E	00	FDF5
2286	239F	00	FDF5
2286	23A0	00	FDF5
2286	23A1	00	FDF5
2286	23A2	00	FDF5
2286	23A3	00	FDF5
2286	23A4	00	FDF5
2286	23A5	00	FDF5
2286	23A6	00	FDF5
2286	23A7	00	FDF5
2286	23A8	00	FDF5
2286	23A9	00	FDF5
2286	23AA	00	FDF5
2286	23AB	00	FDF5
2286	23AC	00	FDF5
2286	23AD	00	FDF5
2286	23AE	00	FDF5
2286	23AF	00	FDF5
2286	23B0	00	FDF5
2286	23B1	00	FDF5
2286	23B2	00	FDF5
2286	23B3	00	FDF5
2286	23B4	00	FDF5
2286	23B5	00	FDF5
2286	23B6	00	FDF5
2286	23B7	00	FDF5
2286	23B8	00	FDF5
2286	23B9	00	FDF5
2286	23BA	00	FDF5
2286	23BB	00	FDF5
2286	23BC	00	FDF5
2286	23BD	00	FDF5
2286	23BE	00	FDF5
2286	23BF	00	FDF5
2286	23C0	00	FDF5
2286	23C1	00	FDF5
2286	23C2	00	FDF5
2286	23C3	00	FDF5
2286	23C4	00	FDF5
2286	23C5	00	FDF5
2286	23C6	00	FDF5
2286	23C7	00	FDF5
2286	23C8	00	FDF5
2286	23C9	00	FDF5
2286	23CA	00	FDF5
2286	23CB	00	FDF5
2286	23CC	00	FDF5
2286	23CD	00	FDF5
2286	23CE	00	FDF5
2286	23CF	00	FDF5
2286	23D0	00	FDF5
2286	23D1	00	FDF5
2286	23D2	00	FDF5
2286	23D3	00	FDF5
2286	23D4	00	FDF5
2286	23D5	00	FDF5
2286	23D6	00	FDF5
2286	23D7	00	FDF5
2286	23D8	00	FDF5
2286	23D9	00	FDF5
2286	23DA	00	FDF5
2286	23DB	00	FDF5
2286	23DC	00	FDF5
2286	23DD	00	FDF5
2286	23DE	00	FDF5
2286	23DF	00	FDF5
2286	23E0	00	FDF5
2286	23E1	00	FDF5
2286	23E2	00	FDF5
2286	23E3	00	FDF5
2286	23E4	00	FDF5
2286	23E5	00	FDF5
2286	23E6	00	FDF5
2286	23E7	00	FDF5
2286	23E8	00	FDF5
2286	23E9	00	FDF5
2286	23EA	00	FDF5
2286	23EB	00	FDF5
2286	23EC	00	FDF5
2286	23ED	00	FDF5
2286	23EE	00	FDF5
2286	23EF	00	FDF5
2286	23F0	00	FDF5
2286	23F1	00	FDF5
2286	23F2	00	FDF5
2286	23F3	00	FDF5
2286	23F4	00	FDF5
2286	23F5	00	FDF5
2286	23F6	00	FDF5
2286	23F7	00	FDF5
2286	23F8	00	FDF5
2286	23F9	00	FDF5
2286	23FA	00	FDF5
2286	23FB	00	FDF5
2286	23FC	00	FDF5
2286	23FD	00	FDF5
2286	23FE	00	FDF5
2286	23FF	00	FDF5
2286	23C0	00	FE12
2286	23C1	00	FE12
2286	23C2	00	FE12
2286	23C3	00	FE12
2286	23C4	00	FE12
2286	23C5	00	FE12
2286	23C6	00	FE12
2286	23C7	00	FE12
2286	23C8	00	FE12
2286	23C9	00	FE12
2286	23CA	00	FE12
2286	23CB	00	FE12
2286	23CC	00	FE12
2286	23CD	00	FE12
2286	23CE	00	FE12
2286	23CF	00	FE12
2286	23D0	00	FE12
2286	23D1	00	FE12
2286	23D2	00	FE12
2286	23D3	00	FE12
2286	23D4	00	FE12
2286	23D5	00	FE12
2286	23D6	00	FE12
2286	23D7	00	FE12
2286	23D8	00	FE12
2286	23D9	00	FE12
2286	23DA	00	FE12
2286	23DB	00	FE12
2286	23DC	00	FE12
2286	23DD	00	FE12
2286	23DE	00	FE12
2286	23DF	00	FE12
2286	23E0	00	FE12
2286	23E1	00	FE12
2286	23E2	00	FE12
2286	23E3	00	FE12
2286	23E4	00	FE12
2286	23E5	00	FE12
2286	23E6	00	FE12
2286	23E7	00	FE12
2286	23E8	00	FE12
2286	23E9	00	FE12
2286	23EA	00	FE12
2286	23EB	00	FE12
2286	23EC	00	FE12
2286	23ED	00	FE12
2286	23EE	00	FE12
2286	23EF	00	FE12
2286	23F0	00	FE12
2286	23F1	00	FE12
2286	23F2	00	FE12
2286	23F3	00	FE12
2286	23F4	00	FE12
2286	23F5	00	FE12
2286	23F6	00	FE12
2286	23F7	00	FE12
2286	23F8	00	FE12
2286	23F9	00	FE12
2286	23FA	00	FE12
2286	23FB	00	FE12
2286	23FC	00	FE12
2286	23FD	00	FE12
2286	23FE	00	FE12
2286	23FF	00	FE12
2286	2400	00	FDF5
2286	2401	00	FDF5
2286	2402	00	FDF5
2286	2403	00	FDF5
2286	2404	00	FDF5
2286	2405	00	FDF5
2286	2406	00	FDF5
2286	2407	00	FDF5
2286	2408	00	FDF5
2286	2409	00	FDF5
2286	240A	00	FDF5
2286	240B	00	FDF5
2286	240C	00	FDF5
2286	240D	00	FDF5
2286	240E	00	FDF5
2286	240F	00	FDF5
2286	2410	00	FDF5
2286	2411	00	FDF5
2286	2412	00	FDF5
2286	2413	00	FDF5
2286	2414	00	FDF5
2286	2415	00	FDF5
2286	2416	00	FDF5
2286	2417	00	FDF5
2286	2418	00	FDF5
2286	2419	00	FDF5
2286	241A	00	FDF5
2286	241B	00	FDF5
2286	241C	00	FDF5
2286	241D	00	FDF5
2286	241E	00	FDF5
2286	241F	00	FDF5
2286	2420	00	FDF5
2286	2421	00	FDF5
2286	2422	00	FDF5
2286	2423	00	FDF5
2286	2424	00	FDF5
2286	2425	00	FDF5
2286	2426	00	FDF5
2286	2427	00	FDF5
2286	2428	00	FDF5
2286	2429	00	FDF5
2286	242A	00	FDF5
2286	242B	00	FDF5
2286	242C	00	FDF5
2286	242D	00	FDF5
2286	242E	00	FDF5
2286	242F	00	FDF5
2286	2430	00	FDF5
2286	2431	00	FDF5
2286	2432	00	FDF5
2286	2433	00	FDF5
2286	2434	00	FDF5
2286	2435	00	FDF5
2286	2436	00	FDF5
2286	2437	00	FDF5
2286	2438	00	FDF5
2286	2439	00	FDF5
2286	243A	00	FDF5
2286	243B	00	FDF5
2286	243C	00	FDF5
2286	243D	00	FDF5
2286	243E	00	FDF5
2286	243F	00	FDF5
2286	2440	00	FDF5
2286	2441	00	FDF5
2286	2442	00	FDF5
2286	2443	00	FDF5
2286	2444	00	FDF5
2286	2445	00	FDF5
2286	2446	00	FDF5
2286	2447	00	FDF5
2286	2448	00	FDF5
2286	2449	00	FDF5
2286	244A	00	FDF5
2286	244B	00	FDF5
2286	244C	00	FDF5
2286	244D	00	FDF5
2286	244E	00	FDF5
2286	244F	00	FDF5
2286	2450	00	FDF5
2286	2451	00	FDF5
2286	2452	00	FDF5
2286	2453	00	FDF5
2286	2454	00	FDF5
2286	2455	00	FDF5
2286	2456	00	FDF5
2286	2457	00	FDF5
2286	2458	00	FDF5
2286	2459	00	FDF5
2286	245A	00	FDF5
2286	245B	00	FDF5
2286	245C	00	FDF5
2286	245D	00	FDF5
2286	245E	00	FDF5
2286	245F	00	FDF5
2286	2460	00	FDF5
2286	2461	00	FDF5
2286	2462	00	FDF5
2286	2463	00	FDF5
2286	2464	00	FDF5
2286	2465	00	FDF5
2286	2466	00	FDF5
2286	2467	00	FDF5
2286	2468	00	FDF5
2286	2469	00	FDF5
2286	246A	00	FDF5
2286	246B	00	FDF5
2286	246C	00	FDF5
2286	246D	00	FDF5
2286	246E	00	FDF5
2286	246F	00	FDF5
2286	2470	00	FDF5
2286	2471	00	FDF5
2286	2472	00	FDF5
2286	2473	00	FDF5
2286	2474	00	FDF5
2286	2475	00	FDF5
2286	2476	00	FDF5
2286	2477	00	FDF5
2286	2478	00	FDF5
2286	2479	00	FDF5
2286	247A	00	FDF5
2286	247B	00	FDF5
2286	247C	00	FDF5
2286	247D	00	FDF5
2286	247E	00	FDF5
2286	247F	00	FDF5
2286	2480	00	FDF5
2286	2481	00	FDF5
2286	2482	00	FDF5
2286	2483	00	FDF5
2286	2484	00	FDF5
2286	2485	00	FDF5
2286	2486	00	FDF5
2286	2487	00	FDF5
2286	2488	00	FDF5
2286	2489	00	FDF5
2286	248A	00	FDF5
2286	248B	00	FDF5
2286	248C	00	FDF5
2286	248D	00	FDF5
2286	248E	00	FDF5
2286	248F	00	FDF5
2286	2490	00	FDF5
2286	2491	00	FDF5
2286	2492	00	FDF5
2286	2493	00	FDF5
2286	2494	00	FDF5
2286	2495	00	FDF5
2286	2496	00	FDF5
2286	2497	00	FDF5
2286	2498	00	FDF5
2286	2499	00	FDF5
2286	249A	00	FDF5
2286	249B	00	FDF5
2286	249C	00	FDF5
2286	249D	00	FDF5
2286	249E	00	FDF5
2286	249F	00	FDF5
2286	24A0	00	FDF5
2286	24A1	00	FDF5
2286	24A2	00	FDF5
2286	24A3	00	FDF5
2286	24A4	00	FDF5
2286	24A5	00	FDF5
2286	24A6	00	FDF5
2286	24A7	00	FDF5
2286	24A8	00	FDF5
2286	24A9	00	FDF5
2286	24AA	00	FDF5
2286	24AB	00	FDF5
2286	24AC	00	FDF5
2286	24AD	00	FDF5
2286	24AE	00	FDF5
2286	24AF	00	FDF5
2286	24B0	00	FDF5
2286	24B1	00	FDF5
2286	24B2	00	FDF5
2286	24B3	00	FDF5
2286	24B4	00	FDF5
2286	24B5	00	FDF5
2286	24B6	00	FDF5
2286	24B7	00	FDF5
2286	24B8	00	FDF5
2286	24B9	00	FDF5
2286	24BA	00	FDF5
2286	24BB	00	FDF5
2286	24BC	00	FDF5
2286	24BD	00	FDF5
2286	24BE	00	FDF5
2286	24BF	00	FDF5
2286	24C0	00	FDF5
2286	24C1	00	FDF5
2286	24C2	00	FDF5
2286	24C3	00	FDF5
2286	24C4	00	FDF5
2286	24C5	00	FDF5
2286	24C6	00	FDF5
2286	24C7	00	FDF5
2286	24C8	00	FDF5
2286	24C9	00	FDF5
2286	24CA	00	FDF5
2286	24CB	00	FDF5
2286	24CC	00	FDF5
2286	24CD	00	FDF5
2286	24CE	00	FDF5
2286	24CF	00	FDF5
2286	24D0	00	FDF5
2286	24D1	00	FDF5
2286	24D2	00	FDF5
2286	24D3	00	FDF5
2286	24D4	00	FDF5
2286	24D5	00	FDF5
2286	24D6	00	FDF5
2286	24D7	00	FDF5
2286	24D8	00	FDF5
2286	24D9	00	FDF5
2286	24DA	00	FDF5
2286	24DB	00	FDF5
2286	24DC	00	FDF5
2286	24DD	00	FDF5
2286	24DE	00	FDF5
2286	24DF	00	FDF5
2286	24E0	00	FDF5
2286	24E1	00	FDF5
2286	24E2	00	FDF5
2286	24E3	00	FDF5
2286	24E4	00	FDF5
2286	24E5	00	FDF5
2286	24E6	00	FDF5
2286	24E7	00	FDF5
2286	24E8	00	FDF5
2286	24E9	00	FDF5
2286	24EA	00	FDF5
2286	24EB	00	FDF5
2286	24EC	00	FDF5
2286	24ED	00	FDF5
2286	24EE	00	FDF5
2286	24EF	00	FDF5
2286	24F0	00	FDF5
2286	24F1	00	FDF5
2286	24F2	00	FDF5
2286	24F3	00	FDF5
2286	24F4	00	FDF5
2286	24F5	00	FDF5
2286	24F6	00	FDF5
2286	24F7	00	FDF5
2286	24F8	00	FDF5
2286	24F9	00	FDF5
2286	24FA	00	FDF5
2286	24FB	00	FDF5
2286	24FC	00	FDF5
2286	24FD	00	FDF5
2286	24FE	00	FDF5
2286	24FF	00	FDF5
2286	2500	00	FDF5
2286	2501	00	FDF5
2286	2502	00	FDF5
2286	2503	00	FDF5
2286	2504	00	FDF5
2286	2505	00	FDF5
2286	2506	00	FDF5
2286	2507	00	FDF5
2286	2508	00	FDF5
2286	2509	00	FDF5
2286	250A	00	FDF5
2286	250B	00	FDF5
2286	250C	00	FDF5
2286	250D	00	FDF5
2286	250E	00	FDF5
2286	250F	00	FDF5
2286	2510	00	FDF5
2286	2511	00	FDF5
2286	2512	00	FDF5
2286	2513	00	FDF5
2286	2514	00	FDF5
2286	2515	00	FDF5
2286	2516	00	FDF5
2286	2517	00	FDF5
2286	2518	00	FDF5
2286	2519	00	FDF5
2286	251A	00	FDF5
2286	251B	00	FDF5
2286	251C	00	FDF5
2286	251D	00	FDF5
2286	251E	00	FDF5
2286	251F	00	FDF5
2286	2520	00	FDF5
2286	2521	00	FDF5
2286	2522	00	FDF5
2286	2523	00	FDF5
2286	2524	00	FDF5
2286	2525	00	FDF5
2286	2526	00	FDF5
2286	2527	00	FDF5
2286	2528	00	FDF5
2286	2529	00	FDF5
2286	252A	00	FDF5
2286	252B	00	FDF5
2286	252C	00	FDF5
2286	252D	00	FDF5
2286	252E	00	FDF5
2286	252F	00	FDF5
2286	2530	00	FDF5
2286	2531	00	FDF5
2286	2532	00	FDF5
2286	2533	00	FDF5
2286	2534	00	FDF5
2286	2535	00	FDF5
2286	2536	00	FDF5
2286	2537	00	FDF5
2286	2538	00	FDF5
2286	2539	00	FDF5
2286	253A	00	FDF5
2286	253B	00	FDF5
2286	253C	00	FDF5
2286	253D	00	FDF5
2286	253E	00	FDF5
2286	253F	00	FDF5
2286	2540	00	FDF5
2286	2541	00	FDF5
2286	2542	00	FDF5
2286	2543	00	FDF5
2286	2544	00	FDF5
2286	2545	00	FDF5
2286	2546	00	FDF5
2286	2547	00	FDF5
2286	2548	00	FDF5
2286	2549	00	FDF5
2286	254A	00	FDF5
2286	254B	00	FDF5
2286	254C	00	FDF5
2286	254D	00	FDF5
2286	254E	00	FDF5
2286	254F	00	FDF5
2286	2550	00	FDF5
2286	2551	00	FDF5
2286	2552	00	FDF5
2286	2553	00	FDF5
2286	2554	00	FDF5
2286	2555	00	FDF5
2286	2556	00	FDF5
2286	2557	00	FDF5
2286	2558	00	FDF5
2286	2559	00	FDF5
2286	255A	00	FDF5
2286	255B	00	FDF5
2286	255C	00	FDF5
2286	255D	00	FDF5
2286	255E	00	FDF5
2286	255F	00	FDF5
2286	2560	00	FDF5
2286	2561	00	FDF5
2286	2562	00	FDF5
2286	2563	00	FDF5
2286	2564	00	FDF5
2286	2565	00	FDF5
2286	2566	00	FDF5
2286	2567	00	FDF5
2286	2568	00	FDF5
2286	2569	00	FDF5
2286	256A	00	FDF5
2286	256B	00	FDF5
2286	256C	00	FDF5
2286	256D	00	FDF5
2286	256E	00	FDF5
2286	256F	00	FDF5
2286	2570	00	FDF5
2286	2571	00	FDF5
2286	2572	00	FDF5
2286	2573	00	FDF5
2286	2574	00	FDF5
2286	2575	00	FDF5
2286	2576	00	FDF5
2286	2577	00	FDF5
2286	2578	00	FDF5
2286	2579	00	FDF5
2286	257A	00	FDF5
2286	257B	00	FDF5
2286	257C	00	FDF5
2286	257D	00	FDF5
2286	257E	00	FDF5
2286	257F	00	FDF5
2286	2580	00	FDF5
2286	2581	00	FDF5
2286	2582	00	FDF5
2286	2583	00	FDF5
2286	2584	00	FDF5
2286	2585	00	FDF5
2286	2586	00	FDF5
2286	2587	00	FDF5
2286	2588	00	FDF5
2286	2589	00	FDF5
2286	258A	00	FDF5
2286	258B	00	FDF5
2286	258C	00	FDF5
2286	258D	00	FDF5
2286	258E	00	FDF5
2286	258F	00	FDF5
2286	2590	00	FDF5
2286	2591	00	FDF5
2286	2592	00	FDF5
2286	2593	00	FDF5
2286	2594	00	FDF5
2286	2595	00	FDF5
2286	2596	00	FDF5
2286	2597	00	FDF5
2286	2598	00	FDF5
2286	2599	00	FDF5
2286	259A	00	FDF5
2286	259B	00	FDF5
2286	259C	00	FDF5
2286	259D	00	FDF5
2286	259E	00	FDF5
2286	259F	00	FDF5
2286	25A0	00	FDF5
2286	25A1	00	FDF5
2286	25A2	00	FDF5
2286	25A3	00	FDF5
2286	25A4	00	FDF5
2286	25A5	00	FDF5
2286	25A6	00	FDF5
2286	25A7	00	FDF5
2286	25A8	00	FDF5
2286	25A9	00	FDF5
2286	25AA	00	FDF5
2286	25AB	00	FDF5
2286	25AC	00	FDF5
2286	25AD	00	FDF5
2286	25AE	00	FDF5
2286	25AF	00	FDF5
2286	25B0	00	FDF5
2286	25B1	00	FDF5
2286	25B2	00	FDF5
2286	25B3	00	FDF5
2286	25B4	00	FDF5
2286	25B5	00	FDF5
2286	25B6	00	FDF5
2286	25B7	00	FDF5
2286	25B8	00	FDF5
2286	25B9	00	FDF5
2286	25BA	00	FDF5
2286	25BB	00	FDF5
2286	25BC	00	FDF5
2286	25BD	00	FDF5
2286	25BE	00	FDF5
2286	25BF	00	FDF5
2286	25C0	00	FDF5
2286	25C1	00	FDF5
2286	25C2	00	FDF5
2286	25C3	00	FDF5
2286	25C4	00	FDF5
2286	25C5	00	FDF5
2286	25C6	00	FDF5
2286	25C7	00	FDF5
2286	25C8	00	FDF5
2286	25C9	00	FDF5
2286	25CA	00	FDF5
2286	25CB	00	FDF5
2286	25CC	00	FDF5
2286	25CD	00	FDF5
2286	25CE	00	FDF5
2286	25CF	00	FDF5
2286	25D0	00	FDF5
2286	25D1	00	FDF5
2286	25D2	00	FDF5
2286	25D3	00	FDF5
2286	25D4	00	FDF5
2286	25D5	00	FDF5
2286	25D6	00	FDF5
2286	25D7	00	FDF5
2286	25D8	00	FDF5
2286	25D9	00	FDF5
2286	25DA	00	FDF5
2286	25DB	00	FDF5
2286	25DC	00	FDF5
2286	25DD	00	FDF5
2286	25DE	00	FDF5
2286	25DF	00	FDF5
2286	25E0	00	FDF5
2286	25E1	00	FDF5
2286	25E2	00	FDF5
2286	25E3	00	FDF5
2286	25E4	00	FDF5
2286	25E5	00	FDF5
2286	25E6	00	FDF5
2286	25E7	00	FDF5
2286	25E8	00	FDF5
2286	25E9	00	FDF5
2286	25EA	00	FDF5
2286	25EB	00	FDF5
2286	25EC	00	FDF5
2286	25ED	00	FDF5
2286	25EE	00	FDF5
2286	25EF	00	FDF5
2286	25F0	00	FDF5
2286	25F1	00	FDF5
2286	25F2	00	FDF5
2286	25F3	00	FDF5
2286	25F4	00	FDF5
2286	25F5	00	FDF5
2286	25F6	00	FDF5
2286	25F7	00	FDF5
2286	25F8	00	FDF5
2286	25F9	00	FDF5
2286	25FA	00	FDF5
2286	25FB	00	FDF5
2286	25FC	00	FDF5
2286	25FD	00	FDF5
2286	25FE	00	FDF5
2286	25FF	00	FDF5
2286	2600	00	FDF5
2286	2601	00	FDF5
2286	2602	00	FDF5
2286	2603	00	FDF5
2286	2604	00	FDF5
2286	2605	00	FDF5
2286	2606	00	FDF5
2286	2607	00	FDF5
2286	2608	00	FDF5
2286	2609	00	FDF5
2286	260A	00	FDF5
2286	260B	00	FDF5
2286	260C	00	FDF5
2286	260D	00	FDF5
2286	260E	00	FDF5
2286	260F	00	FDF5
2286	2610	00	FDF5
2286	2611	00	FDF5
2286	2612	00	FDF5
2286	2613	00	FDF5
2286	2614	00	FDF5
2286	2615	00	FDF5
2286	2616	00	FDF5
2286	2617	00	FDF5
2286	2618	00	FDF5
2286	2619	00	FDF5
2286	261A	00	FDF5
2286	261B	00	FDF5
2286	261C	00	FDF5
2286	261D	00	FDF5
2286	261E	00	FDF5
2286	261F	00	FDF5
2286	2620	00	FDF5
2286	2621	00	FDF5
2286	2622	00	FDF5
2286	2623	00	FDF5
2286	2624	00	FDF5
2286	2625	00	FDF5
2286	2626	00	FDF5
2286	2627	00	FDF5
2286	2628	00	FDF5
2286	2629	00	FDF5
2286	262A	00	FDF5
2286	262B	00	FDF5
2286	262C	00	FDF5
2286	262D	00	FDF5
2286	262E	00	FDF5
2286	262F	00	FDF5
2286	2630	00	FDF5
2286	2631	00	FDF5
2286	2632	00	FDF5
2286	2633	00	FDF5
2286	2634	00	FDF5
2286	2635	00	FDF5
2286	2636	00	FDF5
2286	2637	00	FDF5
2286	2638	00	FDF5
2286	2639	00	FDF5
2286	263A	00	FDF5
2286	263B	00	FDF5
2286	263C	00	FDF5
2286	263D	00	FDF5
2286	263E	00	FDF5
2286	263F	00	FDF5
2286	2640	00	FDF5
2286	2641	00	FDF5
2286	2642	00	FDF5
2286	2643	00	FDF5
2286	2644	00	FDF5
2286	2645	00	FDF5
2286	2646	00	FDF5
2286	2647	00	FDF5
2286	2648	00	FDF5
2286	2649	00	FDF5
2286	264A	00	FDF5
2286	264B	00	FDF5
2286	264C	00	FDF5
2286	264D	00	FDF5
2286	264E	00	FDF5
2286	264F	00	FDF5
2286	2650	00	FDF5
2286	2651	00	FDF5
2286	2652	00	FDF5
2286	2653	00	FDF5
2286	2654	00	FDF5
2286	2655	00	FDF5
2286	2656	00	FDF5
2286	2657	00	FDF5
2286	2658	00	FDF5
2286	2659	00	FDF5
2286	265A	00	FDF5
2286	265B	00	FDF5
2286	265C	00	FDF5
2286	265D	00	FDF5
2286	265E	00	FDF5
2286	265F	00	FDF5
2286	2660	00	FDF5
2286	2661	00	FDF5
2286	2662	00	FDF5
2286	2663	00	FDF5
2286	2664	00	FDF5
2286	2665	00	FDF5
2286	2666	00	FDF5
2286	2667	00	FDF5
2286	2668	00	FDF5
2286	2669	00	FDF5
2286	266A	00	FDF5
2286	266B	00	FDF5
2286	266C	00	FDF5
2286	266D	00	FDF5
2286	266E	00	FDF5
2286	266F	00	FDF5
2286	2670	00	FDF5
2286	2671	00	FDF5
2286	2672	00	FDF5
2286	2673	00	FDF5
2286	2674	00	FDF5
2286	2675	00	FDF5
2286	2676	00	FDF5
2286	2677	00	FDF5
2286	2678	00	FDF5
2286	2679	00	FDF5
2286	267A	00	FDF5
2286	267B	00	FDF5
2286	267C	00	FDF5
2286	267D	00	FDF5
2286	267E	00	FDF5
2286	267F	00	FDF5
2286	2680	00	FDF5
2286	2681	00	FDF5
2286	2682	00	FDF5
2286	2683	00	FDF5
2286	2684	00	FDF5
2286	2685	00	FDF5
2286	2686	00	FDF5
2286	2687	00	FDF5
2286	2688	00	FDF5
2286	2689	00	FDF5
2286	268A	00	FDF5
2286	268B	00	FDF5
2286	268C	00	FDF5
2286	268D	00	FDF5
2286	268E	00	FDF5
2286	268F	00	FDF5
2286	2690	00	FDF5
2286	2691	00	FDF5
2286	2692	00	FDF5
2286	2693	00	FDF5
2286	2694	00	FDF5
2286	2695	00	FDF5
2286	2696	00	FDF5
2286	2697	00	FDF5
2286	2698	00	FDF5
2286	2699	00	FDF5
2286	269A	00	FDF5
2286	269B	00	FDF5
2286	269C	00	FDF5
2286	269D	00	FDF5
2286	269E	00	FDF5
2286	269F	00	FDF5
2286	26A0	00	FDF5
2286	26A1	00	FDF5
2286	26A2	00	FDF5
2286	26A3	00	FDF5
2286	26A4	00	FDF5
2286	26A5	00	FDF5
2286	26A6	00	FDF5
2286	26A7	00	FDF5
2286	26A8	00	FDF5
2286	26A9	00	FDF5
2286	26AA	00	FDF5
2286	26AB	00	FDF5
2286	26AC	00	FDF5
2286	26AD	00	FDF5
2286	26AE	00	FDF5
2286	26AF	00	FDF5
2286	26B0	00	FDF5
2286	26B1	00	FDF5
2286	26B2	00	FDF5
2286	26B3	00	FDF5
2286	26B4	00	FDF5
2286	26B5	00	FDF5
2286	26B6	00	FDF5
2286	26B7	00	FDF5
2286	26B8	00	FDF5
2286	26B9	00	FDF5
2286	26BA	00	FDF5
2286	26BB	00	FDF5
2286	26BC	00	FDF5
2286	26BD	00	FDF5
2286	26BE	00	FDF5
2286	26BF	00	FDF5
2286	26C0	00	FDF5
2286	26C1	00	FDF5
2286	26C2	00	FDF5
2286	26C3	00	FDF5
2286	26C4	00	FDF5
2286	26C5	00	FDF5
2286	26C6	00	FDF5
2286	26C7	00	FDF5
2286	26C8	00	FDF5
2286	26C9	00	FDF5
2286	26CA	00	FDF5
2286	26CB	00	FDF5
2286	26CC	00	FDF5
2286	26CD	00	FDF5
2286	26CE	00	FDF5
2286	26CF	00	FDF5
2286	26D0	00	FDF5
2286	26D1	00	FDF5
2286	26D2	00	FDF5
2286	26D3	00	FDF5
2286	26D4	00	FDF5
2286	26D5	00	FDF5
2286	26D6	00	FDF5
2286	26D7	00	FDF5
2286	26D8	00	FDF5
2286	26D9	00	FDF5
2286	26DA	00	FDF5
2286	26DB	00	FDF5
2286	26DC	00	FDF5
2286	26DD	00	FDF5
2286	26DE	00	FDF5
2286	26DF	00	FDF5
2286	26E0	00	FDF5
2286	26E1	00	FDF5
2286	26E2	00	FDF5
2286	26E3	00	FDF5
2286	26E4	00	FDF5
2286	26E5	00	FDF5
2286	26E6	00	FDF5
2286	26E7	00	FDF5
2286	26E8	00	FDF5
2286	26E9	00	FDF5
2286	26EA	00	FDF5
2286	26EB	00	FDF5
2286	26EC	00	FDF5
2286	26ED	00	FDF5
2286	26EE	00	FDF5
2286	26EF	00	FDF5
2286	26F0	00	FDF5
2286	26F1	00	FDF5
2286	26F2	00	FDF5
2286	26F3	00	FDF5
2286	26F4	00	FDF5
2286	26F5	00	FDF5
2286	26F6	00	FDF5
2286	26F7	00	FDF5
2286	26F8	00	FDF5
2286	26F9	00	FDF5
2286	26FA	00	FDF5
2286	26FB	00	FDF5
2286	26FC	00	FDF5
2286	26FD	00	FDF5
2286	26FE	00	FDF5
2286	26FF	00	FDF5
2286	2700	00	FDF5
2286	2701	00	FDF5
2286	2702	00	FDF5
2286	2703	00	FDF5
2286	2704	00	FDF5
2286	2705	00	FDF5
2286	2706	00	FDF5
2286	2707	00	FDF5
2286	2708	00	FDF5
2286	2709	00	FDF5
2286	270A	00	FDF5
2286	270B	00	FDF5
2286	270C	00	FDF5
2286	270D	00	FDF5
2286	270E	00	FDF5
2286	270F	00	FDF5
2286	2710	00	FDF5
2286	2711	00	FDF5
2286	2712	00	FDF5
2286	2713	00	FDF5
2286	2714	00	FDF5
2286	2715	00	FDF5
2286	2716	00	FDF5
2286	2717	00	FDF5
2286	2718	00	FDF5
2286	2719	00	FDF5
2286	271A	00	FDF5
2286	271B	00	FDF5
2286	271C	00	FDF5
2286	271D	00	FDF5
2286	271E	00	FDF5
2286	271F	00	FDF5
2286	2720	00	FDF5
2286	2721	00	FDF5
2286	2722	00	FDF5
2286	2723	00	FDF5
2286	2724	00	FDF5
2286	2725	00	FDF5
2286	2726	00	FDF5
2286	2727	00	FDF5
2286	2728	00	FDF5
2286	2729	00	FDF5
2286	272A	00	FDF5
2286	272B	00	FDF5
2286	272C	00	FDF5
2286	272D	00	FDF5
2286	272E	00	FDF5
2286	272F	00	FDF5
2286	2730	00	FDF5
2286	2731	00	FDF5
2286	2732	00	FDF5
2286	2733	00	FDF5
2286	2734	00	FDF5
2286	2735	00	FDF5
2286	2736	00	FDF5
2286	2737	00	FDF5
2286	2738	00	FDF5
2286	2739	00	FDF5
2286	273A	00	FDF5
2286	273B	00	FDF5
2286	273C	00	FDF5
2286	273D	00	FDF5
2286	273E	00	FDF5
2286	273F	00	FDF5
2286	2740	00	FDF5
2286	2741	00	FDF5
2286	2742	00	FDF5
2286	2743	00	FDF5
2286	2744	00	FDF5
2286	2745	00	FDF5
2286	2746	00	FDF5
2286	2747	00	FDF5
2286	2748	00	FDF5
2286	2749	00	FDF5
2286	274A	00	FDF5
2286	274B	00	FDF5
2286	274C	00	FDF5
2286	274D	00	FDF5
2286	274E	00	FDF5
2286	274F	00	FDF5
2286	2750	00	FDF5
2286	2751	00	FDF5
2286	2752	00	FDF5
2286	2753	00	FDF5
2286	2754	00	FDF5
2286	2755	00	FDF5
2286	2756	00	FDF5
2286	2757	00	FDF5
2286	2758	00	FDF5
2286	2759	00	FDF5
2286	275A	00	FDF5
2286	275B	00	FDF5
2286	275C	00	FDF5
2286	275D	00	FDF5
2286	275E	00	FDF5
2286	275F	00	FDF5
2286	2760	00	FDF5
2286	2761	00	FDF5
2286	2762	00	FDF5
2286	2763	00	FDF5
2286	2764	00	FDF5
2286	2765	00	FDF5
2286	2766	00	FDF5
2286	2767	00	FDF5
2286	2768	00	FDF5
2286	2769	00	FDF5
2286	276A	00	FDF5
2286	276B	00	FDF5
2286	276C	00	FDF5
2286	276D	00	FDF5
2286	276E	00	FDF5
2286	276F	00	FDF5
2286	2770	00	FDF5
2286	2771	00	FDF5
2286	2772	00	FDF5
2286	2773	00	FDF5
2286	2774	00	FDF5
2286	2775	00	FDF5
2286	2776	00	FDF5
2286	2777	00	FDF5
2286	2778	00	FDF5
2286	2779	00	FDF5
2286	277A	00	FDF5
2286	277B	00	FDF5
2286	277C	00	FDF5
2286	277D	00	FDF5
2286	277E	00	FDF5
2286	277F	00	FDF5
2286	2780	00	FDF5
2286	2781	00	FDF5
2286	2782	00	FDF5
2286	2783	00	FDF5
2286	2784	00	FDF5
2286	2785	00	FDF5
2286	2786	00	FDF5
2286	2787	00	FDF5
2286	2788	00	FDF5
2286	2789	00	FDF5
2286	278A	00	FDF5
2286	278B	00	FDF5
2286	278C	00	FDF5
2286	278D	00	FDF5
2286	278E	00	FDF5
2286	278F	00	FDF5
2286	2790	00	FDF5
2286	2791	00	FDF5
2286	2792	00	FDF5
2286	2793	00	FDF5
2286	2794	00	FDF5
2286	2795	00	FDF5
2286	2796	00	FDF5
2286	2797	00	FDF5
2286	2798	00	FDF5
2286	2799	00	FDF5
2286	279A	00	FDF5
2286	279B	00	FDF5
2286	279C	00	FDF5
2286	279D	00	FDF5
2286	279E	00	FDF5
2286	279F	00	FDF5
2286	27A0	00	FDF5
2286	27A1	00	FDF5
2286	27A2	00	FDF5
2286	27A3	00	FDF5
2286	27A4	00	FDF5
2286	27A5	00	FDF5
2286	27A6	00	FDF5
2286	27A7	00	FDF5
2286	27A8	00	FDF5
2286	27A9	00	FDF5
2286	27AA	00	FDF5
2286	27AB	00	FDF5
2286	27AC	00	FDF5
2286	27AD	00	FDF5
2286	27AE	00	FDF5
2286	27AF	00	FDF5
2286	27B0	00	FDF5
2286	27B1	00	FDF5
2286	27B2	00	FDF5
2286	27B3	00	FDF5
2286	27B4	00	FDF5
2286	27B5	00	FDF5
2286	27B6	00	FDF5
2286	27B7	00	FDF5
2286	27B8	00	FDF5
2286	27B9	00	FDF5
2286	27BA	00	FDF5
2286	27BB	00	FDF5
2286	27BC	00	FDF5
2286	27BD	00	FDF5
2286	27BE	00	FDF5
2286	27BF	00	FDF5
2286	27C0	00	FDF5
2286	27C1	00	FDF5
2286	27C2	00	FDF5
2286	27C3	00	FDF5
2286	27C4	00	FDF5
2286	27C5	00	FDF5
2286	27C6	00	FDF5
2286	27C7	00	FDF5
2286	27C8	00	FDF5
2286	27C9	00	FDF5
2286	27CA	00	FDF5
2286	27CB	00	FDF5
2286	27CC	00	FDF5
2286	27CD	00	FDF5
2286	27CE	00	FDF5
2286	27CF	00	FDF5
2286	27D0	00	FDF5
2286	27D1	00	FDF5
2286	27D2	00	FDF5
2286	27D3	00	FDF5
2286	27D4	00	FDF5
2286	27D5	00	FDF5
2286	27D6	00	FDF5
2286	27D7	00	FDF5
2286	27D8	00	FDF5
2286	27D9	00	FDF5
2286	27DA	00	FDF5
2286	27DB	00	FDF5
2286	27DC	00	FDF5
2286	27DD	00	FDF5
2286	27DE	00	FDF5
2286	27DF	00	FDF5
2286	27E0	00	FDF5
2286	27E1	00	FDF5
2286	27E2	00	FDF5
2286	27E3	00	FDF5
2286	27E4	00	FDF5
2286	27E5	00	FDF5
2286	27E6	00	FDF5
2286	27E7	00	FDF5
2286	27E8	00	FDF5
2286	27E9	00	FDF5
2286	27EA	00	FDF5
2286	27EB	00	FDF5
2286	27EC	00	FDF5
2286	27ED	00	FDF5
2286	27EE	00	FDF5
2286	27EF	00	FDF5
2286	27F0	00	FDF5
2286	27F1	00	FDF5
2286	27F2	00	FDF5
2286	27F3	00	FDF5
2286	27F4	00	FDF5
2286	27F5	00	FDF5
2286	27F6	00	FDF5
2286	27F7	00	FDF5
2286	27F8	00	FDF5
2286	27F9	00	FDF5
2286	27FA	00	FDF5
2286	27FB	00	FDF5
2286	27FC	00	FDF5
2286	27FD	00	FDF5
2286	27FE	00	FDF5
2286	27FF	00	FDF5
2286	27C0	00	FE12
2286	27C1	00	FE12
2286	27C2	00	FE12
2286	27C3	00	FE12
2286	27C4	00	FE12
2286	27C5	00	FE12
2286	27C6	00	FE12
2286	27C7	00	FE12
2286	27C8	00	FE12
2286	27C9	00	FE12
2286	27CA	00	FE12
2286	27CB	00	FE12
2286	27CC	00	FE12
2286	27CD	00	FE12
2286	27CE	00	FE12
2286	27CF	00	FE12
2286	27D0	00	FE12
2286	27D1	00	FE12
2286	27D2	00	FE12
2286	27D3	00	FE12
2286	27D4	00	FE12
2286	27D5	00	FE12
2286	27D6	00	FE12
2286	27D7	00	FE12
2286	27D8	00	FE12
2286	27D9	00	FE12
2286	27DA	00	FE12
2286	27DB	00	FE12
2286	27DC	00	FE12
2286	27DD	00	FE12
2286	27DE	00	FE12
2286	27DF	00	FE12
2286	27E0	00	FE12
2286	27E1	00	FE12
2286	27E2	00	FE12
2286	27E3	00	FE12
2286	27E4	00	FE12
2286	27E5	00	FE12
2286	27E6	00	FE12
2286	27E7	00	FE12
2286	27E8	00	FE12
2286	27E9	00	FE12
2286	27EA	00	FE12
2286	27EB	00	FE12
2286	27EC	00	FE12
2286	27ED	00	FE12
2286	27EE	00	FE12
2286	27EF	00	FE12
2286	27F0	00	FE12
2286	27F1	00	FE12
2286	27F2	00	FE12
2286	27F3	00	FE12
2286	27F4	00	FE12
2286	27F5	00	FE12
2286	27F6	00	FE12
2286	27F7	00	FE12
2286	27F8	00	FE12
2286	27F9	00	FE12
2286	27FA	00	FE12
2286	27FB	00	FE12
2286	27FC	00	FE12
2286	27FD	00	FE12
2286	27FE	00	FE12
2286	27FF	00	FE12
2286	2800	00	FDF5
2286	2801	00	FDF5
2286	2802	00	FDF5
2286	2803	00	FDF5
2286	2804	00	FDF5
2286	2805	00	FDF5
2286	2806	00	FDF5
2286	2807	00	FDF5
2286	2808	00	FDF5
2286	2809	00	FDF5
2286	280A	00	FDF5
2286	280B	00	FDF5
2286	280C	00	FDF5
2286	280D	00	FDF5
2286	280E	00	FDF5
2286	280F	00	FDF5
2286	2810	00	FDF5
2286	2811	00	FDF5
2286	2812	00	FDF5
2286	2813	00	FDF5
2286	2814	00	FDF5
2286	2815	00	FDF5
2286	2816	00	FDF5
2286	2817	00	FDF5
2286	2818	00	FDF5
2286	2819	00	FDF5
2286	281A	00	FDF5
2286	281B	00	FDF5
2286	281C	00	FDF5
2286	281D	00	FDF5
2286	281E	00	FDF5
2286	281F	00	FDF5
2286	2820	00	FDF5
2286	2821	00	FDF5
2286	2822	00	FDF5
2286	2823	00	FDF5
2286	2824	00	FDF5
2286	2825	00	FDF5
2286	2826	00	FDF5
2286	2827	00	FDF5
2286	2828	00	FDF5
2286	2829	00	FDF5
2286	282A	00	FDF5
2286	282B	00	FDF5
2286	282C	00	FDF5
2286	282D	00	FDF5
2286	282E	00	FDF5
2286	282F	00	FDF5
2286	2830	00	FDF5
2286	2831	00	FDF5
2286	2832	00	FDF5
2286	2833	00	FDF5
2286	2834	00	FDF5
2286	2835	00	FDF5
2286	2836	00	FDF5
2286	2837	00	FDF5
2286	2838	00	FDF5
2286	2839	00	FDF5
2286	283A	00	FDF5
2286	283B	00	FDF5
2286	283C	00	FDF5
2286	283D	00	FDF5
2286	283E	00	FDF5
2286	283F	00	FDF5
2286	2840	00	FDF5
2286	2841	00	FDF5
2286	2842	00	FDF5
2286	2843	00	FDF5
2286	2844	00	FDF5
2286	2845	00	FDF5
2286	2846	00	FDF5
2286	2847	00	FDF5
2286	2848	00	FDF5
2286	2849	00	FDF5
2286	284A	00	FDF5
2286	284B	00	FDF5
2286	284C	00	FDF5
2286	284D	00	FDF5
2286	284E	00	FDF5
2286	284F	00	FDF5
2286	2850	00	FDF5
2286	2851	00	FDF5
2286	2852	00	FDF5
2286	2853	00	FDF5
2286	2854	00	FDF5
2286	2855	00	FDF5
2286	2856	00	FDF5
2286	2857	00	FDF5
2286	2858	00	FDF5
2286	2859	00	FDF5
2286	285A	00	FDF5
2286	285B	00	FDF5
2286	285C	00	FDF5
2286	285D	00	FDF5
2286	285E	00	FDF5
2286	285F	00	FDF5
2286	2860	00	FDF5
2286	2861	00	FDF5
2286	2862	00	FDF5
2286	2863	00	FDF5
2286	2864	00	FDF5
2286	2865	00	FDF5
2286	2866	00	FDF5
2286	2867	00	FDF5
2286	2868	00	FDF5
2286	2869	00	FDF5
2286	286A	00	FDF5
2286	286B	00	FDF5
2286	286C	00	FDF5
2286	286D	00	FDF5
2286	286E	00	FDF5
2286	286F	00	FDF5
2286	2870	00	FDF5
2286	2871	00	FDF5
2286	2872	00	FDF5
2286	2873	00	FDF5
2286	2874	00	FDF5
2286	2875	00	FDF5
2286	2876	00	FDF5
2286	2877	00	FDF5
2286	2878	00	FDF5
2286	2879	00	FDF5
2286	287A	00	FDF5
2286	287B	00	FDF5
2286	287C	00	FDF5
2286	287D	00	FDF5
2286	287E	00	FDF5
2286	287F	00	FDF5
2286	2880	00	FDF5
2286	2881	00	FDF5
2286	2882	00	FDF5
2286	2883	00	FDF5
2286	2884	00	FDF5
2286	2885	00	FDF5
2286	2886	00	FDF5
2286	2887	00	FDF5
2286	2888	00	FDF5
2286	2889	00	FDF5
2286	288A	00	FDF5
2286	288B	00	FDF5
2286	288C	00	FDF5
2286	288D	00	FDF5
2286	288E	00	FDF5
2286	288F	00	FDF5
2286	2890	00	FDF5
2286	2891	00	FDF5
2286	2892	00	FDF5
2286	2893	00	FDF5
2286	2894	00	FDF5
2286	2895	00	FDF5
2286	2896	00	FDF5
2286	2897	00	FDF5
2286	2898	00	FDF5
2286	2899	00	FDF5
2286	289A	00	FDF5
2286	289B	00	FDF5
2286	289C	00	FDF5
2286	289D	00	FDF5
2286	289E	00	FDF5
2286	289F	00	FDF5
2286	28A0	00	FDF5
2286	28A1	00	FDF5
2286	28A2	00	FDF5
2286	28A3	00	FDF5
2286	28A4	00	FDF5
2286	28A5	00	FDF5
2286	28A6	00	FDF5
2286	28A7	00	FDF5
2286	28A8	00	FDF5
2286	28A9	00	FDF5
2286	28AA	00	FDF5
2286	28AB	00	FDF5
2286	28AC	00	FDF5
2286	28AD	00	FDF5
2286	28AE	00	FDF5
2286	28AF	00	FDF5
2286	28B0	00	FDF5
2286	28B1	00	FDF5
2286	28B2	00	FDF5
2286	28B3	00	FDF5
2286	28B4	00	FDF5
2286	28B5	00	FDF5
2286	28B6	00	FDF5
2286	28B7	00	FDF5
2286	28B8	00	FDF5
2286	28B9	00	FDF5
2286	28BA	00	FDF5
2286	28BB	00	FDF5
2286	28BC	00	FDF5
2286	28BD	00	FDF5
2286	28BE	00	FDF5
2286	28BF	00	FDF5
2286	28C0	00	FDF5
2286	28C1	00	FDF5
2286	28C2	00	FDF5
2286	28C3	00	FDF5
2286	28C4	00	FDF5
2286	28C5	00	FDF5
2286	28C6	00	FDF5
2286	28C7	00	FDF5
2286	28C8	00	FDF5
2286	28C9	00	FDF5
2286	28CA	00	FDF5
2286	28CB	00	FDF5
2286	28CC	00	FDF5
2286	28CD	00	FDF5
2286	28CE	00	FDF5
2286	28CF	00	FDF5
2286	28D0	00	FDF5
2286	28D1	00	FDF5
2286	28D2	00	FDF5
2286	28D3	00	FDF5
2286	28D4	00	FDF5
2286	28D5	00	FDF5
2286	28D6	00	FDF5
2286	28D7	00	FDF5
2286	28D8	00	FDF5
2286	28D9	00	FDF5
2286	28DA	00	FDF5
2286	28DB	00	FDF5
2286	28DC	00	FDF5
2286	28DD	00	FDF5
2286	28DE	00	FDF5
2286	28DF	00	FDF5
2286	28E0	00	FDF5
2286	28E1	00	FDF5
2286	28E2	00	FDF5
2286	28E3	00	FDF5
2286	28E4	00	FDF5
2286	28E5	00	FDF5
2286	28E6	00	FDF5
2286	28E7	00	FDF5
2286	28E8	00	FDF5
2286	28E9	00	FDF5
2286	28EA	00	FDF5
2286	28EB	00	FDF5
2286	28EC	00	FDF5
2286	28ED	00	FDF5
2286	28EE	00	FDF5
2286	28EF	00	FDF5
2286	28F0	00	FDF5
2286	28F1	00	FDF5
2286	28F2	00	FDF5
2286	28F3	00	FDF5
2286	28F4	00	FDF5
2286	28F5	00	FDF5
2286	28F6	00	FDF5
2286	28F7	00	FDF5
2286	28F8	00	FDF5
2286	28F9	00	FDF5
2286	28FA	00	FDF5
2286	28FB	00	FDF5
2286	28FC	00	FDF5
2286	28FD	00	FDF5
2286	28FE	00	FDF5
2286	28FF	00	FDF5
2286	2900	00	FDF5
2286	2901	00	FDF5
2286	2902	00	FDF5
2286	2903	00	FDF5
2286	2904	00	FDF5
2286	2905	00	FDF5
2286	2906	00	FDF5
2286	2907	00	FDF5
2286	2908	00	FDF5
2286	2909	00	FDF5
2286	290A	00	FDF5
2286	290B	00	FDF5
2286	290C	00	FDF5
2286	290D	00	FDF5
2286	290E	00	FDF5
2286	290F	00	FDF5
2286	2910	00	FDF5
2286	2911	00	FDF5
2286	2912	00	FDF5
2286	2913	00	FDF5
2286	2914	00	FDF5
2286	2915	00	FDF5
2286	2916	00	FDF5
2286	2917	00	FDF5
2286	2918	00	FDF5
2286	2919	00	FDF5
2286	291A	00	FDF5
2286	291B	00	FDF5
2286	291C	00	FDF5
2286	291D	00	FDF5
2286	291E	00	FDF5
2286	291F	00	FDF5
2286	2920	00	FDF5
2286	2921	00	FDF5
2286	2922	00	FDF5
2286	2923	00	FDF5
2286	2924	00	FDF5
2286	2925	00	FDF5
2286	2926	00	FDF5
2286	2927	00	FDF5
2286	2928	00	FDF5
2286	2929	00	FDF5
2286	292A	00	FDF5
2286	292B	00	FDF5
2286	292C	00	FDF5
2286	292D	00	FDF5
2286	292E	00	FDF5
2286	292F	00	FDF5
2286	2930	00	FDF5
2286	2931	00	FDF5
2286	2932	00	FDF5
2286	2933	00	FDF5
2286	2934	00	FDF5
2286	2935	00	FDF5
2286	2936	00	FDF5
2286	2937	00	FDF5
2286	2938	00	FDF5
2286	2939	00	FDF5
2286	293A	00	FDF5
2286	293B	00	FDF5
2286	293C	00	FDF5
2286	293D	00	FDF5
2286	293E	00	FDF5
2286	293F	00	FDF5
2286	2940	00	FDF5
2286	2941	00	FDF5
2286	2942	00	FDF5
2286	2943	00	FDF5
2286	2944	00	FDF5
2286	2945	00	FDF5
2286	2946	00	FDF5
2286	2947	00	FDF5
2286	2948	00	FDF5
2286	2949	00	FDF5
2286	294A	00	FDF5
2286	294B	00	FDF5
2286	294C	00	FDF5
2286	294D	00	FDF5
2286	294E	00	FDF5
2286	294F	00	FDF5
2286	2950	00	FDF5
2286	2951	00	FDF5
2286	2952	00	FDF5
2286	2953	00	FDF5
2286	2954	00	FDF5
2286	2955	00	FDF5
2286	2956	00	FDF5
2286	2957	00	FDF5
2286	2958	00	FDF5
2286	2959	00	FDF5
2286	295A	00	FDF5
2286	295B	00	FDF5
2286	295C	00	FDF5
2286	295D	00	FDF5
2286	295E	00	FDF5
2286	295F	00	FDF5
2286	2960	00	FDF5
2286	2961	00	FDF5
2286	2962	00	FDF5
2286	2963	00	FDF5
2286	2964	00	FDF5
2286	2965	00	FDF5
2286	2966	00	FDF5
2286	2967	00	FDF5
2286	2968	00	FDF5
2286	2969	00	FDF5
2286	296A	00	FDF5
2286	296B	00	FDF5
2286	296C	00	FDF5
2286	296D	00	FDF5
2286	296E	00	FDF5
2286	296F	00	FDF5
2286	2970	00	FDF5
2286	2971	00	FDF5
2286	2972	00	FDF5
2286	2973	00	FDF5
2286	2974	00	FDF5
2286	2975	00	FDF5
2286	2976	00	FDF5
2286	2977	00	FDF5
2286	2978	00	FDF5
2286	2979	00	FDF5
2286	297A	00	FDF5
2286	297B	00	FDF5
2286	297C	00	FDF5
2286	297D	00	FDF5
2286	297E	00	FDF5
2286	297F	00	FDF5
2286	2980	00	FDF5
2286	2981	00	FDF5
2286	2982	00	FDF5
2286	2983	00	FDF5
2286	2984	00	FDF5
2286	2985	00	FDF5
2286	2986	00	FDF5
2286	2987	00	FDF5
2286	2988	00	FDF5
2286	2989	00	FDF5
2286	298A	00	FDF5
2286	298B	00	FDF5
2286	298C	00	FDF5
2286	298D	00	FDF5
2286	298E	00	FDF5
2286	298F	00	FDF5
2286	2990	00	FDF5
2286	2991	00	FDF5
2286	2992	00	FDF5
2286	2993	00	FDF5
2286	2994	00	FDF5
2286	2995	00	FDF5
2286	2996	00	FDF5
2286	2997	00	FDF5
2286	2998	00	FDF5
2286	2999	00	FDF5
2286	299A	00	FDF5
2286	299B	00	FDF5
2286	299C	00	FDF5
2286	299D	00	FDF5
2286	299E	00	FDF5
2286	299F	00	FDF5
2286	29A0	00	FDF5
2286	29A1	00	FDF5
2286	29A2	00	FDF5
2286	29A3	00	FDF5
2286	29A4	00	FDF5
2286	29A5	00	FDF5
2286	29A6	00	FDF5
2286	29A7	00	FDF5
2286	29A8	00	FDF5
2286	29A9	00	FDF5
2286	29AA	00	FDF5
2286	29AB	00	FDF5
2286	29AC	00	FDF5
2286	29AD	00	FDF5
2286	29AE	00	FDF5
2286	29AF	00	FDF5
2286	29B0	00	FDF5
2286	29B1	00	FDF5
2286	29B2	00	FDF5
2286	29B3	00	FDF5
2286	29B4	00	FDF5
2286	29B5	00	FDF5
2286	29B6	00	FDF5
2286	29B7	00	FDF5
2286	29B8	00	FDF5
2286	29B9	00	FDF5
2286	29BA	00	FDF5
2286	29BB	00	FDF5
2286	29BC	00	FDF5
2286	29BD	00	FDF5
2286	29BE	00	FDF5
2286	29BF	00	FDF5
2286	29C0	00	FDF5
2286	29C1	00	FDF5
2286	29C2	00	FDF5
2286	29C3	00	FDF5
2286	29C4	00	FDF5
2286	29C5	00	FDF5
2286	29C6	00	FDF5
2286	29C7	00	FDF5
2286	29C8	00	FDF5
2286	29C9	00	FDF5
2286	29CA	00	FDF5
2286	29CB	00	FDF5
2286	29CC	00	FDF5
2286	29CD	00	FDF5
2286	29CE	00	FDF5
2286	29CF	00	FDF5
2286	29D0	00	FDF5
2286	29D1	00	FDF5
2286	29D2	00	FDF5
2286	29D3	00	FDF5
2286	29D4	00	FDF5
2286	29D5	00	FDF5
2286	29D6	00	FDF5
2286	29D7	00	FDF5
2286	29D8	00	FDF5
2286	29D9	00	FDF5
2286	29DA	00	FDF5
2286	29DB	00	FDF5
2286	29DC	00	FDF5
2286	29DD	00	FDF5
2286	29DE	00	FDF5
2286	29DF	00	FDF5
2286	29E0	00	FDF5
2286	29E1	00	FDF5
2286	29E2	00	FDF5
2286	29E3	00	FDF5
2286	29E4	00	FDF5
2286	29E5	00	FDF5
2286	29E6	00	FDF5
2286	29E7	00	FDF5
2286	29E8	00	FDF5
2286	29E9	00	FDF5
2286	29EA	00	FDF5
2286	29EB	00	FDF5
2286	29EC	00	FDF5
2286	29ED	00	FDF5
2286	29EE	00	FDF5
2286	29EF	00	FDF5
2286	29F0	00	FDF5
2286	29F1	00	FDF5
2286	29F2	00	FDF5
2286	29F3	00	FDF5
2286	29F4	00	FDF5
2286	29F5	00	FDF5
2286	29F6	00	FDF5
2286	29F7	00	FDF5
2286	29F8	00	FDF5
2286	29F9	00	FDF5
2286	29FA	00	FDF5
2286	29FB	00	FDF5
2286	29FC	00	FDF5
2286	29FD	00	FDF5
2286	29FE	00	FDF5
2286	29FF	00	FDF5
2286	2A00	00	FDF5
2286	2A01	00	FDF5
2286	2A02	00	FDF5
2286	2A03	00	FDF5
2286	2A04	00	FDF5
2286	2A05	00	FDF5
2286	2A06	00	FDF5
2286	2A07	00	FDF5
2286	2A08	00	FDF5
2286	2A09	00	FDF5
2286	2A0A	00	FDF5
2286	2A0B	00	FDF5
2286	2A0C	00	FDF5
2286	2A0D	00	FDF5
2286	2A0E	00	FDF5
2286	2A0F	00	FDF5
2286	2A10	00	FDF5
2286	2A11	00	FDF5
2286	2A12	00	FDF5
2286	2A13	00	FDF5
2286	2A14	00	FDF5
2286	2A15	00	FDF5
2286	2A16	00	FDF5
2286	2A17	00	FDF5
2286	2A18	00	FDF5
2286	2A19	00	FDF5
2286	2A1A	00	FDF5
2286	2A1B	00	FDF5
2286	2A1C	00	FDF5
2286	2A1D	00	FDF5
2286	2A1E	00	FDF5
2286	2A1F	00	FDF5
2286	2A20	00	FDF5
2286	2A21	00	FDF5
2286	2A22	00	FDF5
2286	2A23	00	FDF5
2286	2A24	00	FDF5
2286	2A25	00	FDF5
2286	2A26	00	FDF5
2286	2A27	00	FDF5
2286	2A28	00	FDF5
2286	2A29	00	FDF5
2286	2A2A	00	FDF5
2286	2A2B	00	FDF5
2286	2A2C	00	FDF5
2286	2A2D	00	FDF5
2286	2A2E	00	FDF5
2286	2A2F	00	FDF5
2286	2A30	00	FDF5
2286	2A31	00	FDF5
2286	2A32	00	FDF5
2286	2A33	00	FDF5
2286	2A34	00	FDF5
2286	2A35	00	FDF5
2286	2A36	00	FDF5
2286	2A37	00	FDF5
2286	2A38	00	FDF5
2286	2A39	00	FDF5
2286	2A3A	00	FDF5
2286	2A3B	00	FDF5
2286	2A3C	00	FDF5
2286	2A3D	00	FDF5
2286	2A3E	00	FDF5
2286	2A3F	00	FDF5
2286	2A40	00	FDF5
2286	2A41	00	FDF5
2286	2A42	00	FDF5
2286	2A43	00	FDF5
2286	2A44	00	FDF5
2286	2A45	00	FDF5
2286	2A46	00	FDF5
2286	2A47	00	FDF5
2286	2A48	00	FDF5
2286	2A49	00	FDF5
2286	2A4A	00	FDF5
2286	2A4B	00	FDF5
2286	2A4C	00	FDF5
2286	2A4D	00	FDF5
2286	2A4E	00	FDF5
2286	2A4F	00	FDF5
2286	2A50	00	FDF5
2286	2A51	00	FDF5
2286	2A52	00	FDF5
2286	2A53	00	FDF5
2286	2A54	00	FDF5
2286	2A55	00	FDF5
2286	2A56	00	FDF5
2286	2A57	00	FDF5
2286	2A58	00	FDF5
2286	2A59	00	FDF5
2286	2A5A	00	FDF5
2286	2A5B	00	FDF5
2286	2A5C	00	FDF5
2286	2A5D	00	FDF5
2286	2A5E	00	FDF5
2286	2A5F	00	FDF5
2286	2A60	00	FDF5
2286	2A61	00	FDF5
2286	2A62	00	FDF5
2286	2A63	00	FDF5
2286	2A64	00	FDF5
2286	2A65	00	FDF5
2286	2A66	00	FDF5
2286	2A67	00	FDF5
2286	2A68	00	FDF5
2286	2A69	00	FDF5
2286	2A6A	00	FDF5
2286	2A6B	00	FDF5
2286	2A6C	00	FDF5
2286	2A6D	00	FDF5
2286	2A6E	00	FDF5
2286	2A6F	00	FDF5
2286	2A70	00	FDF5
2286	2A71	00	FDF5
2286	2A72	00	FDF5
2286	2A73	00	FDF5
2286	2A74	00	FDF5
2286	2A75	00	FDF5
2286	2A76	00	FDF5
2286	2A77	00	FDF5
2286	2A78	00	FDF5
2286	2A79	00	FDF5
2286	2A7A	00	FDF5
2286	2A7B	00	FDF5
2286	2A7C	00	FDF5
2286	2A7D	00	FDF5
2286	2A7E	00	FDF5
2286	2A7F	00	FDF5
2286	2A80	00	FDF5
2286	2A81	00	FDF5
2286	2A82	00	FDF5
2286	2A83	00	FDF5
2286	2A84	00	FDF5
2286	2A85	00	FDF5
2286	2A86	00	FDF5
2286	2A87	00	FDF5
2286	2A88	00	FDF5
2286	2A89	00	FDF5
2286	2A8A	00	FDF5
2286	2A8B	00	FDF5
2286	2A8C	00	FDF5
2286	2A8D	00	FDF5
2286	2A8E	00	FDF5
2286	2A8F	00	FDF5
2286	2A90	00	FDF5
2286	2A91	00	FDF5
2286	2A92	00	FDF5
2286	2A93	00	FDF5
2286	2A94	00	FDF5
2286	2A95	00	FDF5
2286	2A96	00	FDF5
2286	2A97	00	FDF5
2286	2A98	00	FDF5
2286	2A99	00	FDF5
2286	2A9A	00	FDF5
2286	2A9B	00	FDF5
2286	2A9C	00	FDF5
2286	2A9D	00	FDF5
2286	2A9E	00	FDF5
2286	2A9F	00	FDF5
2286	2AA0	00	FDF5
2286	2AA1	00	FDF5
2286	2AA2	00	FDF5
2286	2AA3	00	FDF5
2286	2AA4	00	FDF5
2286	2AA5	00	FDF5
2286	2AA6	00	FDF5
2286	2AA7	00	FDF5
2286	2AA8	00	FDF5
2286	2AA9	00	FDF5
2286	2AAA	00	FDF5
2286	2AAB	00	FDF5
2286	2AAC	00	FDF5
2286	2AAD	00	FDF5
2286	2AAE	00	FDF5
2286	2AAF	00	FDF5
2286	2AB0	00	FDF5
2286	2AB1	00	FDF5
2286	2AB2	00	FDF5
2286	2AB3	00	FDF5
2286	2AB4	00	FDF5
2286	2AB5	00	FDF5
2286	2AB6	00	FDF5
2286	2AB7	00	FDF5
2286	2AB8	00	FDF5
2286	2AB9	00	FDF5
2286	2ABA	00	FDF5
2286	2ABB	00	FDF5
2286	2ABC	00	FDF5
2286	2ABD	00	FDF5
2286	2ABE	00	FDF5
2286	2ABF	00	FDF5
2286	2AC0	00	FDF5
2286	2AC1	00	FDF5
2286	2AC2	00	FDF5
2286	2AC3	00	FDF5
2286	2AC4	00	FDF5
2286	2AC5	00	FDF5
2286	2AC6	00	FDF5
2286	2AC7	00	FDF5
2286	2AC8	00	FDF5
2286	2AC9	00	FDF5
2286	2ACA	00	FDF5
2286	2ACB	00	FDF5
2286	2ACC	00	FDF5
2286	2ACD	00	FDF5
2286	2ACE	00	FDF5
2286	2ACF	00	FDF5
2286	2AD0	00	FDF5
2286	2AD1	00	FDF5
2286	2AD2	00	FDF5
2286	2AD3	00	FDF5
2286	2AD4	00	FDF5
2286	2AD5	00	FDF5
2286	2AD6	00	FDF5
2286	2AD7	00	FDF5
2286	2AD8	00	FDF5
2286	2AD9	00	FDF5
2286	2ADA	00	FDF5
2286	2ADB	00	FDF5
2286	2ADC	00	FDF5
2286	2ADD	00	FDF5
2286	2ADE	00	FDF5
2286	2ADF	00	FDF5
2286	2AE0	00	FDF5
2286	2AE1	00	FDF5
2286	2AE2	00	FDF5
2286	2AE3	00	FDF5
2286	2AE4	00	FDF5
2286	2AE5	00	FDF5
2286	2AE6	00	FDF5
2286	2AE7	00	FDF5
2286	2AE8	00	FDF5
2286	2AE9	00	FDF5
2286	2AEA	00	FDF5
2286	2AEB	00	FDF5
2286	2AEC	00	FDF5
2286	2AED	00	FDF5
2286	2AEE	00	FDF5
2286	2AEF	00	FDF5
2286	2AF0	00	FDF5
2286	2AF1	00	FDF5
2286	2AF2	00	FDF5
2286	2AF3	00	FDF5
2286	2AF4	00	FDF5
2286	2AF5	00	FDF5
2286	2AF6	00	FDF5
2286	2AF7	00	FDF5
2286	2AF8	00	FDF5
2286	2AF9	00	FDF5
2286	2AFA	00	FDF5
2286	2AFB	00	FDF5
2286	2AFC	00	FDF5
2286	2AFD	00	FDF5
2286	2AFE	00	FDF5
2286	2AFF	00	FDF5
2286	2B00	00	FDF5
2286	2B01	00	FDF5
2286	2B02	00	FDF5
2286	2B03	00	FDF5
2286	2B04	00	FDF5
2286	2B05	00	FDF5
2286	2B06	00	FDF5
2286	2B07	00	FDF5
2286	2B08	00	FDF5
2286	2B09	00	FDF5
2286	2B0A	00	FDF5
2286	2B0B	00	FDF5
2286	2B0C	00	FDF5
2286	2B0D	00	FDF5
2286	2B0E	00	FDF5
2286	2B0F	00	FDF5
2286	2B10	00	FDF5
2286	2B11	00	FDF5
2286	2B12	00	FDF5
2286	2B13	00	FDF5
2286	2B14	00	FDF5
2286	2B15	00	FDF5
2286	2B16	00	FDF5
2286	2B17	00	FDF5
2286	2B18	00	FDF5
2286	2B19	00	FDF5
2286	2B1A	00	FDF5
2286	2B1B	00	FDF5
2286	2B1C	00	FDF5
2286	2B1D	00	FDF5
2286	2B1E	00	FDF5
2286	2B1F	00	FDF5
2286	2B20	00	FDF5
2286	2B21	00	FDF5
2286	2B22	00	FDF5
2286	2B23	00	FDF5
2286	2B24	00	FDF5
2286	2B25	00	FDF5
2286	2B26	00	FDF5
2286	2B27	00	FDF5
2286	2B28	00	FDF5
2286	2B29	00	FDF5
2286	2B2A	00	FDF5
2286	2B2B	00	FDF5
2286	2B2C	00	FDF5
2286	2B2D	00	FDF5
2286	2B2E	00	FDF5
2286	2B2F	00	FDF5
2286	2B30	00	FDF5
2286	2B31	00	FDF5
2286	2B32	00	FDF5
2286	2B33	00	FDF5
2286	2B34	00	FDF5
2286	2B35	00	FDF5
2286	2B36	00	FDF5
2286	2B37	00	FDF5
2286	2B38	00	FDF5
2286	2B39	00	FDF5
2286	2B3A	00	FDF5
2286	2B3B	00	FDF5
2286	2B3C	00	FDF5
2286	2B3D	00	FDF5
2286	2B3E	00	FDF5
2286	2B3F	00	FDF5
2286	2B40	00	FDF5
2286	2B41	00	FDF5
2286	2B42	00	FDF5
2286	2B43	00	FDF5
2286	2B44	00	FDF5
2286	2B45	00	FDF5
2286	2B46	00	FDF5
2286	2B47	00	FDF5
2286	2B48	00	FDF5
2286	2B49	00	FDF5
2286	2B4A	00	FDF5
2286	2B4B	00	FDF5
2286	2B4C	00	FDF5
2286	2B4D	00	FDF5
2286	2B4E	00	FDF5
2286	2B4F	00	FDF5
2286	2B50	00	FDF5
2286	2B51	00	FDF5
2286	2B52	00	FDF5
2286	2B53	00	FDF5
2286	2B54	00	FDF5
2286	2B55	00	FDF5
2286	2B56	00	FDF5
2286	2B57	00	FDF5
2286	2B58	00	FDF5
2286	2B59	00	FDF5
2286	2B5A	00	FDF5
2286	2B5B	00	FDF5
2286	2B5C	00	FDF5
2286	2B5D	00	FDF5
2286	2B5E	00	FDF5
2286	2B5F	00	FDF5
2286	2B60	00	FDF5
2286	2B61	00	FDF5
2286	2B62	00	FDF5
2286	2B63	00	FDF5
2286	2B64	00	FDF5
2286	2B65	00	FDF5
2286	2B66	00	FDF5
2286	2B67	00	FDF5
2286	2B68	00	FDF5
2286	2B69	00	FDF5
2286	2B6A	00	FDF5
2286	2B6B	00	FDF5
2286	2B6C	00	FDF5
2286	2B6D	00	FDF5
2286	2B6E	00	FDF5
2286	2B6F	00	FDF5
2286	2B70	00	FDF5
2286	2B71	00	FDF5
2286	2B72	00	FDF5
2286	2B73	00	FDF5
2286	2B74	00	FDF5
2286	2B75	00	FDF5
2286	2B76	00	FDF5
2286	2B77	00	FDF5
2286	2B78	00	FDF5
2286	2B79	00	FDF5
2286	2B7A	00	FDF5
2286	2B7B	00	FDF5
2286	2B7C	00	FDF5
2286	2B7D	00	FDF5
2286	2B7E	00	FDF5
2286	2B7F	00	FDF5
2286	2B80	00	FDF5
2286	2B81	00	FDF5
2286	2B82	00	FDF5
2286	2B83	00	FDF5
2286	2B84	00	FDF5
2286	2B85	00	FDF5
2286	2B86	00	FDF5
2286	2B87	00	FDF5
2286	2B88	00	FDF5
2286	2B89	00	FDF5
2286	2B8A	00	FDF5
2286	2B8B	00	FDF5
2286	2B8C	00	FDF5
2286	2B8D	00	FDF5
2286	2B8E	00	FDF5
2286	2B8F	00	FDF5
2286	2B90	00	FDF5
2286	2B91	00	FDF5
2286	2B92	00	FDF5
2286	2B93	00	FDF5
2286	2B94	00	FDF5
2286	2B95	00	FDF5
2286	2B96	00	FDF5
2286	2B97	00	FDF5
2286	2B98	00	FDF5
2286	2B99	00	FDF5
2286	2B9A	00	FDF5
2286	2B9B	00	FDF5
2286	2B9C	00	FDF5
2286	2B9D	00	FDF5
2286	2B9E	00	FDF5
2286	2B9F	00	FDF5
2286	2BA0	00	FDF5
2287	2BA1	00	FDF5
2287	2BA2	00	FDF5
2287	2BA3	00	FDF5
2287	2BA4	00	FDF5
2287	2BA5	00	FDF5
2287	2BA6	00	FDF5
2287	2BA7	00	FDF5
2287	2BA8	00	FDF5
2287	2BA9	00	FDF5
2287	2BAA	00	FDF5
2287	2BAB	00	FDF5
2287	2BAC	00	FDF5
2287	2BAD	00	FDF5
2287	2BAE	00	FDF5
2287	2BAF	00	FDF5
2287	2BB0	00	FDF5
2287	2BB1	00	FDF5
2287	2BB2	00	FDF5
2287	2BB3	00	FDF5
2287	2BB4	00	FDF5
2287	2BB5	00	FDF5
2287	2BB6	00	FDF5
2287	2BB7	00	FDF5
2287	2BB8	00	FDF5
2287	2BB9	00	FDF5
2287	2BBA	00	FDF5
2287	2BBB	00	FDF5
2287	2BBC	00	FDF5
2287	2BBD	00	FDF5
2287	2BBE	00	FDF5
2287	2BBF	00	FDF5
2287	2BC0	00	FDF5
2287	2BC1	00	FDF5
2287	2BC2	00	FDF5
2287	2BC3	00	FDF5
2287	2BC4	00	FDF5
2287	2BC5	00	FDF5
2287	2BC6	00	FDF5
2287	2BC7	00	FDF5
2287	2BC8	00	FDF5
2287	2BC9	00	FDF5
2287	2BCA	00	FDF5
2287	2BCB	00	FDF5
2287	2BCC	00	FDF5
2287	2BCD	00	FDF5
2287	2BCE	00	FDF5
2287	2BCF	00	FDF5
2287	2BD0	00	FDF5
2287	2BD1	00	FDF5
2287	2BD2	00	FDF5
2287	2BD3	00	FDF5
2287	2BD4	00	FDF5
2287	2BD5	00	FDF5
2287	2BD6	00	FDF5
2287	2BD7	00	FDF5
2287	2BD8	00	FDF5
2287	2BD9	00	FDF5
2287	2BDA	00	FDF5
2287	2BDB	00	FDF5
2287	2BDC	00	FDF5
2287	2BDD	00	FDF5
2287	2BDE	00	FDF5
2287	2BDF	00	FDF5
2287	2BE0	00	FDF5
2287	2BE1	00	FDF5
2287	2BE2	00	FDF5
2287	2BE3	00	FDF5
2287	2BE4	00	FDF5
2287	2BE5	00	FDF5
2287	2BE6	00	FDF5
2287	2BE7	00	FDF5
2287	2BE8	00	FDF5
2287	2BE9	00	FDF5
2287	2BEA	00	FDF5
2287	2BEB	00	FDF5
2287	2BEC	00	FDF5
2287	2BED	00	FDF5
2287	2BEE	00	FDF5
2287	2BEF	00	FDF5
2287	2BF0	00	FDF5
2287	2BF1	00	FDF5
2287	2BF2	00	FDF5
2287	2BF3	00	FDF5
2287	2BF4	00	FDF5
2287	2BF5	00	FDF5
2287	2BF6	00	FDF5
2287	2BF7	00	FDF5
2287	2BF8	00	FDF5
2287	2BF9	00	FDF5
2287	2BFA	00	FDF5
2287	2BFB	00	FDF5
2287	2BFC	00	FDF5
2287	2BFD	00	FDF5
2287	2BFE	00	FDF5
2287	2BFF	00	FDF5
2287	2BC0	00	FE12
2287	2BC1	00	FE12
2287	2BC2	00	FE12
2287	2BC3	00	FE12
2287	2BC4	00	FE12
2287	2BC5	00	FE12
2287	2BC6	00	FE12
2287	2BC7	00	FE12
2287	2BC8	00	FE12
2287	2BC9	00	FE12
2287	2BCA	00	FE12
2287	2BCB	00	FE12
2287	2BCC	00	FE12
2287	2BCD	00	FE12
2287	2BCE	00	FE12
2287	2BCF	00	FE12
2287	2BD0	00	FE12
2287	2BD1	00	FE12
2287	2BD2	00	FE12
2287	2BD3	00	FE12
2287	2BD4	00	FE12
2287	2BD5	00	FE12
2287	2BD6	00	FE12
2287	2BD7	00	FE12
2287	2BD8	00	FE12
2287	2BD9	00	FE12
2287	2BDA	00	FE12
2287	2BDB	00	FE12
2287	2BDC	00	FE12
2287	2BDD	00	FE12
2287	2BDE	00	FE12
2287	2BDF	00	FE12
2287	2BE0	00	FE12
2287	2BE1	00	FE12
2287	2BE2	00	FE12
2287	2BE3	00	FE12
2287	2BE4	00	FE12
2287	2BE5	00	FE12
2287	2BE6	00	FE12
2287	2BE7	00	FE12
2287	2BE8	00	FE12
2287	2BE9	00	FE12
2287	2BEA	00	FE12
2287	2BEB	00	FE12
2287	2BEC	00	FE12
2287	2BED	00	FE12
2287	2BEE	00	FE12
2287	2BEF	00	FE12
2287	2BF0	00	FE12
2287	2BF1	00	FE12
2287	2BF2	00	FE12
2287	2BF3	00	FE12
2287	2BF4	00	FE12
2287	2BF5	00	FE12
2287	2BF6	00	FE12
2287	2BF7	00	FE12
2287	2BF8	00	FE12
2287	2BF9	00	FE12
2287	2BFA	00	FE12
2287	2BFB	00	FE12
2287	2BFC	00	FE12
2287	2BFD	00	FE12
2287	2BFE	00	FE12
2287	2BFF	00	FE12
2304	2487	02	D759
2304	24A7	02	D760
2304	24C7	DC	D767
2304	24E7	DC	D76E
2304	2507	11	D775
2304	2527	21	D77C
2304	2547	BC	D783
2304	2567	CC	D78A
2304	2587	00	D791
2304	25A7	00	D798
2304	25C7	00	D79F
2304	25E7	51	D7A6
2304	2607	04	D7AD
2304	2627	03	D7B4
2304	2647	E0	D7BB
2304	2667	03	D7C2
2304	2687	03	D7C9
2304	26A7	03	D7D0
2304	26C7	03	D7D7
2304	26E7	03	D7DE
2304	27C9	0C	D7DE
2304	27D1	05	D7DE
2304	27D9	FF	D7DE
2304	27E1	00	D7DE
2304	27E9	00	D7DE
2304	2488	02	D759
2304	24A8	02	D760
2304	24C8	DC	D767
2304	24E8	DC	D76E
2304	2508	10	D775
2304	2528	20	D77C
2304	2548	BD	D783
2304	2568	CD	D78A
2304	2588	80	D791
2304	25A8	90	D798
2304	25C8	A0	D79F
2304	25E8	B0	D7A6
2304	2608	04	D7AD
2304	2628	03	D7B4
2304	2648	03	D7BB
2304	2668	03	D7C2
2304	2688	03	D7C9
2304	26A8	03	D7D0
2304	26C8	03	D7D7
2304	26E8	03	D7DE
2304	27CA	03	D7DE
2304	27D2	05	D7DE
2304	27DA	FF	D7DE
2304	27E2	00	D7DE
2304	27EA	00	D7DE
2304	2489	02	D759
2304	24A9	02	D760
2304	24C9	DC	D767
2304	24E9	DC	D76E
2304	2509	11	D775
2304	2529	21	D77C
2304	2549	01	D783
2304	2569	CA	D78A
2304	2589	81	D791
2304	25A9	91	D798
2304	25C9	A1	D79F
2304	25E9	B1	D7A6
2304	2609	04	D7AD
2304	2629	03	D7B4
2304	2649	03	D7BB
2304	2669	03	D7C2
2304	2689	03	D7C9
2304	26A9	03	D7D0
2304	26C9	E0	D7D7
2304	26E9	03	D7DE
2304	248A	47	D759
2304	24AA	47	D760
2304	24CA	47	D767
2304	24EA	37	D76E
2304	250A	10	D775
2304	252A	20	D77C
2304	254A	BB	D783
2304	256A	CB	D78A
2304	258A	82	D791
2304	25AA	92	D798
2304	25CA	A2	D79F
2304	25EA	B2	D7A6
2304	260A	04	D7AD
2304	262A	03	D7B4
2304	264A	03	D7BB
2304	266A	03	D7C2
2304	268A	03	D7C9
2304	26AA	03	D7D0
2304	26CA	03	D7D7
2304	26EA	03	D7DE
2304	248B	48	D759
2304	24AB	48	D760
2304	24CB	48	D767
2304	24EB	38	D76E
2304	250B	11	D775
2304	252B	21	D77C
2304	254B	BC	D783
2304	256B	CC	D78A
2304	258B	83	D791
2304	25AB	93	D798
2304	25CB	A3	D79F
2304	25EB	B3	D7A6
2304	260B	04	D7AD
2304	262B	03	D7B4
2304	264B	03	D7BB
2304	266B	03	D7C2
2304	268B	03	D7C9
2304	26AB	03	D7D0
2304	26CB	03	D7D7
2304	26EB	03	D7DE
2304	27CA	03	D7DE
2304	27D2	05	D7DE
2304	27DA	FF	D7DE
2304	27E2	00	D7DE
2304	27EA	00	D7DE
2304	248C	48	D759
2304	24AC	48	D760
2304	24CC	48	D767
2304	24EC	38	D76E
2304	250C	10	D775
2304	252C	20	D77C
2304	254C	BD	D783
2304	256C	CD	D78A
2304	258C	00	D791
2304	25AC	00	D798
2304	25CC	00	D79F
2304	25EC	00	D7A6
2304	260C	04	D7AD
2304	262C	03	D7B4
2304	264C	03	D7BB
2304	266C	03	D7C2
2304	268C	03	D7C9
2304	26AC	03	D7D0
2304	26CC	03	D7D7
2304	26EC	03	D7DE
2304	27CB	00	D7DE
2304	27D3	05	D7DE
2304	27DB	0C	D7DE
2305	27E3	00	D7DE
2305	27EB	00	D7DE
2305	248D	48	D759
2305	24AD	48	D760
2305	24CD	48	D767
2305	24ED	38	D76E
2305	250D	11	D775
2305	252D	21	D77C
2305	254D	EC	D783
2305	256D	C4	D78A
2305	258D	D4	D791
2305	25AD	FC	D798
2305	25CD	FC	D79F
2305	25ED	DC	D7A6
2305	260D	04	D7AD
2305	262D	03	D7B4
2305	264D	03	D7BB
2305	266D	03	D7C2
2305	268D	03	D7C9
2305	26AD	03	D7D0
2305	26CD	03	D7D7
2305	26ED	03	D7DE
2305	248E	48	D759
2305	24AE	48	D760
2305	24CE	48	D767
2305	24EE	38	D76E
2305	250E	10	D775
2305	252E	20	D77C
2305	254E	EC	D783
2305	256E	C5	D78A
2305	258E	D5	D791
2305	25AE	E5	D798
2305	25CE	F5	D79F
2305	25EE	DC	D7A6
2305	260E	04	D7AD
2305	262E	03	D7B4
2305	264E	03	D7BB
2305	266E	03	D7C2
2305	268E	E0	D7C9
2305	26AE	03	D7D0
2305	26CE	03	D7D7
2305	26EE	03	D7DE
2305	248F	49	D759
2305	24AF	49	D760
2305	24CF	49	D767
2305	24EF	39	D76E
2305	250F	11	D775
2305	252F	21	D77C
2305	254F	EC	D783
2305	256F	C6	D78A
2305	258F	D6	D791
2305	25AF	E6	D798
2305	25CF	F6	D79F
2305	25EF	DD	D7A6
2305	260F	04	D7AD
2305	262F	03	D7B4
2305	264F	03	D7BB
2305	266F	03	D7C2
2305	268F	03	D7C9
2305	26AF	03	D7D0
2305	26CF	F0	D7D7
2305	26EF	03	D7DE
2305	27CB	00	D7DE
2305	27D3	05	D7DE
2305	27DB	0C	D7DE
2305	27E3	00	D7DE
2305	27EB	00	D7DE
2305	2490	00	D759
2305	24B0	00	D760
2305	24D0	00	D767
2305	24F0	00	D76E
2305	2510	00	D775
2305	2530	00	D77C
2305	2550	00	D783
2305	2570	C7	D78A
2305	2590	D7	D791
2305	25B0	00	D798
2305	25D0	00	D79F
2305	25F0	00	D7A6
2305	2610	04	D7AD
2305	2630	03	D7B4
2305	2650	03	D7BB
2305	2670	03	D7C2
2305	2690	03	D7C9
2305	26B0	03	D7D0
2305	26D0	03	D7D7
2305	26F0	03	D7DE
2305	27CC	55	D7DE
2305	27D4	00	D7DE
2305	27DC	30	D7DE
2305	27E4	00	D7DE
2305	27EC	00	D7DE
2305	2491	00	D759
2305	24B1	00	D760
2305	24D1	00	D767
2305	24F1	00	D76E
2305	2511	2F	D775
2305	2531	3F	D77C
2305	2551	00	D783
2305	2571	00	D78A
2305	2591	00	D791
2305	25B1	00	D798
2305	25D1	00	D79F
2305	25F1	00	D7A6
2305	2611	04	D7AD
2305	2631	03	D7B4
2305	2651	03	D7BB
2305	2671	03	D7C2
2305	2691	03	D7C9
2305	26B1	03	D7D0
2305	26D1	03	D7D7
2305	26F1	03	D7DE
2305	2492	02	D759
2305	24B2	02	D760
2305	24D2	0B	D767
2305	24F2	01	D76E
2305	2512	2F	D775
2305	2532	3F	D77C
2305	2552	B5	D783
2305	2572	A5	D78A
2305	2592	A5	D791
2305	25B2	A5	D798
2305	25D2	A5	D79F
2305	25F2	A5	D7A6
2305	2612	04	D7AD
2305	2632	03	D7B4
2305	2652	E0	D7BB
2305	2672	03	D7C2
2305	2692	03	D7C9
2305	26B2	03	D7D0
2305	26D2	03	D7D7
2305	26F2	03	D7DE
2305	2493	02	D759
2305	24B3	02	D760
2305	24D3	0B	D767
2305	24F3	01	D76E
2305	2513	2F	D775
2305	2533	3F	D77C
2305	2553	00	D783
2305	2573	00	D78A
2305	2593	00	D791
2305	25B3	00	D798
2305	25D3	00	D79F
2305	25F3	00	D7A6
2305	2613	04	D7AD
2305	2633	03	D7B4
2305	2653	03	D7BB
2305	2673	03	D7C2
2305	2693	03	D7C9
2305	26B3	03	D7D0
2305	26D3	03	D7D7
2305	26F3	03	D7DE
2305	27CC	55	D7DE
2305	27D4	00	D7DE
2305	27DC	30	D7DE
2305	27E4	00	D7DE
2305	27EC	00	D7DE
2305	2494	02	D759
2305	24B4	02	D760
2305	24D4	0B	D767
2305	24F4	01	D76E
2305	2514	2F	D775
2305	2534	3F	D77C
2305	2554	7C	D783
2305	2574	01	D78A
2305	2594	01	D791
2305	25B4	01	D798
2305	25D4	5E	D79F
2305	25F4	1E	D7A6
2305	2614	04	D7AD
2305	2634	03	D7B4
2305	2654	03	D7BB
2305	2674	03	D7C2
2305	2694	03	D7C9
2305	26B4	03	D7D0
2305	26D4	E0	D7D7
2305	26F4	03	D7DE
2305	27CD	DD	D7DE
2305	27D5	50	D7DE
2305	27DD	05	D7DE
2305	27E5	00	D7DE
2305	27ED	00	D7DE
2306	2495	02	D759
2306	24B5	02	D760
2306	24D5	0B	D767
2306	24F5	01	D76E
2306	2515	2F	D775
2306	2535	3F	D77C
2306	2555	2E	D783
2306	2575	3E	D78A
2306	2595	3E	D791
2306	25B5	3E	D798
2306	25D5	5F	D79F
2306	25F5	1F	D7A6
2306	2615	04	D7AD
2306	2635	03	D7B4
2306	2655	03	D7BB
2306	2675	03	D7C2
2306	2695	03	D7C9
2306	26B5	03	D7D0
2306	26D5	03	D7D7
2306	26F5	03	D7DE
2306	2496	FC	D759
2306	24B6	FC	D760
2306	24D6	FC	D767
2306	24F6	9C	D76E
2306	2516	2F	D775
2306	2536	3F	D77C
2306	2556	7C	D783
2306	2576	01	D78A
2306	2596	01	D791
2306	25B6	01	D798
2306	25D6	00	D79F
2306	25F6	F7	D7A6
2306	2616	04	D7AD
2306	2636	03	D7B4
2306	2656	03	D7BB
2306	2676	03	D7C2
2306	2696	03	D7C9
2306	26B6	03	D7D0
2306	26D6	03	D7D7
2306	26F6	03	D7DE
2306	2497	02	D759
2306	24B7	8E	D760
2306	24D7	02	D767
2306	24F7	9D	D76E
2306	2517	2F	D775
2306	2537	3F	D77C
2306	2557	2E	D783
2306	2577	65	D78A
2306	2597	75	D791
2306	25B7	3E	D798
2306	25D7	00	D79F
2306	25F7	FA	D7A6
2306	2617	04	D7AD
2306	2637	03	D7B4
2306	2657	03	D7BB
2306	2677	F0	D7C2
2306	2697	03	D7C9
2306	26B7	03	D7D0
2306	26D7	03	D7D7
2306	26F7	03	D7DE
2306	27CD	DD	D7DE
2306	27D5	50	D7DE
2306	27DD	05	D7DE
2306	27E5	00	D7DE
2306	27ED	00	D7DE
2306	2498	02	D759
2306	24B8	02	D760
2306	24D8	02	D767
2306	24F8	9D	D76E
2306	2518	2F	D775
2306	2538	3F	D77C
2306	2558	7C	D783
2306	2578	66	D78A
2306	2598	76	D791
2306	25B8	01	D798
2306	25D8	00	D79F
2306	25F8	FA	D7A6
2306	2618	04	D7AD
2306	2638	03	D7B4
2306	2658	03	D7BB
2306	2678	03	D7C2
2306	2698	03	D7C9
2306	26B8	03	D7D0
2306	26D8	03	D7D7
2306	26F8	03	D7DE
2306	27CE	FF	D7DE
2306	27D6	50	D7DE
2306	27DE	05	D7DE
2306	27E6	00	D7DE
2306	27EE	00	D7DE
2306	2499	AE	D759
2306	24B9	BE	D760
2306	24D9	02	D767
2306	24F9	9D	D76E
2306	2519	2F	D775
2306	2539	3F	D77C
2306	2559	2E	D783
2306	2579	3E	D78A
2306	2599	3E	D791
2306	25B9	3E	D798
2306	25D9	00	D79F
2306	25F9	FA	D7A6
2306	2619	04	D7AD
2306	2639	03	D7B4
2306	2659	03	D7BB
2306	2679	03	D7C2
2306	2699	03	D7C9
2306	26B9	03	D7D0
2306	26D9	03	D7D7
2306	26F9	03	D7DE
2306	249A	AF	D759
2306	24BA	9E	D760
2306	24DA	8B	D767
2306	24FA	9D	D76E
2306	251A	2F	D775
2306	253A	3F	D77C
2306	255A	01	D783
2306	257A	01	D78A
2306	259A	01	D791
2306	25BA	01	D798
2306	25DA	5E	D79F
2306	25FA	1E	D7A6
2306	261A	04	D7AD
2306	263A	03	D7B4
2306	265A	03	D7BB
2306	267A	03	D7C2
2306	269A	03	D7C9
2306	26BA	03	D7D0
2306	26DA	03	D7D7
2306	26FA	03	D7DE
2306	249B	8F	D759
2306	24BB	00	D760
2306	24DB	8C	D767
2306	24FB	9D	D76E
2306	251B	2F	D775
2306	253B	3F	D77C
2306	255B	34	D783
2306	257B	42	D78A
2306	259B	68	D791
2306	25BB	3E	D798
2306	25DB	5F	D79F
2306	25FB	1F	D7A6
2306	261B	04	D7AD
2306	263B	03	D7B4
2306	265B	03	D7BB
2306	267B	03	D7C2
2306	269B	03	D7C9
2306	26BB	03	D7D0
2306	26DB	03	D7D7
2306	26FB	03	D7DE
2306	27CE	FF	D7DE
2306	27D6	50	D7DE
2306	27DE	05	D7DE
2306	27E6	00	D7DE
2306	27EE	00	D7DE
2306	249C	8F	D759
2306	24BC	00	D760
2306	24DC	8C	D767
2306	24FC	9D	D76E
2306	251C	2F	D775
2306	253C	3F	D77C
2306	255C	00	D783
2306	257C	00	D78A
2306	259C	44	D791
2306	25BC	54	D798
2306	25DC	3A	D79F
2306	25FC	4A	D7A6
2306	261C	5A	D7AD
2306	263C	03	D7B4
2306	265C	03	D7BB
2306	267C	E0	D7C2
2306	269C	03	D7C9
2306	26BC	03	D7D0
2306	26DC	E0	D7D7
2306	26FC	03	D7DE
2306	27CF	FF	D7DE
2306	27D7	00	D7DE
2306	27DF	00	D7DE
2306	27E7	00	D7DE
2306	27EF	00	D7DE
2306	249D	8F	D759
2306	24BD	00	D760
2306	24DD	8C	D767
2306	24FD	9D	D76E
2306	251D	2F	D775
2306	253D	3F	D77C
2306	255D	00	D783
2306	257D	35	D78A
2306	259D	45	D791
2306	25BD	55	D798
2306	25DD	3B	D79F
2306	25FD	4B	D7A6
2306	261D	5B	D7AD
2306	263D	03	D7B4
2306	265D	03	D7BB
2306	267D	03	D7C2
2306	269D	03	D7C9
2306	26BD	03	D7D0
2306	26DD	F0	D7D7
2306	26FD	03	D7DE
2307	249E	AE	D759
2307	24BE	9F	D760
2307	24DE	8D	D767
2307	24FE	9D	D76E
2307	251E	2F	D775
2307	253E	3F	D77C
2307	255E	00	D783
2307	257E	36	D78A
2307	259E	46	D791
2307	25BE	56	D798
2307	25DE	3C	D79F
2307	25FE	4C	D7A6
2307	261E	5C	D7AD
2307	263E	03	D7B4
2307	265E	03	D7BB
2307	267E	03	D7C2
2307	269E	03	D7C9
2307	26BE	03	D7D0
2307	26DE	03	D7D7
2307	26FE	03	D7DE
2307	249F	AF	D759
2307	24BF	BF	D760
2307	24DF	02	D767
2307	24FF	9D	D76E
2307	251F	00	D775
2307	253F	00	D77C
2307	255F	00	D783
2307	257F	00	D78A
2307	259F	00	D791
2307	25BF	00	D798
2307	25DF	00	D79F
2307	25FF	00	D7A6
2307	261F	5D	D7AD
2307	263F	53	D7B4
2307	265F	03	D7BB
2307	267F	03	D7C2
2307	269F	03	D7C9
2307	26BF	03	D7D0
2307	26DF	03	D7D7
2307	26FF	03	D7DE
2307	27CF	FF	D7DE
2307	27D7	00	D7DE
2307	27DF	00	D7DE
2307	27E7	00	D7DE
2307	27EF	00	D7DE
2307	2080	02	D759
2307	20A0	02	D760
2307	20C0	02	D767
2307	20E0	9D	D76E
2307	2100	11	D775
2307	2120	21	D77C
2307	2140	7C	D783
2307	2160	01	D78A
2307	2180	01	D791
2307	21A0	01	D798
2307	21C0	01	D79F
2307	21E0	01	D7A6
2307	2200	01	D7AD
2307	2220	01	D7B4
2307	2240	03	D7BB
2307	2260	03	D7C2
2307	2280	E0	D7C9
2307	22A0	03	D7D0
2307	22C0	03	D7D7
2307	22E0	03	D7DE
2307	23C8	FF	D7DE
2307	23D0	5F	D7DE
2307	23D8	55	D7DE
2307	23E0	05	D7DE
2307	23E8	00	D7DE
2307	2081	02	D759
2307	20A1	02	D760
2307	20C1	02	D767
2307	20E1	9D	D76E
2307	2101	10	D775
2307	2121	20	D77C
2307	2141	7C	D783
2307	2161	61	D78A
2307	2181	71	D791
2307	21A1	01	D798
2307	21C1	63	D79F
2307	21E1	73	D7A6
2307	2201	01	D7AD
2307	2221	01	D7B4
2307	2241	03	D7BB
2307	2261	03	D7C2
2307	2281	03	D7C9
2307	22A1	03	D7D0
2307	22C1	03	D7D7
2307	22E1	03	D7DE
2307	2082	02	D759
2307	20A2	02	D760
2307	20C2	8E	D767
2307	20E2	9D	D76E
2307	2102	11	D775
2307	2122	21	D77C
2307	2142	7C	D783
2307	2162	62	D78A
2307	2182	72	D791
2307	21A2	01	D798
2307	21C2	64	D79F
2307	21E2	74	D7A6
2307	2202	01	D7AD
2307	2222	01	D7B4
2307	2242	03	D7BB
2307	2262	03	D7C2
2307	2282	03	D7C9
2307	22A2	03	D7D0
2307	22C2	03	D7D7
2307	22E2	F0	D7DE
2307	2083	00	D759
2307	20A3	00	D760
2307	20C3	00	D767
2307	20E3	00	D76E
2307	2103	10	D775
2307	2123	20	D77C
2307	2143	2E	D783
2307	2163	3E	D78A
2307	2183	3E	D791
2307	21A3	3E	D798
2307	21C3	3E	D79F
2307	21E3	3E	D7A6
2307	2203	3E	D7AD
2307	2223	3E	D7B4
2307	2243	03	D7BB
2307	2263	03	D7C2
2307	2283	03	D7C9
2307	22A3	03	D7D0
2307	22C3	03	D7D7
2307	22E3	03	D7DE
2307	23C8	FF	D7DE
2307	23D0	5F	D7DE
2307	23D8	55	D7DE
2307	23E0	05	D7DE
2307	23E8	00	D7DE
2307	2084	02	D759
2307	20A4	02	D760
2307	20C4	0B	D767
2307	20E4	01	D76E
2307	2104	11	D775
2307	2124	21	D77C
2307	2144	00	D783
2307	2164	DB	D78A
2307	2184	EB	D791
2307	21A4	EB	D798
2307	21C4	FB	D79F
2307	21E4	00	D7A6
2307	2204	23	D7AD
2307	2224	52	D7B4
2307	2244	03	D7BB
2307	2264	03	D7C2
2307	2284	03	D7C9
2307	22A4	03	D7D0
2307	22C4	E0	D7D7
2307	22E4	03	D7DE
2307	23C9	11	D7DE
2307	23D1	FF	D7DE
2307	23D9	FF	D7DE
2307	23E1	00	D7DE
2307	23E9	00	D7DE
2307	2085	02	D759
2307	20A5	02	D760
2307	20C5	0B	D767
2307	20E5	01	D76E
2307	2105	10	D775
2307	2125	20	D77C
2307	2145	00	D783
2307	2165	59	D78A
2307	2185	69	D791
2307	21A5	69	D798
2307	21C5	79	D79F
2307	21E5	00	D7A6
2307	2205	04	D7AD
2307	2225	03	D7B4
2307	2245	03	D7BB
2307	2265	03	D7C2
2307	2285	03	D7C9
2307	22A5	03	D7D0
2307	22C5	03	D7D7
2307	22E5	03	D7DE
2307	2086	ED	D759
2307	20A6	ED	D760
2307	20C6	ED	D767
2307	20E6	AB	D76E
2307	2106	11	D775
2307	2126	21	D77C
2307	2146	00	D783
2307	2166	58	D78A
2307	2186	03	D791
2307	21A6	03	D798
2307	21C6	78	D79F
2307	21E6	00	D7A6
2307	2206	04	D7AD
2307	2226	03	D7B4
2307	2246	03	D7BB
2307	2266	03	D7C2
2307	2286	03	D7C9
2307	22A6	03	D7D0
2307	22C6	03	D7D7
2307	22E6	03	D7DE
2308	2087	EE	D759
2308	20A7	EE	D760
2308	20C7	EE	D767
2308	20E7	AC	D76E
2308	2107	10	D775
2308	2127	20	D77C
2308	2147	00	D783
2308	2167	59	D78A
2308	2187	69	D791
2308	21A7	69	D798
2308	21C7	79	D79F
2308	21E7	00	D7A6
2308	2207	04	D7AD
2308	2227	03	D7B4
2308	2247	03	D7BB
2308	2267	03	D7C2
2308	2287	F0	D7C9
2308	22A7	03	D7D0
2308	22C7	03	D7D7
2308	22E7	03	D7DE
2308	23C9	11	D7DE
2308	23D1	FF	D7DE
2308	23D9	FF	D7DE
2308	23E1	00	D7DE
2308	23E9	00	D7DE
2308	2487	02	D759
2308	24A7	02	D760
2308	24C7	DC	D767
2308	24E7	DC	D76E
2308	2507	11	D775
2308	2527	21	D77C
2308	2547	BC	D783
2308	2567	CC	D78A
2308	2587	00	D791
2308	25A7	00	D798
2308	25C7	00	D79F
2308	25E7	51	D7A6
2308	2607	04	D7AD
2308	2627	03	D7B4
2308	2647	E0	D7BB
2308	2667	03	D7C2
2308	2687	03	D7C9
2308	26A7	03	D7D0
2308	26C7	03	D7D7
2308	26E7	03	D7DE
2308	27C9	0C	D7DE
2308	27D1	05	D7DE
2308	27D9	FF	D7DE
2308	27E1	00	D7DE
2308	27E9	00	D7DE
2308	2088	EF	D759
2308	20A8	EF	D760
2308	20C8	EF	D767
2308	20E8	AD	D76E
2308	2108	11	D775
2308	2128	21	D77C
2308	2148	00	D783
2308	2168	58	D78A
2308	2188	03	D791
2308	21A8	03	D798
2308	21C8	78	D79F
2308	21E8	00	D7A6
2308	2208	04	D7AD
2308	2228	03	D7B4
2308	2248	03	D7BB
2308	2268	03	D7C2
2308	2288	03	D7C9
2308	22A8	03	D7D0
2308	22C8	03	D7D7
2308	22E8	03	D7DE
2308	23CA	0C	D7DE
2308	23D2	3F	D7DE
2308	23DA	33	D7DE
2308	23E2	00	D7DE
2308	23EA	00	D7DE
2308	2486	02	D759
2308	24A6	02	D760
2308	24C6	DC	D767
2308	24E6	DC	D76E
2308	2506	10	D775
2308	2526	20	D77C
2308	2546	BB	D783
2308	2566	CB	D78A
2308	2586	00	D791
2308	25A6	00	D798
2308	25C6	00	D79F
2308	25E6	51	D7A6
2308	2606	04	D7AD
2308	2626	03	D7B4
2308	2646	03	D7BB
2308	2666	03	D7C2
2308	2686	03	D7C9
2308	26A6	03	D7D0
2308	26C6	F0	D7D7
2308	26E6	03	D7DE
2308	2089	00	D759
2308	20A9	00	D760
2308	20C9	60	D767
2308	20E9	70	D76E
2308	2109	10	D775
2308	2129	20	D77C
2308	2149	00	D783
2308	2169	59	D78A
2308	2189	69	D791
2308	21A9	69	D798
2308	21C9	79	D79F
2308	21E9	00	D7A6
2308	2209	04	D7AD
2308	2229	03	D7B4
2308	2249	E0	D7BB
2308	2269	03	D7C2
2308	2289	03	D7C9
2308	22A9	03	D7D0
2308	22C9	03	D7D7
2308	22E9	03	D7DE
2308	2485	49	D759
2308	24A5	49	D760
2308	24C5	49	D767
2308	24E5	39	D76E
2308	2505	11	D775
2308	2525	21	D77C
2308	2545	01	D783
2308	2565	CA	D78A
2308	2585	00	D791
2308	25A5	00	D798
2308	25C5	00	D79F
2308	25E5	51	D7A6
2308	2605	04	D7AD
2308	2625	03	D7B4
2308	2645	03	D7BB
2308	2665	03	D7C2
2308	2685	E0	D7C9
2308	26A5	03	D7D0
2308	26C5	03	D7D7
2308	26E5	03	D7DE
2308	208A	24	D759
2308	20AA	24	D760
2308	20CA	60	D767
2308	20EA	70	D76E
2308	210A	11	D775
2308	212A	21	D77C
2308	214A	27	D783
2308	216A	47	D78A
2308	218A	47	D791
2308	21AA	37	D798
2308	21CA	5F	D79F
2308	21EA	1F	D7A6
2308	220A	04	D7AD
2308	222A	03	D7B4
2308	224A	03	D7BB
2308	226A	03	D7C2
2308	228A	03	D7C9
2308	22AA	E0	D7D0
2308	22CA	03	D7D7
2308	22EA	03	D7DE
2308	2484	48	D759
2308	24A4	48	D760
2308	24C4	48	D767
2308	24E4	38	D76E
2308	2504	10	D775
2308	2524	20	D77C
2308	2544	BD	D783
2308	2564	CD	D78A
2308	2584	00	D791
2308	25A4	00	D798
2308	25C4	00	D79F
2308	25E4	50	D7A6
2308	2604	04	D7AD
2308	2624	03	D7B4
2308	2644	03	D7BB
2308	2664	03	D7C2
2308	2684	03	D7C9
2308	26A4	03	D7D0
2308	26C4	03	D7D7
2308	26E4	03	D7DE
2308	27C9	0C	D7DE
2308	27D1	05	D7DE
2308	27D9	FF	D7DE
2308	27E1	00	D7DE
2309	27E9	00	D7DE
2309	208B	24	D759
2309	20AB	24	D760
2309	20CB	60	D767
2309	20EB	70	D76E
2309	210B	10	D775
2309	212B	20	D77C
2309	214B	28	D783
2309	216B	48	D78A
2309	218B	48	D791
2309	21AB	38	D798
2309	21CB	5E	D79F
2309	21EB	1E	D7A6
2309	220B	04	D7AD
2309	222B	03	D7B4
2309	224B	03	D7BB
2309	226B	03	D7C2
2309	228B	03	D7C9
2309	22AB	03	D7D0
2309	22CB	03	D7D7
2309	22EB	03	D7DE
2309	23CA	0C	D7DE
2309	23D2	3F	D7DE
2309	23DA	33	D7DE
2309	23E2	00	D7DE
2309	23EA	00	D7DE
2309	2483	48	D759
2309	24A3	48	D760
2309	24C3	48	D767
2309	24E3	38	D76E
2309	2503	11	D775
2309	2523	21	D77C
2309	2543	BC	D783
2309	2563	CC	D78A
2309	2583	00	D791
2309	25A3	00	D798
2309	25C3	00	D79F
2309	25E3	00	D7A6
2309	2603	04	D7AD
2309	2623	03	D7B4
2309	2643	03	D7BB
2309	2663	03	D7C2
2309	2683	03	D7C9
2309	26A3	03	D7D0
2309	26C3	03	D7D7
2309	26E3	03	D7DE
2309	27C8	00	D7DE
2309	27D0	05	D7DE
2309	27D8	03	D7DE
2309	27E0	00	D7DE
2309	27E8	00	D7DE
2309	208C	25	D759
2309	20AC	25	D760
2309	20CC	60	D767
2309	20EC	70	D76E
2309	210C	11	D775
2309	212C	21	D77C
2309	214C	28	D783
2309	216C	48	D78A
2309	218C	48	D791
2309	21AC	38	D798
2309	21CC	5F	D79F
2309	21EC	1F	D7A6
2309	220C	04	D7AD
2309	222C	03	D7B4
2309	224C	03	D7BB
2309	226C	03	D7C2
2309	228C	03	D7C9
2309	22AC	03	D7D0
2309	22CC	03	D7D7
2309	22EC	03	D7DE
2309	23CB	00	D7DE
2309	23D3	0F	D7DE
2309	23DB	00	D7DE
2309	23E3	00	D7DE
2309	23EB	00	D7DE
2309	2482	48	D759
2309	24A2	48	D760
2309	24C2	48	D767
2309	24E2	38	D76E
2309	2502	10	D775
2309	2522	20	D77C
2309	2542	EC	D783
2309	2562	CE	D78A
2309	2582	DE	D791
2309	25A2	FC	D798
2309	25C2	FC	D79F
2309	25E2	DD	D7A6
2309	2602	04	D7AD
2309	2622	03	D7B4
2309	2642	03	D7BB
2309	2662	03	D7C2
2309	2682	03	D7C9
2309	26A2	03	D7D0
2309	26C2	E0	D7D7
2309	26E2	03	D7DE
2309	208D	00	D759
2309	20AD	00	D760
2309	20CD	60	D767
2309	20ED	70	D76E
2309	210D	10	D775
2309	212D	20	D77C
2309	214D	28	D783
2309	216D	48	D78A
2309	218D	48	D791
2309	21AD	38	D798
2309	21CD	5E	D79F
2309	21ED	1E	D7A6
2309	220D	04	D7AD
2309	222D	03	D7B4
2309	224D	03	D7BB
2309	226D	03	D7C2
2309	228D	03	D7C9
2309	22AD	03	D7D0
2309	22CD	03	D7D7
2309	22ED	03	D7DE
2309	2481	48	D759
2309	24A1	48	D760
2309	24C1	48	D767
2309	24E1	38	D76E
2309	2501	11	D775
2309	2521	21	D77C
2309	2541	EC	D783
2309	2561	C6	D78A
2309	2581	D6	D791
2309	25A1	E6	D798
2309	25C1	F6	D79F
2309	25E1	DC	D7A6
2309	2601	04	D7AD
2309	2621	03	D7B4
2309	2641	E0	D7BB
2309	2661	03	D7C2
2309	2681	F0	D7C9
2309	26A1	03	D7D0
2309	26C1	03	D7D7
2309	26E1	03	D7DE
2309	208E	A5	D759
2309	20AE	A5	D760
2309	20CE	60	D767
2309	20EE	70	D76E
2309	210E	11	D775
2309	212E	21	D77C
2309	214E	29	D783
2309	216E	49	D78A
2309	218E	49	D791
2309	21AE	39	D798
2309	21CE	5F	D79F
2309	21EE	1F	D7A6
2309	220E	04	D7AD
2309	222E	03	D7B4
2309	224E	03	D7BB
2309	226E	03	D7C2
2309	228E	03	D7C9
2309	22AE	03	D7D0
2309	22CE	03	D7D7
2309	22EE	03	D7DE
2309	2480	47	D759
2309	24A0	47	D760
2309	24C0	47	D767
2309	24E0	37	D76E
2309	2500	10	D775
2309	2520	20	D77C
2309	2540	EC	D783
2309	2560	C5	D78A
2309	2580	D5	D791
2309	25A0	E5	D798
2309	25C0	F5	D79F
2309	25E0	DC	D7A6
2309	2600	04	D7AD
2309	2620	03	D7B4
2309	2640	03	D7BB
2309	2660	03	D7C2
2309	2680	03	D7C9
2309	26A0	03	D7D0
2309	26C0	03	D7D7
2309	26E0	03	D7DE
2309	27C8	00	D7DE
2309	27D0	05	D7DE
2309	27D8	03	D7DE
2309	27E0	00	D7DE
2309	27E8	00	D7DE
2309	208F	A5	D759
2309	20AF	A5	D760
2309	20CF	60	D767
2309	20EF	70	D76E
2309	210F	00	D775
2309	212F	00	D77C
2309	214F	00	D783
2309	216F	00	D78A
2309	218F	00	D791
2309	21AF	00	D798
2309	21CF	00	D79F
2309	21EF	00	D7A6
2309	220F	04	D7AD
2309	222F	03	D7B4
2309	224F	03	D7BB
2309	226F	03	D7C2
2309	228F	03	D7C9
2309	22AF	E0	D7D0
2309	22CF	03	D7D7
2309	22EF	03	D7DE
2309	23CB	00	D7DE
2309	23D3	0F	D7DE
2309	23DB	00	D7DE
2310	23E3	00	D7DE
2310	23EB	00	D7DE
2310	209F	00	D759
2310	20BF	00	D760
2310	20DF	00	D767
2310	20FF	00	D76E
2310	211F	57	D775
2310	213F	67	D77C
2310	215F	00	D783
2310	217F	CF	D78A
2310	219F	DF	D791
2310	21BF	00	D798
2310	21DF	00	D79F
2310	21FF	00	D7A6
2310	221F	04	D7AD
2310	223F	03	D7B4
2310	225F	03	D7BB
2310	227F	03	D7C2
2310	229F	03	D7C9
2310	22BF	03	D7D0
2310	22DF	03	D7D7
2310	22FF	03	D7DE
2310	23CF	00	D7DE
2310	23D7	00	D7DE
2310	23DF	00	D7DE
2310	23E7	00	D7DE
2310	23EF	00	D7DE
2310	2090	24	D759
2310	20B0	24	D760
2310	20D0	60	D767
2310	20F0	70	D76E
2310	2110	11	D775
2310	2130	21	D77C
2310	2150	6A	D783
2310	2170	7A	D78A
2310	2190	7A	D791
2310	21B0	6B	D798
2310	21D0	7B	D79F
2310	21F0	6C	D7A6
2310	2210	6C	D7AD
2310	2230	04	D7B4
2310	2250	03	D7BB
2310	2270	03	D7C2
2310	2290	03	D7C9
2310	22B0	03	D7D0
2310	22D0	F0	D7D7
2310	22F0	03	D7DE
2310	23CC	03	D7DE
2310	23D4	05	D7DE
2310	23DC	00	D7DE
2310	23E4	00	D7DE
2310	23EC	00	D7DE
2310	209E	EF	D759
2310	20BE	EF	D760
2310	20DE	EF	D767
2310	20FE	FF	D76E
2310	211E	57	D775
2310	213E	67	D77C
2310	215E	29	D783
2310	217E	49	D78A
2310	219E	49	D791
2310	21BE	39	D798
2310	21DE	14	D79F
2310	21FE	22	D7A6
2310	221E	04	D7AD
2310	223E	03	D7B4
2310	225E	03	D7BB
2310	227E	03	D7C2
2310	229E	F0	D7C9
2310	22BE	03	D7D0
2310	22DE	03	D7D7
2310	22FE	03	D7DE
2310	2091	24	D759
2310	20B1	24	D760
2310	20D1	60	D767
2310	20F1	70	D76E
2310	2111	10	D775
2310	2131	20	D77C
2310	2151	6A	D783
2310	2171	7A	D78A
2310	2191	7A	D791
2310	21B1	6B	D798
2310	21D1	7B	D79F
2310	21F1	6C	D7A6
2310	2211	6C	D7AD
2310	2231	04	D7B4
2310	2251	03	D7BB
2310	2271	03	D7C2
2310	2291	03	D7C9
2310	22B1	03	D7D0
2310	22D1	03	D7D7
2310	22F1	03	D7DE
2310	209D	EE	D759
2310	20BD	EE	D760
2310	20DD	EE	D767
2310	20FD	FE	D76E
2310	211D	57	D775
2310	213D	67	D77C
2310	215D	28	D783
2310	217D	48	D78A
2310	219D	48	D791
2310	21BD	38	D798
2310	21DD	13	D79F
2310	21FD	00	D7A6
2310	221D	04	D7AD
2310	223D	03	D7B4
2310	225D	03	D7BB
2310	227D	03	D7C2
2310	229D	03	D7C9
2310	22BD	03	D7D0
2310	22DD	E0	D7D7
2310	22FD	03	D7DE
2310	2092	25	D759
2310	20B2	25	D760
2310	20D2	60	D767
2310	20F2	70	D76E
2310	2112	11	D775
2310	2132	21	D77C
2310	2152	6A	D783
2310	2172	7A	D78A
2310	2192	7A	D791
2310	21B2	6B	D798
2310	21D2	7B	D79F
2310	21F2	6C	D7A6
2310	2212	6C	D7AD
2310	2232	04	D7B4
2310	2252	03	D7BB
2310	2272	03	D7C2
2310	2292	03	D7C9
2310	22B2	03	D7D0
2310	22D2	03	D7D7
2310	22F2	03	D7DE
2310	209C	ED	D759
2310	20BC	ED	D760
2310	20DC	ED	D767
2310	20FC	FD	D76E
2310	211C	57	D775
2310	213C	67	D77C
2310	215C	28	D783
2310	217C	48	D78A
2310	219C	48	D791
2310	21BC	38	D798
2310	21DC	13	D79F
2310	21FC	22	D7A6
2310	221C	04	D7AD
2310	223C	03	D7B4
2310	225C	E0	D7BB
2310	227C	03	D7C2
2310	229C	03	D7C9
2310	22BC	03	D7D0
2310	22DC	03	D7D7
2310	22FC	03	D7DE
2310	23CF	00	D7DE
2310	23D7	00	D7DE
2310	23DF	00	D7DE
2310	23E7	00	D7DE
2310	23EF	00	D7DE
2313	27F8	FF	CED5
2313	27F9	FF	CED5
2313	27FA	FF	CED5
2313	27FB	FF	CED5
2313	27FC	FF	CED5
2313	27FD	FF	CED5
2313	27FE	FF	CED5
2313	27FF	FF	CED5
2313	27F0	FF	CED5
2313	27F1	FF	CED5
2313	27F2	FF	CED5
2313	27F3	FF	CED5
2313	27F4	FF	CED5
2313	27F5	FF	CED5
2313	27F6	FF	CED5
2313	27F7	FF	CED5
2313	27C0	FF	CED5
2313	27C1	FF	CED5
2313	27C2	FF	CED5
2313	27C3	FF	CED5
2313	27C4	FF	CED5
2313	27C5	FF	CED5
2313	27C6	FF	CED5
2313	27C7	FF	CED5
2313	23F8	FF	CED5
2313	23F9	FF	CED5
2313	23FA	FF	CED5
2313	23FB	FF	CED5
2313	23FC	FF	CED5
2313	23FD	FF	CED5
2313	23FE	FF	CED5
2313	23FF	FF	CED5
2313	23F0	FF	CED5
2313	23F1	FF	CED5
2313	23F2	FF	CED5
2313	23F3	FF	CED5
2313	23F4	FF	CED5
2313	23F5	FF	CED5
2313	23F6	FF	CED5
2313	23F7	FF	CED5
2313	23C0	FF	CED5
2313	23C1	FF	CED5
2313	23C2	FF	CED5
2313	23C3	FF	CED5
2313	23C4	FF	CED5
2313	23C5	FF	CED5
2313	23C6	FF	CED5
2313	23C7	FF	CED5
2314	2700	00	F2AC
2314	2701	00	F2AC
2314	2702	00	F2AC
2314	2703	00	F2AC
2314	2704	00	F2AC
2314	2705	00	F2AC
2314	2706	00	F2AC
2314	2707	00	F2AC
2314	2708	00	F2AC
2314	2709	00	F2AC
2314	270A	00	F2AC
2314	270B	00	F2AC
2314	270C	00	F2AC
2314	270D	00	F2AC
2314	270E	00	F2AC
2314	270F	00	F2AC
2314	2710	00	F2AC
2314	2711	00	F2AC
2314	2712	00	F2AC
2314	2713	00	F2AC
2314	2714	00	F2AC
2314	2715	00	F2AC
2314	2716	00	F2AC
2314	2717	00	F2AC
2314	2718	00	F2AC
2314	2719	00	F2AC
2314	271A	00	F2AC
2314	271B	00	F2AC
2314	271C	B8	F2AC
2314	271D	00	F2AC
2314	271E	00	F2AC
2314	271F	00	F2AC
2314	2720	00	F2AC
2314	2721	00	F2AC
2314	2722	89	F2AC
2314	2723	94	F2AC
2314	2724	85	F2AC
2314	2725	8D	F2AC
2314	2726	93	F2AC
2314	2727	00	F2AC
2314	2728	00	F2AC
2314	2729	93	F2AC
2314	272A	94	F2AC
2314	272B	81	F2AC
2314	272C	94	F2AC
2314	272D	95	F2AC
2314	272E	93	F2AC
2314	272F	00	F2AC
2314	2730	87	F2AC
2314	2731	92	F2AC
2314	2732	8F	F2AC
2314	2733	97	F2AC
2314	2734	94	F2AC
2314	2735	88	F2AC
2314	2736	00	F2AC
2314	2737	94	F2AC
2314	2738	85	F2AC
2314	2739	83	F2AC
2314	273A	88	F2AC
2314	273B	00	F2AC
2314	273C	00	F2AC
2314	273D	00	F2AC
2314	273E	00	F2AC
2314	273F	00	F2AC
2314	2740	00	F2AC
2314	2741	00	F2AC
2314	2742	00	F2AC
2314	2743	00	F2AC
2314	2744	00	F2AC
2314	2745	00	F2AC
2314	2746	00	F2AC
2314	2747	00	F2AC
2314	2748	00	F2AC
2314	2749	00	F2AC
2314	274A	00	F2AC
2314	274B	00	F2AC
2314	274C	00	F2AC
2314	274D	00	F2AC
2314	274E	00	F2AC
2314	274F	00	F2AC
2314	2750	00	F2AC
2314	2751	00	F2AC
2314	2752	00	F2AC
2314	2753	00	F2AC
2314	2754	00	F2AC
2314	2755	00	F2AC
2314	2756	00	F2AC
2314	2757	B8	F2AC
2314	2758	00	F2AC
2314	2759	00	F2AC
2314	275A	00	F2AC
2314	275B	00	F2AC
2314	275C	B8	F2AC
2314	275D	00	F2AC
2314	275E	00	F2AC
2314	275F	00	F2AC
2314	2760	00	F2AC
2314	2761	00	F2AC
2314	2762	93	F2AC
2314	2763	81	F2AC
2314	2764	96	F2AC
2314	2765	85	F2AC
2314	2766	00	F2AC
2314	2767	00	F2AC
2314	2768	00	F2AC
2314	2769	81	F2AC
2314	276A	8C	F2AC
2314	276B	8C	F2AC
2314	276C	99	F2AC
2314	276D	00	F2AC
2314	276E	00	F2AC
2314	276F	00	F2AC
2314	2770	93	F2AC
2314	2771	85	F2AC
2314	2772	94	F2AC
2314	2773	94	F2AC
2314	2774	8E	F2AC
2314	2775	87	F2AC
2314	2776	00	F2AC
2314	2777	93	F2AC
2314	2778	85	F2AC
2314	2779	94	F2AC
2314	277A	95	F2AC
2314	277B	90	F2AC
2314	277C	00	F2AC
2314	277D	00	F2AC
2314	277E	00	F2AC
2314	277F	00	F2AC
2315	2051	94	D7C2
2315	2052	93	D7C9
2315	2053	95	D7D0
2315	2054	95	D7D7
2315	2055	00	D7DE
2315	2031	00	D7C2
2315	2032	00	D7C9
2315	2033	00	D7D0
2315	2034	00	D7D7
2315	2035	00	D7DE
2315	2451	94	D7C2
2315	2452	93	D7C9
2315	2453	95	D7D0
2315	2454	95	D7D7
2315	2455	00	D7DE
2315	2431	00	D7C2
2315	2432	00	D7C9
2315	2433	00	D7D0
2315	2434	00	D7D7
2315	2435	00	D7DE
2315	2043	8B	D7C2
2315	2044	95	D7C9
2315	2045	8E	D7D0
2315	2046	89	D7D7
2315	2047	8F	D7DE
2316	2023	00	D7C2
2316	2024	00	D7C9
2316	2025	00	D7D0
2316	2026	00	D7D7
2316	2027	00	D7DE
2316	2443	8B	D7C2
2316	2444	95	D7C9
2316	2445	8E	D7D0
2316	2446	89	D7D7
2316	2447	8F	D7DE
2316	2423	00	D7C2
2316	2424	00	D7C9
2316	2425	00	D7D0
2316	2426	00	D7D7
2316	2427	00	D7DE
2316	2056	D5	D7AD
2316	2057	D5	D7B4
2316	2058	00	D7BB
2316	2059	00	D7C2
2316	205A	00	D7C9
2316	205B	00	D7D0
2316	205C	00	D7D7
2316	205D	00	D7DE
2317	2076	D8	D7AD
2317	2077	D8	D7B4
2317	2078	00	D7BB
2317	2079	00	D7C2
2317	207A	00	D7C9
2317	207B	00	D7D0
2317	207C	00	D7D7
2317	207D	00	D7DE
2317	2456	00	D7B4
2317	2457	00	D7BB
2317	2458	00	D7C2
2317	2459	C2	D7C9
2317	245A	C0	D7D0
2317	245B	C0	D7D7
2317	245C	CF	D7DE
2317	2048	D5	D7AD
2317	2049	D5	D7B4
2317	204A	00	D7BB
2317	204B	00	D7C2
2317	204C	00	D7C9
2317	204D	00	D7D0
2317	204E	00	D7D7
2317	204F	00	D7DE
2317	2068	D8	D7AD
2317	2069	D8	D7B4
2317	206A	00	D7BB
2317	206B	00	D7C2
2317	206C	00	D7C9
2317	206D	00	D7D0
2317	206E	00	D7D7
2317	206F	00	D7DE
2318	2448	00	D7B4
2318	2449	00	D7BB
2318	244A	00	D7C2
2318	244B	C2	D7C9
2318	244C	C0	D7D0
2318	244D	C0	D7D7
2318	244E	CF	D7DE
2400	2093	26	D759
2400	20B3	26	D760
2400	20D3	60	D767
2400	20F3	70	D76E
2400	2113	10	D775
2400	2133	20	D77C
2400	2153	6A	D783
2400	2173	7A	D78A
2400	2193	7A	D791
2400	21B3	6B	D798
2400	21D3	7B	D79F
2400	21F3	6C	D7A6
2400	2213	6C	D7AD
2400	2233	04	D7B4
2400	2253	03	D7BB
2400	2273	03	D7C2
2400	2293	03	D7C9
2400	22B3	03	D7D0
2400	22D3	E0	D7D7
2400	22F3	03	D7DE
2400	23CC	03	D7DE
2400	23D4	05	D7DE
2400	23DC	00	D7DE
2400	23E4	00	D7DE
2401	23EC	00	D7DE
2410	2094	24	D759
2410	20B4	24	D760
2410	20D4	60	D767
2410	20F4	70	D76E
2410	2114	11	D775
2410	2134	21	D77C
2410	2154	6A	D783
2410	2174	7A	D78A
2410	2194	7A	D791
2410	21B4	6B	D798
2410	21D4	7B	D79F
2410	21F4	6C	D7A6
2410	2214	6C	D7AD
2410	2234	04	D7B4
2410	2254	03	D7BB
2410	2274	03	D7C2
2410	2294	03	D7C9
2410	22B4	03	D7D0
2410	22D4	03	D7D7
2410	22F4	03	D7DE
2410	23CD	03	D7DE
2410	23D5	85	D7DE
2410	23DD	88	D7DE
2410	23E5	00	D7DE
2411	23ED	00	D7DE
2421	2095	24	D759
2421	20B5	24	D760
2421	20D5	60	D767
2421	20F5	70	D76E
2421	2115	10	D775
2421	2135	20	D77C
2421	2155	6A	D783
2421	2175	7A	D78A
2421	2195	7A	D791
2421	21B5	6B	D798
2421	21D5	7B	D79F
2421	21F5	6C	D7A6
2421	2215	6C	D7AD
2421	2235	32	D7B4
2421	2255	F0	D7BB
2421	2275	E0	D7C2
2421	2295	03	D7C9
2421	22B5	03	D7D0
2421	22D5	03	D7D7
2421	22F5	03	D7DE
2432	2096	ED	D759
2432	20B6	ED	D760
2432	20D6	ED	D767
2432	20F6	AB	D76E
2432	2116	11	D775
2432	2136	21	D77C
2432	2156	30	D783
2432	2176	40	D78A
2432	2196	00	D791
2432	21B6	D9	D798
2432	21D6	E9	D79F
2432	21F6	00	D7A6
2432	2216	23	D7AD
2432	2236	03	D7B4
2432	2256	03	D7BB
2432	2276	03	D7C2
2432	2296	03	D7C9
2432	22B6	03	D7D0
2432	22D6	03	D7D7
2432	22F6	03	D7DE
2612	2097	EE	D759
2612	20B7	EE	D760
2612	20D7	EE	D767
2612	20F7	AC	D76E
2612	2117	10	D775
2612	2137	20	D77C
2612	2157	31	D783
2612	2177	41	D78A
2612	2197	00	D791
2612	21B7	7E	D798
2612	21D7	6F	D79F
2612	21F7	7D	D7A6
2612	2217	04	D7AD
2612	2237	03	D7B4
2612	2257	03	D7BB
2612	2277	03	D7C2
2612	2297	03	D7C9
2612	22B7	03	D7D0
2612	22D7	03	D7D7
2612	22F7	03	D7DE
2612	23CD	03	D7DE
2612	23D5	85	D7DE
2612	23DD	88	D7DE
2612	23E5	00	D7DE
2613	23ED	00	D7DE
2622	2098	EF	D759
2622	20B8	EF	D760
2622	20D8	EF	D767
2622	20F8	AD	D76E
2622	2118	11	D775
2622	2138	21	D77C
2622	2158	30	D783
2622	2178	40	D78A
2622	2198	00	D791
2622	21B8	00	D798
2622	21D8	00	D79F
2622	21F8	00	D7A6
2622	2218	04	D7AD
2622	2238	03	D7B4
2622	2258	03	D7BB
2622	2278	03	D7C2
2622	2298	E0	D7C9
2622	22B8	03	D7D0
2622	22D8	03	D7D7
2622	22F8	03	D7DE
2622	23CE	44	D7DE
2622	23D6	A5	D7DE
2622	23DE	A2	D7DE
2622	23E6	00	D7DE
2623	23EE	00	D7DE
2634	2099	00	D759
2634	20B9	00	D760
2634	20D9	00	D767
2634	20F9	00	D76E
2634	2119	10	D775
2634	2139	20	D77C
2634	2159	31	D783
2634	2179	41	D78A
2634	2199	00	D791
2634	21B9	00	D798
2634	21D9	00	D79F
2634	21F9	00	D7A6
2634	2219	04	D7AD
2634	2239	03	D7B4
2634	2259	03	D7BB
2634	2279	03	D7C2
2634	2299	03	D7C9
2634	22B9	03	D7D0
2634	22D9	03	D7D7
2634	22F9	03	D7DE
2645	209A	02	D759
2645	20BA	02	D760
2645	20DA	0B	D767
2645	20FA	01	D76E
2645	211A	11	D775
2645	213A	21	D77C
2645	215A	30	D783
2645	217A	40	D78A
2645	219A	00	D791
2645	21BA	00	D798
2645	21DA	6D	D79F
2645	21FA	7D	D7A6
2645	221A	04	D7AD
2645	223A	03	D7B4
2645	225A	03	D7BB
2645	227A	03	D7C2
2645	229A	03	D7C9
2645	22BA	03	D7D0
2645	22DA	E0	D7D7
2645	22FA	03	D7DE
2656	209B	02	D759
2656	20BB	02	D760
2656	20DB	0B	D767
2656	20FB	01	D76E
2656	211B	10	D775
2656	213B	20	D77C
2656	215B	31	D783
2656	217B	41	D78A
2656	219B	00	D791
2656	21BB	7E	D798
2656	21DB	6E	D79F
2656	21FB	00	D7A6
2656	221B	04	D7AD
2656	223B	03	D7B4
2656	225B	03	D7BB
2656	227B	03	D7C2
2656	229B	03	D7C9
2656	22BB	03	D7D0
2656	22DB	03	D7D7
2656	22FB	03	D7DE
2656	23CE	44	D7DE
2656	23D6	A5	D7DE
2656	23DE	A2	D7DE
2656	23E6	00	D7DE
2657	23EE	00	D7DE
2667	209C	02	D759
2667	20BC	02	D760
2667	20DC	0B	D767
2667	20FC	01	D76E
2667	211C	11	D775
2667	213C	21	D77C
2667	215C	30	D783
2667	217C	40	D78A
2667	219C	00	D791
2667	21BC	7E	D798
2667	21DC	6E	D79F
2667	21FC	00	D7A6
2667	221C	04	D7AD
2667	223C	03	D7B4
2667	225C	E0	D7BB
2667	227C	03	D7C2
2667	229C	03	D7C9
2667	22BC	03	D7D0
2667	22DC	03	D7D7
2667	22FC	03	D7DE
2667	23CF	55	D7DE
2667	23D7	A5	D7DE
2667	23DF	A0	D7DE
2667	23E7	00	D7DE
2668	23EF	00	D7DE
2679	209D	02	D759
2679	20BD	02	D760
2679	20DD	0B	D767
2679	20FD	01	D76E
2679	211D	10	D775
2679	213D	20	D77C
2679	215D	31	D783
2679	217D	41	D78A
2679	219D	00	D791
2679	21BD	7E	D798
2679	21DD	6F	D79F
2679	21FD	7D	D7A6
2679	221D	04	D7AD
2679	223D	03	D7B4
2679	225D	03	D7BB
2679	227D	03	D7C2
2679	229D	03	D7C9
2679	22BD	03	D7D0
2679	22DD	03	D7D7
2679	22FD	03	D7DE
2856	209E	02	D759
2856	20BE	02	D760
2856	20DE	0B	D767
2856	20FE	01	D76E
2856	211E	11	D775
2856	213E	21	D77C
2856	215E	30	D783
2856	217E	40	D78A
2856	219E	00	D791
2856	21BE	7E	D798
2856	21DE	6D	D79F
2856	21FE	7D	D7A6
2856	221E	04	D7AD
2856	223E	03	D7B4
2856	225E	03	D7BB
2856	227E	03	D7C2
2856	229E	03	D7C9
2856	22BE	03	D7D0
2856	22DE	F0	D7D7
2856	22FE	03	D7DE
2866	209F	02	D759
2866	20BF	02	D760
2866	20DF	0B	D767
2866	20FF	01	D76E
2866	211F	10	D775
2866	213F	20	D77C
2866	215F	31	D783
2866	217F	41	D78A
2866	219F	00	D791
2866	21BF	7E	D798
2866	21DF	6E	D79F
2866	21FF	00	D7A6
2866	221F	04	D7AD
2866	223F	03	D7B4
2866	225F	03	D7BB
2866	227F	03	D7C2
2866	229F	03	D7C9
2866	22BF	03	D7D0
2866	22DF	03	D7D7
2866	22FF	03	D7DE
2866	23CF	55	D7DE
2866	23D7	A5	D7DE
2866	23DF	A0	D7DE
2866	23E7	00	D7DE
2867	23EF	00	D7DE
2877	2480	00	D759
2877	24A0	00	D760
2877	24C0	00	D767
2877	24E0	00	D76E
2877	2500	00	D775
2877	2520	00	D77C
2877	2540	00	D783
2877	2560	00	D78A
2877	2580	00	D791
2877	25A0	00	D798
2877	25C0	00	D79F
2877	25E0	00	D7A6
2877	2600	00	D7AD
2877	2620	00	D7B4
2877	2640	00	D7BB
2877	2660	00	D7C2
2877	2680	00	D7C9
2877	26A0	00	D7D0
2877	26C0	00	D7D7
2877	26E0	00	D7DE
2877	27C8	00	D7DE
2877	27D0	00	D7DE
2877	27D8	00	D7DE
2877	27E0	00	D7DE
2878	27E8	00	D7DE
2888	2481	00	D759
2888	24A1	00	D760
2888	24C1	00	D767
2888	24E1	00	D76E
2888	2501	00	D775
2888	2521	00	D77C
2888	2541	00	D783
2888	2561	00	D78A
2888	2581	00	D791
2888	25A1	00	D798
2888	25C1	00	D79F
2888	25E1	00	D7A6
2888	2601	00	D7AD
2888	2621	00	D7B4
2888	2641	00	D7BB
2888	2661	00	D7C2
2888	2681	00	D7C9
2888	26A1	00	D7D0
2888	26C1	00	D7D7
2888	26E1	00	D7DE
2899	2482	00	D759
2899	24A2	00	D760
2899	24C2	00	D767
2899	24E2	00	D76E
2899	2502	00	D775
2899	2522	00	D77C
2899	2542	00	D783
2899	2562	00	D78A
2899	2582	00	D791
2899	25A2	00	D798
2899	25C2	00	D79F
2899	25E2	00	D7A6
2899	2602	00	D7AD
2899	2622	00	D7B4
2899	2642	00	D7BB
2899	2662	00	D7C2
2899	2682	00	D7C9
2899	26A2	00	D7D0
2899	26C2	00	D7D7
2899	26E2	00	D7DE
2910	2483	00	D759
2910	24A3	00	D760
2910	24C3	00	D767
2910	24E3	00	D76E
2910	2503	00	D775
2910	2523	00	D77C
2910	2543	00	D783
2910	2563	00	D78A
2910	2583	00	D791
2910	25A3	00	D798
2910	25C3	00	D79F
2910	25E3	00	D7A6
2910	2603	00	D7AD
2910	2623	00	D7B4
2910	2643	00	D7BB
2910	2663	00	D7C2
2910	2683	00	D7C9
2910	26A3	00	D7D0
2910	26C3	00	D7D7
2910	26E3	00	D7DE
2910	27C8	00	D7DE
2910	27D0	00	D7DE
2910	27D8	00	D7DE
2910	27E0	00	D7DE
2911	27E8	00	D7DE
2921	2484	00	D759
2921	24A4	00	D760
2921	24C4	00	D767
2921	24E4	00	D76E
2921	2504	00	D775
2921	2524	00	D77C
2921	2544	00	D783
2921	2564	00	D78A
2921	2584	00	D791
2921	25A4	00	D798
2921	25C4	00	D79F
2921	25E4	00	D7A6
2921	2604	00	D7AD
2921	2624	00	D7B4
2921	2644	00	D7BB
2921	2664	00	D7C2
2921	2684	00	D7C9
2921	26A4	00	D7D0
2921	26C4	00	D7D7
2921	26E4	00	D7DE
2921	27C9	00	D7DE
2921	27D1	00	D7DE
2921	27D9	00	D7DE
2921	27E1	00	D7DE
2922	27E9	00	D7DE
3097	2485	00	D759
3097	24A5	00	D760
3097	24C5	00	D767
3097	24E5	00	D76E
3097	2505	00	D775
3097	2525	00	D77C
3097	2545	00	D783
3097	2565	00	D78A
3097	2585	00	D791
3097	25A5	00	D798
3097	25C5	00	D79F
3097	25E5	00	D7A6
3097	2605	00	D7AD
3097	2625	00	D7B4
3097	2645	00	D7BB
3097	2665	00	D7C2
3097	2685	00	D7C9
3097	26A5	00	D7D0
3097	26C5	00	D7D7
3097	26E5	00	D7DE
3108	2486	00	D759
3108	24A6	00	D760
3108	24C6	00	D767
3108	24E6	00	D76E
3108	2506	00	D775
3108	2526	00	D77C
3108	2546	00	D783
3108	2566	00	D78A
3108	2586	00	D791
3108	25A6	00	D798
3108	25C6	00	D79F
