frame	target	rom_offset	cpu_addr	value	pc	ppu_hash
222	EN-PRE-197	0x05D1B	$9D0B	F0	$8405	9E4599B6
222	EN-PRE-197	0x05D1B	$9D0B	F0	$8405	9E4599B6
223	EN-PRE-197	0x05D1B	$9D0B	F0	$8405	38E19EF9
224	EN-PRE-197	0x05D1B	$9D0B	F0	$8405	B10B4319
225	EN-PRE-197	0x05D1B	$9D0B	F0	$8405	2023F469
226	EN-PRE-197	0x05D1B	$9D0B	F0	$8405	2023F469
227	EN-PRE-197	0x05D1B	$9D0B	F0	$8405	2023F469
228	EN-PRE-197	0x05D1B	$9D0B	F0	$8405	2023F469
229	EN-PRE-197	0x05D1B	$9D0B	F0	$8405	2023F469
230	EN-PRE-197	0x05D1B	$9D0B	F0	$8405	2023F469
231	EN-PRE-197	0x05D1B	$9D0B	F0	$8405	2023F469
232	EN-PRE-197	0x05D1B	$9D0B	F0	$8405	2023F469
233	EN-PRE-197	0x05D1B	$9D0B	F0	$8405	2023F469
234	EN-PRE-197	0x05D1B	$9D0B	F0	$8405	2023F469
235	EN-PRE-197	0x05D1B	$9D0B	F0	$8405	2023F469
236	EN-PRE-197	0x05D1B	$9D0B	F0	$8405	2023F469
237	EN-PRE-197	0x05D1B	$9D0B	F0	$8405	2023F469
238	EN-PRE-197	0x05D1B	$9D0B	F0	$8405	2023F469
239	EN-PRE-197	0x05D1B	$9D0B	F0	$8405	2023F469
240	EN-PRE-197	0x05D1B	$9D0B	F0	$8405	2023F469
241	EN-PRE-197	0x05D1B	$9D0B	F0	$8405	2023F469
242	EN-PRE-197	0x05D1B	$9D0B	F0	$8405	2023F469
243	EN-PRE-197	0x05D1B	$9D0B	F0	$8405	2023F469
244	EN-PRE-197	0x05D1B	$9D0B	F0	$8405	2023F469
312	EN-PRE-112	0x05AEB	$9ADE	C0	$8205	737F992D
312	EN-PRE-112	0x05AEB	$9ADF	C1	$8205	737F992D
312	EN-PRE-112	0x05AEB	$9AE0	D0	$8205	737F992D
312	EN-PRE-112	0x05AEB	$9AE1	D1	$8205	737F992D
312	EN-PRE-112	0x05AEB	$9AE2	E0	$8205	737F992D
312	EN-PRE-112	0x05AEB	$9AE3	E1	$8205	737F992D
312	EN-PRE-075	0x05914	$9906	C2	$8205	737F992D
312	EN-PRE-169	0x05C7B	$9C6D	00	$8209	737F992D
312	EN-PRE-075	0x05914	$9907	C3	$8205	737F992D
312	EN-PRE-169	0x05C7B	$9C6E	00	$8209	737F992D
312	EN-PRE-075	0x05914	$9908	D0	$8205	737F992D
312	EN-PRE-169	0x05C7B	$9C6F	02	$8209	737F992D
312	EN-PRE-075	0x05914	$9909	D1	$8205	737F992D
312	EN-PRE-169	0x05C7B	$9C70	02	$8209	737F992D
312	EN-PRE-075	0x05914	$990A	E0	$8205	737F992D
312	EN-PRE-169	0x05C7B	$9C71	02	$8209	737F992D
312	EN-PRE-075	0x05914	$990B	E1	$8205	737F992D
312	EN-PRE-169	0x05C7B	$9C72	02	$8209	737F992D
312	EN-PRE-075	0x05914	$990C	F0	$8205	737F992D
312	EN-PRE-169	0x05C7B	$9C73	02	$8209	737F992D
312	EN-PRE-075	0x05914	$990D	F1	$8205	737F992D
326	EN-PRE-112	0x05AEB	$9ADE	C0	$8205	737F992D
326	EN-PRE-112	0x05AEB	$9ADF	C1	$8205	737F992D
326	EN-PRE-112	0x05AEB	$9AE0	D0	$8205	737F992D
326	EN-PRE-112	0x05AEB	$9AE1	D1	$8205	737F992D
326	EN-PRE-112	0x05AEB	$9AE2	E0	$8205	737F992D
326	EN-PRE-112	0x05AEB	$9AE3	E1	$8205	737F992D
326	EN-PRE-075	0x05914	$9906	C2	$8205	737F992D
326	EN-PRE-169	0x05C7B	$9C6D	00	$8209	737F992D
326	EN-PRE-075	0x05914	$9907	C3	$8205	737F992D
326	EN-PRE-169	0x05C7B	$9C6E	00	$8209	737F992D
326	EN-PRE-075	0x05914	$9908	D0	$8205	737F992D
326	EN-PRE-169	0x05C7B	$9C6F	02	$8209	737F992D
326	EN-PRE-075	0x05914	$9909	D1	$8205	737F992D
326	EN-PRE-169	0x05C7B	$9C70	02	$8209	737F992D
326	EN-PRE-075	0x05914	$990A	E0	$8205	737F992D
326	EN-PRE-169	0x05C7B	$9C71	02	$8209	737F992D
326	EN-PRE-075	0x05914	$990B	E1	$8205	737F992D
326	EN-PRE-169	0x05C7B	$9C72	02	$8209	737F992D
326	EN-PRE-075	0x05914	$990C	F0	$8205	737F992D
326	EN-PRE-169	0x05C7B	$9C73	02	$8209	737F992D
326	EN-PRE-075	0x05914	$990D	F1	$8205	737F992D
328	EN-PRE-112	0x05AEB	$9ADE	C0	$8205	737F992D
328	EN-PRE-112	0x05AEB	$9ADF	C1	$8205	737F992D
328	EN-PRE-112	0x05AEB	$9AE0	D0	$8205	737F992D
328	EN-PRE-112	0x05AEB	$9AE1	D1	$8205	737F992D
328	EN-PRE-112	0x05AEB	$9AE2	E0	$8205	737F992D
328	EN-PRE-112	0x05AEB	$9AE3	E1	$8205	737F992D
328	EN-PRE-075	0x05914	$9906	C2	$8205	737F992D
328	EN-PRE-169	0x05C7B	$9C6D	00	$8209	737F992D
328	EN-PRE-075	0x05914	$9907	C3	$8205	737F992D
328	EN-PRE-169	0x05C7B	$9C6E	00	$8209	737F992D
328	EN-PRE-075	0x05914	$9908	D0	$8205	737F992D
328	EN-PRE-169	0x05C7B	$9C6F	02	$8209	737F992D
328	EN-PRE-075	0x05914	$9909	D1	$8205	737F992D
328	EN-PRE-169	0x05C7B	$9C70	02	$8209	737F992D
328	EN-PRE-075	0x05914	$990A	E0	$8205	737F992D
328	EN-PRE-169	0x05C7B	$9C71	02	$8209	737F992D
328	EN-PRE-075	0x05914	$990B	E1	$8205	737F992D
328	EN-PRE-169	0x05C7B	$9C72	02	$8209	737F992D
328	EN-PRE-075	0x05914	$990C	F0	$8205	737F992D
328	EN-PRE-169	0x05C7B	$9C73	02	$8209	737F992D
328	EN-PRE-075	0x05914	$990D	F1	$8205	737F992D
330	EN-PRE-068	0x058C4	$98B6	C0	$8205	74A64405
330	EN-PRE-068	0x058C4	$98B7	C1	$8205	74A64405
330	EN-PRE-068	0x058C4	$98B8	D0	$8205	74A64405
330	EN-PRE-069	0x058C9	$98B9	D1	$8205	74A64405
330	EN-PRE-069	0x058C9	$98BA	E0	$8205	74A64405
330	EN-PRE-069	0x058C9	$98BB	E1	$8205	74A64405
330	EN-PRE-069	0x058C9	$98BC	E2	$8205	74A64405
330	EN-PRE-069	0x058C9	$98BD	E3	$8205	74A64405
330	EN-PRE-075	0x05914	$9906	C2	$8205	74A64405
330	EN-PRE-169	0x05C7B	$9C6D	00	$8209	74A64405
330	EN-PRE-075	0x05914	$9907	C3	$8205	74A64405
330	EN-PRE-169	0x05C7B	$9C6E	00	$8209	74A64405
330	EN-PRE-075	0x05914	$9908	D0	$8205	74A64405
330	EN-PRE-169	0x05C7B	$9C6F	02	$8209	74A64405
330	EN-PRE-075	0x05914	$9909	D1	$8205	74A64405
330	EN-PRE-169	0x05C7B	$9C70	02	$8209	74A64405
330	EN-PRE-075	0x05914	$990A	E0	$8205	74A64405
330	EN-PRE-169	0x05C7B	$9C71	02	$8209	74A64405
330	EN-PRE-075	0x05914	$990B	E1	$8205	74A64405
330	EN-PRE-169	0x05C7B	$9C72	02	$8209	74A64405
330	EN-PRE-075	0x05914	$990C	F0	$8205	74A64405
330	EN-PRE-169	0x05C7B	$9C73	02	$8209	74A64405
330	EN-PRE-075	0x05914	$990D	F1	$8205	74A64405
332	EN-PRE-068	0x058C4	$98B6	C0	$8205	9DB8BA05
332	EN-PRE-068	0x058C4	$98B7	C1	$8205	9DB8BA05
332	EN-PRE-068	0x058C4	$98B8	D0	$8205	9DB8BA05
332	EN-PRE-069	0x058C9	$98B9	D1	$8205	9DB8BA05
332	EN-PRE-069	0x058C9	$98BA	E0	$8205	9DB8BA05
332	EN-PRE-069	0x058C9	$98BB	E1	$8205	9DB8BA05
332	EN-PRE-069	0x058C9	$98BC	E2	$8205	9DB8BA05
332	EN-PRE-069	0x058C9	$98BD	E3	$8205	9DB8BA05
332	EN-PRE-075	0x05914	$9906	C2	$8205	9DB8BA05
332	EN-PRE-169	0x05C7B	$9C6D	00	$8209	9DB8BA05
332	EN-PRE-075	0x05914	$9907	C3	$8205	9DB8BA05
332	EN-PRE-169	0x05C7B	$9C6E	00	$8209	9DB8BA05
332	EN-PRE-075	0x05914	$9908	D0	$8205	9DB8BA05
332	EN-PRE-169	0x05C7B	$9C6F	02	$8209	9DB8BA05
332	EN-PRE-075	0x05914	$9909	D1	$8205	9DB8BA05
332	EN-PRE-169	0x05C7B	$9C70	02	$8209	9DB8BA05
332	EN-PRE-075	0x05914	$990A	E0	$8205	9DB8BA05
332	EN-PRE-169	0x05C7B	$9C71	02	$8209	9DB8BA05
332	EN-PRE-075	0x05914	$990B	E1	$8205	9DB8BA05
332	EN-PRE-169	0x05C7B	$9C72	02	$8209	9DB8BA05
332	EN-PRE-075	0x05914	$990C	F0	$8205	9DB8BA05
332	EN-PRE-169	0x05C7B	$9C73	02	$8209	9DB8BA05
332	EN-PRE-075	0x05914	$990D	F1	$8205	9DB8BA05
334	EN-PRE-068	0x058C4	$98B6	C0	$8205	E44093CC
334	EN-PRE-068	0x058C4	$98B7	C1	$8205	E44093CC
334	EN-PRE-068	0x058C4	$98B8	D0	$8205	E44093CC
334	EN-PRE-069	0x058C9	$98B9	D1	$8205	E44093CC
334	EN-PRE-069	0x058C9	$98BA	E0	$8205	E44093CC
334	EN-PRE-069	0x058C9	$98BB	E1	$8205	E44093CC
334	EN-PRE-069	0x058C9	$98BC	E2	$8205	E44093CC
334	EN-PRE-069	0x058C9	$98BD	E3	$8205	E44093CC
334	EN-PRE-076	0x0591E	$990E	C2	$8205	E44093CC
334	EN-PRE-076	0x0591E	$990F	D0	$8205	E44093CC
334	EN-PRE-076	0x0591E	$9910	E0	$8205	E44093CC
334	EN-PRE-076	0x0591E	$9911	E2	$8205	E44093CC
334	EN-PRE-076	0x0591E	$9912	E3	$8205	E44093CC
334	EN-PRE-076	0x0591E	$9913	C3	$8205	E44093CC
334	EN-PRE-076	0x0591E	$9914	D1	$8205	E44093CC
334	EN-PRE-076	0x0591E	$9915	E1	$8205	E44093CC
336	EN-PRE-112	0x05AEB	$9ADE	C0	$8205	ED069F14
336	EN-PRE-112	0x05AEB	$9ADF	C1	$8205	ED069F14
336	EN-PRE-112	0x05AEB	$9AE0	D0	$8205	ED069F14
336	EN-PRE-112	0x05AEB	$9AE1	D1	$8205	ED069F14
336	EN-PRE-112	0x05AEB	$9AE2	E0	$8205	ED069F14
336	EN-PRE-112	0x05AEB	$9AE3	E1	$8205	ED069F14
336	EN-PRE-076	0x0591E	$990E	C2	$8205	ED069F14
336	EN-PRE-076	0x0591E	$990F	D0	$8205	ED069F14
336	EN-PRE-076	0x0591E	$9910	E0	$8205	ED069F14
336	EN-PRE-076	0x0591E	$9911	E2	$8205	ED069F14
336	EN-PRE-076	0x0591E	$9912	E3	$8205	ED069F14
336	EN-PRE-076	0x0591E	$9913	C3	$8205	ED069F14
336	EN-PRE-076	0x0591E	$9914	D1	$8205	ED069F14
336	EN-PRE-076	0x0591E	$9915	E1	$8205	ED069F14
338	EN-PRE-112	0x05AEB	$9ADE	C0	$8205	10F0DC18
338	EN-PRE-112	0x05AEB	$9ADF	C1	$8205	10F0DC18
338	EN-PRE-112	0x05AEB	$9AE0	D0	$8205	10F0DC18
338	EN-PRE-112	0x05AEB	$9AE1	D1	$8205	10F0DC18
338	EN-PRE-112	0x05AEB	$9AE2	E0	$8205	10F0DC18
338	EN-PRE-112	0x05AEB	$9AE3	E1	$8205	10F0DC18
338	EN-PRE-076	0x0591E	$990E	C2	$8205	10F0DC18
338	EN-PRE-076	0x0591E	$990F	D0	$8205	10F0DC18
338	EN-PRE-076	0x0591E	$9910	E0	$8205	10F0DC18
338	EN-PRE-076	0x0591E	$9911	E2	$8205	10F0DC18
338	EN-PRE-076	0x0591E	$9912	E3	$8205	10F0DC18
338	EN-PRE-076	0x0591E	$9913	C3	$8205	10F0DC18
338	EN-PRE-076	0x0591E	$9914	D1	$8205	10F0DC18
338	EN-PRE-076	0x0591E	$9915	E1	$8205	10F0DC18
340	EN-PRE-112	0x05AEB	$9ADE	C0	$8205	A224C42A
340	EN-PRE-112	0x05AEB	$9ADF	C1	$8205	A224C42A
340	EN-PRE-112	0x05AEB	$9AE0	D0	$8205	A224C42A
340	EN-PRE-112	0x05AEB	$9AE1	D1	$8205	A224C42A
340	EN-PRE-112	0x05AEB	$9AE2	E0	$8205	A224C42A
340	EN-PRE-112	0x05AEB	$9AE3	E1	$8205	A224C42A
340	EN-PRE-075	0x05914	$9906	C2	$8205	A224C42A
340	EN-PRE-169	0x05C7B	$9C6D	00	$8209	A224C42A
340	EN-PRE-075	0x05914	$9907	C3	$8205	A224C42A
340	EN-PRE-169	0x05C7B	$9C6E	00	$8209	A224C42A
340	EN-PRE-075	0x05914	$9908	D0	$8205	A224C42A
340	EN-PRE-169	0x05C7B	$9C6F	02	$8209	A224C42A
340	EN-PRE-075	0x05914	$9909	D1	$8205	A224C42A
340	EN-PRE-169	0x05C7B	$9C70	02	$8209	A224C42A
340	EN-PRE-075	0x05914	$990A	E0	$8205	A224C42A
340	EN-PRE-169	0x05C7B	$9C71	02	$8209	A224C42A
340	EN-PRE-075	0x05914	$990B	E1	$8205	A224C42A
340	EN-PRE-169	0x05C7B	$9C72	02	$8209	A224C42A
340	EN-PRE-075	0x05914	$990C	F0	$8205	A224C42A
340	EN-PRE-169	0x05C7B	$9C73	02	$8209	A224C42A
340	EN-PRE-075	0x05914	$990D	F1	$8205	A224C42A
342	EN-PRE-069	0x058C9	$98BE	C0	$8205	52B4E842
342	EN-PRE-069	0x058C9	$98BF	C1	$8205	52B4E842
342	EN-PRE-069	0x058C9	$98C0	D0	$8205	52B4E842
342	EN-PRE-069	0x058C9	$98C1	D1	$8205	52B4E842
342	EN-PRE-069	0x058C9	$98C2	E0	$8205	52B4E842
342	EN-PRE-069	0x058C9	$98C3	E1	$8205	52B4E842
342	EN-PRE-069	0x058C9	$98C4	F2	$8205	52B4E842
342	EN-PRE-069	0x058C9	$98C5	F3	$8205	52B4E842
342	EN-PRE-075	0x05914	$9906	C2	$8205	52B4E842
342	EN-PRE-169	0x05C7B	$9C6D	00	$8209	52B4E842
342	EN-PRE-075	0x05914	$9907	C3	$8205	52B4E842
342	EN-PRE-169	0x05C7B	$9C6E	00	$8209	52B4E842
342	EN-PRE-075	0x05914	$9908	D0	$8205	52B4E842
342	EN-PRE-169	0x05C7B	$9C6F	02	$8209	52B4E842
342	EN-PRE-075	0x05914	$9909	D1	$8205	52B4E842
342	EN-PRE-169	0x05C7B	$9C70	02	$8209	52B4E842
342	EN-PRE-075	0x05914	$990A	E0	$8205	52B4E842
342	EN-PRE-169	0x05C7B	$9C71	02	$8209	52B4E842
342	EN-PRE-075	0x05914	$990B	E1	$8205	52B4E842
342	EN-PRE-169	0x05C7B	$9C72	02	$8209	52B4E842
342	EN-PRE-075	0x05914	$990C	F0	$8205	52B4E842
342	EN-PRE-169	0x05C7B	$9C73	02	$8209	52B4E842
342	EN-PRE-075	0x05914	$990D	F1	$8205	52B4E842
344	EN-PRE-069	0x058C9	$98BE	C0	$8205	413877AE
344	EN-PRE-069	0x058C9	$98BF	C1	$8205	413877AE
344	EN-PRE-069	0x058C9	$98C0	D0	$8205	413877AE
344	EN-PRE-069	0x058C9	$98C1	D1	$8205	413877AE
344	EN-PRE-069	0x058C9	$98C2	E0	$8205	413877AE
344	EN-PRE-069	0x058C9	$98C3	E1	$8205	413877AE
344	EN-PRE-069	0x058C9	$98C4	F2	$8205	413877AE
344	EN-PRE-069	0x058C9	$98C5	F3	$8205	413877AE
344	EN-PRE-075	0x05914	$9906	C2	$8205	413877AE
344	EN-PRE-169	0x05C7B	$9C6D	00	$8209	413877AE
344	EN-PRE-075	0x05914	$9907	C3	$8205	413877AE
344	EN-PRE-169	0x05C7B	$9C6E	00	$8209	413877AE
344	EN-PRE-075	0x05914	$9908	D0	$8205	413877AE
344	EN-PRE-169	0x05C7B	$9C6F	02	$8209	413877AE
344	EN-PRE-075	0x05914	$9909	D1	$8205	413877AE
344	EN-PRE-169	0x05C7B	$9C70	02	$8209	413877AE
344	EN-PRE-075	0x05914	$990A	E0	$8205	413877AE
344	EN-PRE-169	0x05C7B	$9C71	02	$8209	413877AE
344	EN-PRE-075	0x05914	$990B	E1	$8205	413877AE
344	EN-PRE-169	0x05C7B	$9C72	02	$8209	413877AE
344	EN-PRE-075	0x05914	$990C	F0	$8205	413877AE
344	EN-PRE-169	0x05C7B	$9C73	02	$8209	413877AE
344	EN-PRE-075	0x05914	$990D	F1	$8205	413877AE
346	EN-PRE-069	0x058C9	$98BE	C0	$8205	1261C992
346	EN-PRE-069	0x058C9	$98BF	C1	$8205	1261C992
346	EN-PRE-069	0x058C9	$98C0	D0	$8205	1261C992
346	EN-PRE-069	0x058C9	$98C1	D1	$8205	1261C992
346	EN-PRE-069	0x058C9	$98C2	E0	$8205	1261C992
346	EN-PRE-069	0x058C9	$98C3	E1	$8205	1261C992
346	EN-PRE-069	0x058C9	$98C4	F2	$8205	1261C992
346	EN-PRE-069	0x058C9	$98C5	F3	$8205	1261C992
346	EN-PRE-085	0x0596E	$995E	C2	$8205	1261C992
346	EN-PRE-169	0x05C7B	$9C6D	00	$8209	1261C992
346	EN-PRE-085	0x0596E	$995F	C3	$8205	1261C992
346	EN-PRE-169	0x05C7B	$9C6E	00	$8209	1261C992
346	EN-PRE-085	0x0596E	$9960	D0	$8205	1261C992
346	EN-PRE-169	0x05C7B	$9C6F	02	$8209	1261C992
346	EN-PRE-085	0x0596E	$9961	D1	$8205	1261C992
346	EN-PRE-169	0x05C7B	$9C70	02	$8209	1261C992
346	EN-PRE-086	0x05972	$9962	E0	$8205	1261C992
346	EN-PRE-169	0x05C7B	$9C71	02	$8209	1261C992
346	EN-PRE-087	0x05973	$9963	E1	$8205	1261C992
346	EN-PRE-169	0x05C7B	$9C72	02	$8209	1261C992
346	EN-PRE-087	0x05973	$9964	F2	$8205	1261C992
346	EN-PRE-169	0x05C7B	$9C73	02	$8209	1261C992
346	EN-PRE-087	0x05973	$9965	F3	$8205	1261C992
348	EN-PRE-069	0x058C9	$98BE	C0	$8205	3D4411A4
348	EN-PRE-069	0x058C9	$98BF	C1	$8205	3D4411A4
348	EN-PRE-069	0x058C9	$98C0	D0	$8205	3D4411A4
348	EN-PRE-069	0x058C9	$98C1	D1	$8205	3D4411A4
348	EN-PRE-069	0x058C9	$98C2	E0	$8205	3D4411A4
348	EN-PRE-069	0x058C9	$98C3	E1	$8205	3D4411A4
348	EN-PRE-069	0x058C9	$98C4	F2	$8205	3D4411A4
348	EN-PRE-069	0x058C9	$98C5	F3	$8205	3D4411A4
348	EN-PRE-085	0x0596E	$995E	C2	$8205	3D4411A4
348	EN-PRE-169	0x05C7B	$9C6D	00	$8209	3D4411A4
348	EN-PRE-085	0x0596E	$995F	C3	$8205	3D4411A4
348	EN-PRE-169	0x05C7B	$9C6E	00	$8209	3D4411A4
348	EN-PRE-085	0x0596E	$9960	D0	$8205	3D4411A4
348	EN-PRE-169	0x05C7B	$9C6F	02	$8209	3D4411A4
348	EN-PRE-085	0x0596E	$9961	D1	$8205	3D4411A4
348	EN-PRE-169	0x05C7B	$9C70	02	$8209	3D4411A4
348	EN-PRE-086	0x05972	$9962	E0	$8205	3D4411A4
348	EN-PRE-169	0x05C7B	$9C71	02	$8209	3D4411A4
348	EN-PRE-087	0x05973	$9963	E1	$8205	3D4411A4
348	EN-PRE-169	0x05C7B	$9C72	02	$8209	3D4411A4
348	EN-PRE-087	0x05973	$9964	F2	$8205	3D4411A4
348	EN-PRE-169	0x05C7B	$9C73	02	$8209	3D4411A4
348	EN-PRE-087	0x05973	$9965	F3	$8205	3D4411A4
350	EN-PRE-112	0x05AEB	$9ADE	C0	$8205	F81594B4
350	EN-PRE-112	0x05AEB	$9ADF	C1	$8205	F81594B4
350	EN-PRE-112	0x05AEB	$9AE0	D0	$8205	F81594B4
350	EN-PRE-112	0x05AEB	$9AE1	D1	$8205	F81594B4
350	EN-PRE-112	0x05AEB	$9AE2	E0	$8205	F81594B4
350	EN-PRE-112	0x05AEB	$9AE3	E1	$8205	F81594B4
350	EN-PRE-085	0x0596E	$995E	C2	$8205	F81594B4
350	EN-PRE-169	0x05C7B	$9C6D	00	$8209	F81594B4
350	EN-PRE-085	0x0596E	$995F	C3	$8205	F81594B4
350	EN-PRE-169	0x05C7B	$9C6E	00	$8209	F81594B4
350	EN-PRE-085	0x0596E	$9960	D0	$8205	F81594B4
350	EN-PRE-169	0x05C7B	$9C6F	02	$8209	F81594B4
350	EN-PRE-085	0x0596E	$9961	D1	$8205	F81594B4
350	EN-PRE-169	0x05C7B	$9C70	02	$8209	F81594B4
350	EN-PRE-086	0x05972	$9962	E0	$8205	F81594B4
350	EN-PRE-169	0x05C7B	$9C71	02	$8209	F81594B4
350	EN-PRE-087	0x05973	$9963	E1	$8205	F81594B4
350	EN-PRE-169	0x05C7B	$9C72	02	$8209	F81594B4
350	EN-PRE-087	0x05973	$9964	F2	$8205	F81594B4
350	EN-PRE-169	0x05C7B	$9C73	02	$8209	F81594B4
350	EN-PRE-087	0x05973	$9965	F3	$8205	F81594B4
352	EN-PRE-112	0x05AEB	$9ADE	C0	$8205	5EC083D8
352	EN-PRE-112	0x05AEB	$9ADF	C1	$8205	5EC083D8
352	EN-PRE-112	0x05AEB	$9AE0	D0	$8205	5EC083D8
352	EN-PRE-112	0x05AEB	$9AE1	D1	$8205	5EC083D8
352	EN-PRE-112	0x05AEB	$9AE2	E0	$8205	5EC083D8
352	EN-PRE-112	0x05AEB	$9AE3	E1	$8205	5EC083D8
352	EN-PRE-085	0x0596E	$995E	C2	$8205	5EC083D8
352	EN-PRE-169	0x05C7B	$9C6D	00	$8209	5EC083D8
352	EN-PRE-085	0x0596E	$995F	C3	$8205	5EC083D8
352	EN-PRE-169	0x05C7B	$9C6E	00	$8209	5EC083D8
352	EN-PRE-085	0x0596E	$9960	D0	$8205	5EC083D8
352	EN-PRE-169	0x05C7B	$9C6F	02	$8209	5EC083D8
352	EN-PRE-085	0x0596E	$9961	D1	$8205	5EC083D8
352	EN-PRE-169	0x05C7B	$9C70	02	$8209	5EC083D8
352	EN-PRE-086	0x05972	$9962	E0	$8205	5EC083D8
352	EN-PRE-169	0x05C7B	$9C71	02	$8209	5EC083D8
352	EN-PRE-087	0x05973	$9963	E1	$8205	5EC083D8
352	EN-PRE-169	0x05C7B	$9C72	02	$8209	5EC083D8
352	EN-PRE-087	0x05973	$9964	F2	$8205	5EC083D8
352	EN-PRE-169	0x05C7B	$9C73	02	$8209	5EC083D8
352	EN-PRE-087	0x05973	$9965	F3	$8205	5EC083D8
354	EN-PRE-112	0x05AEB	$9ADE	C0	$8205	B7593A34
354	EN-PRE-112	0x05AEB	$9ADF	C1	$8205	B7593A34
354	EN-PRE-112	0x05AEB	$9AE0	D0	$8205	B7593A34
354	EN-PRE-112	0x05AEB	$9AE1	D1	$8205	B7593A34
354	EN-PRE-112	0x05AEB	$9AE2	E0	$8205	B7593A34
354	EN-PRE-112	0x05AEB	$9AE3	E1	$8205	B7593A34
354	EN-PRE-075	0x05914	$9906	C2	$8205	B7593A34
354	EN-PRE-169	0x05C7B	$9C6D	00	$8209	B7593A34
354	EN-PRE-075	0x05914	$9907	C3	$8205	B7593A34
354	EN-PRE-169	0x05C7B	$9C6E	00	$8209	B7593A34
354	EN-PRE-075	0x05914	$9908	D0	$8205	B7593A34
354	EN-PRE-169	0x05C7B	$9C6F	02	$8209	B7593A34
354	EN-PRE-075	0x05914	$9909	D1	$8205	B7593A34
354	EN-PRE-169	0x05C7B	$9C70	02	$8209	B7593A34
354	EN-PRE-075	0x05914	$990A	E0	$8205	B7593A34
354	EN-PRE-169	0x05C7B	$9C71	02	$8209	B7593A34
354	EN-PRE-075	0x05914	$990B	E1	$8205	B7593A34
354	EN-PRE-169	0x05C7B	$9C72	02	$8209	B7593A34
354	EN-PRE-075	0x05914	$990C	F0	$8205	B7593A34
354	EN-PRE-169	0x05C7B	$9C73	02	$8209	B7593A34
354	EN-PRE-075	0x05914	$990D	F1	$8205	B7593A34
356	EN-PRE-068	0x058C4	$98B6	C0	$8205	CC71C13C
356	EN-PRE-068	0x058C4	$98B7	C1	$8205	CC71C13C
356	EN-PRE-068	0x058C4	$98B8	D0	$8205	CC71C13C
356	EN-PRE-069	0x058C9	$98B9	D1	$8205	CC71C13C
356	EN-PRE-069	0x058C9	$98BA	E0	$8205	CC71C13C
356	EN-PRE-069	0x058C9	$98BB	E1	$8205	CC71C13C
356	EN-PRE-069	0x058C9	$98BC	E2	$8205	CC71C13C
356	EN-PRE-069	0x058C9	$98BD	E3	$8205	CC71C13C
356	EN-PRE-075	0x05914	$9906	C2	$8205	CC71C13C
356	EN-PRE-169	0x05C7B	$9C6D	00	$8209	CC71C13C
356	EN-PRE-075	0x05914	$9907	C3	$8205	CC71C13C
356	EN-PRE-169	0x05C7B	$9C6E	00	$8209	CC71C13C
356	EN-PRE-075	0x05914	$9908	D0	$8205	CC71C13C
356	EN-PRE-169	0x05C7B	$9C6F	02	$8209	CC71C13C
356	EN-PRE-075	0x05914	$9909	D1	$8205	CC71C13C
356	EN-PRE-169	0x05C7B	$9C70	02	$8209	CC71C13C
356	EN-PRE-075	0x05914	$990A	E0	$8205	CC71C13C
356	EN-PRE-169	0x05C7B	$9C71	02	$8209	CC71C13C
356	EN-PRE-075	0x05914	$990B	E1	$8205	CC71C13C
356	EN-PRE-169	0x05C7B	$9C72	02	$8209	CC71C13C
356	EN-PRE-075	0x05914	$990C	F0	$8205	CC71C13C
356	EN-PRE-169	0x05C7B	$9C73	02	$8209	CC71C13C
356	EN-PRE-075	0x05914	$990D	F1	$8205	CC71C13C
358	EN-PRE-068	0x058C4	$98B6	C0	$8205	F5A54C4B
358	EN-PRE-068	0x058C4	$98B7	C1	$8205	F5A54C4B
358	EN-PRE-068	0x058C4	$98B8	D0	$8205	F5A54C4B
358	EN-PRE-069	0x058C9	$98B9	D1	$8205	F5A54C4B
358	EN-PRE-069	0x058C9	$98BA	E0	$8205	F5A54C4B
358	EN-PRE-069	0x058C9	$98BB	E1	$8205	F5A54C4B
358	EN-PRE-069	0x058C9	$98BC	E2	$8205	F5A54C4B
358	EN-PRE-069	0x058C9	$98BD	E3	$8205	F5A54C4B
358	EN-PRE-075	0x05914	$9906	C2	$8205	F5A54C4B
358	EN-PRE-169	0x05C7B	$9C6D	00	$8209	F5A54C4B
358	EN-PRE-075	0x05914	$9907	C3	$8205	F5A54C4B
358	EN-PRE-169	0x05C7B	$9C6E	00	$8209	F5A54C4B
358	EN-PRE-075	0x05914	$9908	D0	$8205	F5A54C4B
358	EN-PRE-169	0x05C7B	$9C6F	02	$8209	F5A54C4B
358	EN-PRE-075	0x05914	$9909	D1	$8205	F5A54C4B
358	EN-PRE-169	0x05C7B	$9C70	02	$8209	F5A54C4B
358	EN-PRE-075	0x05914	$990A	E0	$8205	F5A54C4B
358	EN-PRE-169	0x05C7B	$9C71	02	$8209	F5A54C4B
358	EN-PRE-075	0x05914	$990B	E1	$8205	F5A54C4B
358	EN-PRE-169	0x05C7B	$9C72	02	$8209	F5A54C4B
358	EN-PRE-075	0x05914	$990C	F0	$8205	F5A54C4B
358	EN-PRE-169	0x05C7B	$9C73	02	$8209	F5A54C4B
358	EN-PRE-075	0x05914	$990D	F1	$8205	F5A54C4B
360	EN-PRE-068	0x058C4	$98B6	C0	$8205	E5DA690B
360	EN-PRE-068	0x058C4	$98B7	C1	$8205	E5DA690B
360	EN-PRE-068	0x058C4	$98B8	D0	$8205	E5DA690B
360	EN-PRE-069	0x058C9	$98B9	D1	$8205	E5DA690B
360	EN-PRE-069	0x058C9	$98BA	E0	$8205	E5DA690B
360	EN-PRE-069	0x058C9	$98BB	E1	$8205	E5DA690B
360	EN-PRE-069	0x058C9	$98BC	E2	$8205	E5DA690B
360	EN-PRE-069	0x058C9	$98BD	E3	$8205	E5DA690B
360	EN-PRE-076	0x0591E	$990E	C2	$8205	E5DA690B
360	EN-PRE-076	0x0591E	$990F	D0	$8205	E5DA690B
360	EN-PRE-076	0x0591E	$9910	E0	$8205	E5DA690B
360	EN-PRE-076	0x0591E	$9911	E2	$8205	E5DA690B
360	EN-PRE-076	0x0591E	$9912	E3	$8205	E5DA690B
360	EN-PRE-076	0x0591E	$9913	C3	$8205	E5DA690B
360	EN-PRE-076	0x0591E	$9914	D1	$8205	E5DA690B
360	EN-PRE-076	0x0591E	$9915	E1	$8205	E5DA690B
362	EN-PRE-112	0x05AEB	$9ADE	C0	$8205	3E3EA8B3
362	EN-PRE-112	0x05AEB	$9ADF	C1	$8205	3E3EA8B3
362	EN-PRE-112	0x05AEB	$9AE0	D0	$8205	3E3EA8B3
362	EN-PRE-112	0x05AEB	$9AE1	D1	$8205	3E3EA8B3
362	EN-PRE-112	0x05AEB	$9AE2	E0	$8205	3E3EA8B3
362	EN-PRE-112	0x05AEB	$9AE3	E1	$8205	3E3EA8B3
362	EN-PRE-076	0x0591E	$990E	C2	$8205	3E3EA8B3
362	EN-PRE-076	0x0591E	$990F	D0	$8205	3E3EA8B3
362	EN-PRE-076	0x0591E	$9910	E0	$8205	3E3EA8B3
362	EN-PRE-076	0x0591E	$9911	E2	$8205	3E3EA8B3
362	EN-PRE-076	0x0591E	$9912	E3	$8205	3E3EA8B3
362	EN-PRE-076	0x0591E	$9913	C3	$8205	3E3EA8B3
362	EN-PRE-076	0x0591E	$9914	D1	$8205	3E3EA8B3
362	EN-PRE-076	0x0591E	$9915	E1	$8205	3E3EA8B3
364	EN-PRE-112	0x05AEB	$9ADE	C0	$8205	966DE0B3
364	EN-PRE-112	0x05AEB	$9ADF	C1	$8205	966DE0B3
364	EN-PRE-112	0x05AEB	$9AE0	D0	$8205	966DE0B3
364	EN-PRE-112	0x05AEB	$9AE1	D1	$8205	966DE0B3
364	EN-PRE-112	0x05AEB	$9AE2	E0	$8205	966DE0B3
364	EN-PRE-112	0x05AEB	$9AE3	E1	$8205	966DE0B3
364	EN-PRE-076	0x0591E	$990E	C2	$8205	966DE0B3
364	EN-PRE-076	0x0591E	$990F	D0	$8205	966DE0B3
364	EN-PRE-076	0x0591E	$9910	E0	$8205	966DE0B3
364	EN-PRE-076	0x0591E	$9911	E2	$8205	966DE0B3
364	EN-PRE-076	0x0591E	$9912	E3	$8205	966DE0B3
364	EN-PRE-076	0x0591E	$9913	C3	$8205	966DE0B3
364	EN-PRE-076	0x0591E	$9914	D1	$8205	966DE0B3
364	EN-PRE-076	0x0591E	$9915	E1	$8205	966DE0B3
366	EN-PRE-112	0x05AEB	$9ADE	C0	$8205	0BBE92A8
366	EN-PRE-112	0x05AEB	$9ADF	C1	$8205	0BBE92A8
366	EN-PRE-112	0x05AEB	$9AE0	D0	$8205	0BBE92A8
366	EN-PRE-112	0x05AEB	$9AE1	D1	$8205	0BBE92A8
366	EN-PRE-112	0x05AEB	$9AE2	E0	$8205	0BBE92A8
366	EN-PRE-112	0x05AEB	$9AE3	E1	$8205	0BBE92A8
366	EN-PRE-075	0x05914	$9906	C2	$8205	0BBE92A8
366	EN-PRE-169	0x05C7B	$9C6D	00	$8209	0BBE92A8
366	EN-PRE-075	0x05914	$9907	C3	$8205	0BBE92A8
366	EN-PRE-169	0x05C7B	$9C6E	00	$8209	0BBE92A8
366	EN-PRE-075	0x05914	$9908	D0	$8205	0BBE92A8
366	EN-PRE-169	0x05C7B	$9C6F	02	$8209	0BBE92A8
366	EN-PRE-075	0x05914	$9909	D1	$8205	0BBE92A8
366	EN-PRE-169	0x05C7B	$9C70	02	$8209	0BBE92A8
366	EN-PRE-075	0x05914	$990A	E0	$8205	0BBE92A8
366	EN-PRE-169	0x05C7B	$9C71	02	$8209	0BBE92A8
366	EN-PRE-075	0x05914	$990B	E1	$8205	0BBE92A8
366	EN-PRE-169	0x05C7B	$9C72	02	$8209	0BBE92A8
366	EN-PRE-075	0x05914	$990C	F0	$8205	0BBE92A8
366	EN-PRE-169	0x05C7B	$9C73	02	$8209	0BBE92A8
366	EN-PRE-075	0x05914	$990D	F1	$8205	0BBE92A8
368	EN-PRE-069	0x058C9	$98BE	C0	$8205	4A283E78
368	EN-PRE-069	0x058C9	$98BF	C1	$8205	4A283E78
368	EN-PRE-069	0x058C9	$98C0	D0	$8205	4A283E78
368	EN-PRE-069	0x058C9	$98C1	D1	$8205	4A283E78
368	EN-PRE-069	0x058C9	$98C2	E0	$8205	4A283E78
368	EN-PRE-069	0x058C9	$98C3	E1	$8205	4A283E78
368	EN-PRE-069	0x058C9	$98C4	F2	$8205	4A283E78
368	EN-PRE-069	0x058C9	$98C5	F3	$8205	4A283E78
368	EN-PRE-075	0x05914	$9906	C2	$8205	4A283E78
368	EN-PRE-169	0x05C7B	$9C6D	00	$8209	4A283E78
368	EN-PRE-075	0x05914	$9907	C3	$8205	4A283E78
368	EN-PRE-169	0x05C7B	$9C6E	00	$8209	4A283E78
368	EN-PRE-075	0x05914	$9908	D0	$8205	4A283E78
368	EN-PRE-169	0x05C7B	$9C6F	02	$8209	4A283E78
368	EN-PRE-075	0x05914	$9909	D1	$8205	4A283E78
368	EN-PRE-169	0x05C7B	$9C70	02	$8209	4A283E78
368	EN-PRE-075	0x05914	$990A	E0	$8205	4A283E78
368	EN-PRE-169	0x05C7B	$9C71	02	$8209	4A283E78
368	EN-PRE-075	0x05914	$990B	E1	$8205	4A283E78
368	EN-PRE-169	0x05C7B	$9C72	02	$8209	4A283E78
368	EN-PRE-075	0x05914	$990C	F0	$8205	4A283E78
368	EN-PRE-169	0x05C7B	$9C73	02	$8209	4A283E78
368	EN-PRE-075	0x05914	$990D	F1	$8205	4A283E78
370	EN-PRE-069	0x058C9	$98BE	C0	$8205	23D6D398
370	EN-PRE-069	0x058C9	$98BF	C1	$8205	23D6D398
370	EN-PRE-069	0x058C9	$98C0	D0	$8205	23D6D398
370	EN-PRE-069	0x058C9	$98C1	D1	$8205	23D6D398
370	EN-PRE-069	0x058C9	$98C2	E0	$8205	23D6D398
370	EN-PRE-069	0x058C9	$98C3	E1	$8205	23D6D398
370	EN-PRE-069	0x058C9	$98C4	F2	$8205	23D6D398
370	EN-PRE-069	0x058C9	$98C5	F3	$8205	23D6D398
370	EN-PRE-075	0x05914	$9906	C2	$8205	23D6D398
370	EN-PRE-169	0x05C7B	$9C6D	00	$8209	23D6D398
370	EN-PRE-075	0x05914	$9907	C3	$8205	23D6D398
370	EN-PRE-169	0x05C7B	$9C6E	00	$8209	23D6D398
370	EN-PRE-075	0x05914	$9908	D0	$8205	23D6D398
370	EN-PRE-169	0x05C7B	$9C6F	02	$8209	23D6D398
370	EN-PRE-075	0x05914	$9909	D1	$8205	23D6D398
370	EN-PRE-169	0x05C7B	$9C70	02	$8209	23D6D398
370	EN-PRE-075	0x05914	$990A	E0	$8205	23D6D398
370	EN-PRE-169	0x05C7B	$9C71	02	$8209	23D6D398
370	EN-PRE-075	0x05914	$990B	E1	$8205	23D6D398
370	EN-PRE-169	0x05C7B	$9C72	02	$8209	23D6D398
370	EN-PRE-075	0x05914	$990C	F0	$8205	23D6D398
370	EN-PRE-169	0x05C7B	$9C73	02	$8209	23D6D398
370	EN-PRE-075	0x05914	$990D	F1	$8205	23D6D398
372	EN-PRE-069	0x058C9	$98BE	C0	$8205	7C015244
372	EN-PRE-069	0x058C9	$98BF	C1	$8205	7C015244
372	EN-PRE-069	0x058C9	$98C0	D0	$8205	7C015244
372	EN-PRE-069	0x058C9	$98C1	D1	$8205	7C015244
372	EN-PRE-069	0x058C9	$98C2	E0	$8205	7C015244
372	EN-PRE-069	0x058C9	$98C3	E1	$8205	7C015244
372	EN-PRE-069	0x058C9	$98C4	F2	$8205	7C015244
372	EN-PRE-069	0x058C9	$98C5	F3	$8205	7C015244
372	EN-PRE-085	0x0596E	$995E	C2	$8205	7C015244
372	EN-PRE-169	0x05C7B	$9C6D	00	$8209	7C015244
372	EN-PRE-085	0x0596E	$995F	C3	$8205	7C015244
372	EN-PRE-169	0x05C7B	$9C6E	00	$8209	7C015244
372	EN-PRE-085	0x0596E	$9960	D0	$8205	7C015244
372	EN-PRE-169	0x05C7B	$9C6F	02	$8209	7C015244
372	EN-PRE-085	0x0596E	$9961	D1	$8205	7C015244
372	EN-PRE-169	0x05C7B	$9C70	02	$8209	7C015244
372	EN-PRE-086	0x05972	$9962	E0	$8205	7C015244
372	EN-PRE-169	0x05C7B	$9C71	02	$8209	7C015244
372	EN-PRE-087	0x05973	$9963	E1	$8205	7C015244
372	EN-PRE-169	0x05C7B	$9C72	02	$8209	7C015244
372	EN-PRE-087	0x05973	$9964	F2	$8205	7C015244
372	EN-PRE-169	0x05C7B	$9C73	02	$8209	7C015244
372	EN-PRE-087	0x05973	$9965	F3	$8205	7C015244
374	EN-PRE-069	0x058C9	$98BE	C0	$8205	B4A68A02
374	EN-PRE-069	0x058C9	$98BF	C1	$8205	B4A68A02
374	EN-PRE-069	0x058C9	$98C0	D0	$8205	B4A68A02
374	EN-PRE-069	0x058C9	$98C1	D1	$8205	B4A68A02
374	EN-PRE-069	0x058C9	$98C2	E0	$8205	B4A68A02
374	EN-PRE-069	0x058C9	$98C3	E1	$8205	B4A68A02
374	EN-PRE-069	0x058C9	$98C4	F2	$8205	B4A68A02
374	EN-PRE-069	0x058C9	$98C5	F3	$8205	B4A68A02
374	EN-PRE-085	0x0596E	$995E	C2	$8205	B4A68A02
374	EN-PRE-169	0x05C7B	$9C6D	00	$8209	B4A68A02
374	EN-PRE-085	0x0596E	$995F	C3	$8205	B4A68A02
374	EN-PRE-169	0x05C7B	$9C6E	00	$8209	B4A68A02
374	EN-PRE-085	0x0596E	$9960	D0	$8205	B4A68A02
374	EN-PRE-169	0x05C7B	$9C6F	02	$8209	B4A68A02
374	EN-PRE-085	0x0596E	$9961	D1	$8205	B4A68A02
374	EN-PRE-169	0x05C7B	$9C70	02	$8209	B4A68A02
374	EN-PRE-086	0x05972	$9962	E0	$8205	B4A68A02
374	EN-PRE-169	0x05C7B	$9C71	02	$8209	B4A68A02
374	EN-PRE-087	0x05973	$9963	E1	$8205	B4A68A02
374	EN-PRE-169	0x05C7B	$9C72	02	$8209	B4A68A02
374	EN-PRE-087	0x05973	$9964	F2	$8205	B4A68A02
374	EN-PRE-169	0x05C7B	$9C73	02	$8209	B4A68A02
374	EN-PRE-087	0x05973	$9965	F3	$8205	B4A68A02
376	EN-PRE-112	0x05AEB	$9ADE	C0	$8205	F00C93C6
376	EN-PRE-112	0x05AEB	$9ADF	C1	$8205	F00C93C6
376	EN-PRE-112	0x05AEB	$9AE0	D0	$8205	F00C93C6
376	EN-PRE-112	0x05AEB	$9AE1	D1	$8205	F00C93C6
376	EN-PRE-112	0x05AEB	$9AE2	E0	$8205	F00C93C6
376	EN-PRE-112	0x05AEB	$9AE3	E1	$8205	F00C93C6
376	EN-PRE-085	0x0596E	$995E	C2	$8205	F00C93C6
376	EN-PRE-169	0x05C7B	$9C6D	00	$8209	F00C93C6
376	EN-PRE-085	0x0596E	$995F	C3	$8205	F00C93C6
376	EN-PRE-169	0x05C7B	$9C6E	00	$8209	F00C93C6
376	EN-PRE-085	0x0596E	$9960	D0	$8205	F00C93C6
376	EN-PRE-169	0x05C7B	$9C6F	02	$8209	F00C93C6
376	EN-PRE-085	0x0596E	$9961	D1	$8205	F00C93C6
376	EN-PRE-169	0x05C7B	$9C70	02	$8209	F00C93C6
376	EN-PRE-086	0x05972	$9962	E0	$8205	F00C93C6
376	EN-PRE-169	0x05C7B	$9C71	02	$8209	F00C93C6
376	EN-PRE-087	0x05973	$9963	E1	$8205	F00C93C6
376	EN-PRE-169	0x05C7B	$9C72	02	$8209	F00C93C6
376	EN-PRE-087	0x05973	$9964	F2	$8205	F00C93C6
376	EN-PRE-169	0x05C7B	$9C73	02	$8209	F00C93C6
376	EN-PRE-087	0x05973	$9965	F3	$8205	F00C93C6
378	EN-PRE-112	0x05AEB	$9ADE	C0	$8205	BB3138B2
378	EN-PRE-112	0x05AEB	$9ADF	C1	$8205	BB3138B2
378	EN-PRE-112	0x05AEB	$9AE0	D0	$8205	BB3138B2
378	EN-PRE-112	0x05AEB	$9AE1	D1	$8205	BB3138B2
378	EN-PRE-112	0x05AEB	$9AE2	E0	$8205	BB3138B2
378	EN-PRE-112	0x05AEB	$9AE3	E1	$8205	BB3138B2
378	EN-PRE-085	0x0596E	$995E	C2	$8205	BB3138B2
378	EN-PRE-169	0x05C7B	$9C6D	00	$8209	BB3138B2
378	EN-PRE-085	0x0596E	$995F	C3	$8205	BB3138B2
378	EN-PRE-169	0x05C7B	$9C6E	00	$8209	BB3138B2
378	EN-PRE-085	0x0596E	$9960	D0	$8205	BB3138B2
378	EN-PRE-169	0x05C7B	$9C6F	02	$8209	BB3138B2
378	EN-PRE-085	0x0596E	$9961	D1	$8205	BB3138B2
378	EN-PRE-169	0x05C7B	$9C70	02	$8209	BB3138B2
378	EN-PRE-086	0x05972	$9962	E0	$8205	BB3138B2
378	EN-PRE-169	0x05C7B	$9C71	02	$8209	BB3138B2
378	EN-PRE-087	0x05973	$9963	E1	$8205	BB3138B2
378	EN-PRE-169	0x05C7B	$9C72	02	$8209	BB3138B2
378	EN-PRE-087	0x05973	$9964	F2	$8205	BB3138B2
378	EN-PRE-169	0x05C7B	$9C73	02	$8209	BB3138B2
378	EN-PRE-087	0x05973	$9965	F3	$8205	BB3138B2
380	EN-PRE-112	0x05AEB	$9ADE	C0	$8205	76A4D4DA
380	EN-PRE-112	0x05AEB	$9ADF	C1	$8205	76A4D4DA
380	EN-PRE-112	0x05AEB	$9AE0	D0	$8205	76A4D4DA
380	EN-PRE-112	0x05AEB	$9AE1	D1	$8205	76A4D4DA
380	EN-PRE-112	0x05AEB	$9AE2	E0	$8205	76A4D4DA
380	EN-PRE-112	0x05AEB	$9AE3	E1	$8205	76A4D4DA
380	EN-PRE-075	0x05914	$9906	C2	$8205	76A4D4DA
380	EN-PRE-169	0x05C7B	$9C6D	00	$8209	76A4D4DA
380	EN-PRE-075	0x05914	$9907	C3	$8205	76A4D4DA
380	EN-PRE-169	0x05C7B	$9C6E	00	$8209	76A4D4DA
380	EN-PRE-075	0x05914	$9908	D0	$8205	76A4D4DA
380	EN-PRE-169	0x05C7B	$9C6F	02	$8209	76A4D4DA
380	EN-PRE-075	0x05914	$9909	D1	$8205	76A4D4DA
380	EN-PRE-169	0x05C7B	$9C70	02	$8209	76A4D4DA
380	EN-PRE-075	0x05914	$990A	E0	$8205	76A4D4DA
380	EN-PRE-169	0x05C7B	$9C71	02	$8209	76A4D4DA
380	EN-PRE-075	0x05914	$990B	E1	$8205	76A4D4DA
380	EN-PRE-169	0x05C7B	$9C72	02	$8209	76A4D4DA
380	EN-PRE-075	0x05914	$990C	F0	$8205	76A4D4DA
380	EN-PRE-169	0x05C7B	$9C73	02	$8209	76A4D4DA
380	EN-PRE-075	0x05914	$990D	F1	$8205	76A4D4DA
382	EN-PRE-068	0x058C4	$98B6	C0	$8205	4F937E8C
382	EN-PRE-068	0x058C4	$98B7	C1	$8205	4F937E8C
382	EN-PRE-068	0x058C4	$98B8	D0	$8205	4F937E8C
382	EN-PRE-069	0x058C9	$98B9	D1	$8205	4F937E8C
382	EN-PRE-069	0x058C9	$98BA	E0	$8205	4F937E8C
382	EN-PRE-069	0x058C9	$98BB	E1	$8205	4F937E8C
382	EN-PRE-069	0x058C9	$98BC	E2	$8205	4F937E8C
382	EN-PRE-069	0x058C9	$98BD	E3	$8205	4F937E8C
382	EN-PRE-075	0x05914	$9906	C2	$8205	4F937E8C
382	EN-PRE-169	0x05C7B	$9C6D	00	$8209	4F937E8C
382	EN-PRE-075	0x05914	$9907	C3	$8205	4F937E8C
382	EN-PRE-169	0x05C7B	$9C6E	00	$8209	4F937E8C
382	EN-PRE-075	0x05914	$9908	D0	$8205	4F937E8C
382	EN-PRE-169	0x05C7B	$9C6F	02	$8209	4F937E8C
382	EN-PRE-075	0x05914	$9909	D1	$8205	4F937E8C
382	EN-PRE-169	0x05C7B	$9C70	02	$8209	4F937E8C
382	EN-PRE-075	0x05914	$990A	E0	$8205	4F937E8C
382	EN-PRE-169	0x05C7B	$9C71	02	$8209	4F937E8C
382	EN-PRE-075	0x05914	$990B	E1	$8205	4F937E8C
382	EN-PRE-169	0x05C7B	$9C72	02	$8209	4F937E8C
382	EN-PRE-075	0x05914	$990C	F0	$8205	4F937E8C
382	EN-PRE-169	0x05C7B	$9C73	02	$8209	4F937E8C
382	EN-PRE-075	0x05914	$990D	F1	$8205	4F937E8C
384	EN-PRE-068	0x058C4	$98B6	C0	$8205	66610D56
384	EN-PRE-068	0x058C4	$98B7	C1	$8205	66610D56
384	EN-PRE-068	0x058C4	$98B8	D0	$8205	66610D56
384	EN-PRE-069	0x058C9	$98B9	D1	$8205	66610D56
384	EN-PRE-069	0x058C9	$98BA	E0	$8205	66610D56
384	EN-PRE-069	0x058C9	$98BB	E1	$8205	66610D56
384	EN-PRE-069	0x058C9	$98BC	E2	$8205	66610D56
384	EN-PRE-069	0x058C9	$98BD	E3	$8205	66610D56
384	EN-PRE-075	0x05914	$9906	C2	$8205	66610D56
384	EN-PRE-169	0x05C7B	$9C6D	00	$8209	66610D56
384	EN-PRE-075	0x05914	$9907	C3	$8205	66610D56
384	EN-PRE-169	0x05C7B	$9C6E	00	$8209	66610D56
384	EN-PRE-075	0x05914	$9908	D0	$8205	66610D56
384	EN-PRE-169	0x05C7B	$9C6F	02	$8209	66610D56
384	EN-PRE-075	0x05914	$9909	D1	$8205	66610D56
384	EN-PRE-169	0x05C7B	$9C70	02	$8209	66610D56
384	EN-PRE-075	0x05914	$990A	E0	$8205	66610D56
384	EN-PRE-169	0x05C7B	$9C71	02	$8209	66610D56
384	EN-PRE-075	0x05914	$990B	E1	$8205	66610D56
384	EN-PRE-169	0x05C7B	$9C72	02	$8209	66610D56
384	EN-PRE-075	0x05914	$990C	F0	$8205	66610D56
384	EN-PRE-169	0x05C7B	$9C73	02	$8209	66610D56
384	EN-PRE-075	0x05914	$990D	F1	$8205	66610D56
386	EN-PRE-068	0x058C4	$98B6	C0	$8205	FFFA3C2A
386	EN-PRE-068	0x058C4	$98B7	C1	$8205	FFFA3C2A
386	EN-PRE-068	0x058C4	$98B8	D0	$8205	FFFA3C2A
386	EN-PRE-069	0x058C9	$98B9	D1	$8205	FFFA3C2A
386	EN-PRE-069	0x058C9	$98BA	E0	$8205	FFFA3C2A
386	EN-PRE-069	0x058C9	$98BB	E1	$8205	FFFA3C2A
386	EN-PRE-069	0x058C9	$98BC	E2	$8205	FFFA3C2A
386	EN-PRE-069	0x058C9	$98BD	E3	$8205	FFFA3C2A
386	EN-PRE-076	0x0591E	$990E	C2	$8205	FFFA3C2A
386	EN-PRE-076	0x0591E	$990F	D0	$8205	FFFA3C2A
386	EN-PRE-076	0x0591E	$9910	E0	$8205	FFFA3C2A
386	EN-PRE-076	0x0591E	$9911	E2	$8205	FFFA3C2A
386	EN-PRE-076	0x0591E	$9912	E3	$8205	FFFA3C2A
386	EN-PRE-076	0x0591E	$9913	C3	$8205	FFFA3C2A
386	EN-PRE-076	0x0591E	$9914	D1	$8205	FFFA3C2A
386	EN-PRE-076	0x0591E	$9915	E1	$8205	FFFA3C2A
388	EN-PRE-112	0x05AEB	$9ADE	C0	$8205	7D9E7766
388	EN-PRE-112	0x05AEB	$9ADF	C1	$8205	7D9E7766
388	EN-PRE-112	0x05AEB	$9AE0	D0	$8205	7D9E7766
388	EN-PRE-112	0x05AEB	$9AE1	D1	$8205	7D9E7766
388	EN-PRE-112	0x05AEB	$9AE2	E0	$8205	7D9E7766
388	EN-PRE-112	0x05AEB	$9AE3	E1	$8205	7D9E7766
388	EN-PRE-076	0x0591E	$990E	C2	$8205	7D9E7766
388	EN-PRE-076	0x0591E	$990F	D0	$8205	7D9E7766
388	EN-PRE-076	0x0591E	$9910	E0	$8205	7D9E7766
388	EN-PRE-076	0x0591E	$9911	E2	$8205	7D9E7766
388	EN-PRE-076	0x0591E	$9912	E3	$8205	7D9E7766
388	EN-PRE-076	0x0591E	$9913	C3	$8205	7D9E7766
388	EN-PRE-076	0x0591E	$9914	D1	$8205	7D9E7766
388	EN-PRE-076	0x0591E	$9915	E1	$8205	7D9E7766
390	EN-PRE-112	0x05AEB	$9ADE	C0	$8205	E3E52C66
390	EN-PRE-112	0x05AEB	$9ADF	C1	$8205	E3E52C66
390	EN-PRE-112	0x05AEB	$9AE0	D0	$8205	E3E52C66
390	EN-PRE-112	0x05AEB	$9AE1	D1	$8205	E3E52C66
390	EN-PRE-112	0x05AEB	$9AE2	E0	$8205	E3E52C66
390	EN-PRE-112	0x05AEB	$9AE3	E1	$8205	E3E52C66
390	EN-PRE-076	0x0591E	$990E	C2	$8205	E3E52C66
390	EN-PRE-076	0x0591E	$990F	D0	$8205	E3E52C66
390	EN-PRE-076	0x0591E	$9910	E0	$8205	E3E52C66
390	EN-PRE-076	0x0591E	$9911	E2	$8205	E3E52C66
390	EN-PRE-076	0x0591E	$9912	E3	$8205	E3E52C66
390	EN-PRE-076	0x0591E	$9913	C3	$8205	E3E52C66
390	EN-PRE-076	0x0591E	$9914	D1	$8205	E3E52C66
390	EN-PRE-076	0x0591E	$9915	E1	$8205	E3E52C66
392	EN-PRE-112	0x05AEB	$9ADE	C0	$8205	FDC03E44
392	EN-PRE-112	0x05AEB	$9ADF	C1	$8205	FDC03E44
392	EN-PRE-112	0x05AEB	$9AE0	D0	$8205	FDC03E44
392	EN-PRE-112	0x05AEB	$9AE1	D1	$8205	FDC03E44
392	EN-PRE-112	0x05AEB	$9AE2	E0	$8205	FDC03E44
392	EN-PRE-112	0x05AEB	$9AE3	E1	$8205	FDC03E44
392	EN-PRE-075	0x05914	$9906	C2	$8205	FDC03E44
392	EN-PRE-169	0x05C7B	$9C6D	00	$8209	FDC03E44
392	EN-PRE-075	0x05914	$9907	C3	$8205	FDC03E44
392	EN-PRE-169	0x05C7B	$9C6E	00	$8209	FDC03E44
392	EN-PRE-075	0x05914	$9908	D0	$8205	FDC03E44
392	EN-PRE-169	0x05C7B	$9C6F	02	$8209	FDC03E44
392	EN-PRE-075	0x05914	$9909	D1	$8205	FDC03E44
392	EN-PRE-169	0x05C7B	$9C70	02	$8209	FDC03E44
392	EN-PRE-075	0x05914	$990A	E0	$8205	FDC03E44
392	EN-PRE-169	0x05C7B	$9C71	02	$8209	FDC03E44
392	EN-PRE-075	0x05914	$990B	E1	$8205	FDC03E44
392	EN-PRE-169	0x05C7B	$9C72	02	$8209	FDC03E44
392	EN-PRE-075	0x05914	$990C	F0	$8205	FDC03E44
392	EN-PRE-169	0x05C7B	$9C73	02	$8209	FDC03E44
392	EN-PRE-075	0x05914	$990D	F1	$8205	FDC03E44
394	EN-PRE-069	0x058C9	$98BE	C0	$8205	FDC03E44
394	EN-PRE-069	0x058C9	$98BF	C1	$8205	FDC03E44
394	EN-PRE-069	0x058C9	$98C0	D0	$8205	FDC03E44
394	EN-PRE-069	0x058C9	$98C1	D1	$8205	FDC03E44
394	EN-PRE-069	0x058C9	$98C2	E0	$8205	FDC03E44
394	EN-PRE-069	0x058C9	$98C3	E1	$8205	FDC03E44
394	EN-PRE-069	0x058C9	$98C4	F2	$8205	FDC03E44
394	EN-PRE-069	0x058C9	$98C5	F3	$8205	FDC03E44
394	EN-PRE-075	0x05914	$9906	C2	$8205	FDC03E44
394	EN-PRE-169	0x05C7B	$9C6D	00	$8209	FDC03E44
394	EN-PRE-075	0x05914	$9907	C3	$8205	FDC03E44
394	EN-PRE-169	0x05C7B	$9C6E	00	$8209	FDC03E44
394	EN-PRE-075	0x05914	$9908	D0	$8205	FDC03E44
394	EN-PRE-169	0x05C7B	$9C6F	02	$8209	FDC03E44
394	EN-PRE-075	0x05914	$9909	D1	$8205	FDC03E44
394	EN-PRE-169	0x05C7B	$9C70	02	$8209	FDC03E44
394	EN-PRE-075	0x05914	$990A	E0	$8205	FDC03E44
394	EN-PRE-169	0x05C7B	$9C71	02	$8209	FDC03E44
394	EN-PRE-075	0x05914	$990B	E1	$8205	FDC03E44
394	EN-PRE-169	0x05C7B	$9C72	02	$8209	FDC03E44
394	EN-PRE-075	0x05914	$990C	F0	$8205	FDC03E44
394	EN-PRE-169	0x05C7B	$9C73	02	$8209	FDC03E44
394	EN-PRE-075	0x05914	$990D	F1	$8205	FDC03E44
396	EN-PRE-069	0x058C9	$98BE	C0	$8205	FDC03E44
396	EN-PRE-069	0x058C9	$98BF	C1	$8205	FDC03E44
396	EN-PRE-069	0x058C9	$98C0	D0	$8205	FDC03E44
396	EN-PRE-069	0x058C9	$98C1	D1	$8205	FDC03E44
396	EN-PRE-069	0x058C9	$98C2	E0	$8205	FDC03E44
396	EN-PRE-069	0x058C9	$98C3	E1	$8205	FDC03E44
396	EN-PRE-069	0x058C9	$98C4	F2	$8205	FDC03E44
396	EN-PRE-069	0x058C9	$98C5	F3	$8205	FDC03E44
396	EN-PRE-075	0x05914	$9906	C2	$8205	FDC03E44
396	EN-PRE-169	0x05C7B	$9C6D	00	$8209	FDC03E44
396	EN-PRE-075	0x05914	$9907	C3	$8205	FDC03E44
396	EN-PRE-169	0x05C7B	$9C6E	00	$8209	FDC03E44
396	EN-PRE-075	0x05914	$9908	D0	$8205	FDC03E44
396	EN-PRE-169	0x05C7B	$9C6F	02	$8209	FDC03E44
396	EN-PRE-075	0x05914	$9909	D1	$8205	FDC03E44
396	EN-PRE-169	0x05C7B	$9C70	02	$8209	FDC03E44
396	EN-PRE-075	0x05914	$990A	E0	$8205	FDC03E44
396	EN-PRE-169	0x05C7B	$9C71	02	$8209	FDC03E44
396	EN-PRE-075	0x05914	$990B	E1	$8205	FDC03E44
396	EN-PRE-169	0x05C7B	$9C72	02	$8209	FDC03E44
396	EN-PRE-075	0x05914	$990C	F0	$8205	FDC03E44
396	EN-PRE-169	0x05C7B	$9C73	02	$8209	FDC03E44
396	EN-PRE-075	0x05914	$990D	F1	$8205	FDC03E44
398	EN-PRE-069	0x058C9	$98BE	C0	$8205	FDC03E44
398	EN-PRE-069	0x058C9	$98BF	C1	$8205	FDC03E44
398	EN-PRE-069	0x058C9	$98C0	D0	$8205	FDC03E44
398	EN-PRE-069	0x058C9	$98C1	D1	$8205	FDC03E44
398	EN-PRE-069	0x058C9	$98C2	E0	$8205	FDC03E44
398	EN-PRE-069	0x058C9	$98C3	E1	$8205	FDC03E44
398	EN-PRE-069	0x058C9	$98C4	F2	$8205	FDC03E44
398	EN-PRE-069	0x058C9	$98C5	F3	$8205	FDC03E44
398	EN-PRE-085	0x0596E	$995E	C2	$8205	FDC03E44
398	EN-PRE-169	0x05C7B	$9C6D	00	$8209	FDC03E44
398	EN-PRE-085	0x0596E	$995F	C3	$8205	FDC03E44
398	EN-PRE-169	0x05C7B	$9C6E	00	$8209	FDC03E44
398	EN-PRE-085	0x0596E	$9960	D0	$8205	FDC03E44
398	EN-PRE-169	0x05C7B	$9C6F	02	$8209	FDC03E44
398	EN-PRE-085	0x0596E	$9961	D1	$8205	FDC03E44
398	EN-PRE-169	0x05C7B	$9C70	02	$8209	FDC03E44
398	EN-PRE-086	0x05972	$9962	E0	$8205	FDC03E44
398	EN-PRE-169	0x05C7B	$9C71	02	$8209	FDC03E44
398	EN-PRE-087	0x05973	$9963	E1	$8205	FDC03E44
398	EN-PRE-169	0x05C7B	$9C72	02	$8209	FDC03E44
398	EN-PRE-087	0x05973	$9964	F2	$8205	FDC03E44
398	EN-PRE-169	0x05C7B	$9C73	02	$8209	FDC03E44
398	EN-PRE-087	0x05973	$9965	F3	$8205	FDC03E44
400	EN-PRE-069	0x058C9	$98BE	C0	$8205	FDC03E44
400	EN-PRE-069	0x058C9	$98BF	C1	$8205	FDC03E44
400	EN-PRE-069	0x058C9	$98C0	D0	$8205	FDC03E44
400	EN-PRE-069	0x058C9	$98C1	D1	$8205	FDC03E44
400	EN-PRE-069	0x058C9	$98C2	E0	$8205	FDC03E44
400	EN-PRE-069	0x058C9	$98C3	E1	$8205	FDC03E44
400	EN-PRE-069	0x058C9	$98C4	F2	$8205	FDC03E44
400	EN-PRE-069	0x058C9	$98C5	F3	$8205	FDC03E44
400	EN-PRE-085	0x0596E	$995E	C2	$8205	FDC03E44
400	EN-PRE-169	0x05C7B	$9C6D	00	$8209	FDC03E44
400	EN-PRE-085	0x0596E	$995F	C3	$8205	FDC03E44
400	EN-PRE-169	0x05C7B	$9C6E	00	$8209	FDC03E44
400	EN-PRE-085	0x0596E	$9960	D0	$8205	FDC03E44
400	EN-PRE-169	0x05C7B	$9C6F	02	$8209	FDC03E44
400	EN-PRE-085	0x0596E	$9961	D1	$8205	FDC03E44
400	EN-PRE-169	0x05C7B	$9C70	02	$8209	FDC03E44
400	EN-PRE-086	0x05972	$9962	E0	$8205	FDC03E44
400	EN-PRE-169	0x05C7B	$9C71	02	$8209	FDC03E44
400	EN-PRE-087	0x05973	$9963	E1	$8205	FDC03E44
400	EN-PRE-169	0x05C7B	$9C72	02	$8209	FDC03E44
400	EN-PRE-087	0x05973	$9964	F2	$8205	FDC03E44
400	EN-PRE-169	0x05C7B	$9C73	02	$8209	FDC03E44
400	EN-PRE-087	0x05973	$9965	F3	$8205	FDC03E44
402	EN-PRE-112	0x05AEB	$9ADE	C0	$8205	FDC03E44
402	EN-PRE-112	0x05AEB	$9ADF	C1	$8205	FDC03E44
402	EN-PRE-112	0x05AEB	$9AE0	D0	$8205	FDC03E44
402	EN-PRE-112	0x05AEB	$9AE1	D1	$8205	FDC03E44
402	EN-PRE-112	0x05AEB	$9AE2	E0	$8205	FDC03E44
402	EN-PRE-112	0x05AEB	$9AE3	E1	$8205	FDC03E44
402	EN-PRE-085	0x0596E	$995E	C2	$8205	FDC03E44
402	EN-PRE-169	0x05C7B	$9C6D	00	$8209	FDC03E44
402	EN-PRE-085	0x0596E	$995F	C3	$8205	FDC03E44
402	EN-PRE-169	0x05C7B	$9C6E	00	$8209	FDC03E44
402	EN-PRE-085	0x0596E	$9960	D0	$8205	FDC03E44
402	EN-PRE-169	0x05C7B	$9C6F	02	$8209	FDC03E44
402	EN-PRE-085	0x0596E	$9961	D1	$8205	FDC03E44
402	EN-PRE-169	0x05C7B	$9C70	02	$8209	FDC03E44
402	EN-PRE-086	0x05972	$9962	E0	$8205	FDC03E44
402	EN-PRE-169	0x05C7B	$9C71	02	$8209	FDC03E44
402	EN-PRE-087	0x05973	$9963	E1	$8205	FDC03E44
402	EN-PRE-169	0x05C7B	$9C72	02	$8209	FDC03E44
402	EN-PRE-087	0x05973	$9964	F2	$8205	FDC03E44
402	EN-PRE-169	0x05C7B	$9C73	02	$8209	FDC03E44
402	EN-PRE-087	0x05973	$9965	F3	$8205	FDC03E44
404	EN-PRE-112	0x05AEB	$9ADE	C0	$8205	FDC03E44
404	EN-PRE-112	0x05AEB	$9ADF	C1	$8205	FDC03E44
404	EN-PRE-112	0x05AEB	$9AE0	D0	$8205	FDC03E44
404	EN-PRE-112	0x05AEB	$9AE1	D1	$8205	FDC03E44
404	EN-PRE-112	0x05AEB	$9AE2	E0	$8205	FDC03E44
404	EN-PRE-112	0x05AEB	$9AE3	E1	$8205	FDC03E44
404	EN-PRE-085	0x0596E	$995E	C2	$8205	FDC03E44
404	EN-PRE-169	0x05C7B	$9C6D	00	$8209	FDC03E44
404	EN-PRE-085	0x0596E	$995F	C3	$8205	FDC03E44
404	EN-PRE-169	0x05C7B	$9C6E	00	$8209	FDC03E44
404	EN-PRE-085	0x0596E	$9960	D0	$8205	FDC03E44
404	EN-PRE-169	0x05C7B	$9C6F	02	$8209	FDC03E44
404	EN-PRE-085	0x0596E	$9961	D1	$8205	FDC03E44
404	EN-PRE-169	0x05C7B	$9C70	02	$8209	FDC03E44
404	EN-PRE-086	0x05972	$9962	E0	$8205	FDC03E44
404	EN-PRE-169	0x05C7B	$9C71	02	$8209	FDC03E44
404	EN-PRE-087	0x05973	$9963	E1	$8205	FDC03E44
404	EN-PRE-169	0x05C7B	$9C72	02	$8209	FDC03E44
404	EN-PRE-087	0x05973	$9964	F2	$8205	FDC03E44
404	EN-PRE-169	0x05C7B	$9C73	02	$8209	FDC03E44
404	EN-PRE-087	0x05973	$9965	F3	$8205	FDC03E44
406	EN-PRE-112	0x05AEB	$9ADE	C0	$8205	FDC03E44
406	EN-PRE-112	0x05AEB	$9ADF	C1	$8205	FDC03E44
406	EN-PRE-112	0x05AEB	$9AE0	D0	$8205	FDC03E44
406	EN-PRE-112	0x05AEB	$9AE1	D1	$8205	FDC03E44
406	EN-PRE-112	0x05AEB	$9AE2	E0	$8205	FDC03E44
406	EN-PRE-112	0x05AEB	$9AE3	E1	$8205	FDC03E44
406	EN-PRE-075	0x05914	$9906	C2	$8205	FDC03E44
406	EN-PRE-169	0x05C7B	$9C6D	00	$8209	FDC03E44
406	EN-PRE-075	0x05914	$9907	C3	$8205	FDC03E44
406	EN-PRE-169	0x05C7B	$9C6E	00	$8209	FDC03E44
406	EN-PRE-075	0x05914	$9908	D0	$8205	FDC03E44
406	EN-PRE-169	0x05C7B	$9C6F	02	$8209	FDC03E44
406	EN-PRE-075	0x05914	$9909	D1	$8205	FDC03E44
406	EN-PRE-169	0x05C7B	$9C70	02	$8209	FDC03E44
406	EN-PRE-075	0x05914	$990A	E0	$8205	FDC03E44
406	EN-PRE-169	0x05C7B	$9C71	02	$8209	FDC03E44
406	EN-PRE-075	0x05914	$990B	E1	$8205	FDC03E44
406	EN-PRE-169	0x05C7B	$9C72	02	$8209	FDC03E44
406	EN-PRE-075	0x05914	$990C	F0	$8205	FDC03E44
406	EN-PRE-169	0x05C7B	$9C73	02	$8209	FDC03E44
406	EN-PRE-075	0x05914	$990D	F1	$8205	FDC03E44
408	EN-PRE-068	0x058C4	$98B6	C0	$8205	FDC03E44
408	EN-PRE-068	0x058C4	$98B7	C1	$8205	FDC03E44
408	EN-PRE-068	0x058C4	$98B8	D0	$8205	FDC03E44
408	EN-PRE-069	0x058C9	$98B9	D1	$8205	FDC03E44
408	EN-PRE-069	0x058C9	$98BA	E0	$8205	FDC03E44
408	EN-PRE-069	0x058C9	$98BB	E1	$8205	FDC03E44
408	EN-PRE-069	0x058C9	$98BC	E2	$8205	FDC03E44
408	EN-PRE-069	0x058C9	$98BD	E3	$8205	FDC03E44
408	EN-PRE-075	0x05914	$9906	C2	$8205	FDC03E44
408	EN-PRE-169	0x05C7B	$9C6D	00	$8209	FDC03E44
408	EN-PRE-075	0x05914	$9907	C3	$8205	FDC03E44
408	EN-PRE-169	0x05C7B	$9C6E	00	$8209	FDC03E44
408	EN-PRE-075	0x05914	$9908	D0	$8205	FDC03E44
408	EN-PRE-169	0x05C7B	$9C6F	02	$8209	FDC03E44
408	EN-PRE-075	0x05914	$9909	D1	$8205	FDC03E44
408	EN-PRE-169	0x05C7B	$9C70	02	$8209	FDC03E44
408	EN-PRE-075	0x05914	$990A	E0	$8205	FDC03E44
408	EN-PRE-169	0x05C7B	$9C71	02	$8209	FDC03E44
408	EN-PRE-075	0x05914	$990B	E1	$8205	FDC03E44
408	EN-PRE-169	0x05C7B	$9C72	02	$8209	FDC03E44
408	EN-PRE-075	0x05914	$990C	F0	$8205	FDC03E44
408	EN-PRE-169	0x05C7B	$9C73	02	$8209	FDC03E44
408	EN-PRE-075	0x05914	$990D	F1	$8205	FDC03E44
410	EN-PRE-068	0x058C4	$98B6	C0	$8205	FDC03E44
410	EN-PRE-068	0x058C4	$98B7	C1	$8205	FDC03E44
410	EN-PRE-068	0x058C4	$98B8	D0	$8205	FDC03E44
410	EN-PRE-069	0x058C9	$98B9	D1	$8205	FDC03E44
410	EN-PRE-069	0x058C9	$98BA	E0	$8205	FDC03E44
410	EN-PRE-069	0x058C9	$98BB	E1	$8205	FDC03E44
410	EN-PRE-069	0x058C9	$98BC	E2	$8205	FDC03E44
410	EN-PRE-069	0x058C9	$98BD	E3	$8205	FDC03E44
410	EN-PRE-075	0x05914	$9906	C2	$8205	FDC03E44
410	EN-PRE-169	0x05C7B	$9C6D	00	$8209	FDC03E44
410	EN-PRE-075	0x05914	$9907	C3	$8205	FDC03E44
410	EN-PRE-169	0x05C7B	$9C6E	00	$8209	FDC03E44
410	EN-PRE-075	0x05914	$9908	D0	$8205	FDC03E44
410	EN-PRE-169	0x05C7B	$9C6F	02	$8209	FDC03E44
410	EN-PRE-075	0x05914	$9909	D1	$8205	FDC03E44
410	EN-PRE-169	0x05C7B	$9C70	02	$8209	FDC03E44
410	EN-PRE-075	0x05914	$990A	E0	$8205	FDC03E44
410	EN-PRE-169	0x05C7B	$9C71	02	$8209	FDC03E44
410	EN-PRE-075	0x05914	$990B	E1	$8205	FDC03E44
410	EN-PRE-169	0x05C7B	$9C72	02	$8209	FDC03E44
410	EN-PRE-075	0x05914	$990C	F0	$8205	FDC03E44
410	EN-PRE-169	0x05C7B	$9C73	02	$8209	FDC03E44
410	EN-PRE-075	0x05914	$990D	F1	$8205	FDC03E44
412	EN-PRE-068	0x058C4	$98B6	C0	$8205	FDC03E44
412	EN-PRE-068	0x058C4	$98B7	C1	$8205	FDC03E44
412	EN-PRE-068	0x058C4	$98B8	D0	$8205	FDC03E44
412	EN-PRE-069	0x058C9	$98B9	D1	$8205	FDC03E44
412	EN-PRE-069	0x058C9	$98BA	E0	$8205	FDC03E44
412	EN-PRE-069	0x058C9	$98BB	E1	$8205	FDC03E44
412	EN-PRE-069	0x058C9	$98BC	E2	$8205	FDC03E44
412	EN-PRE-069	0x058C9	$98BD	E3	$8205	FDC03E44
412	EN-PRE-076	0x0591E	$990E	C2	$8205	FDC03E44
412	EN-PRE-076	0x0591E	$990F	D0	$8205	FDC03E44
412	EN-PRE-076	0x0591E	$9910	E0	$8205	FDC03E44
412	EN-PRE-076	0x0591E	$9911	E2	$8205	FDC03E44
412	EN-PRE-076	0x0591E	$9912	E3	$8205	FDC03E44
412	EN-PRE-076	0x0591E	$9913	C3	$8205	FDC03E44
412	EN-PRE-076	0x0591E	$9914	D1	$8205	FDC03E44
412	EN-PRE-076	0x0591E	$9915	E1	$8205	FDC03E44
414	EN-PRE-112	0x05AEB	$9ADE	C0	$8205	FDC03E44
414	EN-PRE-112	0x05AEB	$9ADF	C1	$8205	FDC03E44
414	EN-PRE-112	0x05AEB	$9AE0	D0	$8205	FDC03E44
414	EN-PRE-112	0x05AEB	$9AE1	D1	$8205	FDC03E44
414	EN-PRE-112	0x05AEB	$9AE2	E0	$8205	FDC03E44
414	EN-PRE-112	0x05AEB	$9AE3	E1	$8205	FDC03E44
414	EN-PRE-076	0x0591E	$990E	C2	$8205	FDC03E44
414	EN-PRE-076	0x0591E	$990F	D0	$8205	FDC03E44
414	EN-PRE-076	0x0591E	$9910	E0	$8205	FDC03E44
414	EN-PRE-076	0x0591E	$9911	E2	$8205	FDC03E44
414	EN-PRE-076	0x0591E	$9912	E3	$8205	FDC03E44
414	EN-PRE-076	0x0591E	$9913	C3	$8205	FDC03E44
414	EN-PRE-076	0x0591E	$9914	D1	$8205	FDC03E44
414	EN-PRE-076	0x0591E	$9915	E1	$8205	FDC03E44
416	EN-PRE-112	0x05AEB	$9ADE	C0	$8205	FDC03E44
416	EN-PRE-112	0x05AEB	$9ADF	C1	$8205	FDC03E44
416	EN-PRE-112	0x05AEB	$9AE0	D0	$8205	FDC03E44
416	EN-PRE-112	0x05AEB	$9AE1	D1	$8205	FDC03E44
416	EN-PRE-112	0x05AEB	$9AE2	E0	$8205	FDC03E44
416	EN-PRE-112	0x05AEB	$9AE3	E1	$8205	FDC03E44
416	EN-PRE-076	0x0591E	$990E	C2	$8205	FDC03E44
416	EN-PRE-076	0x0591E	$990F	D0	$8205	FDC03E44
416	EN-PRE-076	0x0591E	$9910	E0	$8205	FDC03E44
416	EN-PRE-076	0x0591E	$9911	E2	$8205	FDC03E44
416	EN-PRE-076	0x0591E	$9912	E3	$8205	FDC03E44
416	EN-PRE-076	0x0591E	$9913	C3	$8205	FDC03E44
416	EN-PRE-076	0x0591E	$9914	D1	$8205	FDC03E44
416	EN-PRE-076	0x0591E	$9915	E1	$8205	FDC03E44
418	EN-PRE-112	0x05AEB	$9ADE	C0	$8205	FDC03E44
418	EN-PRE-112	0x05AEB	$9ADF	C1	$8205	FDC03E44
418	EN-PRE-112	0x05AEB	$9AE0	D0	$8205	FDC03E44
418	EN-PRE-112	0x05AEB	$9AE1	D1	$8205	FDC03E44
418	EN-PRE-112	0x05AEB	$9AE2	E0	$8205	FDC03E44
418	EN-PRE-112	0x05AEB	$9AE3	E1	$8205	FDC03E44
418	EN-PRE-075	0x05914	$9906	C2	$8205	FDC03E44
418	EN-PRE-169	0x05C7B	$9C6D	00	$8209	FDC03E44
418	EN-PRE-075	0x05914	$9907	C3	$8205	FDC03E44
418	EN-PRE-169	0x05C7B	$9C6E	00	$8209	FDC03E44
418	EN-PRE-075	0x05914	$9908	D0	$8205	FDC03E44
418	EN-PRE-169	0x05C7B	$9C6F	02	$8209	FDC03E44
418	EN-PRE-075	0x05914	$9909	D1	$8205	FDC03E44
418	EN-PRE-169	0x05C7B	$9C70	02	$8209	FDC03E44
418	EN-PRE-075	0x05914	$990A	E0	$8205	FDC03E44
418	EN-PRE-169	0x05C7B	$9C71	02	$8209	FDC03E44
418	EN-PRE-075	0x05914	$990B	E1	$8205	FDC03E44
418	EN-PRE-169	0x05C7B	$9C72	02	$8209	FDC03E44
418	EN-PRE-075	0x05914	$990C	F0	$8205	FDC03E44
418	EN-PRE-169	0x05C7B	$9C73	02	$8209	FDC03E44
418	EN-PRE-075	0x05914	$990D	F1	$8205	FDC03E44
420	EN-PRE-069	0x058C9	$98BE	C0	$8205	FDC03E44
420	EN-PRE-069	0x058C9	$98BF	C1	$8205	FDC03E44
420	EN-PRE-069	0x058C9	$98C0	D0	$8205	FDC03E44
420	EN-PRE-069	0x058C9	$98C1	D1	$8205	FDC03E44
420	EN-PRE-069	0x058C9	$98C2	E0	$8205	FDC03E44
420	EN-PRE-069	0x058C9	$98C3	E1	$8205	FDC03E44
420	EN-PRE-069	0x058C9	$98C4	F2	$8205	FDC03E44
420	EN-PRE-069	0x058C9	$98C5	F3	$8205	FDC03E44
420	EN-PRE-075	0x05914	$9906	C2	$8205	FDC03E44
420	EN-PRE-169	0x05C7B	$9C6D	00	$8209	FDC03E44
420	EN-PRE-075	0x05914	$9907	C3	$8205	FDC03E44
420	EN-PRE-169	0x05C7B	$9C6E	00	$8209	FDC03E44
420	EN-PRE-075	0x05914	$9908	D0	$8205	FDC03E44
420	EN-PRE-169	0x05C7B	$9C6F	02	$8209	FDC03E44
420	EN-PRE-075	0x05914	$9909	D1	$8205	FDC03E44
420	EN-PRE-169	0x05C7B	$9C70	02	$8209	FDC03E44
420	EN-PRE-075	0x05914	$990A	E0	$8205	FDC03E44
420	EN-PRE-169	0x05C7B	$9C71	02	$8209	FDC03E44
420	EN-PRE-075	0x05914	$990B	E1	$8205	FDC03E44
420	EN-PRE-169	0x05C7B	$9C72	02	$8209	FDC03E44
420	EN-PRE-075	0x05914	$990C	F0	$8205	FDC03E44
420	EN-PRE-169	0x05C7B	$9C73	02	$8209	FDC03E44
420	EN-PRE-075	0x05914	$990D	F1	$8205	FDC03E44
422	EN-PRE-069	0x058C9	$98BE	C0	$8205	FDC03E44
422	EN-PRE-069	0x058C9	$98BF	C1	$8205	FDC03E44
422	EN-PRE-069	0x058C9	$98C0	D0	$8205	FDC03E44
422	EN-PRE-069	0x058C9	$98C1	D1	$8205	FDC03E44
422	EN-PRE-069	0x058C9	$98C2	E0	$8205	FDC03E44
422	EN-PRE-069	0x058C9	$98C3	E1	$8205	FDC03E44
422	EN-PRE-069	0x058C9	$98C4	F2	$8205	FDC03E44
422	EN-PRE-069	0x058C9	$98C5	F3	$8205	FDC03E44
422	EN-PRE-075	0x05914	$9906	C2	$8205	FDC03E44
422	EN-PRE-169	0x05C7B	$9C6D	00	$8209	FDC03E44
422	EN-PRE-075	0x05914	$9907	C3	$8205	FDC03E44
422	EN-PRE-169	0x05C7B	$9C6E	00	$8209	FDC03E44
422	EN-PRE-075	0x05914	$9908	D0	$8205	FDC03E44
422	EN-PRE-169	0x05C7B	$9C6F	02	$8209	FDC03E44
422	EN-PRE-075	0x05914	$9909	D1	$8205	FDC03E44
422	EN-PRE-169	0x05C7B	$9C70	02	$8209	FDC03E44
422	EN-PRE-075	0x05914	$990A	E0	$8205	FDC03E44
422	EN-PRE-169	0x05C7B	$9C71	02	$8209	FDC03E44
422	EN-PRE-075	0x05914	$990B	E1	$8205	FDC03E44
422	EN-PRE-169	0x05C7B	$9C72	02	$8209	FDC03E44
422	EN-PRE-075	0x05914	$990C	F0	$8205	FDC03E44
422	EN-PRE-169	0x05C7B	$9C73	02	$8209	FDC03E44
422	EN-PRE-075	0x05914	$990D	F1	$8205	FDC03E44
424	EN-PRE-069	0x058C9	$98BE	C0	$8205	FDC03E44
424	EN-PRE-069	0x058C9	$98BF	C1	$8205	FDC03E44
424	EN-PRE-069	0x058C9	$98C0	D0	$8205	FDC03E44
424	EN-PRE-069	0x058C9	$98C1	D1	$8205	FDC03E44
424	EN-PRE-069	0x058C9	$98C2	E0	$8205	FDC03E44
424	EN-PRE-069	0x058C9	$98C3	E1	$8205	FDC03E44
424	EN-PRE-069	0x058C9	$98C4	F2	$8205	FDC03E44
424	EN-PRE-069	0x058C9	$98C5	F3	$8205	FDC03E44
424	EN-PRE-085	0x0596E	$995E	C2	$8205	FDC03E44
424	EN-PRE-169	0x05C7B	$9C6D	00	$8209	FDC03E44
424	EN-PRE-085	0x0596E	$995F	C3	$8205	FDC03E44
424	EN-PRE-169	0x05C7B	$9C6E	00	$8209	FDC03E44
424	EN-PRE-085	0x0596E	$9960	D0	$8205	FDC03E44
424	EN-PRE-169	0x05C7B	$9C6F	02	$8209	FDC03E44
424	EN-PRE-085	0x0596E	$9961	D1	$8205	FDC03E44
424	EN-PRE-169	0x05C7B	$9C70	02	$8209	FDC03E44
424	EN-PRE-086	0x05972	$9962	E0	$8205	FDC03E44
424	EN-PRE-169	0x05C7B	$9C71	02	$8209	FDC03E44
424	EN-PRE-087	0x05973	$9963	E1	$8205	FDC03E44
424	EN-PRE-169	0x05C7B	$9C72	02	$8209	FDC03E44
424	EN-PRE-087	0x05973	$9964	F2	$8205	FDC03E44
424	EN-PRE-169	0x05C7B	$9C73	02	$8209	FDC03E44
424	EN-PRE-087	0x05973	$9965	F3	$8205	FDC03E44
426	EN-PRE-069	0x058C9	$98BE	C0	$8205	FDC03E44
426	EN-PRE-069	0x058C9	$98BF	C1	$8205	FDC03E44
426	EN-PRE-069	0x058C9	$98C0	D0	$8205	FDC03E44
426	EN-PRE-069	0x058C9	$98C1	D1	$8205	FDC03E44
426	EN-PRE-069	0x058C9	$98C2	E0	$8205	FDC03E44
426	EN-PRE-069	0x058C9	$98C3	E1	$8205	FDC03E44
426	EN-PRE-069	0x058C9	$98C4	F2	$8205	FDC03E44
426	EN-PRE-069	0x058C9	$98C5	F3	$8205	FDC03E44
426	EN-PRE-085	0x0596E	$995E	C2	$8205	FDC03E44
426	EN-PRE-169	0x05C7B	$9C6D	00	$8209	FDC03E44
426	EN-PRE-085	0x0596E	$995F	C3	$8205	FDC03E44
426	EN-PRE-169	0x05C7B	$9C6E	00	$8209	FDC03E44
426	EN-PRE-085	0x0596E	$9960	D0	$8205	FDC03E44
426	EN-PRE-169	0x05C7B	$9C6F	02	$8209	FDC03E44
426	EN-PRE-085	0x0596E	$9961	D1	$8205	FDC03E44
426	EN-PRE-169	0x05C7B	$9C70	02	$8209	FDC03E44
426	EN-PRE-086	0x05972	$9962	E0	$8205	FDC03E44
426	EN-PRE-169	0x05C7B	$9C71	02	$8209	FDC03E44
426	EN-PRE-087	0x05973	$9963	E1	$8205	FDC03E44
426	EN-PRE-169	0x05C7B	$9C72	02	$8209	FDC03E44
426	EN-PRE-087	0x05973	$9964	F2	$8205	FDC03E44
426	EN-PRE-169	0x05C7B	$9C73	02	$8209	FDC03E44
426	EN-PRE-087	0x05973	$9965	F3	$8205	FDC03E44
428	EN-PRE-112	0x05AEB	$9ADE	C0	$8205	FDC03E44
428	EN-PRE-112	0x05AEB	$9ADF	C1	$8205	FDC03E44
428	EN-PRE-112	0x05AEB	$9AE0	D0	$8205	FDC03E44
428	EN-PRE-112	0x05AEB	$9AE1	D1	$8205	FDC03E44
428	EN-PRE-112	0x05AEB	$9AE2	E0	$8205	FDC03E44
428	EN-PRE-112	0x05AEB	$9AE3	E1	$8205	FDC03E44
428	EN-PRE-085	0x0596E	$995E	C2	$8205	FDC03E44
428	EN-PRE-169	0x05C7B	$9C6D	00	$8209	FDC03E44
428	EN-PRE-085	0x0596E	$995F	C3	$8205	FDC03E44
428	EN-PRE-169	0x05C7B	$9C6E	00	$8209	FDC03E44
428	EN-PRE-085	0x0596E	$9960	D0	$8205	FDC03E44
428	EN-PRE-169	0x05C7B	$9C6F	02	$8209	FDC03E44
428	EN-PRE-085	0x0596E	$9961	D1	$8205	FDC03E44
428	EN-PRE-169	0x05C7B	$9C70	02	$8209	FDC03E44
428	EN-PRE-086	0x05972	$9962	E0	$8205	FDC03E44
428	EN-PRE-169	0x05C7B	$9C71	02	$8209	FDC03E44
428	EN-PRE-087	0x05973	$9963	E1	$8205	FDC03E44
428	EN-PRE-169	0x05C7B	$9C72	02	$8209	FDC03E44
428	EN-PRE-087	0x05973	$9964	F2	$8205	FDC03E44
428	EN-PRE-169	0x05C7B	$9C73	02	$8209	FDC03E44
428	EN-PRE-087	0x05973	$9965	F3	$8205	FDC03E44
430	EN-PRE-112	0x05AEB	$9ADE	C0	$8205	FDC03E44
430	EN-PRE-112	0x05AEB	$9ADF	C1	$8205	FDC03E44
430	EN-PRE-112	0x05AEB	$9AE0	D0	$8205	FDC03E44
430	EN-PRE-112	0x05AEB	$9AE1	D1	$8205	FDC03E44
430	EN-PRE-112	0x05AEB	$9AE2	E0	$8205	FDC03E44
430	EN-PRE-112	0x05AEB	$9AE3	E1	$8205	FDC03E44
430	EN-PRE-085	0x0596E	$995E	C2	$8205	FDC03E44
430	EN-PRE-169	0x05C7B	$9C6D	00	$8209	FDC03E44
430	EN-PRE-085	0x0596E	$995F	C3	$8205	FDC03E44
430	EN-PRE-169	0x05C7B	$9C6E	00	$8209	FDC03E44
430	EN-PRE-085	0x0596E	$9960	D0	$8205	FDC03E44
430	EN-PRE-169	0x05C7B	$9C6F	02	$8209	FDC03E44
430	EN-PRE-085	0x0596E	$9961	D1	$8205	FDC03E44
430	EN-PRE-169	0x05C7B	$9C70	02	$8209	FDC03E44
430	EN-PRE-086	0x05972	$9962	E0	$8205	FDC03E44
430	EN-PRE-169	0x05C7B	$9C71	02	$8209	FDC03E44
430	EN-PRE-087	0x05973	$9963	E1	$8205	FDC03E44
430	EN-PRE-169	0x05C7B	$9C72	02	$8209	FDC03E44
430	EN-PRE-087	0x05973	$9964	F2	$8205	FDC03E44
430	EN-PRE-169	0x05C7B	$9C73	02	$8209	FDC03E44
430	EN-PRE-087	0x05973	$9965	F3	$8205	FDC03E44
432	EN-PRE-112	0x05AEB	$9ADE	C0	$8205	FDC03E44
432	EN-PRE-112	0x05AEB	$9ADF	C1	$8205	FDC03E44
432	EN-PRE-112	0x05AEB	$9AE0	D0	$8205	FDC03E44
432	EN-PRE-112	0x05AEB	$9AE1	D1	$8205	FDC03E44
432	EN-PRE-112	0x05AEB	$9AE2	E0	$8205	FDC03E44
432	EN-PRE-112	0x05AEB	$9AE3	E1	$8205	FDC03E44
432	EN-PRE-075	0x05914	$9906	C2	$8205	FDC03E44
432	EN-PRE-169	0x05C7B	$9C6D	00	$8209	FDC03E44
432	EN-PRE-075	0x05914	$9907	C3	$8205	FDC03E44
432	EN-PRE-169	0x05C7B	$9C6E	00	$8209	FDC03E44
432	EN-PRE-075	0x05914	$9908	D0	$8205	FDC03E44
432	EN-PRE-169	0x05C7B	$9C6F	02	$8209	FDC03E44
432	EN-PRE-075	0x05914	$9909	D1	$8205	FDC03E44
432	EN-PRE-169	0x05C7B	$9C70	02	$8209	FDC03E44
432	EN-PRE-075	0x05914	$990A	E0	$8205	FDC03E44
432	EN-PRE-169	0x05C7B	$9C71	02	$8209	FDC03E44
432	EN-PRE-075	0x05914	$990B	E1	$8205	FDC03E44
432	EN-PRE-169	0x05C7B	$9C72	02	$8209	FDC03E44
432	EN-PRE-075	0x05914	$990C	F0	$8205	FDC03E44
432	EN-PRE-169	0x05C7B	$9C73	02	$8209	FDC03E44
432	EN-PRE-075	0x05914	$990D	F1	$8205	FDC03E44
434	EN-PRE-068	0x058C4	$98B6	C0	$8205	FDC03E44
434	EN-PRE-068	0x058C4	$98B7	C1	$8205	FDC03E44
434	EN-PRE-068	0x058C4	$98B8	D0	$8205	FDC03E44
434	EN-PRE-069	0x058C9	$98B9	D1	$8205	FDC03E44
434	EN-PRE-069	0x058C9	$98BA	E0	$8205	FDC03E44
434	EN-PRE-069	0x058C9	$98BB	E1	$8205	FDC03E44
434	EN-PRE-069	0x058C9	$98BC	E2	$8205	FDC03E44
434	EN-PRE-069	0x058C9	$98BD	E3	$8205	FDC03E44
434	EN-PRE-075	0x05914	$9906	C2	$8205	FDC03E44
434	EN-PRE-169	0x05C7B	$9C6D	00	$8209	FDC03E44
434	EN-PRE-075	0x05914	$9907	C3	$8205	FDC03E44
434	EN-PRE-169	0x05C7B	$9C6E	00	$8209	FDC03E44
434	EN-PRE-075	0x05914	$9908	D0	$8205	FDC03E44
434	EN-PRE-169	0x05C7B	$9C6F	02	$8209	FDC03E44
434	EN-PRE-075	0x05914	$9909	D1	$8205	FDC03E44
434	EN-PRE-169	0x05C7B	$9C70	02	$8209	FDC03E44
434	EN-PRE-075	0x05914	$990A	E0	$8205	FDC03E44
434	EN-PRE-169	0x05C7B	$9C71	02	$8209	FDC03E44
434	EN-PRE-075	0x05914	$990B	E1	$8205	FDC03E44
434	EN-PRE-169	0x05C7B	$9C72	02	$8209	FDC03E44
434	EN-PRE-075	0x05914	$990C	F0	$8205	FDC03E44
434	EN-PRE-169	0x05C7B	$9C73	02	$8209	FDC03E44
434	EN-PRE-075	0x05914	$990D	F1	$8205	FDC03E44
436	EN-PRE-068	0x058C4	$98B6	C0	$8205	FDC03E44
436	EN-PRE-068	0x058C4	$98B7	C1	$8205	FDC03E44
436	EN-PRE-068	0x058C4	$98B8	D0	$8205	FDC03E44
436	EN-PRE-069	0x058C9	$98B9	D1	$8205	FDC03E44
436	EN-PRE-069	0x058C9	$98BA	E0	$8205	FDC03E44
436	EN-PRE-069	0x058C9	$98BB	E1	$8205	FDC03E44
436	EN-PRE-069	0x058C9	$98BC	E2	$8205	FDC03E44
436	EN-PRE-069	0x058C9	$98BD	E3	$8205	FDC03E44
436	EN-PRE-075	0x05914	$9906	C2	$8205	FDC03E44
436	EN-PRE-169	0x05C7B	$9C6D	00	$8209	FDC03E44
436	EN-PRE-075	0x05914	$9907	C3	$8205	FDC03E44
436	EN-PRE-169	0x05C7B	$9C6E	00	$8209	FDC03E44
436	EN-PRE-075	0x05914	$9908	D0	$8205	FDC03E44
436	EN-PRE-169	0x05C7B	$9C6F	02	$8209	FDC03E44
436	EN-PRE-075	0x05914	$9909	D1	$8205	FDC03E44
436	EN-PRE-169	0x05C7B	$9C70	02	$8209	FDC03E44
436	EN-PRE-075	0x05914	$990A	E0	$8205	FDC03E44
436	EN-PRE-169	0x05C7B	$9C71	02	$8209	FDC03E44
436	EN-PRE-075	0x05914	$990B	E1	$8205	FDC03E44
436	EN-PRE-169	0x05C7B	$9C72	02	$8209	FDC03E44
436	EN-PRE-075	0x05914	$990C	F0	$8205	FDC03E44
436	EN-PRE-169	0x05C7B	$9C73	02	$8209	FDC03E44
436	EN-PRE-075	0x05914	$990D	F1	$8205	FDC03E44
438	EN-PRE-068	0x058C4	$98B6	C0	$8205	FDC03E44
438	EN-PRE-068	0x058C4	$98B7	C1	$8205	FDC03E44
438	EN-PRE-068	0x058C4	$98B8	D0	$8205	FDC03E44
438	EN-PRE-069	0x058C9	$98B9	D1	$8205	FDC03E44
438	EN-PRE-069	0x058C9	$98BA	E0	$8205	FDC03E44
438	EN-PRE-069	0x058C9	$98BB	E1	$8205	FDC03E44
438	EN-PRE-069	0x058C9	$98BC	E2	$8205	FDC03E44
438	EN-PRE-069	0x058C9	$98BD	E3	$8205	FDC03E44
438	EN-PRE-076	0x0591E	$990E	C2	$8205	FDC03E44
438	EN-PRE-076	0x0591E	$990F	D0	$8205	FDC03E44
438	EN-PRE-076	0x0591E	$9910	E0	$8205	FDC03E44
438	EN-PRE-076	0x0591E	$9911	E2	$8205	FDC03E44
438	EN-PRE-076	0x0591E	$9912	E3	$8205	FDC03E44
438	EN-PRE-076	0x0591E	$9913	C3	$8205	FDC03E44
438	EN-PRE-076	0x0591E	$9914	D1	$8205	FDC03E44
438	EN-PRE-076	0x0591E	$9915	E1	$8205	FDC03E44
440	EN-PRE-112	0x05AEB	$9ADE	C0	$8205	FDC03E44
440	EN-PRE-112	0x05AEB	$9ADF	C1	$8205	FDC03E44
440	EN-PRE-112	0x05AEB	$9AE0	D0	$8205	FDC03E44
440	EN-PRE-112	0x05AEB	$9AE1	D1	$8205	FDC03E44
440	EN-PRE-112	0x05AEB	$9AE2	E0	$8205	FDC03E44
440	EN-PRE-112	0x05AEB	$9AE3	E1	$8205	FDC03E44
440	EN-PRE-076	0x0591E	$990E	C2	$8205	FDC03E44
440	EN-PRE-076	0x0591E	$990F	D0	$8205	FDC03E44
440	EN-PRE-076	0x0591E	$9910	E0	$8205	FDC03E44
440	EN-PRE-076	0x0591E	$9911	E2	$8205	FDC03E44
440	EN-PRE-076	0x0591E	$9912	E3	$8205	FDC03E44
440	EN-PRE-076	0x0591E	$9913	C3	$8205	FDC03E44
440	EN-PRE-076	0x0591E	$9914	D1	$8205	FDC03E44
440	EN-PRE-076	0x0591E	$9915	E1	$8205	FDC03E44
442	EN-PRE-112	0x05AEB	$9ADE	C0	$8205	FDC03E44
442	EN-PRE-112	0x05AEB	$9ADF	C1	$8205	FDC03E44
442	EN-PRE-112	0x05AEB	$9AE0	D0	$8205	FDC03E44
442	EN-PRE-112	0x05AEB	$9AE1	D1	$8205	FDC03E44
442	EN-PRE-112	0x05AEB	$9AE2	E0	$8205	FDC03E44
442	EN-PRE-112	0x05AEB	$9AE3	E1	$8205	FDC03E44
442	EN-PRE-076	0x0591E	$990E	C2	$8205	FDC03E44
442	EN-PRE-076	0x0591E	$990F	D0	$8205	FDC03E44
442	EN-PRE-076	0x0591E	$9910	E0	$8205	FDC03E44
442	EN-PRE-076	0x0591E	$9911	E2	$8205	FDC03E44
442	EN-PRE-076	0x0591E	$9912	E3	$8205	FDC03E44
442	EN-PRE-076	0x0591E	$9913	C3	$8205	FDC03E44
442	EN-PRE-076	0x0591E	$9914	D1	$8205	FDC03E44
442	EN-PRE-076	0x0591E	$9915	E1	$8205	FDC03E44
444	EN-PRE-112	0x05AEB	$9ADE	C0	$8205	FDC03E44
444	EN-PRE-112	0x05AEB	$9ADF	C1	$8205	FDC03E44
444	EN-PRE-112	0x05AEB	$9AE0	D0	$8205	FDC03E44
444	EN-PRE-112	0x05AEB	$9AE1	D1	$8205	FDC03E44
444	EN-PRE-112	0x05AEB	$9AE2	E0	$8205	FDC03E44
444	EN-PRE-112	0x05AEB	$9AE3	E1	$8205	FDC03E44
444	EN-PRE-075	0x05914	$9906	C2	$8205	FDC03E44
444	EN-PRE-169	0x05C7B	$9C6D	00	$8209	FDC03E44
444	EN-PRE-075	0x05914	$9907	C3	$8205	FDC03E44
444	EN-PRE-169	0x05C7B	$9C6E	00	$8209	FDC03E44
444	EN-PRE-075	0x05914	$9908	D0	$8205	FDC03E44
444	EN-PRE-169	0x05C7B	$9C6F	02	$8209	FDC03E44
444	EN-PRE-075	0x05914	$9909	D1	$8205	FDC03E44
444	EN-PRE-169	0x05C7B	$9C70	02	$8209	FDC03E44
444	EN-PRE-075	0x05914	$990A	E0	$8205	FDC03E44
444	EN-PRE-169	0x05C7B	$9C71	02	$8209	FDC03E44
444	EN-PRE-075	0x05914	$990B	E1	$8205	FDC03E44
444	EN-PRE-169	0x05C7B	$9C72	02	$8209	FDC03E44
444	EN-PRE-075	0x05914	$990C	F0	$8205	FDC03E44
444	EN-PRE-169	0x05C7B	$9C73	02	$8209	FDC03E44
444	EN-PRE-075	0x05914	$990D	F1	$8205	FDC03E44
446	EN-PRE-069	0x058C9	$98BE	C0	$8205	FDC03E44
446	EN-PRE-069	0x058C9	$98BF	C1	$8205	FDC03E44
446	EN-PRE-069	0x058C9	$98C0	D0	$8205	FDC03E44
446	EN-PRE-069	0x058C9	$98C1	D1	$8205	FDC03E44
446	EN-PRE-069	0x058C9	$98C2	E0	$8205	FDC03E44
446	EN-PRE-069	0x058C9	$98C3	E1	$8205	FDC03E44
446	EN-PRE-069	0x058C9	$98C4	F2	$8205	FDC03E44
446	EN-PRE-069	0x058C9	$98C5	F3	$8205	FDC03E44
446	EN-PRE-075	0x05914	$9906	C2	$8205	FDC03E44
446	EN-PRE-169	0x05C7B	$9C6D	00	$8209	FDC03E44
446	EN-PRE-075	0x05914	$9907	C3	$8205	FDC03E44
446	EN-PRE-169	0x05C7B	$9C6E	00	$8209	FDC03E44
446	EN-PRE-075	0x05914	$9908	D0	$8205	FDC03E44
446	EN-PRE-169	0x05C7B	$9C6F	02	$8209	FDC03E44
446	EN-PRE-075	0x05914	$9909	D1	$8205	FDC03E44
446	EN-PRE-169	0x05C7B	$9C70	02	$8209	FDC03E44
446	EN-PRE-075	0x05914	$990A	E0	$8205	FDC03E44
446	EN-PRE-169	0x05C7B	$9C71	02	$8209	FDC03E44
446	EN-PRE-075	0x05914	$990B	E1	$8205	FDC03E44
446	EN-PRE-169	0x05C7B	$9C72	02	$8209	FDC03E44
446	EN-PRE-075	0x05914	$990C	F0	$8205	FDC03E44
446	EN-PRE-169	0x05C7B	$9C73	02	$8209	FDC03E44
446	EN-PRE-075	0x05914	$990D	F1	$8205	FDC03E44
448	EN-PRE-069	0x058C9	$98BE	C0	$8205	FDC03E44
448	EN-PRE-069	0x058C9	$98BF	C1	$8205	FDC03E44
448	EN-PRE-069	0x058C9	$98C0	D0	$8205	FDC03E44
448	EN-PRE-069	0x058C9	$98C1	D1	$8205	FDC03E44
448	EN-PRE-069	0x058C9	$98C2	E0	$8205	FDC03E44
448	EN-PRE-069	0x058C9	$98C3	E1	$8205	FDC03E44
448	EN-PRE-069	0x058C9	$98C4	F2	$8205	FDC03E44
448	EN-PRE-069	0x058C9	$98C5	F3	$8205	FDC03E44
448	EN-PRE-075	0x05914	$9906	C2	$8205	FDC03E44
448	EN-PRE-169	0x05C7B	$9C6D	00	$8209	FDC03E44
448	EN-PRE-075	0x05914	$9907	C3	$8205	FDC03E44
448	EN-PRE-169	0x05C7B	$9C6E	00	$8209	FDC03E44
448	EN-PRE-075	0x05914	$9908	D0	$8205	FDC03E44
448	EN-PRE-169	0x05C7B	$9C6F	02	$8209	FDC03E44
448	EN-PRE-075	0x05914	$9909	D1	$8205	FDC03E44
448	EN-PRE-169	0x05C7B	$9C70	02	$8209	FDC03E44
448	EN-PRE-075	0x05914	$990A	E0	$8205	FDC03E44
448	EN-PRE-169	0x05C7B	$9C71	02	$8209	FDC03E44
448	EN-PRE-075	0x05914	$990B	E1	$8205	FDC03E44
448	EN-PRE-169	0x05C7B	$9C72	02	$8209	FDC03E44
448	EN-PRE-075	0x05914	$990C	F0	$8205	FDC03E44
448	EN-PRE-169	0x05C7B	$9C73	02	$8209	FDC03E44
448	EN-PRE-075	0x05914	$990D	F1	$8205	FDC03E44
450	EN-PRE-069	0x058C9	$98BE	C0	$8205	FDC03E44
450	EN-PRE-069	0x058C9	$98BF	C1	$8205	FDC03E44
450	EN-PRE-069	0x058C9	$98C0	D0	$8205	FDC03E44
450	EN-PRE-069	0x058C9	$98C1	D1	$8205	FDC03E44
450	EN-PRE-069	0x058C9	$98C2	E0	$8205	FDC03E44
450	EN-PRE-069	0x058C9	$98C3	E1	$8205	FDC03E44
450	EN-PRE-069	0x058C9	$98C4	F2	$8205	FDC03E44
450	EN-PRE-069	0x058C9	$98C5	F3	$8205	FDC03E44
450	EN-PRE-085	0x0596E	$995E	C2	$8205	FDC03E44
450	EN-PRE-169	0x05C7B	$9C6D	00	$8209	FDC03E44
450	EN-PRE-085	0x0596E	$995F	C3	$8205	FDC03E44
450	EN-PRE-169	0x05C7B	$9C6E	00	$8209	FDC03E44
450	EN-PRE-085	0x0596E	$9960	D0	$8205	FDC03E44
450	EN-PRE-169	0x05C7B	$9C6F	02	$8209	FDC03E44
450	EN-PRE-085	0x0596E	$9961	D1	$8205	FDC03E44
450	EN-PRE-169	0x05C7B	$9C70	02	$8209	FDC03E44
450	EN-PRE-086	0x05972	$9962	E0	$8205	FDC03E44
450	EN-PRE-169	0x05C7B	$9C71	02	$8209	FDC03E44
450	EN-PRE-087	0x05973	$9963	E1	$8205	FDC03E44
450	EN-PRE-169	0x05C7B	$9C72	02	$8209	FDC03E44
450	EN-PRE-087	0x05973	$9964	F2	$8205	FDC03E44
450	EN-PRE-169	0x05C7B	$9C73	02	$8209	FDC03E44
450	EN-PRE-087	0x05973	$9965	F3	$8205	FDC03E44
452	EN-PRE-069	0x058C9	$98BE	C0	$8205	FDC03E44
452	EN-PRE-069	0x058C9	$98BF	C1	$8205	FDC03E44
452	EN-PRE-069	0x058C9	$98C0	D0	$8205	FDC03E44
452	EN-PRE-069	0x058C9	$98C1	D1	$8205	FDC03E44
452	EN-PRE-069	0x058C9	$98C2	E0	$8205	FDC03E44
452	EN-PRE-069	0x058C9	$98C3	E1	$8205	FDC03E44
452	EN-PRE-069	0x058C9	$98C4	F2	$8205	FDC03E44
452	EN-PRE-069	0x058C9	$98C5	F3	$8205	FDC03E44
452	EN-PRE-085	0x0596E	$995E	C2	$8205	FDC03E44
452	EN-PRE-169	0x05C7B	$9C6D	00	$8209	FDC03E44
452	EN-PRE-085	0x0596E	$995F	C3	$8205	FDC03E44
452	EN-PRE-169	0x05C7B	$9C6E	00	$8209	FDC03E44
452	EN-PRE-085	0x0596E	$9960	D0	$8205	FDC03E44
452	EN-PRE-169	0x05C7B	$9C6F	02	$8209	FDC03E44
452	EN-PRE-085	0x0596E	$9961	D1	$8205	FDC03E44
452	EN-PRE-169	0x05C7B	$9C70	02	$8209	FDC03E44
452	EN-PRE-086	0x05972	$9962	E0	$8205	FDC03E44
452	EN-PRE-169	0x05C7B	$9C71	02	$8209	FDC03E44
452	EN-PRE-087	0x05973	$9963	E1	$8205	FDC03E44
452	EN-PRE-169	0x05C7B	$9C72	02	$8209	FDC03E44
452	EN-PRE-087	0x05973	$9964	F2	$8205	FDC03E44
452	EN-PRE-169	0x05C7B	$9C73	02	$8209	FDC03E44
452	EN-PRE-087	0x05973	$9965	F3	$8205	FDC03E44
454	EN-PRE-112	0x05AEB	$9ADE	C0	$8205	FDC03E44
454	EN-PRE-112	0x05AEB	$9ADF	C1	$8205	FDC03E44
454	EN-PRE-112	0x05AEB	$9AE0	D0	$8205	FDC03E44
454	EN-PRE-112	0x05AEB	$9AE1	D1	$8205	FDC03E44
454	EN-PRE-112	0x05AEB	$9AE2	E0	$8205	FDC03E44
454	EN-PRE-112	0x05AEB	$9AE3	E1	$8205	FDC03E44
454	EN-PRE-085	0x0596E	$995E	C2	$8205	FDC03E44
454	EN-PRE-169	0x05C7B	$9C6D	00	$8209	FDC03E44
454	EN-PRE-085	0x0596E	$995F	C3	$8205	FDC03E44
454	EN-PRE-169	0x05C7B	$9C6E	00	$8209	FDC03E44
454	EN-PRE-085	0x0596E	$9960	D0	$8205	FDC03E44
454	EN-PRE-169	0x05C7B	$9C6F	02	$8209	FDC03E44
454	EN-PRE-085	0x0596E	$9961	D1	$8205	FDC03E44
454	EN-PRE-169	0x05C7B	$9C70	02	$8209	FDC03E44
454	EN-PRE-086	0x05972	$9962	E0	$8205	FDC03E44
454	EN-PRE-169	0x05C7B	$9C71	02	$8209	FDC03E44
454	EN-PRE-087	0x05973	$9963	E1	$8205	FDC03E44
454	EN-PRE-169	0x05C7B	$9C72	02	$8209	FDC03E44
454	EN-PRE-087	0x05973	$9964	F2	$8205	FDC03E44
454	EN-PRE-169	0x05C7B	$9C73	02	$8209	FDC03E44
454	EN-PRE-087	0x05973	$9965	F3	$8205	FDC03E44
456	EN-PRE-112	0x05AEB	$9ADE	C0	$8205	FDC03E44
456	EN-PRE-112	0x05AEB	$9ADF	C1	$8205	FDC03E44
456	EN-PRE-112	0x05AEB	$9AE0	D0	$8205	FDC03E44
456	EN-PRE-112	0x05AEB	$9AE1	D1	$8205	FDC03E44
456	EN-PRE-112	0x05AEB	$9AE2	E0	$8205	FDC03E44
456	EN-PRE-112	0x05AEB	$9AE3	E1	$8205	FDC03E44
456	EN-PRE-085	0x0596E	$995E	C2	$8205	FDC03E44
456	EN-PRE-169	0x05C7B	$9C6D	00	$8209	FDC03E44
456	EN-PRE-085	0x0596E	$995F	C3	$8205	FDC03E44
456	EN-PRE-169	0x05C7B	$9C6E	00	$8209	FDC03E44
456	EN-PRE-085	0x0596E	$9960	D0	$8205	FDC03E44
456	EN-PRE-169	0x05C7B	$9C6F	02	$8209	FDC03E44
456	EN-PRE-085	0x0596E	$9961	D1	$8205	FDC03E44
456	EN-PRE-169	0x05C7B	$9C70	02	$8209	FDC03E44
456	EN-PRE-086	0x05972	$9962	E0	$8205	FDC03E44
456	EN-PRE-169	0x05C7B	$9C71	02	$8209	FDC03E44
456	EN-PRE-087	0x05973	$9963	E1	$8205	FDC03E44
456	EN-PRE-169	0x05C7B	$9C72	02	$8209	FDC03E44
456	EN-PRE-087	0x05973	$9964	F2	$8205	FDC03E44
456	EN-PRE-169	0x05C7B	$9C73	02	$8209	FDC03E44
456	EN-PRE-087	0x05973	$9965	F3	$8205	FDC03E44
458	EN-PRE-112	0x05AEB	$9ADE	C0	$8205	FDC03E44
458	EN-PRE-112	0x05AEB	$9ADF	C1	$8205	FDC03E44
458	EN-PRE-112	0x05AEB	$9AE0	D0	$8205	FDC03E44
458	EN-PRE-112	0x05AEB	$9AE1	D1	$8205	FDC03E44
458	EN-PRE-112	0x05AEB	$9AE2	E0	$8205	FDC03E44
458	EN-PRE-112	0x05AEB	$9AE3	E1	$8205	FDC03E44
458	EN-PRE-075	0x05914	$9906	C2	$8205	FDC03E44
458	EN-PRE-169	0x05C7B	$9C6D	00	$8209	FDC03E44
458	EN-PRE-075	0x05914	$9907	C3	$8205	FDC03E44
458	EN-PRE-169	0x05C7B	$9C6E	00	$8209	FDC03E44
458	EN-PRE-075	0x05914	$9908	D0	$8205	FDC03E44
458	EN-PRE-169	0x05C7B	$9C6F	02	$8209	FDC03E44
458	EN-PRE-075	0x05914	$9909	D1	$8205	FDC03E44
458	EN-PRE-169	0x05C7B	$9C70	02	$8209	FDC03E44
458	EN-PRE-075	0x05914	$990A	E0	$8205	FDC03E44
458	EN-PRE-169	0x05C7B	$9C71	02	$8209	FDC03E44
458	EN-PRE-075	0x05914	$990B	E1	$8205	FDC03E44
458	EN-PRE-169	0x05C7B	$9C72	02	$8209	FDC03E44
458	EN-PRE-075	0x05914	$990C	F0	$8205	FDC03E44
458	EN-PRE-169	0x05C7B	$9C73	02	$8209	FDC03E44
458	EN-PRE-075	0x05914	$990D	F1	$8205	FDC03E44
460	EN-PRE-068	0x058C4	$98B6	C0	$8205	FDC03E44
460	EN-PRE-068	0x058C4	$98B7	C1	$8205	FDC03E44
460	EN-PRE-068	0x058C4	$98B8	D0	$8205	FDC03E44
460	EN-PRE-069	0x058C9	$98B9	D1	$8205	FDC03E44
460	EN-PRE-069	0x058C9	$98BA	E0	$8205	FDC03E44
460	EN-PRE-069	0x058C9	$98BB	E1	$8205	FDC03E44
460	EN-PRE-069	0x058C9	$98BC	E2	$8205	FDC03E44
460	EN-PRE-069	0x058C9	$98BD	E3	$8205	FDC03E44
460	EN-PRE-075	0x05914	$9906	C2	$8205	FDC03E44
460	EN-PRE-169	0x05C7B	$9C6D	00	$8209	FDC03E44
460	EN-PRE-075	0x05914	$9907	C3	$8205	FDC03E44
460	EN-PRE-169	0x05C7B	$9C6E	00	$8209	FDC03E44
460	EN-PRE-075	0x05914	$9908	D0	$8205	FDC03E44
460	EN-PRE-169	0x05C7B	$9C6F	02	$8209	FDC03E44
460	EN-PRE-075	0x05914	$9909	D1	$8205	FDC03E44
460	EN-PRE-169	0x05C7B	$9C70	02	$8209	FDC03E44
460	EN-PRE-075	0x05914	$990A	E0	$8205	FDC03E44
460	EN-PRE-169	0x05C7B	$9C71	02	$8209	FDC03E44
460	EN-PRE-075	0x05914	$990B	E1	$8205	FDC03E44
460	EN-PRE-169	0x05C7B	$9C72	02	$8209	FDC03E44
460	EN-PRE-075	0x05914	$990C	F0	$8205	FDC03E44
460	EN-PRE-169	0x05C7B	$9C73	02	$8209	FDC03E44
460	EN-PRE-075	0x05914	$990D	F1	$8205	FDC03E44
462	EN-PRE-068	0x058C4	$98B6	C0	$8205	FDC03E44
462	EN-PRE-068	0x058C4	$98B7	C1	$8205	FDC03E44
462	EN-PRE-068	0x058C4	$98B8	D0	$8205	FDC03E44
462	EN-PRE-069	0x058C9	$98B9	D1	$8205	FDC03E44
462	EN-PRE-069	0x058C9	$98BA	E0	$8205	FDC03E44
462	EN-PRE-069	0x058C9	$98BB	E1	$8205	FDC03E44
462	EN-PRE-069	0x058C9	$98BC	E2	$8205	FDC03E44
462	EN-PRE-069	0x058C9	$98BD	E3	$8205	FDC03E44
462	EN-PRE-075	0x05914	$9906	C2	$8205	FDC03E44
462	EN-PRE-169	0x05C7B	$9C6D	00	$8209	FDC03E44
462	EN-PRE-075	0x05914	$9907	C3	$8205	FDC03E44
462	EN-PRE-169	0x05C7B	$9C6E	00	$8209	FDC03E44
462	EN-PRE-075	0x05914	$9908	D0	$8205	FDC03E44
462	EN-PRE-169	0x05C7B	$9C6F	02	$8209	FDC03E44
462	EN-PRE-075	0x05914	$9909	D1	$8205	FDC03E44
462	EN-PRE-169	0x05C7B	$9C70	02	$8209	FDC03E44
462	EN-PRE-075	0x05914	$990A	E0	$8205	FDC03E44
462	EN-PRE-169	0x05C7B	$9C71	02	$8209	FDC03E44
462	EN-PRE-075	0x05914	$990B	E1	$8205	FDC03E44
462	EN-PRE-169	0x05C7B	$9C72	02	$8209	FDC03E44
462	EN-PRE-075	0x05914	$990C	F0	$8205	FDC03E44
462	EN-PRE-169	0x05C7B	$9C73	02	$8209	FDC03E44
462	EN-PRE-075	0x05914	$990D	F1	$8205	FDC03E44
464	EN-PRE-068	0x058C4	$98B6	C0	$8205	FDC03E44
464	EN-PRE-068	0x058C4	$98B7	C1	$8205	FDC03E44
464	EN-PRE-068	0x058C4	$98B8	D0	$8205	FDC03E44
464	EN-PRE-069	0x058C9	$98B9	D1	$8205	FDC03E44
464	EN-PRE-069	0x058C9	$98BA	E0	$8205	FDC03E44
464	EN-PRE-069	0x058C9	$98BB	E1	$8205	FDC03E44
464	EN-PRE-069	0x058C9	$98BC	E2	$8205	FDC03E44
464	EN-PRE-069	0x058C9	$98BD	E3	$8205	FDC03E44
464	EN-PRE-076	0x0591E	$990E	C2	$8205	FDC03E44
464	EN-PRE-076	0x0591E	$990F	D0	$8205	FDC03E44
464	EN-PRE-076	0x0591E	$9910	E0	$8205	FDC03E44
464	EN-PRE-076	0x0591E	$9911	E2	$8205	FDC03E44
464	EN-PRE-076	0x0591E	$9912	E3	$8205	FDC03E44
464	EN-PRE-076	0x0591E	$9913	C3	$8205	FDC03E44
464	EN-PRE-076	0x0591E	$9914	D1	$8205	FDC03E44
464	EN-PRE-076	0x0591E	$9915	E1	$8205	FDC03E44
466	EN-PRE-112	0x05AEB	$9ADE	C0	$8205	FDC03E44
466	EN-PRE-112	0x05AEB	$9ADF	C1	$8205	FDC03E44
466	EN-PRE-112	0x05AEB	$9AE0	D0	$8205	FDC03E44
466	EN-PRE-112	0x05AEB	$9AE1	D1	$8205	FDC03E44
466	EN-PRE-112	0x05AEB	$9AE2	E0	$8205	FDC03E44
466	EN-PRE-112	0x05AEB	$9AE3	E1	$8205	FDC03E44
466	EN-PRE-076	0x0591E	$990E	C2	$8205	FDC03E44
466	EN-PRE-076	0x0591E	$990F	D0	$8205	FDC03E44
466	EN-PRE-076	0x0591E	$9910	E0	$8205	FDC03E44
466	EN-PRE-076	0x0591E	$9911	E2	$8205	FDC03E44
466	EN-PRE-076	0x0591E	$9912	E3	$8205	FDC03E44
466	EN-PRE-076	0x0591E	$9913	C3	$8205	FDC03E44
466	EN-PRE-076	0x0591E	$9914	D1	$8205	FDC03E44
466	EN-PRE-076	0x0591E	$9915	E1	$8205	FDC03E44
468	EN-PRE-112	0x05AEB	$9ADE	C0	$8205	FDC03E44
468	EN-PRE-112	0x05AEB	$9ADF	C1	$8205	FDC03E44
468	EN-PRE-112	0x05AEB	$9AE0	D0	$8205	FDC03E44
468	EN-PRE-112	0x05AEB	$9AE1	D1	$8205	FDC03E44
468	EN-PRE-112	0x05AEB	$9AE2	E0	$8205	FDC03E44
468	EN-PRE-112	0x05AEB	$9AE3	E1	$8205	FDC03E44
468	EN-PRE-076	0x0591E	$990E	C2	$8205	FDC03E44
468	EN-PRE-076	0x0591E	$990F	D0	$8205	FDC03E44
468	EN-PRE-076	0x0591E	$9910	E0	$8205	FDC03E44
468	EN-PRE-076	0x0591E	$9911	E2	$8205	FDC03E44
468	EN-PRE-076	0x0591E	$9912	E3	$8205	FDC03E44
468	EN-PRE-076	0x0591E	$9913	C3	$8205	FDC03E44
468	EN-PRE-076	0x0591E	$9914	D1	$8205	FDC03E44
468	EN-PRE-076	0x0591E	$9915	E1	$8205	FDC03E44
470	EN-PRE-112	0x05AEB	$9ADE	C0	$8205	FDC03E44
470	EN-PRE-112	0x05AEB	$9ADF	C1	$8205	FDC03E44
470	EN-PRE-112	0x05AEB	$9AE0	D0	$8205	FDC03E44
470	EN-PRE-112	0x05AEB	$9AE1	D1	$8205	FDC03E44
470	EN-PRE-112	0x05AEB	$9AE2	E0	$8205	FDC03E44
470	EN-PRE-112	0x05AEB	$9AE3	E1	$8205	FDC03E44
470	EN-PRE-075	0x05914	$9906	C2	$8205	FDC03E44
470	EN-PRE-169	0x05C7B	$9C6D	00	$8209	FDC03E44
470	EN-PRE-075	0x05914	$9907	C3	$8205	FDC03E44
470	EN-PRE-169	0x05C7B	$9C6E	00	$8209	FDC03E44
470	EN-PRE-075	0x05914	$9908	D0	$8205	FDC03E44
470	EN-PRE-169	0x05C7B	$9C6F	02	$8209	FDC03E44
470	EN-PRE-075	0x05914	$9909	D1	$8205	FDC03E44
470	EN-PRE-169	0x05C7B	$9C70	02	$8209	FDC03E44
470	EN-PRE-075	0x05914	$990A	E0	$8205	FDC03E44
470	EN-PRE-169	0x05C7B	$9C71	02	$8209	FDC03E44
470	EN-PRE-075	0x05914	$990B	E1	$8205	FDC03E44
470	EN-PRE-169	0x05C7B	$9C72	02	$8209	FDC03E44
470	EN-PRE-075	0x05914	$990C	F0	$8205	FDC03E44
470	EN-PRE-169	0x05C7B	$9C73	02	$8209	FDC03E44
470	EN-PRE-075	0x05914	$990D	F1	$8205	FDC03E44
472	EN-PRE-069	0x058C9	$98BE	C0	$8205	FDC03E44
472	EN-PRE-069	0x058C9	$98BF	C1	$8205	FDC03E44
472	EN-PRE-069	0x058C9	$98C0	D0	$8205	FDC03E44
472	EN-PRE-069	0x058C9	$98C1	D1	$8205	FDC03E44
472	EN-PRE-069	0x058C9	$98C2	E0	$8205	FDC03E44
472	EN-PRE-069	0x058C9	$98C3	E1	$8205	FDC03E44
472	EN-PRE-069	0x058C9	$98C4	F2	$8205	FDC03E44
472	EN-PRE-069	0x058C9	$98C5	F3	$8205	FDC03E44
472	EN-PRE-075	0x05914	$9906	C2	$8205	FDC03E44
472	EN-PRE-169	0x05C7B	$9C6D	00	$8209	FDC03E44
472	EN-PRE-075	0x05914	$9907	C3	$8205	FDC03E44
472	EN-PRE-169	0x05C7B	$9C6E	00	$8209	FDC03E44
472	EN-PRE-075	0x05914	$9908	D0	$8205	FDC03E44
472	EN-PRE-169	0x05C7B	$9C6F	02	$8209	FDC03E44
472	EN-PRE-075	0x05914	$9909	D1	$8205	FDC03E44
472	EN-PRE-169	0x05C7B	$9C70	02	$8209	FDC03E44
472	EN-PRE-075	0x05914	$990A	E0	$8205	FDC03E44
472	EN-PRE-169	0x05C7B	$9C71	02	$8209	FDC03E44
472	EN-PRE-075	0x05914	$990B	E1	$8205	FDC03E44
472	EN-PRE-169	0x05C7B	$9C72	02	$8209	FDC03E44
472	EN-PRE-075	0x05914	$990C	F0	$8205	FDC03E44
472	EN-PRE-169	0x05C7B	$9C73	02	$8209	FDC03E44
472	EN-PRE-075	0x05914	$990D	F1	$8205	FDC03E44
474	EN-PRE-069	0x058C9	$98BE	C0	$8205	FDC03E44
474	EN-PRE-069	0x058C9	$98BF	C1	$8205	FDC03E44
474	EN-PRE-069	0x058C9	$98C0	D0	$8205	FDC03E44
474	EN-PRE-069	0x058C9	$98C1	D1	$8205	FDC03E44
474	EN-PRE-069	0x058C9	$98C2	E0	$8205	FDC03E44
474	EN-PRE-069	0x058C9	$98C3	E1	$8205	FDC03E44
474	EN-PRE-069	0x058C9	$98C4	F2	$8205	FDC03E44
474	EN-PRE-069	0x058C9	$98C5	F3	$8205	FDC03E44
474	EN-PRE-075	0x05914	$9906	C2	$8205	FDC03E44
474	EN-PRE-169	0x05C7B	$9C6D	00	$8209	FDC03E44
474	EN-PRE-075	0x05914	$9907	C3	$8205	FDC03E44
474	EN-PRE-169	0x05C7B	$9C6E	00	$8209	FDC03E44
474	EN-PRE-075	0x05914	$9908	D0	$8205	FDC03E44
474	EN-PRE-169	0x05C7B	$9C6F	02	$8209	FDC03E44
474	EN-PRE-075	0x05914	$9909	D1	$8205	FDC03E44
474	EN-PRE-169	0x05C7B	$9C70	02	$8209	FDC03E44
474	EN-PRE-075	0x05914	$990A	E0	$8205	FDC03E44
474	EN-PRE-169	0x05C7B	$9C71	02	$8209	FDC03E44
474	EN-PRE-075	0x05914	$990B	E1	$8205	FDC03E44
474	EN-PRE-169	0x05C7B	$9C72	02	$8209	FDC03E44
474	EN-PRE-075	0x05914	$990C	F0	$8205	FDC03E44
474	EN-PRE-169	0x05C7B	$9C73	02	$8209	FDC03E44
474	EN-PRE-075	0x05914	$990D	F1	$8205	FDC03E44
476	EN-PRE-069	0x058C9	$98BE	C0	$8205	FDC03E44
476	EN-PRE-069	0x058C9	$98BF	C1	$8205	FDC03E44
476	EN-PRE-069	0x058C9	$98C0	D0	$8205	FDC03E44
476	EN-PRE-069	0x058C9	$98C1	D1	$8205	FDC03E44
476	EN-PRE-069	0x058C9	$98C2	E0	$8205	FDC03E44
476	EN-PRE-069	0x058C9	$98C3	E1	$8205	FDC03E44
476	EN-PRE-069	0x058C9	$98C4	F2	$8205	FDC03E44
476	EN-PRE-069	0x058C9	$98C5	F3	$8205	FDC03E44
476	EN-PRE-085	0x0596E	$995E	C2	$8205	FDC03E44
476	EN-PRE-169	0x05C7B	$9C6D	00	$8209	FDC03E44
476	EN-PRE-085	0x0596E	$995F	C3	$8205	FDC03E44
476	EN-PRE-169	0x05C7B	$9C6E	00	$8209	FDC03E44
476	EN-PRE-085	0x0596E	$9960	D0	$8205	FDC03E44
476	EN-PRE-169	0x05C7B	$9C6F	02	$8209	FDC03E44
476	EN-PRE-085	0x0596E	$9961	D1	$8205	FDC03E44
476	EN-PRE-169	0x05C7B	$9C70	02	$8209	FDC03E44
476	EN-PRE-086	0x05972	$9962	E0	$8205	FDC03E44
476	EN-PRE-169	0x05C7B	$9C71	02	$8209	FDC03E44
476	EN-PRE-087	0x05973	$9963	E1	$8205	FDC03E44
476	EN-PRE-169	0x05C7B	$9C72	02	$8209	FDC03E44
476	EN-PRE-087	0x05973	$9964	F2	$8205	FDC03E44
476	EN-PRE-169	0x05C7B	$9C73	02	$8209	FDC03E44
476	EN-PRE-087	0x05973	$9965	F3	$8205	FDC03E44
478	EN-PRE-069	0x058C9	$98BE	C0	$8205	FDC03E44
478	EN-PRE-069	0x058C9	$98BF	C1	$8205	FDC03E44
478	EN-PRE-069	0x058C9	$98C0	D0	$8205	FDC03E44
478	EN-PRE-069	0x058C9	$98C1	D1	$8205	FDC03E44
478	EN-PRE-069	0x058C9	$98C2	E0	$8205	FDC03E44
478	EN-PRE-069	0x058C9	$98C3	E1	$8205	FDC03E44
478	EN-PRE-069	0x058C9	$98C4	F2	$8205	FDC03E44
478	EN-PRE-069	0x058C9	$98C5	F3	$8205	FDC03E44
478	EN-PRE-085	0x0596E	$995E	C2	$8205	FDC03E44
478	EN-PRE-169	0x05C7B	$9C6D	00	$8209	FDC03E44
478	EN-PRE-085	0x0596E	$995F	C3	$8205	FDC03E44
478	EN-PRE-169	0x05C7B	$9C6E	00	$8209	FDC03E44
478	EN-PRE-085	0x0596E	$9960	D0	$8205	FDC03E44
478	EN-PRE-169	0x05C7B	$9C6F	02	$8209	FDC03E44
478	EN-PRE-085	0x0596E	$9961	D1	$8205	FDC03E44
478	EN-PRE-169	0x05C7B	$9C70	02	$8209	FDC03E44
478	EN-PRE-086	0x05972	$9962	E0	$8205	FDC03E44
478	EN-PRE-169	0x05C7B	$9C71	02	$8209	FDC03E44
478	EN-PRE-087	0x05973	$9963	E1	$8205	FDC03E44
478	EN-PRE-169	0x05C7B	$9C72	02	$8209	FDC03E44
478	EN-PRE-087	0x05973	$9964	F2	$8205	FDC03E44
478	EN-PRE-169	0x05C7B	$9C73	02	$8209	FDC03E44
478	EN-PRE-087	0x05973	$9965	F3	$8205	FDC03E44
480	EN-PRE-112	0x05AEB	$9ADE	C0	$8205	FDC03E44
480	EN-PRE-112	0x05AEB	$9ADF	C1	$8205	FDC03E44
480	EN-PRE-112	0x05AEB	$9AE0	D0	$8205	FDC03E44
480	EN-PRE-112	0x05AEB	$9AE1	D1	$8205	FDC03E44
480	EN-PRE-112	0x05AEB	$9AE2	E0	$8205	FDC03E44
480	EN-PRE-112	0x05AEB	$9AE3	E1	$8205	FDC03E44
480	EN-PRE-085	0x0596E	$995E	C2	$8205	FDC03E44
480	EN-PRE-169	0x05C7B	$9C6D	00	$8209	FDC03E44
480	EN-PRE-085	0x0596E	$995F	C3	$8205	FDC03E44
480	EN-PRE-169	0x05C7B	$9C6E	00	$8209	FDC03E44
480	EN-PRE-085	0x0596E	$9960	D0	$8205	FDC03E44
480	EN-PRE-169	0x05C7B	$9C6F	02	$8209	FDC03E44
480	EN-PRE-085	0x0596E	$9961	D1	$8205	FDC03E44
480	EN-PRE-169	0x05C7B	$9C70	02	$8209	FDC03E44
480	EN-PRE-086	0x05972	$9962	E0	$8205	FDC03E44
480	EN-PRE-169	0x05C7B	$9C71	02	$8209	FDC03E44
480	EN-PRE-087	0x05973	$9963	E1	$8205	FDC03E44
480	EN-PRE-169	0x05C7B	$9C72	02	$8209	FDC03E44
480	EN-PRE-087	0x05973	$9964	F2	$8205	FDC03E44
480	EN-PRE-169	0x05C7B	$9C73	02	$8209	FDC03E44
480	EN-PRE-087	0x05973	$9965	F3	$8205	FDC03E44
482	EN-PRE-112	0x05AEB	$9ADE	C0	$8205	FDC03E44
482	EN-PRE-112	0x05AEB	$9ADF	C1	$8205	FDC03E44
482	EN-PRE-112	0x05AEB	$9AE0	D0	$8205	FDC03E44
482	EN-PRE-112	0x05AEB	$9AE1	D1	$8205	FDC03E44
482	EN-PRE-112	0x05AEB	$9AE2	E0	$8205	FDC03E44
482	EN-PRE-112	0x05AEB	$9AE3	E1	$8205	FDC03E44
482	EN-PRE-085	0x0596E	$995E	C2	$8205	FDC03E44
482	EN-PRE-169	0x05C7B	$9C6D	00	$8209	FDC03E44
482	EN-PRE-085	0x0596E	$995F	C3	$8205	FDC03E44
482	EN-PRE-169	0x05C7B	$9C6E	00	$8209	FDC03E44
482	EN-PRE-085	0x0596E	$9960	D0	$8205	FDC03E44
482	EN-PRE-169	0x05C7B	$9C6F	02	$8209	FDC03E44
482	EN-PRE-085	0x0596E	$9961	D1	$8205	FDC03E44
482	EN-PRE-169	0x05C7B	$9C70	02	$8209	FDC03E44
482	EN-PRE-086	0x05972	$9962	E0	$8205	FDC03E44
482	EN-PRE-169	0x05C7B	$9C71	02	$8209	FDC03E44
482	EN-PRE-087	0x05973	$9963	E1	$8205	FDC03E44
482	EN-PRE-169	0x05C7B	$9C72	02	$8209	FDC03E44
482	EN-PRE-087	0x05973	$9964	F2	$8205	FDC03E44
482	EN-PRE-169	0x05C7B	$9C73	02	$8209	FDC03E44
482	EN-PRE-087	0x05973	$9965	F3	$8205	FDC03E44
484	EN-PRE-112	0x05AEB	$9ADE	C0	$8205	FDC03E44
484	EN-PRE-112	0x05AEB	$9ADF	C1	$8205	FDC03E44
484	EN-PRE-112	0x05AEB	$9AE0	D0	$8205	FDC03E44
484	EN-PRE-112	0x05AEB	$9AE1	D1	$8205	FDC03E44
484	EN-PRE-112	0x05AEB	$9AE2	E0	$8205	FDC03E44
484	EN-PRE-112	0x05AEB	$9AE3	E1	$8205	FDC03E44
484	EN-PRE-075	0x05914	$9906	C2	$8205	FDC03E44
484	EN-PRE-169	0x05C7B	$9C6D	00	$8209	FDC03E44
484	EN-PRE-075	0x05914	$9907	C3	$8205	FDC03E44
484	EN-PRE-169	0x05C7B	$9C6E	00	$8209	FDC03E44
484	EN-PRE-075	0x05914	$9908	D0	$8205	FDC03E44
484	EN-PRE-169	0x05C7B	$9C6F	02	$8209	FDC03E44
484	EN-PRE-075	0x05914	$9909	D1	$8205	FDC03E44
484	EN-PRE-169	0x05C7B	$9C70	02	$8209	FDC03E44
484	EN-PRE-075	0x05914	$990A	E0	$8205	FDC03E44
484	EN-PRE-169	0x05C7B	$9C71	02	$8209	FDC03E44
484	EN-PRE-075	0x05914	$990B	E1	$8205	FDC03E44
484	EN-PRE-169	0x05C7B	$9C72	02	$8209	FDC03E44
484	EN-PRE-075	0x05914	$990C	F0	$8205	FDC03E44
484	EN-PRE-169	0x05C7B	$9C73	02	$8209	FDC03E44
484	EN-PRE-075	0x05914	$990D	F1	$8205	FDC03E44
486	EN-PRE-068	0x058C4	$98B6	C0	$8205	FDC03E44
486	EN-PRE-068	0x058C4	$98B7	C1	$8205	FDC03E44
486	EN-PRE-068	0x058C4	$98B8	D0	$8205	FDC03E44
486	EN-PRE-069	0x058C9	$98B9	D1	$8205	FDC03E44
486	EN-PRE-069	0x058C9	$98BA	E0	$8205	FDC03E44
486	EN-PRE-069	0x058C9	$98BB	E1	$8205	FDC03E44
486	EN-PRE-069	0x058C9	$98BC	E2	$8205	FDC03E44
486	EN-PRE-069	0x058C9	$98BD	E3	$8205	FDC03E44
486	EN-PRE-075	0x05914	$9906	C2	$8205	FDC03E44
486	EN-PRE-169	0x05C7B	$9C6D	00	$8209	FDC03E44
486	EN-PRE-075	0x05914	$9907	C3	$8205	FDC03E44
486	EN-PRE-169	0x05C7B	$9C6E	00	$8209	FDC03E44
486	EN-PRE-075	0x05914	$9908	D0	$8205	FDC03E44
486	EN-PRE-169	0x05C7B	$9C6F	02	$8209	FDC03E44
486	EN-PRE-075	0x05914	$9909	D1	$8205	FDC03E44
486	EN-PRE-169	0x05C7B	$9C70	02	$8209	FDC03E44
486	EN-PRE-075	0x05914	$990A	E0	$8205	FDC03E44
486	EN-PRE-169	0x05C7B	$9C71	02	$8209	FDC03E44
486	EN-PRE-075	0x05914	$990B	E1	$8205	FDC03E44
486	EN-PRE-169	0x05C7B	$9C72	02	$8209	FDC03E44
486	EN-PRE-075	0x05914	$990C	F0	$8205	FDC03E44
486	EN-PRE-169	0x05C7B	$9C73	02	$8209	FDC03E44
486	EN-PRE-075	0x05914	$990D	F1	$8205	FDC03E44
488	EN-PRE-068	0x058C4	$98B6	C0	$8205	FDC03E44
488	EN-PRE-068	0x058C4	$98B7	C1	$8205	FDC03E44
488	EN-PRE-068	0x058C4	$98B8	D0	$8205	FDC03E44
488	EN-PRE-069	0x058C9	$98B9	D1	$8205	FDC03E44
488	EN-PRE-069	0x058C9	$98BA	E0	$8205	FDC03E44
488	EN-PRE-069	0x058C9	$98BB	E1	$8205	FDC03E44
488	EN-PRE-069	0x058C9	$98BC	E2	$8205	FDC03E44
488	EN-PRE-069	0x058C9	$98BD	E3	$8205	FDC03E44
488	EN-PRE-075	0x05914	$9906	C2	$8205	FDC03E44
488	EN-PRE-169	0x05C7B	$9C6D	00	$8209	FDC03E44
488	EN-PRE-075	0x05914	$9907	C3	$8205	FDC03E44
488	EN-PRE-169	0x05C7B	$9C6E	00	$8209	FDC03E44
488	EN-PRE-075	0x05914	$9908	D0	$8205	FDC03E44
488	EN-PRE-169	0x05C7B	$9C6F	02	$8209	FDC03E44
488	EN-PRE-075	0x05914	$9909	D1	$8205	FDC03E44
488	EN-PRE-169	0x05C7B	$9C70	02	$8209	FDC03E44
488	EN-PRE-075	0x05914	$990A	E0	$8205	FDC03E44
488	EN-PRE-169	0x05C7B	$9C71	02	$8209	FDC03E44
488	EN-PRE-075	0x05914	$990B	E1	$8205	FDC03E44
488	EN-PRE-169	0x05C7B	$9C72	02	$8209	FDC03E44
488	EN-PRE-075	0x05914	$990C	F0	$8205	FDC03E44
488	EN-PRE-169	0x05C7B	$9C73	02	$8209	FDC03E44
488	EN-PRE-075	0x05914	$990D	F1	$8205	FDC03E44
490	EN-PRE-068	0x058C4	$98B6	C0	$8205	FDC03E44
490	EN-PRE-068	0x058C4	$98B7	C1	$8205	FDC03E44
490	EN-PRE-068	0x058C4	$98B8	D0	$8205	FDC03E44
490	EN-PRE-069	0x058C9	$98B9	D1	$8205	FDC03E44
490	EN-PRE-069	0x058C9	$98BA	E0	$8205	FDC03E44
490	EN-PRE-069	0x058C9	$98BB	E1	$8205	FDC03E44
490	EN-PRE-069	0x058C9	$98BC	E2	$8205	FDC03E44
490	EN-PRE-069	0x058C9	$98BD	E3	$8205	FDC03E44
490	EN-PRE-076	0x0591E	$990E	C2	$8205	FDC03E44
490	EN-PRE-076	0x0591E	$990F	D0	$8205	FDC03E44
490	EN-PRE-076	0x0591E	$9910	E0	$8205	FDC03E44
490	EN-PRE-076	0x0591E	$9911	E2	$8205	FDC03E44
490	EN-PRE-076	0x0591E	$9912	E3	$8205	FDC03E44
490	EN-PRE-076	0x0591E	$9913	C3	$8205	FDC03E44
490	EN-PRE-076	0x0591E	$9914	D1	$8205	FDC03E44
490	EN-PRE-076	0x0591E	$9915	E1	$8205	FDC03E44
492	EN-PRE-112	0x05AEB	$9ADE	C0	$8205	FDC03E44
492	EN-PRE-112	0x05AEB	$9ADF	C1	$8205	FDC03E44
492	EN-PRE-112	0x05AEB	$9AE0	D0	$8205	FDC03E44
492	EN-PRE-112	0x05AEB	$9AE1	D1	$8205	FDC03E44
492	EN-PRE-112	0x05AEB	$9AE2	E0	$8205	FDC03E44
492	EN-PRE-112	0x05AEB	$9AE3	E1	$8205	FDC03E44
492	EN-PRE-076	0x0591E	$990E	C2	$8205	FDC03E44
492	EN-PRE-076	0x0591E	$990F	D0	$8205	FDC03E44
492	EN-PRE-076	0x0591E	$9910	E0	$8205	FDC03E44
492	EN-PRE-076	0x0591E	$9911	E2	$8205	FDC03E44
492	EN-PRE-076	0x0591E	$9912	E3	$8205	FDC03E44
492	EN-PRE-076	0x0591E	$9913	C3	$8205	FDC03E44
492	EN-PRE-076	0x0591E	$9914	D1	$8205	FDC03E44
492	EN-PRE-076	0x0591E	$9915	E1	$8205	FDC03E44
494	EN-PRE-112	0x05AEB	$9ADE	C0	$8205	FDC03E44
494	EN-PRE-112	0x05AEB	$9ADF	C1	$8205	FDC03E44
494	EN-PRE-112	0x05AEB	$9AE0	D0	$8205	FDC03E44
494	EN-PRE-112	0x05AEB	$9AE1	D1	$8205	FDC03E44
494	EN-PRE-112	0x05AEB	$9AE2	E0	$8205	FDC03E44
494	EN-PRE-112	0x05AEB	$9AE3	E1	$8205	FDC03E44
494	EN-PRE-076	0x0591E	$990E	C2	$8205	FDC03E44
494	EN-PRE-076	0x0591E	$990F	D0	$8205	FDC03E44
494	EN-PRE-076	0x0591E	$9910	E0	$8205	FDC03E44
494	EN-PRE-076	0x0591E	$9911	E2	$8205	FDC03E44
494	EN-PRE-076	0x0591E	$9912	E3	$8205	FDC03E44
494	EN-PRE-076	0x0591E	$9913	C3	$8205	FDC03E44
494	EN-PRE-076	0x0591E	$9914	D1	$8205	FDC03E44
494	EN-PRE-076	0x0591E	$9915	E1	$8205	FDC03E44
496	EN-PRE-112	0x05AEB	$9ADE	C0	$8205	FDC03E44
496	EN-PRE-112	0x05AEB	$9ADF	C1	$8205	FDC03E44
496	EN-PRE-112	0x05AEB	$9AE0	D0	$8205	FDC03E44
496	EN-PRE-112	0x05AEB	$9AE1	D1	$8205	FDC03E44
496	EN-PRE-112	0x05AEB	$9AE2	E0	$8205	FDC03E44
496	EN-PRE-112	0x05AEB	$9AE3	E1	$8205	FDC03E44
496	EN-PRE-075	0x05914	$9906	C2	$8205	FDC03E44
496	EN-PRE-169	0x05C7B	$9C6D	00	$8209	FDC03E44
496	EN-PRE-075	0x05914	$9907	C3	$8205	FDC03E44
496	EN-PRE-169	0x05C7B	$9C6E	00	$8209	FDC03E44
496	EN-PRE-075	0x05914	$9908	D0	$8205	FDC03E44
496	EN-PRE-169	0x05C7B	$9C6F	02	$8209	FDC03E44
496	EN-PRE-075	0x05914	$9909	D1	$8205	FDC03E44
496	EN-PRE-169	0x05C7B	$9C70	02	$8209	FDC03E44
496	EN-PRE-075	0x05914	$990A	E0	$8205	FDC03E44
496	EN-PRE-169	0x05C7B	$9C71	02	$8209	FDC03E44
496	EN-PRE-075	0x05914	$990B	E1	$8205	FDC03E44
496	EN-PRE-169	0x05C7B	$9C72	02	$8209	FDC03E44
496	EN-PRE-075	0x05914	$990C	F0	$8205	FDC03E44
496	EN-PRE-169	0x05C7B	$9C73	02	$8209	FDC03E44
496	EN-PRE-075	0x05914	$990D	F1	$8205	FDC03E44
498	EN-PRE-069	0x058C9	$98BE	C0	$8205	FDC03E44
498	EN-PRE-069	0x058C9	$98BF	C1	$8205	FDC03E44
498	EN-PRE-069	0x058C9	$98C0	D0	$8205	FDC03E44
498	EN-PRE-069	0x058C9	$98C1	D1	$8205	FDC03E44
498	EN-PRE-069	0x058C9	$98C2	E0	$8205	FDC03E44
498	EN-PRE-069	0x058C9	$98C3	E1	$8205	FDC03E44
498	EN-PRE-069	0x058C9	$98C4	F2	$8205	FDC03E44
498	EN-PRE-069	0x058C9	$98C5	F3	$8205	FDC03E44
498	EN-PRE-075	0x05914	$9906	C2	$8205	FDC03E44
498	EN-PRE-169	0x05C7B	$9C6D	00	$8209	FDC03E44
498	EN-PRE-075	0x05914	$9907	C3	$8205	FDC03E44
498	EN-PRE-169	0x05C7B	$9C6E	00	$8209	FDC03E44
498	EN-PRE-075	0x05914	$9908	D0	$8205	FDC03E44
498	EN-PRE-169	0x05C7B	$9C6F	02	$8209	FDC03E44
498	EN-PRE-075	0x05914	$9909	D1	$8205	FDC03E44
498	EN-PRE-169	0x05C7B	$9C70	02	$8209	FDC03E44
498	EN-PRE-075	0x05914	$990A	E0	$8205	FDC03E44
498	EN-PRE-169	0x05C7B	$9C71	02	$8209	FDC03E44
498	EN-PRE-075	0x05914	$990B	E1	$8205	FDC03E44
498	EN-PRE-169	0x05C7B	$9C72	02	$8209	FDC03E44
498	EN-PRE-075	0x05914	$990C	F0	$8205	FDC03E44
498	EN-PRE-169	0x05C7B	$9C73	02	$8209	FDC03E44
498	EN-PRE-075	0x05914	$990D	F1	$8205	FDC03E44
500	EN-PRE-069	0x058C9	$98BE	C0	$8205	FDC03E44
500	EN-PRE-069	0x058C9	$98BF	C1	$8205	FDC03E44
500	EN-PRE-069	0x058C9	$98C0	D0	$8205	FDC03E44
500	EN-PRE-069	0x058C9	$98C1	D1	$8205	FDC03E44
500	EN-PRE-069	0x058C9	$98C2	E0	$8205	FDC03E44
500	EN-PRE-069	0x058C9	$98C3	E1	$8205	FDC03E44
500	EN-PRE-069	0x058C9	$98C4	F2	$8205	FDC03E44
500	EN-PRE-069	0x058C9	$98C5	F3	$8205	FDC03E44
500	EN-PRE-075	0x05914	$9906	C2	$8205	FDC03E44
500	EN-PRE-169	0x05C7B	$9C6D	00	$8209	FDC03E44
500	EN-PRE-075	0x05914	$9907	C3	$8205	FDC03E44
500	EN-PRE-169	0x05C7B	$9C6E	00	$8209	FDC03E44
500	EN-PRE-075	0x05914	$9908	D0	$8205	FDC03E44
500	EN-PRE-169	0x05C7B	$9C6F	02	$8209	FDC03E44
500	EN-PRE-075	0x05914	$9909	D1	$8205	FDC03E44
500	EN-PRE-169	0x05C7B	$9C70	02	$8209	FDC03E44
500	EN-PRE-075	0x05914	$990A	E0	$8205	FDC03E44
500	EN-PRE-169	0x05C7B	$9C71	02	$8209	FDC03E44
500	EN-PRE-075	0x05914	$990B	E1	$8205	FDC03E44
500	EN-PRE-169	0x05C7B	$9C72	02	$8209	FDC03E44
500	EN-PRE-075	0x05914	$990C	F0	$8205	FDC03E44
500	EN-PRE-169	0x05C7B	$9C73	02	$8209	FDC03E44
500	EN-PRE-075	0x05914	$990D	F1	$8205	FDC03E44
502	EN-PRE-069	0x058C9	$98BE	C0	$8205	FDC03E44
502	EN-PRE-069	0x058C9	$98BF	C1	$8205	FDC03E44
502	EN-PRE-069	0x058C9	$98C0	D0	$8205	FDC03E44
502	EN-PRE-069	0x058C9	$98C1	D1	$8205	FDC03E44
502	EN-PRE-069	0x058C9	$98C2	E0	$8205	FDC03E44
502	EN-PRE-069	0x058C9	$98C3	E1	$8205	FDC03E44
502	EN-PRE-069	0x058C9	$98C4	F2	$8205	FDC03E44
502	EN-PRE-069	0x058C9	$98C5	F3	$8205	FDC03E44
502	EN-PRE-085	0x0596E	$995E	C2	$8205	FDC03E44
502	EN-PRE-169	0x05C7B	$9C6D	00	$8209	FDC03E44
502	EN-PRE-085	0x0596E	$995F	C3	$8205	FDC03E44
502	EN-PRE-169	0x05C7B	$9C6E	00	$8209	FDC03E44
502	EN-PRE-085	0x0596E	$9960	D0	$8205	FDC03E44
502	EN-PRE-169	0x05C7B	$9C6F	02	$8209	FDC03E44
502	EN-PRE-085	0x0596E	$9961	D1	$8205	FDC03E44
502	EN-PRE-169	0x05C7B	$9C70	02	$8209	FDC03E44
502	EN-PRE-086	0x05972	$9962	E0	$8205	FDC03E44
502	EN-PRE-169	0x05C7B	$9C71	02	$8209	FDC03E44
502	EN-PRE-087	0x05973	$9963	E1	$8205	FDC03E44
502	EN-PRE-169	0x05C7B	$9C72	02	$8209	FDC03E44
502	EN-PRE-087	0x05973	$9964	F2	$8205	FDC03E44
502	EN-PRE-169	0x05C7B	$9C73	02	$8209	FDC03E44
502	EN-PRE-087	0x05973	$9965	F3	$8205	FDC03E44
504	EN-PRE-069	0x058C9	$98BE	C0	$8205	FDC03E44
504	EN-PRE-069	0x058C9	$98BF	C1	$8205	FDC03E44
504	EN-PRE-069	0x058C9	$98C0	D0	$8205	FDC03E44
504	EN-PRE-069	0x058C9	$98C1	D1	$8205	FDC03E44
504	EN-PRE-069	0x058C9	$98C2	E0	$8205	FDC03E44
504	EN-PRE-069	0x058C9	$98C3	E1	$8205	FDC03E44
504	EN-PRE-069	0x058C9	$98C4	F2	$8205	FDC03E44
504	EN-PRE-069	0x058C9	$98C5	F3	$8205	FDC03E44
504	EN-PRE-085	0x0596E	$995E	C2	$8205	FDC03E44
504	EN-PRE-169	0x05C7B	$9C6D	00	$8209	FDC03E44
504	EN-PRE-085	0x0596E	$995F	C3	$8205	FDC03E44
504	EN-PRE-169	0x05C7B	$9C6E	00	$8209	FDC03E44
504	EN-PRE-085	0x0596E	$9960	D0	$8205	FDC03E44
504	EN-PRE-169	0x05C7B	$9C6F	02	$8209	FDC03E44
504	EN-PRE-085	0x0596E	$9961	D1	$8205	FDC03E44
504	EN-PRE-169	0x05C7B	$9C70	02	$8209	FDC03E44
504	EN-PRE-086	0x05972	$9962	E0	$8205	FDC03E44
504	EN-PRE-169	0x05C7B	$9C71	02	$8209	FDC03E44
504	EN-PRE-087	0x05973	$9963	E1	$8205	FDC03E44
504	EN-PRE-169	0x05C7B	$9C72	02	$8209	FDC03E44
504	EN-PRE-087	0x05973	$9964	F2	$8205	FDC03E44
504	EN-PRE-169	0x05C7B	$9C73	02	$8209	FDC03E44
504	EN-PRE-087	0x05973	$9965	F3	$8205	FDC03E44
506	EN-PRE-112	0x05AEB	$9ADE	C0	$8205	FDC03E44
506	EN-PRE-112	0x05AEB	$9ADF	C1	$8205	FDC03E44
506	EN-PRE-112	0x05AEB	$9AE0	D0	$8205	FDC03E44
506	EN-PRE-112	0x05AEB	$9AE1	D1	$8205	FDC03E44
506	EN-PRE-112	0x05AEB	$9AE2	E0	$8205	FDC03E44
506	EN-PRE-112	0x05AEB	$9AE3	E1	$8205	FDC03E44
506	EN-PRE-085	0x0596E	$995E	C2	$8205	FDC03E44
506	EN-PRE-169	0x05C7B	$9C6D	00	$8209	FDC03E44
506	EN-PRE-085	0x0596E	$995F	C3	$8205	FDC03E44
506	EN-PRE-169	0x05C7B	$9C6E	00	$8209	FDC03E44
506	EN-PRE-085	0x0596E	$9960	D0	$8205	FDC03E44
506	EN-PRE-169	0x05C7B	$9C6F	02	$8209	FDC03E44
506	EN-PRE-085	0x0596E	$9961	D1	$8205	FDC03E44
506	EN-PRE-169	0x05C7B	$9C70	02	$8209	FDC03E44
506	EN-PRE-086	0x05972	$9962	E0	$8205	FDC03E44
506	EN-PRE-169	0x05C7B	$9C71	02	$8209	FDC03E44
506	EN-PRE-087	0x05973	$9963	E1	$8205	FDC03E44
506	EN-PRE-169	0x05C7B	$9C72	02	$8209	FDC03E44
506	EN-PRE-087	0x05973	$9964	F2	$8205	FDC03E44
506	EN-PRE-169	0x05C7B	$9C73	02	$8209	FDC03E44
506	EN-PRE-087	0x05973	$9965	F3	$8205	FDC03E44
508	EN-PRE-112	0x05AEB	$9ADE	C0	$8205	FDC03E44
508	EN-PRE-112	0x05AEB	$9ADF	C1	$8205	FDC03E44
508	EN-PRE-112	0x05AEB	$9AE0	D0	$8205	FDC03E44
508	EN-PRE-112	0x05AEB	$9AE1	D1	$8205	FDC03E44
508	EN-PRE-112	0x05AEB	$9AE2	E0	$8205	FDC03E44
508	EN-PRE-112	0x05AEB	$9AE3	E1	$8205	FDC03E44
508	EN-PRE-085	0x0596E	$995E	C2	$8205	FDC03E44
508	EN-PRE-169	0x05C7B	$9C6D	00	$8209	FDC03E44
508	EN-PRE-085	0x0596E	$995F	C3	$8205	FDC03E44
508	EN-PRE-169	0x05C7B	$9C6E	00	$8209	FDC03E44
508	EN-PRE-085	0x0596E	$9960	D0	$8205	FDC03E44
508	EN-PRE-169	0x05C7B	$9C6F	02	$8209	FDC03E44
508	EN-PRE-085	0x0596E	$9961	D1	$8205	FDC03E44
508	EN-PRE-169	0x05C7B	$9C70	02	$8209	FDC03E44
508	EN-PRE-086	0x05972	$9962	E0	$8205	FDC03E44
508	EN-PRE-169	0x05C7B	$9C71	02	$8209	FDC03E44
508	EN-PRE-087	0x05973	$9963	E1	$8205	FDC03E44
508	EN-PRE-169	0x05C7B	$9C72	02	$8209	FDC03E44
508	EN-PRE-087	0x05973	$9964	F2	$8205	FDC03E44
508	EN-PRE-169	0x05C7B	$9C73	02	$8209	FDC03E44
508	EN-PRE-087	0x05973	$9965	F3	$8205	FDC03E44
510	EN-PRE-112	0x05AEB	$9ADE	C0	$8205	FDC03E44
510	EN-PRE-112	0x05AEB	$9ADF	C1	$8205	FDC03E44
510	EN-PRE-112	0x05AEB	$9AE0	D0	$8205	FDC03E44
510	EN-PRE-112	0x05AEB	$9AE1	D1	$8205	FDC03E44
510	EN-PRE-112	0x05AEB	$9AE2	E0	$8205	FDC03E44
510	EN-PRE-112	0x05AEB	$9AE3	E1	$8205	FDC03E44
510	EN-PRE-075	0x05914	$9906	C2	$8205	FDC03E44
510	EN-PRE-169	0x05C7B	$9C6D	00	$8209	FDC03E44
510	EN-PRE-075	0x05914	$9907	C3	$8205	FDC03E44
510	EN-PRE-169	0x05C7B	$9C6E	00	$8209	FDC03E44
510	EN-PRE-075	0x05914	$9908	D0	$8205	FDC03E44
510	EN-PRE-169	0x05C7B	$9C6F	02	$8209	FDC03E44
510	EN-PRE-075	0x05914	$9909	D1	$8205	FDC03E44
510	EN-PRE-169	0x05C7B	$9C70	02	$8209	FDC03E44
510	EN-PRE-075	0x05914	$990A	E0	$8205	FDC03E44
510	EN-PRE-169	0x05C7B	$9C71	02	$8209	FDC03E44
510	EN-PRE-075	0x05914	$990B	E1	$8205	FDC03E44
510	EN-PRE-169	0x05C7B	$9C72	02	$8209	FDC03E44
510	EN-PRE-075	0x05914	$990C	F0	$8205	FDC03E44
510	EN-PRE-169	0x05C7B	$9C73	02	$8209	FDC03E44
510	EN-PRE-075	0x05914	$990D	F1	$8205	FDC03E44
512	EN-PRE-068	0x058C4	$98B6	C0	$8205	FDC03E44
512	EN-PRE-068	0x058C4	$98B7	C1	$8205	FDC03E44
512	EN-PRE-068	0x058C4	$98B8	D0	$8205	FDC03E44
512	EN-PRE-069	0x058C9	$98B9	D1	$8205	FDC03E44
512	EN-PRE-069	0x058C9	$98BA	E0	$8205	FDC03E44
512	EN-PRE-069	0x058C9	$98BB	E1	$8205	FDC03E44
512	EN-PRE-069	0x058C9	$98BC	E2	$8205	FDC03E44
512	EN-PRE-069	0x058C9	$98BD	E3	$8205	FDC03E44
512	EN-PRE-075	0x05914	$9906	C2	$8205	FDC03E44
512	EN-PRE-169	0x05C7B	$9C6D	00	$8209	FDC03E44
512	EN-PRE-075	0x05914	$9907	C3	$8205	FDC03E44
512	EN-PRE-169	0x05C7B	$9C6E	00	$8209	FDC03E44
512	EN-PRE-075	0x05914	$9908	D0	$8205	FDC03E44
512	EN-PRE-169	0x05C7B	$9C6F	02	$8209	FDC03E44
512	EN-PRE-075	0x05914	$9909	D1	$8205	FDC03E44
512	EN-PRE-169	0x05C7B	$9C70	02	$8209	FDC03E44
512	EN-PRE-075	0x05914	$990A	E0	$8205	FDC03E44
512	EN-PRE-169	0x05C7B	$9C71	02	$8209	FDC03E44
512	EN-PRE-075	0x05914	$990B	E1	$8205	FDC03E44
512	EN-PRE-169	0x05C7B	$9C72	02	$8209	FDC03E44
512	EN-PRE-075	0x05914	$990C	F0	$8205	FDC03E44
512	EN-PRE-169	0x05C7B	$9C73	02	$8209	FDC03E44
512	EN-PRE-075	0x05914	$990D	F1	$8205	FDC03E44
514	EN-PRE-068	0x058C4	$98B6	C0	$8205	FDC03E44
514	EN-PRE-068	0x058C4	$98B7	C1	$8205	FDC03E44
514	EN-PRE-068	0x058C4	$98B8	D0	$8205	FDC03E44
514	EN-PRE-069	0x058C9	$98B9	D1	$8205	FDC03E44
514	EN-PRE-069	0x058C9	$98BA	E0	$8205	FDC03E44
514	EN-PRE-069	0x058C9	$98BB	E1	$8205	FDC03E44
514	EN-PRE-069	0x058C9	$98BC	E2	$8205	FDC03E44
514	EN-PRE-069	0x058C9	$98BD	E3	$8205	FDC03E44
514	EN-PRE-075	0x05914	$9906	C2	$8205	FDC03E44
514	EN-PRE-169	0x05C7B	$9C6D	00	$8209	FDC03E44
514	EN-PRE-075	0x05914	$9907	C3	$8205	FDC03E44
514	EN-PRE-169	0x05C7B	$9C6E	00	$8209	FDC03E44
514	EN-PRE-075	0x05914	$9908	D0	$8205	FDC03E44
514	EN-PRE-169	0x05C7B	$9C6F	02	$8209	FDC03E44
514	EN-PRE-075	0x05914	$9909	D1	$8205	FDC03E44
514	EN-PRE-169	0x05C7B	$9C70	02	$8209	FDC03E44
514	EN-PRE-075	0x05914	$990A	E0	$8205	FDC03E44
514	EN-PRE-169	0x05C7B	$9C71	02	$8209	FDC03E44
514	EN-PRE-075	0x05914	$990B	E1	$8205	FDC03E44
514	EN-PRE-169	0x05C7B	$9C72	02	$8209	FDC03E44
514	EN-PRE-075	0x05914	$990C	F0	$8205	FDC03E44
514	EN-PRE-169	0x05C7B	$9C73	02	$8209	FDC03E44
514	EN-PRE-075	0x05914	$990D	F1	$8205	FDC03E44
516	EN-PRE-068	0x058C4	$98B6	C0	$8205	FDC03E44
516	EN-PRE-068	0x058C4	$98B7	C1	$8205	FDC03E44
516	EN-PRE-068	0x058C4	$98B8	D0	$8205	FDC03E44
516	EN-PRE-069	0x058C9	$98B9	D1	$8205	FDC03E44
516	EN-PRE-069	0x058C9	$98BA	E0	$8205	FDC03E44
516	EN-PRE-069	0x058C9	$98BB	E1	$8205	FDC03E44
516	EN-PRE-069	0x058C9	$98BC	E2	$8205	FDC03E44
516	EN-PRE-069	0x058C9	$98BD	E3	$8205	FDC03E44
516	EN-PRE-076	0x0591E	$990E	C2	$8205	FDC03E44
516	EN-PRE-076	0x0591E	$990F	D0	$8205	FDC03E44
516	EN-PRE-076	0x0591E	$9910	E0	$8205	FDC03E44
516	EN-PRE-076	0x0591E	$9911	E2	$8205	FDC03E44
516	EN-PRE-076	0x0591E	$9912	E3	$8205	FDC03E44
516	EN-PRE-076	0x0591E	$9913	C3	$8205	FDC03E44
516	EN-PRE-076	0x0591E	$9914	D1	$8205	FDC03E44
516	EN-PRE-076	0x0591E	$9915	E1	$8205	FDC03E44
518	EN-PRE-112	0x05AEB	$9ADE	C0	$8205	FDC03E44
518	EN-PRE-112	0x05AEB	$9ADF	C1	$8205	FDC03E44
518	EN-PRE-112	0x05AEB	$9AE0	D0	$8205	FDC03E44
518	EN-PRE-112	0x05AEB	$9AE1	D1	$8205	FDC03E44
518	EN-PRE-112	0x05AEB	$9AE2	E0	$8205	FDC03E44
518	EN-PRE-112	0x05AEB	$9AE3	E1	$8205	FDC03E44
518	EN-PRE-076	0x0591E	$990E	C2	$8205	FDC03E44
518	EN-PRE-076	0x0591E	$990F	D0	$8205	FDC03E44
518	EN-PRE-076	0x0591E	$9910	E0	$8205	FDC03E44
518	EN-PRE-076	0x0591E	$9911	E2	$8205	FDC03E44
518	EN-PRE-076	0x0591E	$9912	E3	$8205	FDC03E44
518	EN-PRE-076	0x0591E	$9913	C3	$8205	FDC03E44
518	EN-PRE-076	0x0591E	$9914	D1	$8205	FDC03E44
518	EN-PRE-076	0x0591E	$9915	E1	$8205	FDC03E44
520	EN-PRE-112	0x05AEB	$9ADE	C0	$8205	FDC03E44
520	EN-PRE-112	0x05AEB	$9ADF	C1	$8205	FDC03E44
520	EN-PRE-112	0x05AEB	$9AE0	D0	$8205	FDC03E44
520	EN-PRE-112	0x05AEB	$9AE1	D1	$8205	FDC03E44
520	EN-PRE-112	0x05AEB	$9AE2	E0	$8205	FDC03E44
520	EN-PRE-112	0x05AEB	$9AE3	E1	$8205	FDC03E44
520	EN-PRE-076	0x0591E	$990E	C2	$8205	FDC03E44
520	EN-PRE-076	0x0591E	$990F	D0	$8205	FDC03E44
520	EN-PRE-076	0x0591E	$9910	E0	$8205	FDC03E44
520	EN-PRE-076	0x0591E	$9911	E2	$8205	FDC03E44
520	EN-PRE-076	0x0591E	$9912	E3	$8205	FDC03E44
520	EN-PRE-076	0x0591E	$9913	C3	$8205	FDC03E44
520	EN-PRE-076	0x0591E	$9914	D1	$8205	FDC03E44
520	EN-PRE-076	0x0591E	$9915	E1	$8205	FDC03E44
522	EN-PRE-112	0x05AEB	$9ADE	C0	$8205	FDC03E44
522	EN-PRE-112	0x05AEB	$9ADF	C1	$8205	FDC03E44
522	EN-PRE-112	0x05AEB	$9AE0	D0	$8205	FDC03E44
522	EN-PRE-112	0x05AEB	$9AE1	D1	$8205	FDC03E44
522	EN-PRE-112	0x05AEB	$9AE2	E0	$8205	FDC03E44
522	EN-PRE-112	0x05AEB	$9AE3	E1	$8205	FDC03E44
522	EN-PRE-075	0x05914	$9906	C2	$8205	FDC03E44
522	EN-PRE-169	0x05C7B	$9C6D	00	$8209	FDC03E44
522	EN-PRE-075	0x05914	$9907	C3	$8205	FDC03E44
522	EN-PRE-169	0x05C7B	$9C6E	00	$8209	FDC03E44
522	EN-PRE-075	0x05914	$9908	D0	$8205	FDC03E44
522	EN-PRE-169	0x05C7B	$9C6F	02	$8209	FDC03E44
522	EN-PRE-075	0x05914	$9909	D1	$8205	FDC03E44
522	EN-PRE-169	0x05C7B	$9C70	02	$8209	FDC03E44
522	EN-PRE-075	0x05914	$990A	E0	$8205	FDC03E44
522	EN-PRE-169	0x05C7B	$9C71	02	$8209	FDC03E44
522	EN-PRE-075	0x05914	$990B	E1	$8205	FDC03E44
522	EN-PRE-169	0x05C7B	$9C72	02	$8209	FDC03E44
522	EN-PRE-075	0x05914	$990C	F0	$8205	FDC03E44
522	EN-PRE-169	0x05C7B	$9C73	02	$8209	FDC03E44
522	EN-PRE-075	0x05914	$990D	F1	$8205	FDC03E44
524	EN-PRE-069	0x058C9	$98BE	C0	$8205	FDC03E44
524	EN-PRE-069	0x058C9	$98BF	C1	$8205	FDC03E44
524	EN-PRE-069	0x058C9	$98C0	D0	$8205	FDC03E44
524	EN-PRE-069	0x058C9	$98C1	D1	$8205	FDC03E44
524	EN-PRE-069	0x058C9	$98C2	E0	$8205	FDC03E44
524	EN-PRE-069	0x058C9	$98C3	E1	$8205	FDC03E44
524	EN-PRE-069	0x058C9	$98C4	F2	$8205	FDC03E44
524	EN-PRE-069	0x058C9	$98C5	F3	$8205	FDC03E44
524	EN-PRE-075	0x05914	$9906	C2	$8205	FDC03E44
524	EN-PRE-169	0x05C7B	$9C6D	00	$8209	FDC03E44
524	EN-PRE-075	0x05914	$9907	C3	$8205	FDC03E44
524	EN-PRE-169	0x05C7B	$9C6E	00	$8209	FDC03E44
524	EN-PRE-075	0x05914	$9908	D0	$8205	FDC03E44
524	EN-PRE-169	0x05C7B	$9C6F	02	$8209	FDC03E44
524	EN-PRE-075	0x05914	$9909	D1	$8205	FDC03E44
524	EN-PRE-169	0x05C7B	$9C70	02	$8209	FDC03E44
524	EN-PRE-075	0x05914	$990A	E0	$8205	FDC03E44
524	EN-PRE-169	0x05C7B	$9C71	02	$8209	FDC03E44
524	EN-PRE-075	0x05914	$990B	E1	$8205	FDC03E44
524	EN-PRE-169	0x05C7B	$9C72	02	$8209	FDC03E44
524	EN-PRE-075	0x05914	$990C	F0	$8205	FDC03E44
524	EN-PRE-169	0x05C7B	$9C73	02	$8209	FDC03E44
524	EN-PRE-075	0x05914	$990D	F1	$8205	FDC03E44
526	EN-PRE-069	0x058C9	$98BE	C0	$8205	FDC03E44
526	EN-PRE-069	0x058C9	$98BF	C1	$8205	FDC03E44
526	EN-PRE-069	0x058C9	$98C0	D0	$8205	FDC03E44
526	EN-PRE-069	0x058C9	$98C1	D1	$8205	FDC03E44
526	EN-PRE-069	0x058C9	$98C2	E0	$8205	FDC03E44
526	EN-PRE-069	0x058C9	$98C3	E1	$8205	FDC03E44
526	EN-PRE-069	0x058C9	$98C4	F2	$8205	FDC03E44
526	EN-PRE-069	0x058C9	$98C5	F3	$8205	FDC03E44
526	EN-PRE-075	0x05914	$9906	C2	$8205	FDC03E44
526	EN-PRE-169	0x05C7B	$9C6D	00	$8209	FDC03E44
526	EN-PRE-075	0x05914	$9907	C3	$8205	FDC03E44
526	EN-PRE-169	0x05C7B	$9C6E	00	$8209	FDC03E44
526	EN-PRE-075	0x05914	$9908	D0	$8205	FDC03E44
526	EN-PRE-169	0x05C7B	$9C6F	02	$8209	FDC03E44
526	EN-PRE-075	0x05914	$9909	D1	$8205	FDC03E44
526	EN-PRE-169	0x05C7B	$9C70	02	$8209	FDC03E44
526	EN-PRE-075	0x05914	$990A	E0	$8205	FDC03E44
526	EN-PRE-169	0x05C7B	$9C71	02	$8209	FDC03E44
526	EN-PRE-075	0x05914	$990B	E1	$8205	FDC03E44
526	EN-PRE-169	0x05C7B	$9C72	02	$8209	FDC03E44
526	EN-PRE-075	0x05914	$990C	F0	$8205	FDC03E44
526	EN-PRE-169	0x05C7B	$9C73	02	$8209	FDC03E44
526	EN-PRE-075	0x05914	$990D	F1	$8205	FDC03E44
528	EN-PRE-069	0x058C9	$98BE	C0	$8205	FDC03E44
528	EN-PRE-069	0x058C9	$98BF	C1	$8205	FDC03E44
528	EN-PRE-069	0x058C9	$98C0	D0	$8205	FDC03E44
528	EN-PRE-069	0x058C9	$98C1	D1	$8205	FDC03E44
528	EN-PRE-069	0x058C9	$98C2	E0	$8205	FDC03E44
528	EN-PRE-069	0x058C9	$98C3	E1	$8205	FDC03E44
528	EN-PRE-069	0x058C9	$98C4	F2	$8205	FDC03E44
528	EN-PRE-069	0x058C9	$98C5	F3	$8205	FDC03E44
528	EN-PRE-085	0x0596E	$995E	C2	$8205	FDC03E44
528	EN-PRE-169	0x05C7B	$9C6D	00	$8209	FDC03E44
528	EN-PRE-085	0x0596E	$995F	C3	$8205	FDC03E44
528	EN-PRE-169	0x05C7B	$9C6E	00	$8209	FDC03E44
528	EN-PRE-085	0x0596E	$9960	D0	$8205	FDC03E44
528	EN-PRE-169	0x05C7B	$9C6F	02	$8209	FDC03E44
528	EN-PRE-085	0x0596E	$9961	D1	$8205	FDC03E44
528	EN-PRE-169	0x05C7B	$9C70	02	$8209	FDC03E44
528	EN-PRE-086	0x05972	$9962	E0	$8205	FDC03E44
528	EN-PRE-169	0x05C7B	$9C71	02	$8209	FDC03E44
528	EN-PRE-087	0x05973	$9963	E1	$8205	FDC03E44
528	EN-PRE-169	0x05C7B	$9C72	02	$8209	FDC03E44
528	EN-PRE-087	0x05973	$9964	F2	$8205	FDC03E44
528	EN-PRE-169	0x05C7B	$9C73	02	$8209	FDC03E44
528	EN-PRE-087	0x05973	$9965	F3	$8205	FDC03E44
530	EN-PRE-069	0x058C9	$98BE	C0	$8205	FDC03E44
530	EN-PRE-069	0x058C9	$98BF	C1	$8205	FDC03E44
530	EN-PRE-069	0x058C9	$98C0	D0	$8205	FDC03E44
530	EN-PRE-069	0x058C9	$98C1	D1	$8205	FDC03E44
530	EN-PRE-069	0x058C9	$98C2	E0	$8205	FDC03E44
530	EN-PRE-069	0x058C9	$98C3	E1	$8205	FDC03E44
530	EN-PRE-069	0x058C9	$98C4	F2	$8205	FDC03E44
530	EN-PRE-069	0x058C9	$98C5	F3	$8205	FDC03E44
530	EN-PRE-085	0x0596E	$995E	C2	$8205	FDC03E44
530	EN-PRE-169	0x05C7B	$9C6D	00	$8209	FDC03E44
530	EN-PRE-085	0x0596E	$995F	C3	$8205	FDC03E44
530	EN-PRE-169	0x05C7B	$9C6E	00	$8209	FDC03E44
530	EN-PRE-085	0x0596E	$9960	D0	$8205	FDC03E44
530	EN-PRE-169	0x05C7B	$9C6F	02	$8209	FDC03E44
530	EN-PRE-085	0x0596E	$9961	D1	$8205	FDC03E44
530	EN-PRE-169	0x05C7B	$9C70	02	$8209	FDC03E44
530	EN-PRE-086	0x05972	$9962	E0	$8205	FDC03E44
530	EN-PRE-169	0x05C7B	$9C71	02	$8209	FDC03E44
530	EN-PRE-087	0x05973	$9963	E1	$8205	FDC03E44
530	EN-PRE-169	0x05C7B	$9C72	02	$8209	FDC03E44
530	EN-PRE-087	0x05973	$9964	F2	$8205	FDC03E44
530	EN-PRE-169	0x05C7B	$9C73	02	$8209	FDC03E44
530	EN-PRE-087	0x05973	$9965	F3	$8205	FDC03E44
532	EN-PRE-112	0x05AEB	$9ADE	C0	$8205	FDC03E44
532	EN-PRE-112	0x05AEB	$9ADF	C1	$8205	FDC03E44
532	EN-PRE-112	0x05AEB	$9AE0	D0	$8205	FDC03E44
532	EN-PRE-112	0x05AEB	$9AE1	D1	$8205	FDC03E44
532	EN-PRE-112	0x05AEB	$9AE2	E0	$8205	FDC03E44
532	EN-PRE-112	0x05AEB	$9AE3	E1	$8205	FDC03E44
532	EN-PRE-085	0x0596E	$995E	C2	$8205	FDC03E44
532	EN-PRE-169	0x05C7B	$9C6D	00	$8209	FDC03E44
532	EN-PRE-085	0x0596E	$995F	C3	$8205	FDC03E44
532	EN-PRE-169	0x05C7B	$9C6E	00	$8209	FDC03E44
532	EN-PRE-085	0x0596E	$9960	D0	$8205	FDC03E44
532	EN-PRE-169	0x05C7B	$9C6F	02	$8209	FDC03E44
532	EN-PRE-085	0x0596E	$9961	D1	$8205	FDC03E44
532	EN-PRE-169	0x05C7B	$9C70	02	$8209	FDC03E44
532	EN-PRE-086	0x05972	$9962	E0	$8205	FDC03E44
532	EN-PRE-169	0x05C7B	$9C71	02	$8209	FDC03E44
532	EN-PRE-087	0x05973	$9963	E1	$8205	FDC03E44
532	EN-PRE-169	0x05C7B	$9C72	02	$8209	FDC03E44
532	EN-PRE-087	0x05973	$9964	F2	$8205	FDC03E44
532	EN-PRE-169	0x05C7B	$9C73	02	$8209	FDC03E44
532	EN-PRE-087	0x05973	$9965	F3	$8205	FDC03E44
534	EN-PRE-112	0x05AEB	$9ADE	C0	$8205	FDC03E44
534	EN-PRE-112	0x05AEB	$9ADF	C1	$8205	FDC03E44
534	EN-PRE-112	0x05AEB	$9AE0	D0	$8205	FDC03E44
534	EN-PRE-112	0x05AEB	$9AE1	D1	$8205	FDC03E44
534	EN-PRE-112	0x05AEB	$9AE2	E0	$8205	FDC03E44
534	EN-PRE-112	0x05AEB	$9AE3	E1	$8205	FDC03E44
534	EN-PRE-085	0x0596E	$995E	C2	$8205	FDC03E44
534	EN-PRE-169	0x05C7B	$9C6D	00	$8209	FDC03E44
534	EN-PRE-085	0x0596E	$995F	C3	$8205	FDC03E44
534	EN-PRE-169	0x05C7B	$9C6E	00	$8209	FDC03E44
534	EN-PRE-085	0x0596E	$9960	D0	$8205	FDC03E44
534	EN-PRE-169	0x05C7B	$9C6F	02	$8209	FDC03E44
534	EN-PRE-085	0x0596E	$9961	D1	$8205	FDC03E44
534	EN-PRE-169	0x05C7B	$9C70	02	$8209	FDC03E44
534	EN-PRE-086	0x05972	$9962	E0	$8205	FDC03E44
534	EN-PRE-169	0x05C7B	$9C71	02	$8209	FDC03E44
534	EN-PRE-087	0x05973	$9963	E1	$8205	FDC03E44
534	EN-PRE-169	0x05C7B	$9C72	02	$8209	FDC03E44
534	EN-PRE-087	0x05973	$9964	F2	$8205	FDC03E44
534	EN-PRE-169	0x05C7B	$9C73	02	$8209	FDC03E44
534	EN-PRE-087	0x05973	$9965	F3	$8205	FDC03E44
536	EN-PRE-112	0x05AEB	$9ADE	C0	$8205	FDC03E44
536	EN-PRE-112	0x05AEB	$9ADF	C1	$8205	FDC03E44
536	EN-PRE-112	0x05AEB	$9AE0	D0	$8205	FDC03E44
536	EN-PRE-112	0x05AEB	$9AE1	D1	$8205	FDC03E44
536	EN-PRE-112	0x05AEB	$9AE2	E0	$8205	FDC03E44
536	EN-PRE-112	0x05AEB	$9AE3	E1	$8205	FDC03E44
536	EN-PRE-075	0x05914	$9906	C2	$8205	FDC03E44
536	EN-PRE-169	0x05C7B	$9C6D	00	$8209	FDC03E44
536	EN-PRE-075	0x05914	$9907	C3	$8205	FDC03E44
536	EN-PRE-169	0x05C7B	$9C6E	00	$8209	FDC03E44
536	EN-PRE-075	0x05914	$9908	D0	$8205	FDC03E44
536	EN-PRE-169	0x05C7B	$9C6F	02	$8209	FDC03E44
536	EN-PRE-075	0x05914	$9909	D1	$8205	FDC03E44
536	EN-PRE-169	0x05C7B	$9C70	02	$8209	FDC03E44
536	EN-PRE-075	0x05914	$990A	E0	$8205	FDC03E44
536	EN-PRE-169	0x05C7B	$9C71	02	$8209	FDC03E44
536	EN-PRE-075	0x05914	$990B	E1	$8205	FDC03E44
536	EN-PRE-169	0x05C7B	$9C72	02	$8209	FDC03E44
536	EN-PRE-075	0x05914	$990C	F0	$8205	FDC03E44
536	EN-PRE-169	0x05C7B	$9C73	02	$8209	FDC03E44
536	EN-PRE-075	0x05914	$990D	F1	$8205	FDC03E44
538	EN-PRE-068	0x058C4	$98B6	C0	$8205	FDC03E44
538	EN-PRE-068	0x058C4	$98B7	C1	$8205	FDC03E44
538	EN-PRE-068	0x058C4	$98B8	D0	$8205	FDC03E44
538	EN-PRE-069	0x058C9	$98B9	D1	$8205	FDC03E44
538	EN-PRE-069	0x058C9	$98BA	E0	$8205	FDC03E44
538	EN-PRE-069	0x058C9	$98BB	E1	$8205	FDC03E44
538	EN-PRE-069	0x058C9	$98BC	E2	$8205	FDC03E44
538	EN-PRE-069	0x058C9	$98BD	E3	$8205	FDC03E44
538	EN-PRE-075	0x05914	$9906	C2	$8205	FDC03E44
538	EN-PRE-169	0x05C7B	$9C6D	00	$8209	FDC03E44
538	EN-PRE-075	0x05914	$9907	C3	$8205	FDC03E44
538	EN-PRE-169	0x05C7B	$9C6E	00	$8209	FDC03E44
538	EN-PRE-075	0x05914	$9908	D0	$8205	FDC03E44
538	EN-PRE-169	0x05C7B	$9C6F	02	$8209	FDC03E44
538	EN-PRE-075	0x05914	$9909	D1	$8205	FDC03E44
538	EN-PRE-169	0x05C7B	$9C70	02	$8209	FDC03E44
538	EN-PRE-075	0x05914	$990A	E0	$8205	FDC03E44
538	EN-PRE-169	0x05C7B	$9C71	02	$8209	FDC03E44
538	EN-PRE-075	0x05914	$990B	E1	$8205	FDC03E44
538	EN-PRE-169	0x05C7B	$9C72	02	$8209	FDC03E44
538	EN-PRE-075	0x05914	$990C	F0	$8205	FDC03E44
538	EN-PRE-169	0x05C7B	$9C73	02	$8209	FDC03E44
538	EN-PRE-075	0x05914	$990D	F1	$8205	FDC03E44
540	EN-PRE-068	0x058C4	$98B6	C0	$8205	FDC03E44
540	EN-PRE-068	0x058C4	$98B7	C1	$8205	FDC03E44
540	EN-PRE-068	0x058C4	$98B8	D0	$8205	FDC03E44
540	EN-PRE-069	0x058C9	$98B9	D1	$8205	FDC03E44
540	EN-PRE-069	0x058C9	$98BA	E0	$8205	FDC03E44
540	EN-PRE-069	0x058C9	$98BB	E1	$8205	FDC03E44
540	EN-PRE-069	0x058C9	$98BC	E2	$8205	FDC03E44
540	EN-PRE-069	0x058C9	$98BD	E3	$8205	FDC03E44
540	EN-PRE-075	0x05914	$9906	C2	$8205	FDC03E44
540	EN-PRE-169	0x05C7B	$9C6D	00	$8209	FDC03E44
540	EN-PRE-075	0x05914	$9907	C3	$8205	FDC03E44
540	EN-PRE-169	0x05C7B	$9C6E	00	$8209	FDC03E44
540	EN-PRE-075	0x05914	$9908	D0	$8205	FDC03E44
540	EN-PRE-169	0x05C7B	$9C6F	02	$8209	FDC03E44
540	EN-PRE-075	0x05914	$9909	D1	$8205	FDC03E44
540	EN-PRE-169	0x05C7B	$9C70	02	$8209	FDC03E44
540	EN-PRE-075	0x05914	$990A	E0	$8205	FDC03E44
540	EN-PRE-169	0x05C7B	$9C71	02	$8209	FDC03E44
540	EN-PRE-075	0x05914	$990B	E1	$8205	FDC03E44
540	EN-PRE-169	0x05C7B	$9C72	02	$8209	FDC03E44
540	EN-PRE-075	0x05914	$990C	F0	$8205	FDC03E44
540	EN-PRE-169	0x05C7B	$9C73	02	$8209	FDC03E44
540	EN-PRE-075	0x05914	$990D	F1	$8205	FDC03E44
542	EN-PRE-068	0x058C4	$98B6	C0	$8205	FDC03E44
542	EN-PRE-068	0x058C4	$98B7	C1	$8205	FDC03E44
542	EN-PRE-068	0x058C4	$98B8	D0	$8205	FDC03E44
542	EN-PRE-069	0x058C9	$98B9	D1	$8205	FDC03E44
542	EN-PRE-069	0x058C9	$98BA	E0	$8205	FDC03E44
542	EN-PRE-069	0x058C9	$98BB	E1	$8205	FDC03E44
542	EN-PRE-069	0x058C9	$98BC	E2	$8205	FDC03E44
542	EN-PRE-069	0x058C9	$98BD	E3	$8205	FDC03E44
542	EN-PRE-076	0x0591E	$990E	C2	$8205	FDC03E44
542	EN-PRE-076	0x0591E	$990F	D0	$8205	FDC03E44
542	EN-PRE-076	0x0591E	$9910	E0	$8205	FDC03E44
542	EN-PRE-076	0x0591E	$9911	E2	$8205	FDC03E44
542	EN-PRE-076	0x0591E	$9912	E3	$8205	FDC03E44
542	EN-PRE-076	0x0591E	$9913	C3	$8205	FDC03E44
542	EN-PRE-076	0x0591E	$9914	D1	$8205	FDC03E44
542	EN-PRE-076	0x0591E	$9915	E1	$8205	FDC03E44
544	EN-PRE-112	0x05AEB	$9ADE	C0	$8205	FDC03E44
544	EN-PRE-112	0x05AEB	$9ADF	C1	$8205	FDC03E44
544	EN-PRE-112	0x05AEB	$9AE0	D0	$8205	FDC03E44
544	EN-PRE-112	0x05AEB	$9AE1	D1	$8205	FDC03E44
544	EN-PRE-112	0x05AEB	$9AE2	E0	$8205	FDC03E44
544	EN-PRE-112	0x05AEB	$9AE3	E1	$8205	FDC03E44
544	EN-PRE-076	0x0591E	$990E	C2	$8205	FDC03E44
544	EN-PRE-076	0x0591E	$990F	D0	$8205	FDC03E44
544	EN-PRE-076	0x0591E	$9910	E0	$8205	FDC03E44
544	EN-PRE-076	0x0591E	$9911	E2	$8205	FDC03E44
544	EN-PRE-076	0x0591E	$9912	E3	$8205	FDC03E44
544	EN-PRE-076	0x0591E	$9913	C3	$8205	FDC03E44
544	EN-PRE-076	0x0591E	$9914	D1	$8205	FDC03E44
544	EN-PRE-076	0x0591E	$9915	E1	$8205	FDC03E44
546	EN-PRE-112	0x05AEB	$9ADE	C0	$8205	FDC03E44
546	EN-PRE-112	0x05AEB	$9ADF	C1	$8205	FDC03E44
546	EN-PRE-112	0x05AEB	$9AE0	D0	$8205	FDC03E44
546	EN-PRE-112	0x05AEB	$9AE1	D1	$8205	FDC03E44
546	EN-PRE-112	0x05AEB	$9AE2	E0	$8205	FDC03E44
546	EN-PRE-112	0x05AEB	$9AE3	E1	$8205	FDC03E44
546	EN-PRE-076	0x0591E	$990E	C2	$8205	FDC03E44
546	EN-PRE-076	0x0591E	$990F	D0	$8205	FDC03E44
546	EN-PRE-076	0x0591E	$9910	E0	$8205	FDC03E44
546	EN-PRE-076	0x0591E	$9911	E2	$8205	FDC03E44
546	EN-PRE-076	0x0591E	$9912	E3	$8205	FDC03E44
546	EN-PRE-076	0x0591E	$9913	C3	$8205	FDC03E44
546	EN-PRE-076	0x0591E	$9914	D1	$8205	FDC03E44
546	EN-PRE-076	0x0591E	$9915	E1	$8205	FDC03E44
548	EN-PRE-112	0x05AEB	$9ADE	C0	$8205	FDC03E44
548	EN-PRE-112	0x05AEB	$9ADF	C1	$8205	FDC03E44
548	EN-PRE-112	0x05AEB	$9AE0	D0	$8205	FDC03E44
548	EN-PRE-112	0x05AEB	$9AE1	D1	$8205	FDC03E44
548	EN-PRE-112	0x05AEB	$9AE2	E0	$8205	FDC03E44
548	EN-PRE-112	0x05AEB	$9AE3	E1	$8205	FDC03E44
548	EN-PRE-075	0x05914	$9906	C2	$8205	FDC03E44
548	EN-PRE-169	0x05C7B	$9C6D	00	$8209	FDC03E44
548	EN-PRE-075	0x05914	$9907	C3	$8205	FDC03E44
548	EN-PRE-169	0x05C7B	$9C6E	00	$8209	FDC03E44
548	EN-PRE-075	0x05914	$9908	D0	$8205	FDC03E44
548	EN-PRE-169	0x05C7B	$9C6F	02	$8209	FDC03E44
548	EN-PRE-075	0x05914	$9909	D1	$8205	FDC03E44
548	EN-PRE-169	0x05C7B	$9C70	02	$8209	FDC03E44
548	EN-PRE-075	0x05914	$990A	E0	$8205	FDC03E44
548	EN-PRE-169	0x05C7B	$9C71	02	$8209	FDC03E44
548	EN-PRE-075	0x05914	$990B	E1	$8205	FDC03E44
548	EN-PRE-169	0x05C7B	$9C72	02	$8209	FDC03E44
548	EN-PRE-075	0x05914	$990C	F0	$8205	FDC03E44
548	EN-PRE-169	0x05C7B	$9C73	02	$8209	FDC03E44
548	EN-PRE-075	0x05914	$990D	F1	$8205	FDC03E44
550	EN-PRE-069	0x058C9	$98BE	C0	$8205	FDC03E44
550	EN-PRE-069	0x058C9	$98BF	C1	$8205	FDC03E44
550	EN-PRE-069	0x058C9	$98C0	D0	$8205	FDC03E44
550	EN-PRE-069	0x058C9	$98C1	D1	$8205	FDC03E44
550	EN-PRE-069	0x058C9	$98C2	E0	$8205	FDC03E44
550	EN-PRE-069	0x058C9	$98C3	E1	$8205	FDC03E44
550	EN-PRE-069	0x058C9	$98C4	F2	$8205	FDC03E44
550	EN-PRE-069	0x058C9	$98C5	F3	$8205	FDC03E44
550	EN-PRE-075	0x05914	$9906	C2	$8205	FDC03E44
550	EN-PRE-169	0x05C7B	$9C6D	00	$8209	FDC03E44
550	EN-PRE-075	0x05914	$9907	C3	$8205	FDC03E44
550	EN-PRE-169	0x05C7B	$9C6E	00	$8209	FDC03E44
550	EN-PRE-075	0x05914	$9908	D0	$8205	FDC03E44
550	EN-PRE-169	0x05C7B	$9C6F	02	$8209	FDC03E44
550	EN-PRE-075	0x05914	$9909	D1	$8205	FDC03E44
550	EN-PRE-169	0x05C7B	$9C70	02	$8209	FDC03E44
550	EN-PRE-075	0x05914	$990A	E0	$8205	FDC03E44
550	EN-PRE-169	0x05C7B	$9C71	02	$8209	FDC03E44
550	EN-PRE-075	0x05914	$990B	E1	$8205	FDC03E44
550	EN-PRE-169	0x05C7B	$9C72	02	$8209	FDC03E44
550	EN-PRE-075	0x05914	$990C	F0	$8205	FDC03E44
550	EN-PRE-169	0x05C7B	$9C73	02	$8209	FDC03E44
550	EN-PRE-075	0x05914	$990D	F1	$8205	FDC03E44
552	EN-PRE-069	0x058C9	$98BE	C0	$8205	FDC03E44
552	EN-PRE-069	0x058C9	$98BF	C1	$8205	FDC03E44
552	EN-PRE-069	0x058C9	$98C0	D0	$8205	FDC03E44
552	EN-PRE-069	0x058C9	$98C1	D1	$8205	FDC03E44
552	EN-PRE-069	0x058C9	$98C2	E0	$8205	FDC03E44
552	EN-PRE-069	0x058C9	$98C3	E1	$8205	FDC03E44
552	EN-PRE-069	0x058C9	$98C4	F2	$8205	FDC03E44
552	EN-PRE-069	0x058C9	$98C5	F3	$8205	FDC03E44
552	EN-PRE-075	0x05914	$9906	C2	$8205	FDC03E44
552	EN-PRE-169	0x05C7B	$9C6D	00	$8209	FDC03E44
552	EN-PRE-075	0x05914	$9907	C3	$8205	FDC03E44
552	EN-PRE-169	0x05C7B	$9C6E	00	$8209	FDC03E44
552	EN-PRE-075	0x05914	$9908	D0	$8205	FDC03E44
552	EN-PRE-169	0x05C7B	$9C6F	02	$8209	FDC03E44
552	EN-PRE-075	0x05914	$9909	D1	$8205	FDC03E44
552	EN-PRE-169	0x05C7B	$9C70	02	$8209	FDC03E44
552	EN-PRE-075	0x05914	$990A	E0	$8205	FDC03E44
552	EN-PRE-169	0x05C7B	$9C71	02	$8209	FDC03E44
552	EN-PRE-075	0x05914	$990B	E1	$8205	FDC03E44
552	EN-PRE-169	0x05C7B	$9C72	02	$8209	FDC03E44
552	EN-PRE-075	0x05914	$990C	F0	$8205	FDC03E44
552	EN-PRE-169	0x05C7B	$9C73	02	$8209	FDC03E44
552	EN-PRE-075	0x05914	$990D	F1	$8205	FDC03E44
554	EN-PRE-069	0x058C9	$98BE	C0	$8205	FDC03E44
554	EN-PRE-069	0x058C9	$98BF	C1	$8205	FDC03E44
554	EN-PRE-069	0x058C9	$98C0	D0	$8205	FDC03E44
554	EN-PRE-069	0x058C9	$98C1	D1	$8205	FDC03E44
554	EN-PRE-069	0x058C9	$98C2	E0	$8205	FDC03E44
554	EN-PRE-069	0x058C9	$98C3	E1	$8205	FDC03E44
554	EN-PRE-069	0x058C9	$98C4	F2	$8205	FDC03E44
554	EN-PRE-069	0x058C9	$98C5	F3	$8205	FDC03E44
554	EN-PRE-085	0x0596E	$995E	C2	$8205	FDC03E44
554	EN-PRE-169	0x05C7B	$9C6D	00	$8209	FDC03E44
554	EN-PRE-085	0x0596E	$995F	C3	$8205	FDC03E44
554	EN-PRE-169	0x05C7B	$9C6E	00	$8209	FDC03E44
554	EN-PRE-085	0x0596E	$9960	D0	$8205	FDC03E44
554	EN-PRE-169	0x05C7B	$9C6F	02	$8209	FDC03E44
554	EN-PRE-085	0x0596E	$9961	D1	$8205	FDC03E44
554	EN-PRE-169	0x05C7B	$9C70	02	$8209	FDC03E44
554	EN-PRE-086	0x05972	$9962	E0	$8205	FDC03E44
554	EN-PRE-169	0x05C7B	$9C71	02	$8209	FDC03E44
554	EN-PRE-087	0x05973	$9963	E1	$8205	FDC03E44
554	EN-PRE-169	0x05C7B	$9C72	02	$8209	FDC03E44
554	EN-PRE-087	0x05973	$9964	F2	$8205	FDC03E44
554	EN-PRE-169	0x05C7B	$9C73	02	$8209	FDC03E44
554	EN-PRE-087	0x05973	$9965	F3	$8205	FDC03E44
556	EN-PRE-069	0x058C9	$98BE	C0	$8205	FDC03E44
556	EN-PRE-069	0x058C9	$98BF	C1	$8205	FDC03E44
556	EN-PRE-069	0x058C9	$98C0	D0	$8205	FDC03E44
556	EN-PRE-069	0x058C9	$98C1	D1	$8205	FDC03E44
556	EN-PRE-069	0x058C9	$98C2	E0	$8205	FDC03E44
556	EN-PRE-069	0x058C9	$98C3	E1	$8205	FDC03E44
556	EN-PRE-069	0x058C9	$98C4	F2	$8205	FDC03E44
556	EN-PRE-069	0x058C9	$98C5	F3	$8205	FDC03E44
556	EN-PRE-085	0x0596E	$995E	C2	$8205	FDC03E44
556	EN-PRE-169	0x05C7B	$9C6D	00	$8209	FDC03E44
556	EN-PRE-085	0x0596E	$995F	C3	$8205	FDC03E44
556	EN-PRE-169	0x05C7B	$9C6E	00	$8209	FDC03E44
556	EN-PRE-085	0x0596E	$9960	D0	$8205	FDC03E44
556	EN-PRE-169	0x05C7B	$9C6F	02	$8209	FDC03E44
556	EN-PRE-085	0x0596E	$9961	D1	$8205	FDC03E44
556	EN-PRE-169	0x05C7B	$9C70	02	$8209	FDC03E44
556	EN-PRE-086	0x05972	$9962	E0	$8205	FDC03E44
556	EN-PRE-169	0x05C7B	$9C71	02	$8209	FDC03E44
556	EN-PRE-087	0x05973	$9963	E1	$8205	FDC03E44
556	EN-PRE-169	0x05C7B	$9C72	02	$8209	FDC03E44
556	EN-PRE-087	0x05973	$9964	F2	$8205	FDC03E44
556	EN-PRE-169	0x05C7B	$9C73	02	$8209	FDC03E44
556	EN-PRE-087	0x05973	$9965	F3	$8205	FDC03E44
558	EN-PRE-112	0x05AEB	$9ADE	C0	$8205	FDC03E44
558	EN-PRE-112	0x05AEB	$9ADF	C1	$8205	FDC03E44
558	EN-PRE-112	0x05AEB	$9AE0	D0	$8205	FDC03E44
558	EN-PRE-112	0x05AEB	$9AE1	D1	$8205	FDC03E44
558	EN-PRE-112	0x05AEB	$9AE2	E0	$8205	FDC03E44
558	EN-PRE-112	0x05AEB	$9AE3	E1	$8205	FDC03E44
558	EN-PRE-085	0x0596E	$995E	C2	$8205	FDC03E44
558	EN-PRE-169	0x05C7B	$9C6D	00	$8209	FDC03E44
558	EN-PRE-085	0x0596E	$995F	C3	$8205	FDC03E44
558	EN-PRE-169	0x05C7B	$9C6E	00	$8209	FDC03E44
558	EN-PRE-085	0x0596E	$9960	D0	$8205	FDC03E44
558	EN-PRE-169	0x05C7B	$9C6F	02	$8209	FDC03E44
558	EN-PRE-085	0x0596E	$9961	D1	$8205	FDC03E44
558	EN-PRE-169	0x05C7B	$9C70	02	$8209	FDC03E44
558	EN-PRE-086	0x05972	$9962	E0	$8205	FDC03E44
558	EN-PRE-169	0x05C7B	$9C71	02	$8209	FDC03E44
558	EN-PRE-087	0x05973	$9963	E1	$8205	FDC03E44
558	EN-PRE-169	0x05C7B	$9C72	02	$8209	FDC03E44
558	EN-PRE-087	0x05973	$9964	F2	$8205	FDC03E44
558	EN-PRE-169	0x05C7B	$9C73	02	$8209	FDC03E44
558	EN-PRE-087	0x05973	$9965	F3	$8205	FDC03E44
560	EN-PRE-112	0x05AEB	$9ADE	C0	$8205	FDC03E44
560	EN-PRE-112	0x05AEB	$9ADF	C1	$8205	FDC03E44
560	EN-PRE-112	0x05AEB	$9AE0	D0	$8205	FDC03E44
560	EN-PRE-112	0x05AEB	$9AE1	D1	$8205	FDC03E44
560	EN-PRE-112	0x05AEB	$9AE2	E0	$8205	FDC03E44
560	EN-PRE-112	0x05AEB	$9AE3	E1	$8205	FDC03E44
560	EN-PRE-085	0x0596E	$995E	C2	$8205	FDC03E44
560	EN-PRE-169	0x05C7B	$9C6D	00	$8209	FDC03E44
560	EN-PRE-085	0x0596E	$995F	C3	$8205	FDC03E44
560	EN-PRE-169	0x05C7B	$9C6E	00	$8209	FDC03E44
560	EN-PRE-085	0x0596E	$9960	D0	$8205	FDC03E44
560	EN-PRE-169	0x05C7B	$9C6F	02	$8209	FDC03E44
560	EN-PRE-085	0x0596E	$9961	D1	$8205	FDC03E44
560	EN-PRE-169	0x05C7B	$9C70	02	$8209	FDC03E44
560	EN-PRE-086	0x05972	$9962	E0	$8205	FDC03E44
560	EN-PRE-169	0x05C7B	$9C71	02	$8209	FDC03E44
560	EN-PRE-087	0x05973	$9963	E1	$8205	FDC03E44
560	EN-PRE-169	0x05C7B	$9C72	02	$8209	FDC03E44
560	EN-PRE-087	0x05973	$9964	F2	$8205	FDC03E44
560	EN-PRE-169	0x05C7B	$9C73	02	$8209	FDC03E44
560	EN-PRE-087	0x05973	$9965	F3	$8205	FDC03E44
562	EN-PRE-112	0x05AEB	$9ADE	C0	$8205	FDC03E44
562	EN-PRE-112	0x05AEB	$9ADF	C1	$8205	FDC03E44
562	EN-PRE-112	0x05AEB	$9AE0	D0	$8205	FDC03E44
562	EN-PRE-112	0x05AEB	$9AE1	D1	$8205	FDC03E44
562	EN-PRE-112	0x05AEB	$9AE2	E0	$8205	FDC03E44
562	EN-PRE-112	0x05AEB	$9AE3	E1	$8205	FDC03E44
562	EN-PRE-075	0x05914	$9906	C2	$8205	FDC03E44
562	EN-PRE-169	0x05C7B	$9C6D	00	$8209	FDC03E44
562	EN-PRE-075	0x05914	$9907	C3	$8205	FDC03E44
562	EN-PRE-169	0x05C7B	$9C6E	00	$8209	FDC03E44
562	EN-PRE-075	0x05914	$9908	D0	$8205	FDC03E44
562	EN-PRE-169	0x05C7B	$9C6F	02	$8209	FDC03E44
562	EN-PRE-075	0x05914	$9909	D1	$8205	FDC03E44
562	EN-PRE-169	0x05C7B	$9C70	02	$8209	FDC03E44
562	EN-PRE-075	0x05914	$990A	E0	$8205	FDC03E44
562	EN-PRE-169	0x05C7B	$9C71	02	$8209	FDC03E44
562	EN-PRE-075	0x05914	$990B	E1	$8205	FDC03E44
562	EN-PRE-169	0x05C7B	$9C72	02	$8209	FDC03E44
562	EN-PRE-075	0x05914	$990C	F0	$8205	FDC03E44
562	EN-PRE-169	0x05C7B	$9C73	02	$8209	FDC03E44
562	EN-PRE-075	0x05914	$990D	F1	$8205	FDC03E44
564	EN-PRE-068	0x058C4	$98B6	C0	$8205	FDC03E44
564	EN-PRE-068	0x058C4	$98B7	C1	$8205	FDC03E44
564	EN-PRE-068	0x058C4	$98B8	D0	$8205	FDC03E44
564	EN-PRE-069	0x058C9	$98B9	D1	$8205	FDC03E44
564	EN-PRE-069	0x058C9	$98BA	E0	$8205	FDC03E44
564	EN-PRE-069	0x058C9	$98BB	E1	$8205	FDC03E44
564	EN-PRE-069	0x058C9	$98BC	E2	$8205	FDC03E44
564	EN-PRE-069	0x058C9	$98BD	E3	$8205	FDC03E44
564	EN-PRE-075	0x05914	$9906	C2	$8205	FDC03E44
564	EN-PRE-169	0x05C7B	$9C6D	00	$8209	FDC03E44
564	EN-PRE-075	0x05914	$9907	C3	$8205	FDC03E44
564	EN-PRE-169	0x05C7B	$9C6E	00	$8209	FDC03E44
564	EN-PRE-075	0x05914	$9908	D0	$8205	FDC03E44
564	EN-PRE-169	0x05C7B	$9C6F	02	$8209	FDC03E44
564	EN-PRE-075	0x05914	$9909	D1	$8205	FDC03E44
564	EN-PRE-169	0x05C7B	$9C70	02	$8209	FDC03E44
564	EN-PRE-075	0x05914	$990A	E0	$8205	FDC03E44
564	EN-PRE-169	0x05C7B	$9C71	02	$8209	FDC03E44
564	EN-PRE-075	0x05914	$990B	E1	$8205	FDC03E44
564	EN-PRE-169	0x05C7B	$9C72	02	$8209	FDC03E44
564	EN-PRE-075	0x05914	$990C	F0	$8205	FDC03E44
564	EN-PRE-169	0x05C7B	$9C73	02	$8209	FDC03E44
564	EN-PRE-075	0x05914	$990D	F1	$8205	FDC03E44
566	EN-PRE-068	0x058C4	$98B6	C0	$8205	FDC03E44
566	EN-PRE-068	0x058C4	$98B7	C1	$8205	FDC03E44
566	EN-PRE-068	0x058C4	$98B8	D0	$8205	FDC03E44
566	EN-PRE-069	0x058C9	$98B9	D1	$8205	FDC03E44
566	EN-PRE-069	0x058C9	$98BA	E0	$8205	FDC03E44
566	EN-PRE-069	0x058C9	$98BB	E1	$8205	FDC03E44
566	EN-PRE-069	0x058C9	$98BC	E2	$8205	FDC03E44
566	EN-PRE-069	0x058C9	$98BD	E3	$8205	FDC03E44
566	EN-PRE-075	0x05914	$9906	C2	$8205	FDC03E44
566	EN-PRE-169	0x05C7B	$9C6D	00	$8209	FDC03E44
566	EN-PRE-075	0x05914	$9907	C3	$8205	FDC03E44
566	EN-PRE-169	0x05C7B	$9C6E	00	$8209	FDC03E44
566	EN-PRE-075	0x05914	$9908	D0	$8205	FDC03E44
566	EN-PRE-169	0x05C7B	$9C6F	02	$8209	FDC03E44
566	EN-PRE-075	0x05914	$9909	D1	$8205	FDC03E44
566	EN-PRE-169	0x05C7B	$9C70	02	$8209	FDC03E44
566	EN-PRE-075	0x05914	$990A	E0	$8205	FDC03E44
566	EN-PRE-169	0x05C7B	$9C71	02	$8209	FDC03E44
566	EN-PRE-075	0x05914	$990B	E1	$8205	FDC03E44
566	EN-PRE-169	0x05C7B	$9C72	02	$8209	FDC03E44
566	EN-PRE-075	0x05914	$990C	F0	$8205	FDC03E44
566	EN-PRE-169	0x05C7B	$9C73	02	$8209	FDC03E44
566	EN-PRE-075	0x05914	$990D	F1	$8205	FDC03E44
568	EN-PRE-068	0x058C4	$98B6	C0	$8205	FDC03E44
568	EN-PRE-068	0x058C4	$98B7	C1	$8205	FDC03E44
568	EN-PRE-068	0x058C4	$98B8	D0	$8205	FDC03E44
568	EN-PRE-069	0x058C9	$98B9	D1	$8205	FDC03E44
568	EN-PRE-069	0x058C9	$98BA	E0	$8205	FDC03E44
568	EN-PRE-069	0x058C9	$98BB	E1	$8205	FDC03E44
568	EN-PRE-069	0x058C9	$98BC	E2	$8205	FDC03E44
568	EN-PRE-069	0x058C9	$98BD	E3	$8205	FDC03E44
568	EN-PRE-076	0x0591E	$990E	C2	$8205	FDC03E44
568	EN-PRE-076	0x0591E	$990F	D0	$8205	FDC03E44
568	EN-PRE-076	0x0591E	$9910	E0	$8205	FDC03E44
568	EN-PRE-076	0x0591E	$9911	E2	$8205	FDC03E44
568	EN-PRE-076	0x0591E	$9912	E3	$8205	FDC03E44
568	EN-PRE-076	0x0591E	$9913	C3	$8205	FDC03E44
568	EN-PRE-076	0x0591E	$9914	D1	$8205	FDC03E44
568	EN-PRE-076	0x0591E	$9915	E1	$8205	FDC03E44
570	EN-PRE-112	0x05AEB	$9ADE	C0	$8205	FDC03E44
570	EN-PRE-112	0x05AEB	$9ADF	C1	$8205	FDC03E44
570	EN-PRE-112	0x05AEB	$9AE0	D0	$8205	FDC03E44
570	EN-PRE-112	0x05AEB	$9AE1	D1	$8205	FDC03E44
570	EN-PRE-112	0x05AEB	$9AE2	E0	$8205	FDC03E44
570	EN-PRE-112	0x05AEB	$9AE3	E1	$8205	FDC03E44
570	EN-PRE-076	0x0591E	$990E	C2	$8205	FDC03E44
570	EN-PRE-076	0x0591E	$990F	D0	$8205	FDC03E44
570	EN-PRE-076	0x0591E	$9910	E0	$8205	FDC03E44
570	EN-PRE-076	0x0591E	$9911	E2	$8205	FDC03E44
570	EN-PRE-076	0x0591E	$9912	E3	$8205	FDC03E44
570	EN-PRE-076	0x0591E	$9913	C3	$8205	FDC03E44
570	EN-PRE-076	0x0591E	$9914	D1	$8205	FDC03E44
570	EN-PRE-076	0x0591E	$9915	E1	$8205	FDC03E44
572	EN-PRE-112	0x05AEB	$9ADE	C0	$8205	FDC03E44
572	EN-PRE-112	0x05AEB	$9ADF	C1	$8205	FDC03E44
572	EN-PRE-112	0x05AEB	$9AE0	D0	$8205	FDC03E44
572	EN-PRE-112	0x05AEB	$9AE1	D1	$8205	FDC03E44
572	EN-PRE-112	0x05AEB	$9AE2	E0	$8205	FDC03E44
572	EN-PRE-112	0x05AEB	$9AE3	E1	$8205	FDC03E44
572	EN-PRE-076	0x0591E	$990E	C2	$8205	FDC03E44
572	EN-PRE-076	0x0591E	$990F	D0	$8205	FDC03E44
572	EN-PRE-076	0x0591E	$9910	E0	$8205	FDC03E44
572	EN-PRE-076	0x0591E	$9911	E2	$8205	FDC03E44
572	EN-PRE-076	0x0591E	$9912	E3	$8205	FDC03E44
572	EN-PRE-076	0x0591E	$9913	C3	$8205	FDC03E44
572	EN-PRE-076	0x0591E	$9914	D1	$8205	FDC03E44
572	EN-PRE-076	0x0591E	$9915	E1	$8205	FDC03E44
574	EN-PRE-112	0x05AEB	$9ADE	C0	$8205	FDC03E44
574	EN-PRE-112	0x05AEB	$9ADF	C1	$8205	FDC03E44
574	EN-PRE-112	0x05AEB	$9AE0	D0	$8205	FDC03E44
574	EN-PRE-112	0x05AEB	$9AE1	D1	$8205	FDC03E44
574	EN-PRE-112	0x05AEB	$9AE2	E0	$8205	FDC03E44
574	EN-PRE-112	0x05AEB	$9AE3	E1	$8205	FDC03E44
574	EN-PRE-075	0x05914	$9906	C2	$8205	FDC03E44
574	EN-PRE-169	0x05C7B	$9C6D	00	$8209	FDC03E44
574	EN-PRE-075	0x05914	$9907	C3	$8205	FDC03E44
574	EN-PRE-169	0x05C7B	$9C6E	00	$8209	FDC03E44
574	EN-PRE-075	0x05914	$9908	D0	$8205	FDC03E44
574	EN-PRE-169	0x05C7B	$9C6F	02	$8209	FDC03E44
574	EN-PRE-075	0x05914	$9909	D1	$8205	FDC03E44
574	EN-PRE-169	0x05C7B	$9C70	02	$8209	FDC03E44
574	EN-PRE-075	0x05914	$990A	E0	$8205	FDC03E44
574	EN-PRE-169	0x05C7B	$9C71	02	$8209	FDC03E44
574	EN-PRE-075	0x05914	$990B	E1	$8205	FDC03E44
574	EN-PRE-169	0x05C7B	$9C72	02	$8209	FDC03E44
574	EN-PRE-075	0x05914	$990C	F0	$8205	FDC03E44
574	EN-PRE-169	0x05C7B	$9C73	02	$8209	FDC03E44
574	EN-PRE-075	0x05914	$990D	F1	$8205	FDC03E44
576	EN-PRE-069	0x058C9	$98BE	C0	$8205	FDC03E44
576	EN-PRE-069	0x058C9	$98BF	C1	$8205	FDC03E44
576	EN-PRE-069	0x058C9	$98C0	D0	$8205	FDC03E44
576	EN-PRE-069	0x058C9	$98C1	D1	$8205	FDC03E44
576	EN-PRE-069	0x058C9	$98C2	E0	$8205	FDC03E44
576	EN-PRE-069	0x058C9	$98C3	E1	$8205	FDC03E44
576	EN-PRE-069	0x058C9	$98C4	F2	$8205	FDC03E44
576	EN-PRE-069	0x058C9	$98C5	F3	$8205	FDC03E44
576	EN-PRE-075	0x05914	$9906	C2	$8205	FDC03E44
576	EN-PRE-169	0x05C7B	$9C6D	00	$8209	FDC03E44
576	EN-PRE-075	0x05914	$9907	C3	$8205	FDC03E44
576	EN-PRE-169	0x05C7B	$9C6E	00	$8209	FDC03E44
576	EN-PRE-075	0x05914	$9908	D0	$8205	FDC03E44
576	EN-PRE-169	0x05C7B	$9C6F	02	$8209	FDC03E44
576	EN-PRE-075	0x05914	$9909	D1	$8205	FDC03E44
576	EN-PRE-169	0x05C7B	$9C70	02	$8209	FDC03E44
576	EN-PRE-075	0x05914	$990A	E0	$8205	FDC03E44
576	EN-PRE-169	0x05C7B	$9C71	02	$8209	FDC03E44
576	EN-PRE-075	0x05914	$990B	E1	$8205	FDC03E44
576	EN-PRE-169	0x05C7B	$9C72	02	$8209	FDC03E44
576	EN-PRE-075	0x05914	$990C	F0	$8205	FDC03E44
576	EN-PRE-169	0x05C7B	$9C73	02	$8209	FDC03E44
576	EN-PRE-075	0x05914	$990D	F1	$8205	FDC03E44
578	EN-PRE-069	0x058C9	$98BE	C0	$8205	FDC03E44
578	EN-PRE-069	0x058C9	$98BF	C1	$8205	FDC03E44
578	EN-PRE-069	0x058C9	$98C0	D0	$8205	FDC03E44
578	EN-PRE-069	0x058C9	$98C1	D1	$8205	FDC03E44
578	EN-PRE-069	0x058C9	$98C2	E0	$8205	FDC03E44
578	EN-PRE-069	0x058C9	$98C3	E1	$8205	FDC03E44
578	EN-PRE-069	0x058C9	$98C4	F2	$8205	FDC03E44
578	EN-PRE-069	0x058C9	$98C5	F3	$8205	FDC03E44
578	EN-PRE-075	0x05914	$9906	C2	$8205	FDC03E44
578	EN-PRE-169	0x05C7B	$9C6D	00	$8209	FDC03E44
578	EN-PRE-075	0x05914	$9907	C3	$8205	FDC03E44
578	EN-PRE-169	0x05C7B	$9C6E	00	$8209	FDC03E44
578	EN-PRE-075	0x05914	$9908	D0	$8205	FDC03E44
578	EN-PRE-169	0x05C7B	$9C6F	02	$8209	FDC03E44
578	EN-PRE-075	0x05914	$9909	D1	$8205	FDC03E44
578	EN-PRE-169	0x05C7B	$9C70	02	$8209	FDC03E44
578	EN-PRE-075	0x05914	$990A	E0	$8205	FDC03E44
578	EN-PRE-169	0x05C7B	$9C71	02	$8209	FDC03E44
578	EN-PRE-075	0x05914	$990B	E1	$8205	FDC03E44
578	EN-PRE-169	0x05C7B	$9C72	02	$8209	FDC03E44
578	EN-PRE-075	0x05914	$990C	F0	$8205	FDC03E44
578	EN-PRE-169	0x05C7B	$9C73	02	$8209	FDC03E44
578	EN-PRE-075	0x05914	$990D	F1	$8205	FDC03E44
580	EN-PRE-069	0x058C9	$98BE	C0	$8205	FDC03E44
580	EN-PRE-069	0x058C9	$98BF	C1	$8205	FDC03E44
580	EN-PRE-069	0x058C9	$98C0	D0	$8205	FDC03E44
580	EN-PRE-069	0x058C9	$98C1	D1	$8205	FDC03E44
580	EN-PRE-069	0x058C9	$98C2	E0	$8205	FDC03E44
580	EN-PRE-069	0x058C9	$98C3	E1	$8205	FDC03E44
580	EN-PRE-069	0x058C9	$98C4	F2	$8205	FDC03E44
580	EN-PRE-069	0x058C9	$98C5	F3	$8205	FDC03E44
580	EN-PRE-085	0x0596E	$995E	C2	$8205	FDC03E44
580	EN-PRE-169	0x05C7B	$9C6D	00	$8209	FDC03E44
580	EN-PRE-085	0x0596E	$995F	C3	$8205	FDC03E44
580	EN-PRE-169	0x05C7B	$9C6E	00	$8209	FDC03E44
580	EN-PRE-085	0x0596E	$9960	D0	$8205	FDC03E44
580	EN-PRE-169	0x05C7B	$9C6F	02	$8209	FDC03E44
580	EN-PRE-085	0x0596E	$9961	D1	$8205	FDC03E44
580	EN-PRE-169	0x05C7B	$9C70	02	$8209	FDC03E44
580	EN-PRE-086	0x05972	$9962	E0	$8205	FDC03E44
580	EN-PRE-169	0x05C7B	$9C71	02	$8209	FDC03E44
580	EN-PRE-087	0x05973	$9963	E1	$8205	FDC03E44
580	EN-PRE-169	0x05C7B	$9C72	02	$8209	FDC03E44
580	EN-PRE-087	0x05973	$9964	F2	$8205	FDC03E44
580	EN-PRE-169	0x05C7B	$9C73	02	$8209	FDC03E44
580	EN-PRE-087	0x05973	$9965	F3	$8205	FDC03E44
582	EN-PRE-069	0x058C9	$98BE	C0	$8205	FDC03E44
582	EN-PRE-069	0x058C9	$98BF	C1	$8205	FDC03E44
582	EN-PRE-069	0x058C9	$98C0	D0	$8205	FDC03E44
582	EN-PRE-069	0x058C9	$98C1	D1	$8205	FDC03E44
582	EN-PRE-069	0x058C9	$98C2	E0	$8205	FDC03E44
582	EN-PRE-069	0x058C9	$98C3	E1	$8205	FDC03E44
582	EN-PRE-069	0x058C9	$98C4	F2	$8205	FDC03E44
582	EN-PRE-069	0x058C9	$98C5	F3	$8205	FDC03E44
582	EN-PRE-085	0x0596E	$995E	C2	$8205	FDC03E44
582	EN-PRE-169	0x05C7B	$9C6D	00	$8209	FDC03E44
582	EN-PRE-085	0x0596E	$995F	C3	$8205	FDC03E44
582	EN-PRE-169	0x05C7B	$9C6E	00	$8209	FDC03E44
582	EN-PRE-085	0x0596E	$9960	D0	$8205	FDC03E44
582	EN-PRE-169	0x05C7B	$9C6F	02	$8209	FDC03E44
582	EN-PRE-085	0x0596E	$9961	D1	$8205	FDC03E44
582	EN-PRE-169	0x05C7B	$9C70	02	$8209	FDC03E44
582	EN-PRE-086	0x05972	$9962	E0	$8205	FDC03E44
582	EN-PRE-169	0x05C7B	$9C71	02	$8209	FDC03E44
582	EN-PRE-087	0x05973	$9963	E1	$8205	FDC03E44
582	EN-PRE-169	0x05C7B	$9C72	02	$8209	FDC03E44
582	EN-PRE-087	0x05973	$9964	F2	$8205	FDC03E44
582	EN-PRE-169	0x05C7B	$9C73	02	$8209	FDC03E44
582	EN-PRE-087	0x05973	$9965	F3	$8205	FDC03E44
584	EN-PRE-112	0x05AEB	$9ADE	C0	$8205	FDC03E44
584	EN-PRE-112	0x05AEB	$9ADF	C1	$8205	FDC03E44
584	EN-PRE-112	0x05AEB	$9AE0	D0	$8205	FDC03E44
584	EN-PRE-112	0x05AEB	$9AE1	D1	$8205	FDC03E44
584	EN-PRE-112	0x05AEB	$9AE2	E0	$8205	FDC03E44
584	EN-PRE-112	0x05AEB	$9AE3	E1	$8205	FDC03E44
584	EN-PRE-085	0x0596E	$995E	C2	$8205	FDC03E44
584	EN-PRE-169	0x05C7B	$9C6D	00	$8209	FDC03E44
584	EN-PRE-085	0x0596E	$995F	C3	$8205	FDC03E44
584	EN-PRE-169	0x05C7B	$9C6E	00	$8209	FDC03E44
584	EN-PRE-085	0x0596E	$9960	D0	$8205	FDC03E44
584	EN-PRE-169	0x05C7B	$9C6F	02	$8209	FDC03E44
584	EN-PRE-085	0x0596E	$9961	D1	$8205	FDC03E44
584	EN-PRE-169	0x05C7B	$9C70	02	$8209	FDC03E44
584	EN-PRE-086	0x05972	$9962	E0	$8205	FDC03E44
584	EN-PRE-169	0x05C7B	$9C71	02	$8209	FDC03E44
584	EN-PRE-087	0x05973	$9963	E1	$8205	FDC03E44
584	EN-PRE-169	0x05C7B	$9C72	02	$8209	FDC03E44
584	EN-PRE-087	0x05973	$9964	F2	$8205	FDC03E44
584	EN-PRE-169	0x05C7B	$9C73	02	$8209	FDC03E44
584	EN-PRE-087	0x05973	$9965	F3	$8205	FDC03E44
586	EN-PRE-112	0x05AEB	$9ADE	C0	$8205	FDC03E44
586	EN-PRE-112	0x05AEB	$9ADF	C1	$8205	FDC03E44
586	EN-PRE-112	0x05AEB	$9AE0	D0	$8205	FDC03E44
586	EN-PRE-112	0x05AEB	$9AE1	D1	$8205	FDC03E44
586	EN-PRE-112	0x05AEB	$9AE2	E0	$8205	FDC03E44
586	EN-PRE-112	0x05AEB	$9AE3	E1	$8205	FDC03E44
586	EN-PRE-085	0x0596E	$995E	C2	$8205	FDC03E44
586	EN-PRE-169	0x05C7B	$9C6D	00	$8209	FDC03E44
586	EN-PRE-085	0x0596E	$995F	C3	$8205	FDC03E44
586	EN-PRE-169	0x05C7B	$9C6E	00	$8209	FDC03E44
586	EN-PRE-085	0x0596E	$9960	D0	$8205	FDC03E44
586	EN-PRE-169	0x05C7B	$9C6F	02	$8209	FDC03E44
586	EN-PRE-085	0x0596E	$9961	D1	$8205	FDC03E44
586	EN-PRE-169	0x05C7B	$9C70	02	$8209	FDC03E44
586	EN-PRE-086	0x05972	$9962	E0	$8205	FDC03E44
586	EN-PRE-169	0x05C7B	$9C71	02	$8209	FDC03E44
586	EN-PRE-087	0x05973	$9963	E1	$8205	FDC03E44
586	EN-PRE-169	0x05C7B	$9C72	02	$8209	FDC03E44
586	EN-PRE-087	0x05973	$9964	F2	$8205	FDC03E44
586	EN-PRE-169	0x05C7B	$9C73	02	$8209	FDC03E44
586	EN-PRE-087	0x05973	$9965	F3	$8205	FDC03E44
588	EN-PRE-112	0x05AEB	$9ADE	C0	$8205	FDC03E44
588	EN-PRE-112	0x05AEB	$9ADF	C1	$8205	FDC03E44
588	EN-PRE-112	0x05AEB	$9AE0	D0	$8205	FDC03E44
588	EN-PRE-112	0x05AEB	$9AE1	D1	$8205	FDC03E44
588	EN-PRE-112	0x05AEB	$9AE2	E0	$8205	FDC03E44
588	EN-PRE-112	0x05AEB	$9AE3	E1	$8205	FDC03E44
588	EN-PRE-075	0x05914	$9906	C2	$8205	FDC03E44
588	EN-PRE-169	0x05C7B	$9C6D	00	$8209	FDC03E44
588	EN-PRE-075	0x05914	$9907	C3	$8205	FDC03E44
588	EN-PRE-169	0x05C7B	$9C6E	00	$8209	FDC03E44
588	EN-PRE-075	0x05914	$9908	D0	$8205	FDC03E44
588	EN-PRE-169	0x05C7B	$9C6F	02	$8209	FDC03E44
588	EN-PRE-075	0x05914	$9909	D1	$8205	FDC03E44
588	EN-PRE-169	0x05C7B	$9C70	02	$8209	FDC03E44
588	EN-PRE-075	0x05914	$990A	E0	$8205	FDC03E44
588	EN-PRE-169	0x05C7B	$9C71	02	$8209	FDC03E44
588	EN-PRE-075	0x05914	$990B	E1	$8205	FDC03E44
588	EN-PRE-169	0x05C7B	$9C72	02	$8209	FDC03E44
588	EN-PRE-075	0x05914	$990C	F0	$8205	FDC03E44
588	EN-PRE-169	0x05C7B	$9C73	02	$8209	FDC03E44
588	EN-PRE-075	0x05914	$990D	F1	$8205	FDC03E44
590	EN-PRE-068	0x058C4	$98B6	C0	$8205	FDC03E44
590	EN-PRE-068	0x058C4	$98B7	C1	$8205	FDC03E44
590	EN-PRE-068	0x058C4	$98B8	D0	$8205	FDC03E44
590	EN-PRE-069	0x058C9	$98B9	D1	$8205	FDC03E44
590	EN-PRE-069	0x058C9	$98BA	E0	$8205	FDC03E44
590	EN-PRE-069	0x058C9	$98BB	E1	$8205	FDC03E44
590	EN-PRE-069	0x058C9	$98BC	E2	$8205	FDC03E44
590	EN-PRE-069	0x058C9	$98BD	E3	$8205	FDC03E44
590	EN-PRE-075	0x05914	$9906	C2	$8205	FDC03E44
590	EN-PRE-169	0x05C7B	$9C6D	00	$8209	FDC03E44
590	EN-PRE-075	0x05914	$9907	C3	$8205	FDC03E44
590	EN-PRE-169	0x05C7B	$9C6E	00	$8209	FDC03E44
590	EN-PRE-075	0x05914	$9908	D0	$8205	FDC03E44
590	EN-PRE-169	0x05C7B	$9C6F	02	$8209	FDC03E44
590	EN-PRE-075	0x05914	$9909	D1	$8205	FDC03E44
590	EN-PRE-169	0x05C7B	$9C70	02	$8209	FDC03E44
590	EN-PRE-075	0x05914	$990A	E0	$8205	FDC03E44
590	EN-PRE-169	0x05C7B	$9C71	02	$8209	FDC03E44
590	EN-PRE-075	0x05914	$990B	E1	$8205	FDC03E44
590	EN-PRE-169	0x05C7B	$9C72	02	$8209	FDC03E44
590	EN-PRE-075	0x05914	$990C	F0	$8205	FDC03E44
590	EN-PRE-169	0x05C7B	$9C73	02	$8209	FDC03E44
590	EN-PRE-075	0x05914	$990D	F1	$8205	FDC03E44
592	EN-PRE-068	0x058C4	$98B6	C0	$8205	FDC03E44
592	EN-PRE-068	0x058C4	$98B7	C1	$8205	FDC03E44
592	EN-PRE-068	0x058C4	$98B8	D0	$8205	FDC03E44
592	EN-PRE-069	0x058C9	$98B9	D1	$8205	FDC03E44
592	EN-PRE-069	0x058C9	$98BA	E0	$8205	FDC03E44
592	EN-PRE-069	0x058C9	$98BB	E1	$8205	FDC03E44
592	EN-PRE-069	0x058C9	$98BC	E2	$8205	FDC03E44
592	EN-PRE-069	0x058C9	$98BD	E3	$8205	FDC03E44
592	EN-PRE-075	0x05914	$9906	C2	$8205	FDC03E44
592	EN-PRE-169	0x05C7B	$9C6D	00	$8209	FDC03E44
592	EN-PRE-075	0x05914	$9907	C3	$8205	FDC03E44
592	EN-PRE-169	0x05C7B	$9C6E	00	$8209	FDC03E44
592	EN-PRE-075	0x05914	$9908	D0	$8205	FDC03E44
592	EN-PRE-169	0x05C7B	$9C6F	02	$8209	FDC03E44
592	EN-PRE-075	0x05914	$9909	D1	$8205	FDC03E44
592	EN-PRE-169	0x05C7B	$9C70	02	$8209	FDC03E44
592	EN-PRE-075	0x05914	$990A	E0	$8205	FDC03E44
592	EN-PRE-169	0x05C7B	$9C71	02	$8209	FDC03E44
592	EN-PRE-075	0x05914	$990B	E1	$8205	FDC03E44
592	EN-PRE-169	0x05C7B	$9C72	02	$8209	FDC03E44
592	EN-PRE-075	0x05914	$990C	F0	$8205	FDC03E44
592	EN-PRE-169	0x05C7B	$9C73	02	$8209	FDC03E44
592	EN-PRE-075	0x05914	$990D	F1	$8205	FDC03E44
594	EN-PRE-068	0x058C4	$98B6	C0	$8205	FDC03E44
594	EN-PRE-068	0x058C4	$98B7	C1	$8205	FDC03E44
594	EN-PRE-068	0x058C4	$98B8	D0	$8205	FDC03E44
594	EN-PRE-069	0x058C9	$98B9	D1	$8205	FDC03E44
594	EN-PRE-069	0x058C9	$98BA	E0	$8205	FDC03E44
594	EN-PRE-069	0x058C9	$98BB	E1	$8205	FDC03E44
594	EN-PRE-069	0x058C9	$98BC	E2	$8205	FDC03E44
594	EN-PRE-069	0x058C9	$98BD	E3	$8205	FDC03E44
594	EN-PRE-076	0x0591E	$990E	C2	$8205	FDC03E44
594	EN-PRE-076	0x0591E	$990F	D0	$8205	FDC03E44
594	EN-PRE-076	0x0591E	$9910	E0	$8205	FDC03E44
594	EN-PRE-076	0x0591E	$9911	E2	$8205	FDC03E44
594	EN-PRE-076	0x0591E	$9912	E3	$8205	FDC03E44
594	EN-PRE-076	0x0591E	$9913	C3	$8205	FDC03E44
594	EN-PRE-076	0x0591E	$9914	D1	$8205	FDC03E44
594	EN-PRE-076	0x0591E	$9915	E1	$8205	FDC03E44
596	EN-PRE-112	0x05AEB	$9ADE	C0	$8205	FDC03E44
596	EN-PRE-112	0x05AEB	$9ADF	C1	$8205	FDC03E44
596	EN-PRE-112	0x05AEB	$9AE0	D0	$8205	FDC03E44
596	EN-PRE-112	0x05AEB	$9AE1	D1	$8205	FDC03E44
596	EN-PRE-112	0x05AEB	$9AE2	E0	$8205	FDC03E44
596	EN-PRE-112	0x05AEB	$9AE3	E1	$8205	FDC03E44
596	EN-PRE-076	0x0591E	$990E	C2	$8205	FDC03E44
596	EN-PRE-076	0x0591E	$990F	D0	$8205	FDC03E44
596	EN-PRE-076	0x0591E	$9910	E0	$8205	FDC03E44
596	EN-PRE-076	0x0591E	$9911	E2	$8205	FDC03E44
596	EN-PRE-076	0x0591E	$9912	E3	$8205	FDC03E44
596	EN-PRE-076	0x0591E	$9913	C3	$8205	FDC03E44
596	EN-PRE-076	0x0591E	$9914	D1	$8205	FDC03E44
596	EN-PRE-076	0x0591E	$9915	E1	$8205	FDC03E44
598	EN-PRE-112	0x05AEB	$9ADE	C0	$8205	FDC03E44
598	EN-PRE-112	0x05AEB	$9ADF	C1	$8205	FDC03E44
598	EN-PRE-112	0x05AEB	$9AE0	D0	$8205	FDC03E44
598	EN-PRE-112	0x05AEB	$9AE1	D1	$8205	FDC03E44
598	EN-PRE-112	0x05AEB	$9AE2	E0	$8205	FDC03E44
598	EN-PRE-112	0x05AEB	$9AE3	E1	$8205	FDC03E44
598	EN-PRE-076	0x0591E	$990E	C2	$8205	FDC03E44
598	EN-PRE-076	0x0591E	$990F	D0	$8205	FDC03E44
598	EN-PRE-076	0x0591E	$9910	E0	$8205	FDC03E44
598	EN-PRE-076	0x0591E	$9911	E2	$8205	FDC03E44
598	EN-PRE-076	0x0591E	$9912	E3	$8205	FDC03E44
598	EN-PRE-076	0x0591E	$9913	C3	$8205	FDC03E44
598	EN-PRE-076	0x0591E	$9914	D1	$8205	FDC03E44
598	EN-PRE-076	0x0591E	$9915	E1	$8205	FDC03E44
600	EN-PRE-112	0x05AEB	$9ADE	C0	$8205	FDC03E44
600	EN-PRE-112	0x05AEB	$9ADF	C1	$8205	FDC03E44
600	EN-PRE-112	0x05AEB	$9AE0	D0	$8205	FDC03E44
600	EN-PRE-112	0x05AEB	$9AE1	D1	$8205	FDC03E44
600	EN-PRE-112	0x05AEB	$9AE2	E0	$8205	FDC03E44
600	EN-PRE-112	0x05AEB	$9AE3	E1	$8205	FDC03E44
600	EN-PRE-075	0x05914	$9906	C2	$8205	FDC03E44
600	EN-PRE-169	0x05C7B	$9C6D	00	$8209	FDC03E44
600	EN-PRE-075	0x05914	$9907	C3	$8205	FDC03E44
600	EN-PRE-169	0x05C7B	$9C6E	00	$8209	FDC03E44
600	EN-PRE-075	0x05914	$9908	D0	$8205	FDC03E44
600	EN-PRE-169	0x05C7B	$9C6F	02	$8209	FDC03E44
600	EN-PRE-075	0x05914	$9909	D1	$8205	FDC03E44
600	EN-PRE-169	0x05C7B	$9C70	02	$8209	FDC03E44
600	EN-PRE-075	0x05914	$990A	E0	$8205	FDC03E44
600	EN-PRE-169	0x05C7B	$9C71	02	$8209	FDC03E44
600	EN-PRE-075	0x05914	$990B	E1	$8205	FDC03E44
600	EN-PRE-169	0x05C7B	$9C72	02	$8209	FDC03E44
600	EN-PRE-075	0x05914	$990C	F0	$8205	FDC03E44
600	EN-PRE-169	0x05C7B	$9C73	02	$8209	FDC03E44
600	EN-PRE-075	0x05914	$990D	F1	$8205	FDC03E44
602	EN-PRE-069	0x058C9	$98BE	C0	$8205	FDC03E44
602	EN-PRE-069	0x058C9	$98BF	C1	$8205	FDC03E44
602	EN-PRE-069	0x058C9	$98C0	D0	$8205	FDC03E44
602	EN-PRE-069	0x058C9	$98C1	D1	$8205	FDC03E44
602	EN-PRE-069	0x058C9	$98C2	E0	$8205	FDC03E44
602	EN-PRE-069	0x058C9	$98C3	E1	$8205	FDC03E44
602	EN-PRE-069	0x058C9	$98C4	F2	$8205	FDC03E44
602	EN-PRE-069	0x058C9	$98C5	F3	$8205	FDC03E44
602	EN-PRE-075	0x05914	$9906	C2	$8205	FDC03E44
602	EN-PRE-169	0x05C7B	$9C6D	00	$8209	FDC03E44
602	EN-PRE-075	0x05914	$9907	C3	$8205	FDC03E44
602	EN-PRE-169	0x05C7B	$9C6E	00	$8209	FDC03E44
602	EN-PRE-075	0x05914	$9908	D0	$8205	FDC03E44
602	EN-PRE-169	0x05C7B	$9C6F	02	$8209	FDC03E44
602	EN-PRE-075	0x05914	$9909	D1	$8205	FDC03E44
602	EN-PRE-169	0x05C7B	$9C70	02	$8209	FDC03E44
602	EN-PRE-075	0x05914	$990A	E0	$8205	FDC03E44
602	EN-PRE-169	0x05C7B	$9C71	02	$8209	FDC03E44
602	EN-PRE-075	0x05914	$990B	E1	$8205	FDC03E44
602	EN-PRE-169	0x05C7B	$9C72	02	$8209	FDC03E44
602	EN-PRE-075	0x05914	$990C	F0	$8205	FDC03E44
602	EN-PRE-169	0x05C7B	$9C73	02	$8209	FDC03E44
602	EN-PRE-075	0x05914	$990D	F1	$8205	FDC03E44
604	EN-PRE-069	0x058C9	$98BE	C0	$8205	FDC03E44
604	EN-PRE-069	0x058C9	$98BF	C1	$8205	FDC03E44
604	EN-PRE-069	0x058C9	$98C0	D0	$8205	FDC03E44
604	EN-PRE-069	0x058C9	$98C1	D1	$8205	FDC03E44
604	EN-PRE-069	0x058C9	$98C2	E0	$8205	FDC03E44
604	EN-PRE-069	0x058C9	$98C3	E1	$8205	FDC03E44
604	EN-PRE-069	0x058C9	$98C4	F2	$8205	FDC03E44
604	EN-PRE-069	0x058C9	$98C5	F3	$8205	FDC03E44
604	EN-PRE-075	0x05914	$9906	C2	$8205	FDC03E44
604	EN-PRE-169	0x05C7B	$9C6D	00	$8209	FDC03E44
604	EN-PRE-075	0x05914	$9907	C3	$8205	FDC03E44
604	EN-PRE-169	0x05C7B	$9C6E	00	$8209	FDC03E44
604	EN-PRE-075	0x05914	$9908	D0	$8205	FDC03E44
604	EN-PRE-169	0x05C7B	$9C6F	02	$8209	FDC03E44
604	EN-PRE-075	0x05914	$9909	D1	$8205	FDC03E44
604	EN-PRE-169	0x05C7B	$9C70	02	$8209	FDC03E44
604	EN-PRE-075	0x05914	$990A	E0	$8205	FDC03E44
604	EN-PRE-169	0x05C7B	$9C71	02	$8209	FDC03E44
604	EN-PRE-075	0x05914	$990B	E1	$8205	FDC03E44
604	EN-PRE-169	0x05C7B	$9C72	02	$8209	FDC03E44
604	EN-PRE-075	0x05914	$990C	F0	$8205	FDC03E44
604	EN-PRE-169	0x05C7B	$9C73	02	$8209	FDC03E44
604	EN-PRE-075	0x05914	$990D	F1	$8205	FDC03E44
606	EN-PRE-069	0x058C9	$98BE	C0	$8205	FDC03E44
606	EN-PRE-069	0x058C9	$98BF	C1	$8205	FDC03E44
606	EN-PRE-069	0x058C9	$98C0	D0	$8205	FDC03E44
606	EN-PRE-069	0x058C9	$98C1	D1	$8205	FDC03E44
606	EN-PRE-069	0x058C9	$98C2	E0	$8205	FDC03E44
606	EN-PRE-069	0x058C9	$98C3	E1	$8205	FDC03E44
606	EN-PRE-069	0x058C9	$98C4	F2	$8205	FDC03E44
606	EN-PRE-069	0x058C9	$98C5	F3	$8205	FDC03E44
606	EN-PRE-085	0x0596E	$995E	C2	$8205	FDC03E44
606	EN-PRE-169	0x05C7B	$9C6D	00	$8209	FDC03E44
606	EN-PRE-085	0x0596E	$995F	C3	$8205	FDC03E44
606	EN-PRE-169	0x05C7B	$9C6E	00	$8209	FDC03E44
606	EN-PRE-085	0x0596E	$9960	D0	$8205	FDC03E44
606	EN-PRE-169	0x05C7B	$9C6F	02	$8209	FDC03E44
606	EN-PRE-085	0x0596E	$9961	D1	$8205	FDC03E44
606	EN-PRE-169	0x05C7B	$9C70	02	$8209	FDC03E44
606	EN-PRE-086	0x05972	$9962	E0	$8205	FDC03E44
606	EN-PRE-169	0x05C7B	$9C71	02	$8209	FDC03E44
606	EN-PRE-087	0x05973	$9963	E1	$8205	FDC03E44
606	EN-PRE-169	0x05C7B	$9C72	02	$8209	FDC03E44
606	EN-PRE-087	0x05973	$9964	F2	$8205	FDC03E44
606	EN-PRE-169	0x05C7B	$9C73	02	$8209	FDC03E44
606	EN-PRE-087	0x05973	$9965	F3	$8205	FDC03E44
608	EN-PRE-069	0x058C9	$98BE	C0	$8205	FDC03E44
608	EN-PRE-069	0x058C9	$98BF	C1	$8205	FDC03E44
608	EN-PRE-069	0x058C9	$98C0	D0	$8205	FDC03E44
608	EN-PRE-069	0x058C9	$98C1	D1	$8205	FDC03E44
608	EN-PRE-069	0x058C9	$98C2	E0	$8205	FDC03E44
608	EN-PRE-069	0x058C9	$98C3	E1	$8205	FDC03E44
608	EN-PRE-069	0x058C9	$98C4	F2	$8205	FDC03E44
608	EN-PRE-069	0x058C9	$98C5	F3	$8205	FDC03E44
608	EN-PRE-085	0x0596E	$995E	C2	$8205	FDC03E44
608	EN-PRE-169	0x05C7B	$9C6D	00	$8209	FDC03E44
608	EN-PRE-085	0x0596E	$995F	C3	$8205	FDC03E44
608	EN-PRE-169	0x05C7B	$9C6E	00	$8209	FDC03E44
608	EN-PRE-085	0x0596E	$9960	D0	$8205	FDC03E44
608	EN-PRE-169	0x05C7B	$9C6F	02	$8209	FDC03E44
608	EN-PRE-085	0x0596E	$9961	D1	$8205	FDC03E44
608	EN-PRE-169	0x05C7B	$9C70	02	$8209	FDC03E44
608	EN-PRE-086	0x05972	$9962	E0	$8205	FDC03E44
608	EN-PRE-169	0x05C7B	$9C71	02	$8209	FDC03E44
608	EN-PRE-087	0x05973	$9963	E1	$8205	FDC03E44
608	EN-PRE-169	0x05C7B	$9C72	02	$8209	FDC03E44
608	EN-PRE-087	0x05973	$9964	F2	$8205	FDC03E44
608	EN-PRE-169	0x05C7B	$9C73	02	$8209	FDC03E44
608	EN-PRE-087	0x05973	$9965	F3	$8205	FDC03E44
610	EN-PRE-112	0x05AEB	$9ADE	C0	$8205	FDC03E44
610	EN-PRE-112	0x05AEB	$9ADF	C1	$8205	FDC03E44
610	EN-PRE-112	0x05AEB	$9AE0	D0	$8205	FDC03E44
610	EN-PRE-112	0x05AEB	$9AE1	D1	$8205	FDC03E44
610	EN-PRE-112	0x05AEB	$9AE2	E0	$8205	FDC03E44
610	EN-PRE-112	0x05AEB	$9AE3	E1	$8205	FDC03E44
610	EN-PRE-085	0x0596E	$995E	C2	$8205	FDC03E44
610	EN-PRE-169	0x05C7B	$9C6D	00	$8209	FDC03E44
610	EN-PRE-085	0x0596E	$995F	C3	$8205	FDC03E44
610	EN-PRE-169	0x05C7B	$9C6E	00	$8209	FDC03E44
610	EN-PRE-085	0x0596E	$9960	D0	$8205	FDC03E44
610	EN-PRE-169	0x05C7B	$9C6F	02	$8209	FDC03E44
610	EN-PRE-085	0x0596E	$9961	D1	$8205	FDC03E44
610	EN-PRE-169	0x05C7B	$9C70	02	$8209	FDC03E44
610	EN-PRE-086	0x05972	$9962	E0	$8205	FDC03E44
610	EN-PRE-169	0x05C7B	$9C71	02	$8209	FDC03E44
610	EN-PRE-087	0x05973	$9963	E1	$8205	FDC03E44
610	EN-PRE-169	0x05C7B	$9C72	02	$8209	FDC03E44
610	EN-PRE-087	0x05973	$9964	F2	$8205	FDC03E44
610	EN-PRE-169	0x05C7B	$9C73	02	$8209	FDC03E44
610	EN-PRE-087	0x05973	$9965	F3	$8205	FDC03E44
612	EN-PRE-112	0x05AEB	$9ADE	C0	$8205	FDC03E44
612	EN-PRE-112	0x05AEB	$9ADF	C1	$8205	FDC03E44
612	EN-PRE-112	0x05AEB	$9AE0	D0	$8205	FDC03E44
612	EN-PRE-112	0x05AEB	$9AE1	D1	$8205	FDC03E44
612	EN-PRE-112	0x05AEB	$9AE2	E0	$8205	FDC03E44
612	EN-PRE-112	0x05AEB	$9AE3	E1	$8205	FDC03E44
612	EN-PRE-085	0x0596E	$995E	C2	$8205	FDC03E44
612	EN-PRE-169	0x05C7B	$9C6D	00	$8209	FDC03E44
612	EN-PRE-085	0x0596E	$995F	C3	$8205	FDC03E44
612	EN-PRE-169	0x05C7B	$9C6E	00	$8209	FDC03E44
612	EN-PRE-085	0x0596E	$9960	D0	$8205	FDC03E44
612	EN-PRE-169	0x05C7B	$9C6F	02	$8209	FDC03E44
612	EN-PRE-085	0x0596E	$9961	D1	$8205	FDC03E44
612	EN-PRE-169	0x05C7B	$9C70	02	$8209	FDC03E44
612	EN-PRE-086	0x05972	$9962	E0	$8205	FDC03E44
612	EN-PRE-169	0x05C7B	$9C71	02	$8209	FDC03E44
612	EN-PRE-087	0x05973	$9963	E1	$8205	FDC03E44
612	EN-PRE-169	0x05C7B	$9C72	02	$8209	FDC03E44
612	EN-PRE-087	0x05973	$9964	F2	$8205	FDC03E44
612	EN-PRE-169	0x05C7B	$9C73	02	$8209	FDC03E44
612	EN-PRE-087	0x05973	$9965	F3	$8205	FDC03E44
614	EN-PRE-112	0x05AEB	$9ADE	C0	$8205	FDC03E44
614	EN-PRE-112	0x05AEB	$9ADF	C1	$8205	FDC03E44
614	EN-PRE-112	0x05AEB	$9AE0	D0	$8205	FDC03E44
614	EN-PRE-112	0x05AEB	$9AE1	D1	$8205	FDC03E44
614	EN-PRE-112	0x05AEB	$9AE2	E0	$8205	FDC03E44
614	EN-PRE-112	0x05AEB	$9AE3	E1	$8205	FDC03E44
614	EN-PRE-075	0x05914	$9906	C2	$8205	FDC03E44
614	EN-PRE-169	0x05C7B	$9C6D	00	$8209	FDC03E44
614	EN-PRE-075	0x05914	$9907	C3	$8205	FDC03E44
614	EN-PRE-169	0x05C7B	$9C6E	00	$8209	FDC03E44
614	EN-PRE-075	0x05914	$9908	D0	$8205	FDC03E44
614	EN-PRE-169	0x05C7B	$9C6F	02	$8209	FDC03E44
614	EN-PRE-075	0x05914	$9909	D1	$8205	FDC03E44
614	EN-PRE-169	0x05C7B	$9C70	02	$8209	FDC03E44
614	EN-PRE-075	0x05914	$990A	E0	$8205	FDC03E44
614	EN-PRE-169	0x05C7B	$9C71	02	$8209	FDC03E44
614	EN-PRE-075	0x05914	$990B	E1	$8205	FDC03E44
614	EN-PRE-169	0x05C7B	$9C72	02	$8209	FDC03E44
614	EN-PRE-075	0x05914	$990C	F0	$8205	FDC03E44
614	EN-PRE-169	0x05C7B	$9C73	02	$8209	FDC03E44
614	EN-PRE-075	0x05914	$990D	F1	$8205	FDC03E44
616	EN-PRE-068	0x058C4	$98B6	C0	$8205	FDC03E44
616	EN-PRE-068	0x058C4	$98B7	C1	$8205	FDC03E44
616	EN-PRE-068	0x058C4	$98B8	D0	$8205	FDC03E44
616	EN-PRE-069	0x058C9	$98B9	D1	$8205	FDC03E44
616	EN-PRE-069	0x058C9	$98BA	E0	$8205	FDC03E44
616	EN-PRE-069	0x058C9	$98BB	E1	$8205	FDC03E44
616	EN-PRE-069	0x058C9	$98BC	E2	$8205	FDC03E44
616	EN-PRE-069	0x058C9	$98BD	E3	$8205	FDC03E44
616	EN-PRE-075	0x05914	$9906	C2	$8205	FDC03E44
616	EN-PRE-169	0x05C7B	$9C6D	00	$8209	FDC03E44
616	EN-PRE-075	0x05914	$9907	C3	$8205	FDC03E44
616	EN-PRE-169	0x05C7B	$9C6E	00	$8209	FDC03E44
616	EN-PRE-075	0x05914	$9908	D0	$8205	FDC03E44
616	EN-PRE-169	0x05C7B	$9C6F	02	$8209	FDC03E44
616	EN-PRE-075	0x05914	$9909	D1	$8205	FDC03E44
616	EN-PRE-169	0x05C7B	$9C70	02	$8209	FDC03E44
616	EN-PRE-075	0x05914	$990A	E0	$8205	FDC03E44
616	EN-PRE-169	0x05C7B	$9C71	02	$8209	FDC03E44
616	EN-PRE-075	0x05914	$990B	E1	$8205	FDC03E44
616	EN-PRE-169	0x05C7B	$9C72	02	$8209	FDC03E44
616	EN-PRE-075	0x05914	$990C	F0	$8205	FDC03E44
616	EN-PRE-169	0x05C7B	$9C73	02	$8209	FDC03E44
616	EN-PRE-075	0x05914	$990D	F1	$8205	FDC03E44
618	EN-PRE-068	0x058C4	$98B6	C0	$8205	FDC03E44
618	EN-PRE-068	0x058C4	$98B7	C1	$8205	FDC03E44
618	EN-PRE-068	0x058C4	$98B8	D0	$8205	FDC03E44
618	EN-PRE-069	0x058C9	$98B9	D1	$8205	FDC03E44
618	EN-PRE-069	0x058C9	$98BA	E0	$8205	FDC03E44
618	EN-PRE-069	0x058C9	$98BB	E1	$8205	FDC03E44
618	EN-PRE-069	0x058C9	$98BC	E2	$8205	FDC03E44
618	EN-PRE-069	0x058C9	$98BD	E3	$8205	FDC03E44
618	EN-PRE-075	0x05914	$9906	C2	$8205	FDC03E44
618	EN-PRE-169	0x05C7B	$9C6D	00	$8209	FDC03E44
618	EN-PRE-075	0x05914	$9907	C3	$8205	FDC03E44
618	EN-PRE-169	0x05C7B	$9C6E	00	$8209	FDC03E44
618	EN-PRE-075	0x05914	$9908	D0	$8205	FDC03E44
618	EN-PRE-169	0x05C7B	$9C6F	02	$8209	FDC03E44
618	EN-PRE-075	0x05914	$9909	D1	$8205	FDC03E44
618	EN-PRE-169	0x05C7B	$9C70	02	$8209	FDC03E44
618	EN-PRE-075	0x05914	$990A	E0	$8205	FDC03E44
618	EN-PRE-169	0x05C7B	$9C71	02	$8209	FDC03E44
618	EN-PRE-075	0x05914	$990B	E1	$8205	FDC03E44
618	EN-PRE-169	0x05C7B	$9C72	02	$8209	FDC03E44
618	EN-PRE-075	0x05914	$990C	F0	$8205	FDC03E44
618	EN-PRE-169	0x05C7B	$9C73	02	$8209	FDC03E44
618	EN-PRE-075	0x05914	$990D	F1	$8205	FDC03E44
620	EN-PRE-068	0x058C4	$98B6	C0	$8205	FDC03E44
620	EN-PRE-068	0x058C4	$98B7	C1	$8205	FDC03E44
620	EN-PRE-068	0x058C4	$98B8	D0	$8205	FDC03E44
620	EN-PRE-069	0x058C9	$98B9	D1	$8205	FDC03E44
620	EN-PRE-069	0x058C9	$98BA	E0	$8205	FDC03E44
620	EN-PRE-069	0x058C9	$98BB	E1	$8205	FDC03E44
620	EN-PRE-069	0x058C9	$98BC	E2	$8205	FDC03E44
620	EN-PRE-069	0x058C9	$98BD	E3	$8205	FDC03E44
620	EN-PRE-076	0x0591E	$990E	C2	$8205	FDC03E44
620	EN-PRE-076	0x0591E	$990F	D0	$8205	FDC03E44
620	EN-PRE-076	0x0591E	$9910	E0	$8205	FDC03E44
620	EN-PRE-076	0x0591E	$9911	E2	$8205	FDC03E44
620	EN-PRE-076	0x0591E	$9912	E3	$8205	FDC03E44
620	EN-PRE-076	0x0591E	$9913	C3	$8205	FDC03E44
620	EN-PRE-076	0x0591E	$9914	D1	$8205	FDC03E44
620	EN-PRE-076	0x0591E	$9915	E1	$8205	FDC03E44
622	EN-PRE-112	0x05AEB	$9ADE	C0	$8205	FDC03E44
622	EN-PRE-112	0x05AEB	$9ADF	C1	$8205	FDC03E44
622	EN-PRE-112	0x05AEB	$9AE0	D0	$8205	FDC03E44
622	EN-PRE-112	0x05AEB	$9AE1	D1	$8205	FDC03E44
622	EN-PRE-112	0x05AEB	$9AE2	E0	$8205	FDC03E44
622	EN-PRE-112	0x05AEB	$9AE3	E1	$8205	FDC03E44
622	EN-PRE-076	0x0591E	$990E	C2	$8205	FDC03E44
622	EN-PRE-076	0x0591E	$990F	D0	$8205	FDC03E44
622	EN-PRE-076	0x0591E	$9910	E0	$8205	FDC03E44
622	EN-PRE-076	0x0591E	$9911	E2	$8205	FDC03E44
622	EN-PRE-076	0x0591E	$9912	E3	$8205	FDC03E44
622	EN-PRE-076	0x0591E	$9913	C3	$8205	FDC03E44
622	EN-PRE-076	0x0591E	$9914	D1	$8205	FDC03E44
622	EN-PRE-076	0x0591E	$9915	E1	$8205	FDC03E44
624	EN-PRE-112	0x05AEB	$9ADE	C0	$8205	FDC03E44
624	EN-PRE-112	0x05AEB	$9ADF	C1	$8205	FDC03E44
624	EN-PRE-112	0x05AEB	$9AE0	D0	$8205	FDC03E44
624	EN-PRE-112	0x05AEB	$9AE1	D1	$8205	FDC03E44
624	EN-PRE-112	0x05AEB	$9AE2	E0	$8205	FDC03E44
624	EN-PRE-112	0x05AEB	$9AE3	E1	$8205	FDC03E44
624	EN-PRE-076	0x0591E	$990E	C2	$8205	FDC03E44
624	EN-PRE-076	0x0591E	$990F	D0	$8205	FDC03E44
624	EN-PRE-076	0x0591E	$9910	E0	$8205	FDC03E44
624	EN-PRE-076	0x0591E	$9911	E2	$8205	FDC03E44
624	EN-PRE-076	0x0591E	$9912	E3	$8205	FDC03E44
624	EN-PRE-076	0x0591E	$9913	C3	$8205	FDC03E44
624	EN-PRE-076	0x0591E	$9914	D1	$8205	FDC03E44
624	EN-PRE-076	0x0591E	$9915	E1	$8205	FDC03E44
626	EN-PRE-112	0x05AEB	$9ADE	C0	$8205	FDC03E44
626	EN-PRE-112	0x05AEB	$9ADF	C1	$8205	FDC03E44
626	EN-PRE-112	0x05AEB	$9AE0	D0	$8205	FDC03E44
626	EN-PRE-112	0x05AEB	$9AE1	D1	$8205	FDC03E44
626	EN-PRE-112	0x05AEB	$9AE2	E0	$8205	FDC03E44
626	EN-PRE-112	0x05AEB	$9AE3	E1	$8205	FDC03E44
626	EN-PRE-075	0x05914	$9906	C2	$8205	FDC03E44
626	EN-PRE-169	0x05C7B	$9C6D	00	$8209	FDC03E44
626	EN-PRE-075	0x05914	$9907	C3	$8205	FDC03E44
626	EN-PRE-169	0x05C7B	$9C6E	00	$8209	FDC03E44
626	EN-PRE-075	0x05914	$9908	D0	$8205	FDC03E44
626	EN-PRE-169	0x05C7B	$9C6F	02	$8209	FDC03E44
626	EN-PRE-075	0x05914	$9909	D1	$8205	FDC03E44
626	EN-PRE-169	0x05C7B	$9C70	02	$8209	FDC03E44
626	EN-PRE-075	0x05914	$990A	E0	$8205	FDC03E44
626	EN-PRE-169	0x05C7B	$9C71	02	$8209	FDC03E44
626	EN-PRE-075	0x05914	$990B	E1	$8205	FDC03E44
626	EN-PRE-169	0x05C7B	$9C72	02	$8209	FDC03E44
626	EN-PRE-075	0x05914	$990C	F0	$8205	FDC03E44
626	EN-PRE-169	0x05C7B	$9C73	02	$8209	FDC03E44
626	EN-PRE-075	0x05914	$990D	F1	$8205	FDC03E44
628	EN-PRE-069	0x058C9	$98BE	C0	$8205	FDC03E44
628	EN-PRE-069	0x058C9	$98BF	C1	$8205	FDC03E44
628	EN-PRE-069	0x058C9	$98C0	D0	$8205	FDC03E44
628	EN-PRE-069	0x058C9	$98C1	D1	$8205	FDC03E44
628	EN-PRE-069	0x058C9	$98C2	E0	$8205	FDC03E44
628	EN-PRE-069	0x058C9	$98C3	E1	$8205	FDC03E44
628	EN-PRE-069	0x058C9	$98C4	F2	$8205	FDC03E44
628	EN-PRE-069	0x058C9	$98C5	F3	$8205	FDC03E44
628	EN-PRE-075	0x05914	$9906	C2	$8205	FDC03E44
628	EN-PRE-169	0x05C7B	$9C6D	00	$8209	FDC03E44
628	EN-PRE-075	0x05914	$9907	C3	$8205	FDC03E44
628	EN-PRE-169	0x05C7B	$9C6E	00	$8209	FDC03E44
628	EN-PRE-075	0x05914	$9908	D0	$8205	FDC03E44
628	EN-PRE-169	0x05C7B	$9C6F	02	$8209	FDC03E44
628	EN-PRE-075	0x05914	$9909	D1	$8205	FDC03E44
628	EN-PRE-169	0x05C7B	$9C70	02	$8209	FDC03E44
628	EN-PRE-075	0x05914	$990A	E0	$8205	FDC03E44
628	EN-PRE-169	0x05C7B	$9C71	02	$8209	FDC03E44
628	EN-PRE-075	0x05914	$990B	E1	$8205	FDC03E44
628	EN-PRE-169	0x05C7B	$9C72	02	$8209	FDC03E44
628	EN-PRE-075	0x05914	$990C	F0	$8205	FDC03E44
628	EN-PRE-169	0x05C7B	$9C73	02	$8209	FDC03E44
628	EN-PRE-075	0x05914	$990D	F1	$8205	FDC03E44
630	EN-PRE-069	0x058C9	$98BE	C0	$8205	FDC03E44
630	EN-PRE-069	0x058C9	$98BF	C1	$8205	FDC03E44
630	EN-PRE-069	0x058C9	$98C0	D0	$8205	FDC03E44
630	EN-PRE-069	0x058C9	$98C1	D1	$8205	FDC03E44
630	EN-PRE-069	0x058C9	$98C2	E0	$8205	FDC03E44
630	EN-PRE-069	0x058C9	$98C3	E1	$8205	FDC03E44
630	EN-PRE-069	0x058C9	$98C4	F2	$8205	FDC03E44
630	EN-PRE-069	0x058C9	$98C5	F3	$8205	FDC03E44
630	EN-PRE-075	0x05914	$9906	C2	$8205	FDC03E44
630	EN-PRE-169	0x05C7B	$9C6D	00	$8209	FDC03E44
630	EN-PRE-075	0x05914	$9907	C3	$8205	FDC03E44
630	EN-PRE-169	0x05C7B	$9C6E	00	$8209	FDC03E44
630	EN-PRE-075	0x05914	$9908	D0	$8205	FDC03E44
630	EN-PRE-169	0x05C7B	$9C6F	02	$8209	FDC03E44
630	EN-PRE-075	0x05914	$9909	D1	$8205	FDC03E44
630	EN-PRE-169	0x05C7B	$9C70	02	$8209	FDC03E44
630	EN-PRE-075	0x05914	$990A	E0	$8205	FDC03E44
630	EN-PRE-169	0x05C7B	$9C71	02	$8209	FDC03E44
630	EN-PRE-075	0x05914	$990B	E1	$8205	FDC03E44
630	EN-PRE-169	0x05C7B	$9C72	02	$8209	FDC03E44
630	EN-PRE-075	0x05914	$990C	F0	$8205	FDC03E44
630	EN-PRE-169	0x05C7B	$9C73	02	$8209	FDC03E44
630	EN-PRE-075	0x05914	$990D	F1	$8205	FDC03E44
632	EN-PRE-069	0x058C9	$98BE	C0	$8205	FDC03E44
632	EN-PRE-069	0x058C9	$98BF	C1	$8205	FDC03E44
632	EN-PRE-069	0x058C9	$98C0	D0	$8205	FDC03E44
632	EN-PRE-069	0x058C9	$98C1	D1	$8205	FDC03E44
632	EN-PRE-069	0x058C9	$98C2	E0	$8205	FDC03E44
632	EN-PRE-069	0x058C9	$98C3	E1	$8205	FDC03E44
632	EN-PRE-069	0x058C9	$98C4	F2	$8205	FDC03E44
632	EN-PRE-069	0x058C9	$98C5	F3	$8205	FDC03E44
632	EN-PRE-085	0x0596E	$995E	C2	$8205	FDC03E44
632	EN-PRE-169	0x05C7B	$9C6D	00	$8209	FDC03E44
632	EN-PRE-085	0x0596E	$995F	C3	$8205	FDC03E44
632	EN-PRE-169	0x05C7B	$9C6E	00	$8209	FDC03E44
632	EN-PRE-085	0x0596E	$9960	D0	$8205	FDC03E44
632	EN-PRE-169	0x05C7B	$9C6F	02	$8209	FDC03E44
632	EN-PRE-085	0x0596E	$9961	D1	$8205	FDC03E44
632	EN-PRE-169	0x05C7B	$9C70	02	$8209	FDC03E44
632	EN-PRE-086	0x05972	$9962	E0	$8205	FDC03E44
632	EN-PRE-169	0x05C7B	$9C71	02	$8209	FDC03E44
632	EN-PRE-087	0x05973	$9963	E1	$8205	FDC03E44
632	EN-PRE-169	0x05C7B	$9C72	02	$8209	FDC03E44
632	EN-PRE-087	0x05973	$9964	F2	$8205	FDC03E44
632	EN-PRE-169	0x05C7B	$9C73	02	$8209	FDC03E44
632	EN-PRE-087	0x05973	$9965	F3	$8205	FDC03E44
634	EN-PRE-069	0x058C9	$98BE	C0	$8205	FDC03E44
634	EN-PRE-069	0x058C9	$98BF	C1	$8205	FDC03E44
634	EN-PRE-069	0x058C9	$98C0	D0	$8205	FDC03E44
634	EN-PRE-069	0x058C9	$98C1	D1	$8205	FDC03E44
634	EN-PRE-069	0x058C9	$98C2	E0	$8205	FDC03E44
634	EN-PRE-069	0x058C9	$98C3	E1	$8205	FDC03E44
634	EN-PRE-069	0x058C9	$98C4	F2	$8205	FDC03E44
634	EN-PRE-069	0x058C9	$98C5	F3	$8205	FDC03E44
634	EN-PRE-085	0x0596E	$995E	C2	$8205	FDC03E44
634	EN-PRE-169	0x05C7B	$9C6D	00	$8209	FDC03E44
634	EN-PRE-085	0x0596E	$995F	C3	$8205	FDC03E44
634	EN-PRE-169	0x05C7B	$9C6E	00	$8209	FDC03E44
634	EN-PRE-085	0x0596E	$9960	D0	$8205	FDC03E44
634	EN-PRE-169	0x05C7B	$9C6F	02	$8209	FDC03E44
634	EN-PRE-085	0x0596E	$9961	D1	$8205	FDC03E44
634	EN-PRE-169	0x05C7B	$9C70	02	$8209	FDC03E44
634	EN-PRE-086	0x05972	$9962	E0	$8205	FDC03E44
634	EN-PRE-169	0x05C7B	$9C71	02	$8209	FDC03E44
634	EN-PRE-087	0x05973	$9963	E1	$8205	FDC03E44
634	EN-PRE-169	0x05C7B	$9C72	02	$8209	FDC03E44
634	EN-PRE-087	0x05973	$9964	F2	$8205	FDC03E44
634	EN-PRE-169	0x05C7B	$9C73	02	$8209	FDC03E44
634	EN-PRE-087	0x05973	$9965	F3	$8205	FDC03E44
636	EN-PRE-112	0x05AEB	$9ADE	C0	$8205	FDC03E44
636	EN-PRE-112	0x05AEB	$9ADF	C1	$8205	FDC03E44
636	EN-PRE-112	0x05AEB	$9AE0	D0	$8205	FDC03E44
636	EN-PRE-112	0x05AEB	$9AE1	D1	$8205	FDC03E44
636	EN-PRE-112	0x05AEB	$9AE2	E0	$8205	FDC03E44
636	EN-PRE-112	0x05AEB	$9AE3	E1	$8205	FDC03E44
636	EN-PRE-085	0x0596E	$995E	C2	$8205	FDC03E44
636	EN-PRE-169	0x05C7B	$9C6D	00	$8209	FDC03E44
636	EN-PRE-085	0x0596E	$995F	C3	$8205	FDC03E44
636	EN-PRE-169	0x05C7B	$9C6E	00	$8209	FDC03E44
636	EN-PRE-085	0x0596E	$9960	D0	$8205	FDC03E44
636	EN-PRE-169	0x05C7B	$9C6F	02	$8209	FDC03E44
636	EN-PRE-085	0x0596E	$9961	D1	$8205	FDC03E44
636	EN-PRE-169	0x05C7B	$9C70	02	$8209	FDC03E44
636	EN-PRE-086	0x05972	$9962	E0	$8205	FDC03E44
636	EN-PRE-169	0x05C7B	$9C71	02	$8209	FDC03E44
636	EN-PRE-087	0x05973	$9963	E1	$8205	FDC03E44
636	EN-PRE-169	0x05C7B	$9C72	02	$8209	FDC03E44
636	EN-PRE-087	0x05973	$9964	F2	$8205	FDC03E44
636	EN-PRE-169	0x05C7B	$9C73	02	$8209	FDC03E44
636	EN-PRE-087	0x05973	$9965	F3	$8205	FDC03E44
638	EN-PRE-112	0x05AEB	$9ADE	C0	$8205	FDC03E44
638	EN-PRE-112	0x05AEB	$9ADF	C1	$8205	FDC03E44
638	EN-PRE-112	0x05AEB	$9AE0	D0	$8205	FDC03E44
638	EN-PRE-112	0x05AEB	$9AE1	D1	$8205	FDC03E44
638	EN-PRE-112	0x05AEB	$9AE2	E0	$8205	FDC03E44
638	EN-PRE-112	0x05AEB	$9AE3	E1	$8205	FDC03E44
638	EN-PRE-085	0x0596E	$995E	C2	$8205	FDC03E44
638	EN-PRE-169	0x05C7B	$9C6D	00	$8209	FDC03E44
638	EN-PRE-085	0x0596E	$995F	C3	$8205	FDC03E44
638	EN-PRE-169	0x05C7B	$9C6E	00	$8209	FDC03E44
638	EN-PRE-085	0x0596E	$9960	D0	$8205	FDC03E44
638	EN-PRE-169	0x05C7B	$9C6F	02	$8209	FDC03E44
638	EN-PRE-085	0x0596E	$9961	D1	$8205	FDC03E44
638	EN-PRE-169	0x05C7B	$9C70	02	$8209	FDC03E44
638	EN-PRE-086	0x05972	$9962	E0	$8205	FDC03E44
638	EN-PRE-169	0x05C7B	$9C71	02	$8209	FDC03E44
638	EN-PRE-087	0x05973	$9963	E1	$8205	FDC03E44
638	EN-PRE-169	0x05C7B	$9C72	02	$8209	FDC03E44
638	EN-PRE-087	0x05973	$9964	F2	$8205	FDC03E44
638	EN-PRE-169	0x05C7B	$9C73	02	$8209	FDC03E44
638	EN-PRE-087	0x05973	$9965	F3	$8205	FDC03E44
640	EN-PRE-112	0x05AEB	$9ADE	C0	$8205	FDC03E44
640	EN-PRE-112	0x05AEB	$9ADF	C1	$8205	FDC03E44
640	EN-PRE-112	0x05AEB	$9AE0	D0	$8205	FDC03E44
640	EN-PRE-112	0x05AEB	$9AE1	D1	$8205	FDC03E44
640	EN-PRE-112	0x05AEB	$9AE2	E0	$8205	FDC03E44
640	EN-PRE-112	0x05AEB	$9AE3	E1	$8205	FDC03E44
640	EN-PRE-075	0x05914	$9906	C2	$8205	FDC03E44
640	EN-PRE-169	0x05C7B	$9C6D	00	$8209	FDC03E44
640	EN-PRE-075	0x05914	$9907	C3	$8205	FDC03E44
640	EN-PRE-169	0x05C7B	$9C6E	00	$8209	FDC03E44
640	EN-PRE-075	0x05914	$9908	D0	$8205	FDC03E44
640	EN-PRE-169	0x05C7B	$9C6F	02	$8209	FDC03E44
640	EN-PRE-075	0x05914	$9909	D1	$8205	FDC03E44
640	EN-PRE-169	0x05C7B	$9C70	02	$8209	FDC03E44
640	EN-PRE-075	0x05914	$990A	E0	$8205	FDC03E44
640	EN-PRE-169	0x05C7B	$9C71	02	$8209	FDC03E44
640	EN-PRE-075	0x05914	$990B	E1	$8205	FDC03E44
640	EN-PRE-169	0x05C7B	$9C72	02	$8209	FDC03E44
640	EN-PRE-075	0x05914	$990C	F0	$8205	FDC03E44
640	EN-PRE-169	0x05C7B	$9C73	02	$8209	FDC03E44
640	EN-PRE-075	0x05914	$990D	F1	$8205	FDC03E44
642	EN-PRE-068	0x058C4	$98B6	C0	$8205	FDC03E44
642	EN-PRE-068	0x058C4	$98B7	C1	$8205	FDC03E44
642	EN-PRE-068	0x058C4	$98B8	D0	$8205	FDC03E44
642	EN-PRE-069	0x058C9	$98B9	D1	$8205	FDC03E44
642	EN-PRE-069	0x058C9	$98BA	E0	$8205	FDC03E44
642	EN-PRE-069	0x058C9	$98BB	E1	$8205	FDC03E44
642	EN-PRE-069	0x058C9	$98BC	E2	$8205	FDC03E44
642	EN-PRE-069	0x058C9	$98BD	E3	$8205	FDC03E44
642	EN-PRE-075	0x05914	$9906	C2	$8205	FDC03E44
642	EN-PRE-169	0x05C7B	$9C6D	00	$8209	FDC03E44
642	EN-PRE-075	0x05914	$9907	C3	$8205	FDC03E44
642	EN-PRE-169	0x05C7B	$9C6E	00	$8209	FDC03E44
642	EN-PRE-075	0x05914	$9908	D0	$8205	FDC03E44
642	EN-PRE-169	0x05C7B	$9C6F	02	$8209	FDC03E44
642	EN-PRE-075	0x05914	$9909	D1	$8205	FDC03E44
642	EN-PRE-169	0x05C7B	$9C70	02	$8209	FDC03E44
642	EN-PRE-075	0x05914	$990A	E0	$8205	FDC03E44
642	EN-PRE-169	0x05C7B	$9C71	02	$8209	FDC03E44
642	EN-PRE-075	0x05914	$990B	E1	$8205	FDC03E44
642	EN-PRE-169	0x05C7B	$9C72	02	$8209	FDC03E44
642	EN-PRE-075	0x05914	$990C	F0	$8205	FDC03E44
642	EN-PRE-169	0x05C7B	$9C73	02	$8209	FDC03E44
642	EN-PRE-075	0x05914	$990D	F1	$8205	FDC03E44
644	EN-PRE-068	0x058C4	$98B6	C0	$8205	FDC03E44
644	EN-PRE-068	0x058C4	$98B7	C1	$8205	FDC03E44
644	EN-PRE-068	0x058C4	$98B8	D0	$8205	FDC03E44
644	EN-PRE-069	0x058C9	$98B9	D1	$8205	FDC03E44
644	EN-PRE-069	0x058C9	$98BA	E0	$8205	FDC03E44
644	EN-PRE-069	0x058C9	$98BB	E1	$8205	FDC03E44
644	EN-PRE-069	0x058C9	$98BC	E2	$8205	FDC03E44
644	EN-PRE-069	0x058C9	$98BD	E3	$8205	FDC03E44
644	EN-PRE-075	0x05914	$9906	C2	$8205	FDC03E44
644	EN-PRE-169	0x05C7B	$9C6D	00	$8209	FDC03E44
644	EN-PRE-075	0x05914	$9907	C3	$8205	FDC03E44
644	EN-PRE-169	0x05C7B	$9C6E	00	$8209	FDC03E44
644	EN-PRE-075	0x05914	$9908	D0	$8205	FDC03E44
644	EN-PRE-169	0x05C7B	$9C6F	02	$8209	FDC03E44
644	EN-PRE-075	0x05914	$9909	D1	$8205	FDC03E44
644	EN-PRE-169	0x05C7B	$9C70	02	$8209	FDC03E44
644	EN-PRE-075	0x05914	$990A	E0	$8205	FDC03E44
644	EN-PRE-169	0x05C7B	$9C71	02	$8209	FDC03E44
644	EN-PRE-075	0x05914	$990B	E1	$8205	FDC03E44
644	EN-PRE-169	0x05C7B	$9C72	02	$8209	FDC03E44
644	EN-PRE-075	0x05914	$990C	F0	$8205	FDC03E44
644	EN-PRE-169	0x05C7B	$9C73	02	$8209	FDC03E44
644	EN-PRE-075	0x05914	$990D	F1	$8205	FDC03E44
646	EN-PRE-068	0x058C4	$98B6	C0	$8205	FDC03E44
646	EN-PRE-068	0x058C4	$98B7	C1	$8205	FDC03E44
646	EN-PRE-068	0x058C4	$98B8	D0	$8205	FDC03E44
646	EN-PRE-069	0x058C9	$98B9	D1	$8205	FDC03E44
646	EN-PRE-069	0x058C9	$98BA	E0	$8205	FDC03E44
646	EN-PRE-069	0x058C9	$98BB	E1	$8205	FDC03E44
646	EN-PRE-069	0x058C9	$98BC	E2	$8205	FDC03E44
646	EN-PRE-069	0x058C9	$98BD	E3	$8205	FDC03E44
646	EN-PRE-076	0x0591E	$990E	C2	$8205	FDC03E44
646	EN-PRE-076	0x0591E	$990F	D0	$8205	FDC03E44
646	EN-PRE-076	0x0591E	$9910	E0	$8205	FDC03E44
646	EN-PRE-076	0x0591E	$9911	E2	$8205	FDC03E44
646	EN-PRE-076	0x0591E	$9912	E3	$8205	FDC03E44
646	EN-PRE-076	0x0591E	$9913	C3	$8205	FDC03E44
646	EN-PRE-076	0x0591E	$9914	D1	$8205	FDC03E44
646	EN-PRE-076	0x0591E	$9915	E1	$8205	FDC03E44
648	EN-PRE-112	0x05AEB	$9ADE	C0	$8205	FDC03E44
648	EN-PRE-112	0x05AEB	$9ADF	C1	$8205	FDC03E44
648	EN-PRE-112	0x05AEB	$9AE0	D0	$8205	FDC03E44
648	EN-PRE-112	0x05AEB	$9AE1	D1	$8205	FDC03E44
648	EN-PRE-112	0x05AEB	$9AE2	E0	$8205	FDC03E44
648	EN-PRE-112	0x05AEB	$9AE3	E1	$8205	FDC03E44
648	EN-PRE-076	0x0591E	$990E	C2	$8205	FDC03E44
648	EN-PRE-076	0x0591E	$990F	D0	$8205	FDC03E44
648	EN-PRE-076	0x0591E	$9910	E0	$8205	FDC03E44
648	EN-PRE-076	0x0591E	$9911	E2	$8205	FDC03E44
648	EN-PRE-076	0x0591E	$9912	E3	$8205	FDC03E44
648	EN-PRE-076	0x0591E	$9913	C3	$8205	FDC03E44
648	EN-PRE-076	0x0591E	$9914	D1	$8205	FDC03E44
648	EN-PRE-076	0x0591E	$9915	E1	$8205	FDC03E44
650	EN-PRE-112	0x05AEB	$9ADE	C0	$8205	FDC03E44
650	EN-PRE-112	0x05AEB	$9ADF	C1	$8205	FDC03E44
650	EN-PRE-112	0x05AEB	$9AE0	D0	$8205	FDC03E44
650	EN-PRE-112	0x05AEB	$9AE1	D1	$8205	FDC03E44
650	EN-PRE-112	0x05AEB	$9AE2	E0	$8205	FDC03E44
650	EN-PRE-112	0x05AEB	$9AE3	E1	$8205	FDC03E44
650	EN-PRE-076	0x0591E	$990E	C2	$8205	FDC03E44
650	EN-PRE-076	0x0591E	$990F	D0	$8205	FDC03E44
650	EN-PRE-076	0x0591E	$9910	E0	$8205	FDC03E44
650	EN-PRE-076	0x0591E	$9911	E2	$8205	FDC03E44
650	EN-PRE-076	0x0591E	$9912	E3	$8205	FDC03E44
650	EN-PRE-076	0x0591E	$9913	C3	$8205	FDC03E44
650	EN-PRE-076	0x0591E	$9914	D1	$8205	FDC03E44
650	EN-PRE-076	0x0591E	$9915	E1	$8205	FDC03E44
652	EN-PRE-112	0x05AEB	$9ADE	C0	$8205	FDC03E44
652	EN-PRE-112	0x05AEB	$9ADF	C1	$8205	FDC03E44
652	EN-PRE-112	0x05AEB	$9AE0	D0	$8205	FDC03E44
652	EN-PRE-112	0x05AEB	$9AE1	D1	$8205	FDC03E44
652	EN-PRE-112	0x05AEB	$9AE2	E0	$8205	FDC03E44
652	EN-PRE-112	0x05AEB	$9AE3	E1	$8205	FDC03E44
652	EN-PRE-075	0x05914	$9906	C2	$8205	FDC03E44
652	EN-PRE-169	0x05C7B	$9C6D	00	$8209	FDC03E44
652	EN-PRE-075	0x05914	$9907	C3	$8205	FDC03E44
652	EN-PRE-169	0x05C7B	$9C6E	00	$8209	FDC03E44
652	EN-PRE-075	0x05914	$9908	D0	$8205	FDC03E44
652	EN-PRE-169	0x05C7B	$9C6F	02	$8209	FDC03E44
652	EN-PRE-075	0x05914	$9909	D1	$8205	FDC03E44
652	EN-PRE-169	0x05C7B	$9C70	02	$8209	FDC03E44
652	EN-PRE-075	0x05914	$990A	E0	$8205	FDC03E44
652	EN-PRE-169	0x05C7B	$9C71	02	$8209	FDC03E44
652	EN-PRE-075	0x05914	$990B	E1	$8205	FDC03E44
652	EN-PRE-169	0x05C7B	$9C72	02	$8209	FDC03E44
652	EN-PRE-075	0x05914	$990C	F0	$8205	FDC03E44
652	EN-PRE-169	0x05C7B	$9C73	02	$8209	FDC03E44
652	EN-PRE-075	0x05914	$990D	F1	$8205	FDC03E44
1201	EN-PRE-133	0x05B7F	$9B70	32	$8205	032E952C
1201	EN-PRE-169	0x05C7B	$9C6F	02	$8209	032E952C
1201	EN-PRE-133	0x05B7F	$9B71	33	$8205	032E952C
1201	EN-PRE-169	0x05C7B	$9C70	02	$8209	032E952C
1201	EN-PRE-133	0x05B7F	$9B72	34	$8205	032E952C
1201	EN-PRE-169	0x05C7B	$9C71	02	$8209	032E952C
1201	EN-PRE-133	0x05B7F	$9B73	35	$8205	032E952C
1201	EN-PRE-169	0x05C7B	$9C72	02	$8209	032E952C
1201	EN-PRE-138	0x05BA2	$9B98	3C	$8205	032E952C
1201	EN-PRE-073	0x05905	$98FE	50	$8250	032E952C
1201	EN-PRE-073	0x05905	$98FE	50	$825E	032E952C
1201	EN-PRE-073	0x05905	$98FE	50	$8282	032E952C
1201	EN-PRE-074	0x0590F	$98FF	51	$8250	032E952C
1201	EN-PRE-074	0x0590F	$98FF	51	$825E	032E952C
1201	EN-PRE-074	0x0590F	$98FF	51	$8282	032E952C
1201	EN-PRE-045	0x05806	$9800	51	$8250	032E952C
1201	EN-PRE-074	0x0590F	$9900	60	$8250	032E952C
1201	EN-PRE-045	0x05806	$9800	51	$825E	032E952C
1201	EN-PRE-074	0x0590F	$9900	60	$825E	032E952C
1201	EN-PRE-045	0x05806	$9800	51	$8282	032E952C
1201	EN-PRE-074	0x0590F	$9900	60	$8282	032E952C
1201	EN-PRE-045	0x05806	$9801	CB	$8250	032E952C
1201	EN-PRE-074	0x0590F	$9901	61	$8250	032E952C
1201	EN-PRE-045	0x05806	$9801	CB	$825E	032E952C
1201	EN-PRE-074	0x0590F	$9901	61	$825E	032E952C
1201	EN-PRE-045	0x05806	$9801	CB	$8282	032E952C
1201	EN-PRE-074	0x0590F	$9901	61	$8282	032E952C
1201	EN-PRE-045	0x05806	$9802	DB	$8250	032E952C
1201	EN-PRE-074	0x0590F	$9902	70	$8250	032E952C
1201	EN-PRE-045	0x05806	$9802	DB	$825E	032E952C
1201	EN-PRE-074	0x0590F	$9902	70	$825E	032E952C
1201	EN-PRE-045	0x05806	$9802	DB	$8282	032E952C
1201	EN-PRE-074	0x0590F	$9902	70	$8282	032E952C
1201	EN-PRE-045	0x05806	$9803	D4	$8250	032E952C
1201	EN-PRE-074	0x0590F	$9903	71	$8250	032E952C
1201	EN-PRE-045	0x05806	$9803	D4	$825E	032E952C
1201	EN-PRE-074	0x0590F	$9903	71	$825E	032E952C
1201	EN-PRE-045	0x05806	$9803	D4	$8282	032E952C
1201	EN-PRE-074	0x0590F	$9903	71	$8282	032E952C
1201	EN-PRE-045	0x05806	$9804	D3	$8250	032E952C
1201	EN-PRE-075	0x05914	$9904	8E	$8250	032E952C
1201	EN-PRE-045	0x05806	$9804	D3	$8469	032E952C
1201	EN-PRE-075	0x05914	$9904	8E	$8469	032E952C
1201	EN-PRE-045	0x05806	$9805	E4	$8250	032E952C
1201	EN-PRE-075	0x05914	$9905	8F	$8250	032E952C
1201	EN-PRE-045	0x05806	$9805	E4	$8469	032E952C
1201	EN-PRE-075	0x05914	$9905	8F	$8469	032E952C
1201	EN-PRE-073	0x05905	$98F6	50	$8250	032E952C
1201	EN-PRE-073	0x05905	$98F6	50	$825E	032E952C
1201	EN-PRE-073	0x05905	$98F6	50	$8282	032E952C
1201	EN-PRE-073	0x05905	$98F7	51	$8250	032E952C
1201	EN-PRE-073	0x05905	$98F7	51	$825E	032E952C
1201	EN-PRE-073	0x05905	$98F7	51	$8282	032E952C
1201	EN-PRE-073	0x05905	$98F8	60	$8250	032E952C
1201	EN-PRE-073	0x05905	$98F8	60	$825E	032E952C
1201	EN-PRE-073	0x05905	$98F8	60	$8282	032E952C
1201	EN-PRE-073	0x05905	$98F9	61	$8250	032E952C
1201	EN-PRE-073	0x05905	$98F9	61	$825E	032E952C
1201	EN-PRE-073	0x05905	$98F9	61	$8282	032E952C
1201	EN-PRE-073	0x05905	$98FA	52	$8250	032E952C
1201	EN-PRE-073	0x05905	$98FA	52	$825E	032E952C
1201	EN-PRE-073	0x05905	$98FA	52	$8282	032E952C
1201	EN-PRE-073	0x05905	$98FB	53	$8250	032E952C
1201	EN-PRE-073	0x05905	$98FB	53	$825E	032E952C
1201	EN-PRE-073	0x05905	$98FB	53	$8282	032E952C
1201	EN-PRE-073	0x05905	$98FC	8E	$8250	032E952C
1201	EN-PRE-073	0x05905	$98FC	8E	$8469	032E952C
1201	EN-PRE-073	0x05905	$98FD	8F	$8250	032E952C
1201	EN-PRE-073	0x05905	$98FD	8F	$8469	032E952C
1212	EN-PRE-073	0x05905	$98FE	50	$8250	85213A95
1212	EN-PRE-073	0x05905	$98FE	50	$825E	85213A95
1212	EN-PRE-073	0x05905	$98FE	50	$8282	85213A95
1212	EN-PRE-074	0x0590F	$98FF	51	$8250	85213A95
1212	EN-PRE-074	0x0590F	$98FF	51	$825E	85213A95
1212	EN-PRE-074	0x0590F	$98FF	51	$8282	85213A95
1212	EN-PRE-045	0x05806	$9800	51	$8250	85213A95
1212	EN-PRE-074	0x0590F	$9900	60	$8250	85213A95
1212	EN-PRE-045	0x05806	$9800	51	$825E	85213A95
1212	EN-PRE-074	0x0590F	$9900	60	$825E	85213A95
1212	EN-PRE-045	0x05806	$9800	51	$8282	85213A95
1212	EN-PRE-074	0x0590F	$9900	60	$8282	85213A95
1212	EN-PRE-045	0x05806	$9801	CB	$8250	85213A95
1212	EN-PRE-074	0x0590F	$9901	61	$8250	85213A95
1212	EN-PRE-045	0x05806	$9801	CB	$825E	85213A95
1212	EN-PRE-074	0x0590F	$9901	61	$825E	85213A95
1212	EN-PRE-045	0x05806	$9801	CB	$8282	85213A95
1212	EN-PRE-074	0x0590F	$9901	61	$8282	85213A95
1212	EN-PRE-045	0x05806	$9802	DB	$8250	85213A95
1212	EN-PRE-074	0x0590F	$9902	70	$8250	85213A95
1212	EN-PRE-045	0x05806	$9802	DB	$825E	85213A95
1212	EN-PRE-074	0x0590F	$9902	70	$825E	85213A95
1212	EN-PRE-045	0x05806	$9802	DB	$8282	85213A95
1212	EN-PRE-074	0x0590F	$9902	70	$8282	85213A95
1212	EN-PRE-045	0x05806	$9803	D4	$8250	85213A95
1212	EN-PRE-074	0x0590F	$9903	71	$8250	85213A95
1212	EN-PRE-045	0x05806	$9803	D4	$825E	85213A95
1212	EN-PRE-074	0x0590F	$9903	71	$825E	85213A95
1212	EN-PRE-045	0x05806	$9803	D4	$8282	85213A95
1212	EN-PRE-074	0x0590F	$9903	71	$8282	85213A95
1212	EN-PRE-045	0x05806	$9804	D3	$8250	85213A95
1212	EN-PRE-075	0x05914	$9904	8E	$8250	85213A95
1212	EN-PRE-045	0x05806	$9804	D3	$8469	85213A95
1212	EN-PRE-075	0x05914	$9904	8E	$8469	85213A95
1212	EN-PRE-045	0x05806	$9805	E4	$8250	85213A95
1212	EN-PRE-075	0x05914	$9905	8F	$8250	85213A95
1212	EN-PRE-045	0x05806	$9805	E4	$8469	85213A95
1212	EN-PRE-075	0x05914	$9905	8F	$8469	85213A95
1212	EN-PRE-073	0x05905	$98F6	50	$8250	85213A95
1212	EN-PRE-073	0x05905	$98F6	50	$825E	85213A95
1212	EN-PRE-073	0x05905	$98F6	50	$8282	85213A95
1212	EN-PRE-073	0x05905	$98F7	51	$8250	85213A95
1212	EN-PRE-073	0x05905	$98F7	51	$825E	85213A95
1212	EN-PRE-073	0x05905	$98F7	51	$8282	85213A95
1212	EN-PRE-073	0x05905	$98F8	60	$8250	85213A95
1212	EN-PRE-073	0x05905	$98F8	60	$825E	85213A95
1212	EN-PRE-073	0x05905	$98F8	60	$8282	85213A95
1212	EN-PRE-073	0x05905	$98F9	61	$8250	85213A95
1212	EN-PRE-073	0x05905	$98F9	61	$825E	85213A95
1212	EN-PRE-073	0x05905	$98F9	61	$8282	85213A95
1212	EN-PRE-073	0x05905	$98FA	52	$8250	85213A95
1212	EN-PRE-073	0x05905	$98FA	52	$825E	85213A95
1212	EN-PRE-073	0x05905	$98FA	52	$8282	85213A95
1212	EN-PRE-073	0x05905	$98FB	53	$8250	85213A95
1212	EN-PRE-073	0x05905	$98FB	53	$825E	85213A95
1212	EN-PRE-073	0x05905	$98FB	53	$8282	85213A95
1212	EN-PRE-073	0x05905	$98FC	8E	$8250	85213A95
1212	EN-PRE-073	0x05905	$98FC	8E	$8469	85213A95
1212	EN-PRE-073	0x05905	$98FD	8F	$8250	85213A95
1212	EN-PRE-073	0x05905	$98FD	8F	$8469	85213A95
1212	EN-PRE-138	0x05BA2	$9B98	3C	$8205	85213A95
1212	EN-PRE-133	0x05B7F	$9B70	32	$8205	85213A95
1212	EN-PRE-169	0x05C7B	$9C6F	02	$8209	85213A95
1212	EN-PRE-133	0x05B7F	$9B71	33	$8205	85213A95
1212	EN-PRE-169	0x05C7B	$9C70	02	$8209	85213A95
1212	EN-PRE-133	0x05B7F	$9B72	34	$8205	85213A95
1212	EN-PRE-169	0x05C7B	$9C71	02	$8209	85213A95
1212	EN-PRE-133	0x05B7F	$9B73	35	$8205	85213A95
1212	EN-PRE-169	0x05C7B	$9C72	02	$8209	85213A95
1316	EN-PRE-133	0x05B7F	$9B70	32	$8205	EEC3762F
1316	EN-PRE-169	0x05C7B	$9C6F	02	$8209	EEC3762F
1316	EN-PRE-133	0x05B7F	$9B71	33	$8205	EEC3762F
1316	EN-PRE-169	0x05C7B	$9C70	02	$8209	EEC3762F
1316	EN-PRE-133	0x05B7F	$9B72	34	$8205	EEC3762F
1316	EN-PRE-169	0x05C7B	$9C71	02	$8209	EEC3762F
1316	EN-PRE-133	0x05B7F	$9B73	35	$8205	EEC3762F
1316	EN-PRE-169	0x05C7B	$9C72	02	$8209	EEC3762F
1316	EN-PRE-073	0x05905	$98FE	50	$8250	EEC3762F
1316	EN-PRE-073	0x05905	$98FE	50	$825E	EEC3762F
1316	EN-PRE-073	0x05905	$98FE	50	$8282	EEC3762F
1316	EN-PRE-074	0x0590F	$98FF	51	$8250	EEC3762F
1316	EN-PRE-074	0x0590F	$98FF	51	$825E	EEC3762F
1316	EN-PRE-074	0x0590F	$98FF	51	$8282	EEC3762F
1316	EN-PRE-045	0x05806	$9800	51	$8250	EEC3762F
1316	EN-PRE-074	0x0590F	$9900	60	$8250	EEC3762F
1316	EN-PRE-045	0x05806	$9800	51	$825E	EEC3762F
1316	EN-PRE-074	0x0590F	$9900	60	$825E	EEC3762F
1316	EN-PRE-045	0x05806	$9800	51	$8282	EEC3762F
1316	EN-PRE-074	0x0590F	$9900	60	$8282	EEC3762F
1316	EN-PRE-045	0x05806	$9801	CB	$8250	EEC3762F
1316	EN-PRE-074	0x0590F	$9901	61	$8250	EEC3762F
1316	EN-PRE-045	0x05806	$9801	CB	$825E	EEC3762F
1316	EN-PRE-074	0x0590F	$9901	61	$825E	EEC3762F
1316	EN-PRE-045	0x05806	$9801	CB	$8282	EEC3762F
1316	EN-PRE-074	0x0590F	$9901	61	$8282	EEC3762F
1316	EN-PRE-045	0x05806	$9802	DB	$8250	EEC3762F
1316	EN-PRE-074	0x0590F	$9902	70	$8250	EEC3762F
1316	EN-PRE-045	0x05806	$9802	DB	$825E	EEC3762F
1316	EN-PRE-074	0x0590F	$9902	70	$825E	EEC3762F
1316	EN-PRE-045	0x05806	$9802	DB	$8282	EEC3762F
1316	EN-PRE-074	0x0590F	$9902	70	$8282	EEC3762F
1316	EN-PRE-045	0x05806	$9803	D4	$8250	EEC3762F
1316	EN-PRE-074	0x0590F	$9903	71	$8250	EEC3762F
1316	EN-PRE-045	0x05806	$9803	D4	$825E	EEC3762F
1316	EN-PRE-074	0x0590F	$9903	71	$825E	EEC3762F
1316	EN-PRE-045	0x05806	$9803	D4	$8282	EEC3762F
1316	EN-PRE-074	0x0590F	$9903	71	$8282	EEC3762F
1316	EN-PRE-045	0x05806	$9804	D3	$8250	EEC3762F
1316	EN-PRE-075	0x05914	$9904	8E	$8250	EEC3762F
1316	EN-PRE-045	0x05806	$9804	D3	$8469	EEC3762F
1316	EN-PRE-075	0x05914	$9904	8E	$8469	EEC3762F
1316	EN-PRE-045	0x05806	$9805	E4	$8250	EEC3762F
1316	EN-PRE-075	0x05914	$9905	8F	$8250	EEC3762F
1316	EN-PRE-045	0x05806	$9805	E4	$8469	EEC3762F
1316	EN-PRE-075	0x05914	$9905	8F	$8469	EEC3762F
1316	EN-PRE-073	0x05905	$98F6	50	$8250	EEC3762F
1316	EN-PRE-073	0x05905	$98F6	50	$825E	EEC3762F
1316	EN-PRE-073	0x05905	$98F6	50	$8282	EEC3762F
1316	EN-PRE-073	0x05905	$98F7	51	$8250	EEC3762F
1316	EN-PRE-073	0x05905	$98F7	51	$825E	EEC3762F
1316	EN-PRE-073	0x05905	$98F7	51	$8282	EEC3762F
1316	EN-PRE-073	0x05905	$98F8	60	$8250	EEC3762F
1316	EN-PRE-073	0x05905	$98F8	60	$825E	EEC3762F
1316	EN-PRE-073	0x05905	$98F8	60	$8282	EEC3762F
1316	EN-PRE-073	0x05905	$98F9	61	$8250	EEC3762F
1316	EN-PRE-073	0x05905	$98F9	61	$825E	EEC3762F
1316	EN-PRE-073	0x05905	$98F9	61	$8282	EEC3762F
1316	EN-PRE-073	0x05905	$98FA	52	$8250	EEC3762F
1316	EN-PRE-073	0x05905	$98FA	52	$825E	EEC3762F
1316	EN-PRE-073	0x05905	$98FA	52	$8282	EEC3762F
1316	EN-PRE-073	0x05905	$98FB	53	$8250	EEC3762F
1316	EN-PRE-073	0x05905	$98FB	53	$825E	EEC3762F
1316	EN-PRE-073	0x05905	$98FB	53	$8282	EEC3762F
1316	EN-PRE-073	0x05905	$98FC	8E	$8250	EEC3762F
1316	EN-PRE-073	0x05905	$98FC	8E	$8469	EEC3762F
1316	EN-PRE-073	0x05905	$98FD	8F	$8250	EEC3762F
1316	EN-PRE-073	0x05905	$98FD	8F	$8469	EEC3762F
1407	EN-PRE-073	0x05905	$98FE	50	$8250	EEC3762F
1407	EN-PRE-073	0x05905	$98FE	50	$825E	EEC3762F
1407	EN-PRE-073	0x05905	$98FE	50	$8282	EEC3762F
1407	EN-PRE-074	0x0590F	$98FF	51	$8250	EEC3762F
1407	EN-PRE-074	0x0590F	$98FF	51	$825E	EEC3762F
1407	EN-PRE-074	0x0590F	$98FF	51	$8282	EEC3762F
1407	EN-PRE-045	0x05806	$9800	51	$8250	EEC3762F
1407	EN-PRE-074	0x0590F	$9900	60	$8250	EEC3762F
1407	EN-PRE-045	0x05806	$9800	51	$825E	EEC3762F
1407	EN-PRE-074	0x0590F	$9900	60	$825E	EEC3762F
1407	EN-PRE-045	0x05806	$9800	51	$8282	EEC3762F
1407	EN-PRE-074	0x0590F	$9900	60	$8282	EEC3762F
1407	EN-PRE-045	0x05806	$9801	CB	$8250	EEC3762F
1407	EN-PRE-074	0x0590F	$9901	61	$8250	EEC3762F
1407	EN-PRE-045	0x05806	$9801	CB	$825E	EEC3762F
1407	EN-PRE-074	0x0590F	$9901	61	$825E	EEC3762F
1407	EN-PRE-045	0x05806	$9801	CB	$8282	EEC3762F
1407	EN-PRE-074	0x0590F	$9901	61	$8282	EEC3762F
1407	EN-PRE-045	0x05806	$9802	DB	$8250	EEC3762F
1407	EN-PRE-074	0x0590F	$9902	70	$8250	EEC3762F
1407	EN-PRE-045	0x05806	$9802	DB	$825E	EEC3762F
1407	EN-PRE-074	0x0590F	$9902	70	$825E	EEC3762F
1407	EN-PRE-045	0x05806	$9802	DB	$8282	EEC3762F
1407	EN-PRE-074	0x0590F	$9902	70	$8282	EEC3762F
1407	EN-PRE-045	0x05806	$9803	D4	$8250	EEC3762F
1407	EN-PRE-074	0x0590F	$9903	71	$8250	EEC3762F
1407	EN-PRE-045	0x05806	$9803	D4	$825E	EEC3762F
1407	EN-PRE-074	0x0590F	$9903	71	$825E	EEC3762F
1407	EN-PRE-045	0x05806	$9803	D4	$8282	EEC3762F
1407	EN-PRE-074	0x0590F	$9903	71	$8282	EEC3762F
1407	EN-PRE-045	0x05806	$9804	D3	$8250	EEC3762F
1407	EN-PRE-075	0x05914	$9904	8E	$8250	EEC3762F
1407	EN-PRE-045	0x05806	$9804	D3	$8469	EEC3762F
1407	EN-PRE-075	0x05914	$9904	8E	$8469	EEC3762F
1407	EN-PRE-045	0x05806	$9805	E4	$8250	EEC3762F
1407	EN-PRE-075	0x05914	$9905	8F	$8250	EEC3762F
1407	EN-PRE-045	0x05806	$9805	E4	$8469	EEC3762F
1407	EN-PRE-075	0x05914	$9905	8F	$8469	EEC3762F
1407	EN-PRE-073	0x05905	$98FE	50	$8250	EEC3762F
1407	EN-PRE-073	0x05905	$98FE	50	$825E	EEC3762F
1407	EN-PRE-073	0x05905	$98FE	50	$8282	EEC3762F
1407	EN-PRE-074	0x0590F	$98FF	51	$8250	EEC3762F
1407	EN-PRE-074	0x0590F	$98FF	51	$825E	EEC3762F
1407	EN-PRE-074	0x0590F	$98FF	51	$8282	EEC3762F
1407	EN-PRE-045	0x05806	$9800	51	$8250	EEC3762F
1407	EN-PRE-074	0x0590F	$9900	60	$8250	EEC3762F
1407	EN-PRE-045	0x05806	$9800	51	$825E	EEC3762F
1407	EN-PRE-074	0x0590F	$9900	60	$825E	EEC3762F
1407	EN-PRE-045	0x05806	$9800	51	$8282	EEC3762F
1407	EN-PRE-074	0x0590F	$9900	60	$8282	EEC3762F
1407	EN-PRE-045	0x05806	$9801	CB	$8250	EEC3762F
1407	EN-PRE-074	0x0590F	$9901	61	$8250	EEC3762F
1407	EN-PRE-045	0x05806	$9801	CB	$825E	EEC3762F
1407	EN-PRE-074	0x0590F	$9901	61	$825E	EEC3762F
1407	EN-PRE-045	0x05806	$9801	CB	$8282	EEC3762F
1407	EN-PRE-074	0x0590F	$9901	61	$8282	EEC3762F
1407	EN-PRE-045	0x05806	$9802	DB	$8250	EEC3762F
1407	EN-PRE-074	0x0590F	$9902	70	$8250	EEC3762F
1407	EN-PRE-045	0x05806	$9802	DB	$825E	EEC3762F
1407	EN-PRE-074	0x0590F	$9902	70	$825E	EEC3762F
1407	EN-PRE-045	0x05806	$9802	DB	$8282	EEC3762F
1407	EN-PRE-074	0x0590F	$9902	70	$8282	EEC3762F
1407	EN-PRE-045	0x05806	$9803	D4	$8250	EEC3762F
1407	EN-PRE-074	0x0590F	$9903	71	$8250	EEC3762F
1407	EN-PRE-045	0x05806	$9803	D4	$825E	EEC3762F
1407	EN-PRE-074	0x0590F	$9903	71	$825E	EEC3762F
1407	EN-PRE-045	0x05806	$9803	D4	$8282	EEC3762F
1407	EN-PRE-074	0x0590F	$9903	71	$8282	EEC3762F
1407	EN-PRE-045	0x05806	$9804	D3	$8250	EEC3762F
1407	EN-PRE-075	0x05914	$9904	8E	$8250	EEC3762F
1407	EN-PRE-045	0x05806	$9804	D3	$8469	EEC3762F
1407	EN-PRE-075	0x05914	$9904	8E	$8469	EEC3762F
1407	EN-PRE-045	0x05806	$9805	E4	$8250	EEC3762F
1407	EN-PRE-075	0x05914	$9905	8F	$8250	EEC3762F
1407	EN-PRE-045	0x05806	$9805	E4	$8469	EEC3762F
1407	EN-PRE-075	0x05914	$9905	8F	$8469	EEC3762F
1407	EN-PRE-133	0x05B7F	$9B70	32	$8205	EEC3762F
1407	EN-PRE-169	0x05C7B	$9C6F	02	$8209	EEC3762F
1407	EN-PRE-133	0x05B7F	$9B71	33	$8205	EEC3762F
1407	EN-PRE-169	0x05C7B	$9C70	02	$8209	EEC3762F
1407	EN-PRE-133	0x05B7F	$9B72	34	$8205	EEC3762F
1407	EN-PRE-169	0x05C7B	$9C71	02	$8209	EEC3762F
1407	EN-PRE-133	0x05B7F	$9B73	35	$8205	EEC3762F
1407	EN-PRE-169	0x05C7B	$9C72	02	$8209	EEC3762F
1640	EN-PRE-073	0x05905	$98FE	50	$8250	9E2CB4AE
1640	EN-PRE-073	0x05905	$98FE	50	$825E	9E2CB4AE
1640	EN-PRE-073	0x05905	$98FE	50	$8282	9E2CB4AE
1640	EN-PRE-074	0x0590F	$98FF	51	$8250	9E2CB4AE
1640	EN-PRE-074	0x0590F	$98FF	51	$825E	9E2CB4AE
1640	EN-PRE-074	0x0590F	$98FF	51	$8282	9E2CB4AE
1640	EN-PRE-045	0x05806	$9800	51	$8250	9E2CB4AE
1640	EN-PRE-074	0x0590F	$9900	60	$8250	9E2CB4AE
1640	EN-PRE-045	0x05806	$9800	51	$825E	9E2CB4AE
1640	EN-PRE-074	0x0590F	$9900	60	$825E	9E2CB4AE
1640	EN-PRE-045	0x05806	$9800	51	$8282	9E2CB4AE
1640	EN-PRE-074	0x0590F	$9900	60	$8282	9E2CB4AE
1640	EN-PRE-045	0x05806	$9801	CB	$8250	9E2CB4AE
1640	EN-PRE-074	0x0590F	$9901	61	$8250	9E2CB4AE
1640	EN-PRE-045	0x05806	$9801	CB	$825E	9E2CB4AE
1640	EN-PRE-074	0x0590F	$9901	61	$825E	9E2CB4AE
1640	EN-PRE-045	0x05806	$9801	CB	$8282	9E2CB4AE
1640	EN-PRE-074	0x0590F	$9901	61	$8282	9E2CB4AE
1640	EN-PRE-045	0x05806	$9802	DB	$8250	9E2CB4AE
1640	EN-PRE-074	0x0590F	$9902	70	$8250	9E2CB4AE
1640	EN-PRE-045	0x05806	$9802	DB	$825E	9E2CB4AE
1640	EN-PRE-074	0x0590F	$9902	70	$825E	9E2CB4AE
1640	EN-PRE-045	0x05806	$9802	DB	$8282	9E2CB4AE
1640	EN-PRE-074	0x0590F	$9902	70	$8282	9E2CB4AE
1640	EN-PRE-045	0x05806	$9803	D4	$8250	9E2CB4AE
1640	EN-PRE-074	0x0590F	$9903	71	$8250	9E2CB4AE
1640	EN-PRE-045	0x05806	$9803	D4	$825E	9E2CB4AE
1640	EN-PRE-074	0x0590F	$9903	71	$825E	9E2CB4AE
1640	EN-PRE-045	0x05806	$9803	D4	$8282	9E2CB4AE
1640	EN-PRE-074	0x0590F	$9903	71	$8282	9E2CB4AE
1640	EN-PRE-045	0x05806	$9804	D3	$8250	9E2CB4AE
1640	EN-PRE-075	0x05914	$9904	8E	$8250	9E2CB4AE
1640	EN-PRE-045	0x05806	$9804	D3	$8469	9E2CB4AE
1640	EN-PRE-075	0x05914	$9904	8E	$8469	9E2CB4AE
1640	EN-PRE-045	0x05806	$9805	E4	$8250	9E2CB4AE
1640	EN-PRE-075	0x05914	$9905	8F	$8250	9E2CB4AE
1640	EN-PRE-045	0x05806	$9805	E4	$8469	9E2CB4AE
1640	EN-PRE-075	0x05914	$9905	8F	$8469	9E2CB4AE
1640	EN-PRE-096	0x059CD	$99BE	50	$8250	9E2CB4AE
1640	EN-PRE-096	0x059CD	$99BE	50	$825E	9E2CB4AE
1640	EN-PRE-096	0x059CD	$99BE	50	$8282	9E2CB4AE
1640	EN-PRE-096	0x059CD	$99BF	51	$8250	9E2CB4AE
1640	EN-PRE-096	0x059CD	$99BF	51	$825E	9E2CB4AE
1640	EN-PRE-096	0x059CD	$99BF	51	$8282	9E2CB4AE
1640	EN-PRE-096	0x059CD	$99C0	60	$8250	9E2CB4AE
1640	EN-PRE-096	0x059CD	$99C0	60	$825E	9E2CB4AE
1640	EN-PRE-096	0x059CD	$99C0	60	$8282	9E2CB4AE
1640	EN-PRE-096	0x059CD	$99C1	61	$8250	9E2CB4AE
1640	EN-PRE-096	0x059CD	$99C1	61	$825E	9E2CB4AE
1640	EN-PRE-096	0x059CD	$99C1	61	$8282	9E2CB4AE
1640	EN-PRE-096	0x059CD	$99C2	42	$8250	9E2CB4AE
1640	EN-PRE-096	0x059CD	$99C2	42	$825E	9E2CB4AE
1640	EN-PRE-096	0x059CD	$99C2	42	$8282	9E2CB4AE
1640	EN-PRE-096	0x059CD	$99C3	43	$8250	9E2CB4AE
1640	EN-PRE-096	0x059CD	$99C3	43	$825E	9E2CB4AE
1640	EN-PRE-096	0x059CD	$99C3	43	$8282	9E2CB4AE
1640	EN-PRE-096	0x059CD	$99C4	8E	$8250	9E2CB4AE
1640	EN-PRE-096	0x059CD	$99C4	8E	$8469	9E2CB4AE
1640	EN-PRE-096	0x059CD	$99C5	8F	$8250	9E2CB4AE
1640	EN-PRE-096	0x059CD	$99C5	8F	$8469	9E2CB4AE
1640	EN-PRE-133	0x05B7F	$9B70	32	$8205	9E2CB4AE
1640	EN-PRE-169	0x05C7B	$9C6F	02	$8209	9E2CB4AE
1640	EN-PRE-133	0x05B7F	$9B71	33	$8205	9E2CB4AE
1640	EN-PRE-169	0x05C7B	$9C70	02	$8209	9E2CB4AE
1640	EN-PRE-133	0x05B7F	$9B72	34	$8205	9E2CB4AE
1640	EN-PRE-169	0x05C7B	$9C71	02	$8209	9E2CB4AE
1640	EN-PRE-133	0x05B7F	$9B73	35	$8205	9E2CB4AE
1640	EN-PRE-169	0x05C7B	$9C72	02	$8209	9E2CB4AE
2527	EN-PRE-133	0x05B7F	$9B71	33	$8205	F10C74E6
2527	EN-PRE-169	0x05C7B	$9C70	02	$8209	F10C74E6
2527	EN-PRE-133	0x05B7F	$9B73	35	$8205	F10C74E6
2527	EN-PRE-169	0x05C7B	$9C72	02	$8209	F10C74E6
2527	EN-PRE-133	0x05B7F	$9B70	32	$8205	F10C74E6
2527	EN-PRE-169	0x05C7B	$9C6F	02	$8209	F10C74E6
2527	EN-PRE-133	0x05B7F	$9B71	33	$8205	F10C74E6
2527	EN-PRE-169	0x05C7B	$9C70	02	$8209	F10C74E6
2527	EN-PRE-133	0x05B7F	$9B72	34	$8205	F10C74E6
2527	EN-PRE-169	0x05C7B	$9C71	02	$8209	F10C74E6
2527	EN-PRE-133	0x05B7F	$9B73	35	$8205	F10C74E6
2527	EN-PRE-169	0x05C7B	$9C72	02	$8209	F10C74E6
2527	EN-PRE-073	0x05905	$98FE	50	$8250	F10C74E6
2527	EN-PRE-073	0x05905	$98FE	50	$825E	F10C74E6
2527	EN-PRE-073	0x05905	$98FE	50	$8282	F10C74E6
2527	EN-PRE-074	0x0590F	$98FF	51	$8250	F10C74E6
2527	EN-PRE-074	0x0590F	$98FF	51	$825E	F10C74E6
2527	EN-PRE-074	0x0590F	$98FF	51	$8282	F10C74E6
2527	EN-PRE-045	0x05806	$9800	51	$8250	F10C74E6
2527	EN-PRE-074	0x0590F	$9900	60	$8250	F10C74E6
2527	EN-PRE-045	0x05806	$9800	51	$825E	F10C74E6
2527	EN-PRE-074	0x0590F	$9900	60	$825E	F10C74E6
2527	EN-PRE-045	0x05806	$9800	51	$8282	F10C74E6
2527	EN-PRE-074	0x0590F	$9900	60	$8282	F10C74E6
2527	EN-PRE-045	0x05806	$9801	CB	$8250	F10C74E6
2527	EN-PRE-074	0x0590F	$9901	61	$8250	F10C74E6
2527	EN-PRE-045	0x05806	$9801	CB	$825E	F10C74E6
2527	EN-PRE-074	0x0590F	$9901	61	$825E	F10C74E6
2527	EN-PRE-045	0x05806	$9801	CB	$8282	F10C74E6
2527	EN-PRE-074	0x0590F	$9901	61	$8282	F10C74E6
2527	EN-PRE-045	0x05806	$9802	DB	$8250	F10C74E6
2527	EN-PRE-074	0x0590F	$9902	70	$8250	F10C74E6
2527	EN-PRE-045	0x05806	$9802	DB	$825E	F10C74E6
2527	EN-PRE-074	0x0590F	$9902	70	$825E	F10C74E6
2527	EN-PRE-045	0x05806	$9802	DB	$8282	F10C74E6
2527	EN-PRE-074	0x0590F	$9902	70	$8282	F10C74E6
2527	EN-PRE-045	0x05806	$9803	D4	$8250	F10C74E6
2527	EN-PRE-074	0x0590F	$9903	71	$8250	F10C74E6
2527	EN-PRE-045	0x05806	$9803	D4	$825E	F10C74E6
2527	EN-PRE-074	0x0590F	$9903	71	$825E	F10C74E6
2527	EN-PRE-045	0x05806	$9803	D4	$8282	F10C74E6
2527	EN-PRE-074	0x0590F	$9903	71	$8282	F10C74E6
2527	EN-PRE-045	0x05806	$9804	D3	$8250	F10C74E6
2527	EN-PRE-075	0x05914	$9904	8E	$8250	F10C74E6
2527	EN-PRE-045	0x05806	$9804	D3	$8469	F10C74E6
2527	EN-PRE-075	0x05914	$9904	8E	$8469	F10C74E6
2527	EN-PRE-045	0x05806	$9805	E4	$8250	F10C74E6
2527	EN-PRE-075	0x05914	$9905	8F	$8250	F10C74E6
2527	EN-PRE-045	0x05806	$9805	E4	$8469	F10C74E6
2527	EN-PRE-075	0x05914	$9905	8F	$8469	F10C74E6
2527	EN-PRE-096	0x059CD	$99BE	50	$8250	F10C74E6
2527	EN-PRE-096	0x059CD	$99BE	50	$825E	F10C74E6
2527	EN-PRE-096	0x059CD	$99BE	50	$8282	F10C74E6
2527	EN-PRE-096	0x059CD	$99BF	51	$8250	F10C74E6
2527	EN-PRE-096	0x059CD	$99BF	51	$825E	F10C74E6
2527	EN-PRE-096	0x059CD	$99BF	51	$8282	F10C74E6
2527	EN-PRE-096	0x059CD	$99C0	60	$8250	F10C74E6
2527	EN-PRE-096	0x059CD	$99C0	60	$825E	F10C74E6
2527	EN-PRE-096	0x059CD	$99C0	60	$8282	F10C74E6
2527	EN-PRE-096	0x059CD	$99C1	61	$8250	F10C74E6
2527	EN-PRE-096	0x059CD	$99C1	61	$825E	F10C74E6
2527	EN-PRE-096	0x059CD	$99C1	61	$8282	F10C74E6
2527	EN-PRE-096	0x059CD	$99C2	42	$8250	F10C74E6
2527	EN-PRE-096	0x059CD	$99C2	42	$825E	F10C74E6
2527	EN-PRE-096	0x059CD	$99C2	42	$8282	F10C74E6
2527	EN-PRE-096	0x059CD	$99C3	43	$8250	F10C74E6
2527	EN-PRE-096	0x059CD	$99C3	43	$825E	F10C74E6
2527	EN-PRE-096	0x059CD	$99C3	43	$8282	F10C74E6
2527	EN-PRE-096	0x059CD	$99C4	8E	$8250	F10C74E6
2527	EN-PRE-096	0x059CD	$99C4	8E	$8469	F10C74E6
2527	EN-PRE-096	0x059CD	$99C5	8F	$8250	F10C74E6
2527	EN-PRE-096	0x059CD	$99C5	8F	$8469	F10C74E6
2776	EN-PRE-133	0x05B7F	$9B70	32	$8205	FD138D45
2776	EN-PRE-169	0x05C7B	$9C6F	02	$8209	FD138D45
2776	EN-PRE-133	0x05B7F	$9B71	33	$8205	FD138D45
2776	EN-PRE-169	0x05C7B	$9C70	02	$8209	FD138D45
2776	EN-PRE-133	0x05B7F	$9B72	34	$8205	FD138D45
2776	EN-PRE-169	0x05C7B	$9C71	02	$8209	FD138D45
2776	EN-PRE-133	0x05B7F	$9B73	35	$8205	FD138D45
2776	EN-PRE-169	0x05C7B	$9C72	02	$8209	FD138D45
2776	EN-PRE-073	0x05905	$98FE	50	$8250	FD138D45
2776	EN-PRE-073	0x05905	$98FE	50	$825E	FD138D45
2776	EN-PRE-073	0x05905	$98FE	50	$8282	FD138D45
2776	EN-PRE-074	0x0590F	$98FF	51	$8250	FD138D45
2776	EN-PRE-074	0x0590F	$98FF	51	$825E	FD138D45
2776	EN-PRE-074	0x0590F	$98FF	51	$8282	FD138D45
2776	EN-PRE-045	0x05806	$9800	51	$8250	FD138D45
2776	EN-PRE-074	0x0590F	$9900	60	$8250	FD138D45
2776	EN-PRE-045	0x05806	$9800	51	$825E	FD138D45
2776	EN-PRE-074	0x0590F	$9900	60	$825E	FD138D45
2776	EN-PRE-045	0x05806	$9800	51	$8282	FD138D45
2776	EN-PRE-074	0x0590F	$9900	60	$8282	FD138D45
2776	EN-PRE-045	0x05806	$9801	CB	$8250	FD138D45
2776	EN-PRE-074	0x0590F	$9901	61	$8250	FD138D45
2776	EN-PRE-045	0x05806	$9801	CB	$825E	FD138D45
2776	EN-PRE-074	0x0590F	$9901	61	$825E	FD138D45
2776	EN-PRE-045	0x05806	$9801	CB	$8282	FD138D45
2776	EN-PRE-074	0x0590F	$9901	61	$8282	FD138D45
2776	EN-PRE-045	0x05806	$9802	DB	$8250	FD138D45
2776	EN-PRE-074	0x0590F	$9902	70	$8250	FD138D45
2776	EN-PRE-045	0x05806	$9802	DB	$825E	FD138D45
2776	EN-PRE-074	0x0590F	$9902	70	$825E	FD138D45
2776	EN-PRE-045	0x05806	$9802	DB	$8282	FD138D45
2776	EN-PRE-074	0x0590F	$9902	70	$8282	FD138D45
2776	EN-PRE-045	0x05806	$9803	D4	$8250	FD138D45
2776	EN-PRE-074	0x0590F	$9903	71	$8250	FD138D45
2776	EN-PRE-045	0x05806	$9803	D4	$825E	FD138D45
2776	EN-PRE-074	0x0590F	$9903	71	$825E	FD138D45
2776	EN-PRE-045	0x05806	$9803	D4	$8282	FD138D45
2776	EN-PRE-074	0x0590F	$9903	71	$8282	FD138D45
2776	EN-PRE-045	0x05806	$9804	D3	$8250	FD138D45
2776	EN-PRE-075	0x05914	$9904	8E	$8250	FD138D45
2776	EN-PRE-045	0x05806	$9804	D3	$8469	FD138D45
2776	EN-PRE-075	0x05914	$9904	8E	$8469	FD138D45
2776	EN-PRE-045	0x05806	$9805	E4	$8250	FD138D45
2776	EN-PRE-075	0x05914	$9905	8F	$8250	FD138D45
2776	EN-PRE-045	0x05806	$9805	E4	$8469	FD138D45
2776	EN-PRE-075	0x05914	$9905	8F	$8469	FD138D45
2776	EN-PRE-073	0x05905	$98FE	50	$8250	FD138D45
2776	EN-PRE-073	0x05905	$98FE	50	$825E	FD138D45
2776	EN-PRE-073	0x05905	$98FE	50	$8282	FD138D45
2776	EN-PRE-074	0x0590F	$98FF	51	$8250	FD138D45
2776	EN-PRE-074	0x0590F	$98FF	51	$825E	FD138D45
2776	EN-PRE-074	0x0590F	$98FF	51	$8282	FD138D45
2776	EN-PRE-045	0x05806	$9800	51	$8250	FD138D45
2776	EN-PRE-074	0x0590F	$9900	60	$8250	FD138D45
2776	EN-PRE-045	0x05806	$9800	51	$825E	FD138D45
2776	EN-PRE-074	0x0590F	$9900	60	$825E	FD138D45
2776	EN-PRE-045	0x05806	$9800	51	$8282	FD138D45
2776	EN-PRE-074	0x0590F	$9900	60	$8282	FD138D45
2776	EN-PRE-045	0x05806	$9801	CB	$8250	FD138D45
2776	EN-PRE-074	0x0590F	$9901	61	$8250	FD138D45
2776	EN-PRE-045	0x05806	$9801	CB	$825E	FD138D45
2776	EN-PRE-074	0x0590F	$9901	61	$825E	FD138D45
2776	EN-PRE-045	0x05806	$9801	CB	$8282	FD138D45
2776	EN-PRE-074	0x0590F	$9901	61	$8282	FD138D45
2776	EN-PRE-045	0x05806	$9802	DB	$8250	FD138D45
2776	EN-PRE-074	0x0590F	$9902	70	$8250	FD138D45
2776	EN-PRE-045	0x05806	$9802	DB	$825E	FD138D45
2776	EN-PRE-074	0x0590F	$9902	70	$825E	FD138D45
2776	EN-PRE-045	0x05806	$9802	DB	$8282	FD138D45
2776	EN-PRE-074	0x0590F	$9902	70	$8282	FD138D45
2776	EN-PRE-045	0x05806	$9803	D4	$8250	FD138D45
2776	EN-PRE-074	0x0590F	$9903	71	$8250	FD138D45
2776	EN-PRE-045	0x05806	$9803	D4	$825E	FD138D45
2776	EN-PRE-074	0x0590F	$9903	71	$825E	FD138D45
2776	EN-PRE-045	0x05806	$9803	D4	$8282	FD138D45
2776	EN-PRE-074	0x0590F	$9903	71	$8282	FD138D45
2776	EN-PRE-045	0x05806	$9804	D3	$8250	FD138D45
2776	EN-PRE-075	0x05914	$9904	8E	$8250	FD138D45
2776	EN-PRE-045	0x05806	$9804	D3	$8469	FD138D45
2776	EN-PRE-075	0x05914	$9904	8E	$8469	FD138D45
2776	EN-PRE-045	0x05806	$9805	E4	$8250	FD138D45
2776	EN-PRE-075	0x05914	$9905	8F	$8250	FD138D45
2776	EN-PRE-045	0x05806	$9805	E4	$8469	FD138D45
2776	EN-PRE-075	0x05914	$9905	8F	$8469	FD138D45
2850	EN-PRE-133	0x05B7F	$9B70	32	$8205	FD138D45
2850	EN-PRE-169	0x05C7B	$9C6F	02	$8209	FD138D45
2850	EN-PRE-133	0x05B7F	$9B71	33	$8205	FD138D45
2850	EN-PRE-169	0x05C7B	$9C70	02	$8209	FD138D45
2850	EN-PRE-133	0x05B7F	$9B72	34	$8205	FD138D45
2850	EN-PRE-169	0x05C7B	$9C71	02	$8209	FD138D45
2850	EN-PRE-133	0x05B7F	$9B73	35	$8205	FD138D45
2850	EN-PRE-169	0x05C7B	$9C72	02	$8209	FD138D45
2850	EN-PRE-073	0x05905	$98FE	50	$8250	FD138D45
2850	EN-PRE-073	0x05905	$98FE	50	$825E	FD138D45
2850	EN-PRE-073	0x05905	$98FE	50	$8282	FD138D45
2850	EN-PRE-074	0x0590F	$98FF	51	$8250	FD138D45
2850	EN-PRE-074	0x0590F	$98FF	51	$825E	FD138D45
2850	EN-PRE-074	0x0590F	$98FF	51	$8282	FD138D45
2850	EN-PRE-045	0x05806	$9800	51	$8250	FD138D45
2850	EN-PRE-074	0x0590F	$9900	60	$8250	FD138D45
2850	EN-PRE-045	0x05806	$9800	51	$825E	FD138D45
2850	EN-PRE-074	0x0590F	$9900	60	$825E	FD138D45
2850	EN-PRE-045	0x05806	$9800	51	$8282	FD138D45
2850	EN-PRE-074	0x0590F	$9900	60	$8282	FD138D45
2850	EN-PRE-045	0x05806	$9801	CB	$8250	FD138D45
2850	EN-PRE-074	0x0590F	$9901	61	$8250	FD138D45
2850	EN-PRE-045	0x05806	$9801	CB	$825E	FD138D45
2850	EN-PRE-074	0x0590F	$9901	61	$825E	FD138D45
2850	EN-PRE-045	0x05806	$9801	CB	$8282	FD138D45
2850	EN-PRE-074	0x0590F	$9901	61	$8282	FD138D45
2850	EN-PRE-045	0x05806	$9802	DB	$8250	FD138D45
2850	EN-PRE-074	0x0590F	$9902	70	$8250	FD138D45
2850	EN-PRE-045	0x05806	$9802	DB	$825E	FD138D45
2850	EN-PRE-074	0x0590F	$9902	70	$825E	FD138D45
2850	EN-PRE-045	0x05806	$9802	DB	$8282	FD138D45
2850	EN-PRE-074	0x0590F	$9902	70	$8282	FD138D45
2850	EN-PRE-045	0x05806	$9803	D4	$8250	FD138D45
2850	EN-PRE-074	0x0590F	$9903	71	$8250	FD138D45
2850	EN-PRE-045	0x05806	$9803	D4	$825E	FD138D45
2850	EN-PRE-074	0x0590F	$9903	71	$825E	FD138D45
2850	EN-PRE-045	0x05806	$9803	D4	$8282	FD138D45
2850	EN-PRE-074	0x0590F	$9903	71	$8282	FD138D45
2850	EN-PRE-045	0x05806	$9804	D3	$8250	FD138D45
2850	EN-PRE-075	0x05914	$9904	8E	$8250	FD138D45
2850	EN-PRE-045	0x05806	$9804	D3	$8469	FD138D45
2850	EN-PRE-075	0x05914	$9904	8E	$8469	FD138D45
2850	EN-PRE-045	0x05806	$9805	E4	$8250	FD138D45
2850	EN-PRE-075	0x05914	$9905	8F	$8250	FD138D45
2850	EN-PRE-045	0x05806	$9805	E4	$8469	FD138D45
2850	EN-PRE-075	0x05914	$9905	8F	$8469	FD138D45
2850	EN-PRE-073	0x05905	$98FE	50	$8250	FD138D45
2850	EN-PRE-073	0x05905	$98FE	50	$825E	FD138D45
2850	EN-PRE-073	0x05905	$98FE	50	$8282	FD138D45
2850	EN-PRE-074	0x0590F	$98FF	51	$8250	FD138D45
2850	EN-PRE-074	0x0590F	$98FF	51	$825E	FD138D45
2850	EN-PRE-074	0x0590F	$98FF	51	$8282	FD138D45
2850	EN-PRE-045	0x05806	$9800	51	$8250	FD138D45
2850	EN-PRE-074	0x0590F	$9900	60	$8250	FD138D45
2850	EN-PRE-045	0x05806	$9800	51	$825E	FD138D45
2850	EN-PRE-074	0x0590F	$9900	60	$825E	FD138D45
2850	EN-PRE-045	0x05806	$9800	51	$8282	FD138D45
2850	EN-PRE-074	0x0590F	$9900	60	$8282	FD138D45
2850	EN-PRE-045	0x05806	$9801	CB	$8250	FD138D45
2850	EN-PRE-074	0x0590F	$9901	61	$8250	FD138D45
2850	EN-PRE-045	0x05806	$9801	CB	$825E	FD138D45
2850	EN-PRE-074	0x0590F	$9901	61	$825E	FD138D45
2850	EN-PRE-045	0x05806	$9801	CB	$8282	FD138D45
2850	EN-PRE-074	0x0590F	$9901	61	$8282	FD138D45
2850	EN-PRE-045	0x05806	$9802	DB	$8250	FD138D45
2850	EN-PRE-074	0x0590F	$9902	70	$8250	FD138D45
2850	EN-PRE-045	0x05806	$9802	DB	$825E	FD138D45
2850	EN-PRE-074	0x0590F	$9902	70	$825E	FD138D45
2850	EN-PRE-045	0x05806	$9802	DB	$8282	FD138D45
2850	EN-PRE-074	0x0590F	$9902	70	$8282	FD138D45
2850	EN-PRE-045	0x05806	$9803	D4	$8250	FD138D45
2850	EN-PRE-074	0x0590F	$9903	71	$8250	FD138D45
2850	EN-PRE-045	0x05806	$9803	D4	$825E	FD138D45
2850	EN-PRE-074	0x0590F	$9903	71	$825E	FD138D45
2850	EN-PRE-045	0x05806	$9803	D4	$8282	FD138D45
2850	EN-PRE-074	0x0590F	$9903	71	$8282	FD138D45
2850	EN-PRE-045	0x05806	$9804	D3	$8250	FD138D45
2850	EN-PRE-075	0x05914	$9904	8E	$8250	FD138D45
2850	EN-PRE-045	0x05806	$9804	D3	$8469	FD138D45
2850	EN-PRE-075	0x05914	$9904	8E	$8469	FD138D45
2850	EN-PRE-045	0x05806	$9805	E4	$8250	FD138D45
2850	EN-PRE-075	0x05914	$9905	8F	$8250	FD138D45
2850	EN-PRE-045	0x05806	$9805	E4	$8469	FD138D45
2850	EN-PRE-075	0x05914	$9905	8F	$8469	FD138D45
2911	EN-PRE-133	0x05B7F	$9B70	32	$8205	215C17E7
2911	EN-PRE-169	0x05C7B	$9C6F	02	$8209	215C17E7
2911	EN-PRE-133	0x05B7F	$9B71	33	$8205	215C17E7
2911	EN-PRE-169	0x05C7B	$9C70	02	$8209	215C17E7
2911	EN-PRE-133	0x05B7F	$9B72	34	$8205	215C17E7
2911	EN-PRE-169	0x05C7B	$9C71	02	$8209	215C17E7
2911	EN-PRE-133	0x05B7F	$9B73	35	$8205	215C17E7
2911	EN-PRE-169	0x05C7B	$9C72	02	$8209	215C17E7
2911	EN-PRE-073	0x05905	$98F6	50	$8250	215C17E7
2911	EN-PRE-073	0x05905	$98F6	50	$825E	215C17E7
2911	EN-PRE-073	0x05905	$98F6	50	$8282	215C17E7
2911	EN-PRE-073	0x05905	$98F7	51	$8250	215C17E7
2911	EN-PRE-073	0x05905	$98F7	51	$825E	215C17E7
2911	EN-PRE-073	0x05905	$98F7	51	$8282	215C17E7
2911	EN-PRE-073	0x05905	$98F8	60	$8250	215C17E7
2911	EN-PRE-073	0x05905	$98F8	60	$825E	215C17E7
2911	EN-PRE-073	0x05905	$98F8	60	$8282	215C17E7
2911	EN-PRE-073	0x05905	$98F9	61	$8250	215C17E7
2911	EN-PRE-073	0x05905	$98F9	61	$825E	215C17E7
2911	EN-PRE-073	0x05905	$98F9	61	$8282	215C17E7
2911	EN-PRE-073	0x05905	$98FA	52	$8250	215C17E7
2911	EN-PRE-073	0x05905	$98FA	52	$825E	215C17E7
2911	EN-PRE-073	0x05905	$98FA	52	$8282	215C17E7
2911	EN-PRE-073	0x05905	$98FB	53	$8250	215C17E7
2911	EN-PRE-073	0x05905	$98FB	53	$825E	215C17E7
2911	EN-PRE-073	0x05905	$98FB	53	$8282	215C17E7
2911	EN-PRE-073	0x05905	$98FC	8E	$8250	215C17E7
2911	EN-PRE-073	0x05905	$98FC	8E	$8469	215C17E7
2911	EN-PRE-073	0x05905	$98FD	8F	$8250	215C17E7
2911	EN-PRE-073	0x05905	$98FD	8F	$8469	215C17E7
2911	EN-PRE-096	0x059CD	$99BE	50	$8250	215C17E7
2911	EN-PRE-096	0x059CD	$99BE	50	$825E	215C17E7
2911	EN-PRE-096	0x059CD	$99BE	50	$8282	215C17E7
2911	EN-PRE-096	0x059CD	$99BF	51	$8250	215C17E7
2911	EN-PRE-096	0x059CD	$99BF	51	$825E	215C17E7
2911	EN-PRE-096	0x059CD	$99BF	51	$8282	215C17E7
2911	EN-PRE-096	0x059CD	$99C0	60	$8250	215C17E7
2911	EN-PRE-096	0x059CD	$99C0	60	$825E	215C17E7
2911	EN-PRE-096	0x059CD	$99C0	60	$8282	215C17E7
2911	EN-PRE-096	0x059CD	$99C1	61	$8250	215C17E7
2911	EN-PRE-096	0x059CD	$99C1	61	$825E	215C17E7
2911	EN-PRE-096	0x059CD	$99C1	61	$8282	215C17E7
2911	EN-PRE-096	0x059CD	$99C2	42	$8250	215C17E7
2911	EN-PRE-096	0x059CD	$99C2	42	$825E	215C17E7
2911	EN-PRE-096	0x059CD	$99C2	42	$8282	215C17E7
2911	EN-PRE-096	0x059CD	$99C3	43	$8250	215C17E7
2911	EN-PRE-096	0x059CD	$99C3	43	$825E	215C17E7
2911	EN-PRE-096	0x059CD	$99C3	43	$8282	215C17E7
2911	EN-PRE-096	0x059CD	$99C4	8E	$8250	215C17E7
2911	EN-PRE-096	0x059CD	$99C4	8E	$8469	215C17E7
2911	EN-PRE-096	0x059CD	$99C5	8F	$8250	215C17E7
2911	EN-PRE-096	0x059CD	$99C5	8F	$8469	215C17E7
3014	EN-PRE-133	0x05B7F	$9B70	32	$8205	BC0108C0
3014	EN-PRE-169	0x05C7B	$9C6F	02	$8209	BC0108C0
3014	EN-PRE-133	0x05B7F	$9B71	33	$8205	BC0108C0
3014	EN-PRE-169	0x05C7B	$9C70	02	$8209	BC0108C0
3014	EN-PRE-133	0x05B7F	$9B72	34	$8205	BC0108C0
3014	EN-PRE-169	0x05C7B	$9C71	02	$8209	BC0108C0
3014	EN-PRE-133	0x05B7F	$9B73	35	$8205	BC0108C0
3014	EN-PRE-169	0x05C7B	$9C72	02	$8209	BC0108C0
3014	EN-PRE-073	0x05905	$98FE	50	$8250	BC0108C0
3014	EN-PRE-073	0x05905	$98FE	50	$825E	BC0108C0
3014	EN-PRE-073	0x05905	$98FE	50	$8282	BC0108C0
3014	EN-PRE-074	0x0590F	$98FF	51	$8250	BC0108C0
3014	EN-PRE-074	0x0590F	$98FF	51	$825E	BC0108C0
3014	EN-PRE-074	0x0590F	$98FF	51	$8282	BC0108C0
3014	EN-PRE-045	0x05806	$9800	51	$8250	BC0108C0
3014	EN-PRE-074	0x0590F	$9900	60	$8250	BC0108C0
3014	EN-PRE-045	0x05806	$9800	51	$825E	BC0108C0
3014	EN-PRE-074	0x0590F	$9900	60	$825E	BC0108C0
3014	EN-PRE-045	0x05806	$9800	51	$8282	BC0108C0
3014	EN-PRE-074	0x0590F	$9900	60	$8282	BC0108C0
3014	EN-PRE-045	0x05806	$9801	CB	$8250	BC0108C0
3014	EN-PRE-074	0x0590F	$9901	61	$8250	BC0108C0
3014	EN-PRE-045	0x05806	$9801	CB	$825E	BC0108C0
3014	EN-PRE-074	0x0590F	$9901	61	$825E	BC0108C0
3014	EN-PRE-045	0x05806	$9801	CB	$8282	BC0108C0
3014	EN-PRE-074	0x0590F	$9901	61	$8282	BC0108C0
3014	EN-PRE-045	0x05806	$9802	DB	$8250	BC0108C0
3014	EN-PRE-074	0x0590F	$9902	70	$8250	BC0108C0
3014	EN-PRE-045	0x05806	$9802	DB	$825E	BC0108C0
3014	EN-PRE-074	0x0590F	$9902	70	$825E	BC0108C0
3014	EN-PRE-045	0x05806	$9802	DB	$8282	BC0108C0
3014	EN-PRE-074	0x0590F	$9902	70	$8282	BC0108C0
3014	EN-PRE-045	0x05806	$9803	D4	$8250	BC0108C0
3014	EN-PRE-074	0x0590F	$9903	71	$8250	BC0108C0
3014	EN-PRE-045	0x05806	$9803	D4	$825E	BC0108C0
3014	EN-PRE-074	0x0590F	$9903	71	$825E	BC0108C0
3014	EN-PRE-045	0x05806	$9803	D4	$8282	BC0108C0
3014	EN-PRE-074	0x0590F	$9903	71	$8282	BC0108C0
3014	EN-PRE-045	0x05806	$9804	D3	$8250	BC0108C0
3014	EN-PRE-075	0x05914	$9904	8E	$8250	BC0108C0
3014	EN-PRE-045	0x05806	$9804	D3	$8469	BC0108C0
3014	EN-PRE-075	0x05914	$9904	8E	$8469	BC0108C0
3014	EN-PRE-045	0x05806	$9805	E4	$8250	BC0108C0
3014	EN-PRE-075	0x05914	$9905	8F	$8250	BC0108C0
3014	EN-PRE-045	0x05806	$9805	E4	$8469	BC0108C0
3014	EN-PRE-075	0x05914	$9905	8F	$8469	BC0108C0
3014	EN-PRE-073	0x05905	$98FE	50	$8250	BC0108C0
3014	EN-PRE-073	0x05905	$98FE	50	$825E	BC0108C0
3014	EN-PRE-073	0x05905	$98FE	50	$8282	BC0108C0
3014	EN-PRE-074	0x0590F	$98FF	51	$8250	BC0108C0
3014	EN-PRE-074	0x0590F	$98FF	51	$825E	BC0108C0
3014	EN-PRE-074	0x0590F	$98FF	51	$8282	BC0108C0
3014	EN-PRE-045	0x05806	$9800	51	$8250	BC0108C0
3014	EN-PRE-074	0x0590F	$9900	60	$8250	BC0108C0
3014	EN-PRE-045	0x05806	$9800	51	$825E	BC0108C0
3014	EN-PRE-074	0x0590F	$9900	60	$825E	BC0108C0
3014	EN-PRE-045	0x05806	$9800	51	$8282	BC0108C0
3014	EN-PRE-074	0x0590F	$9900	60	$8282	BC0108C0
3014	EN-PRE-045	0x05806	$9801	CB	$8250	BC0108C0
3014	EN-PRE-074	0x0590F	$9901	61	$8250	BC0108C0
3014	EN-PRE-045	0x05806	$9801	CB	$825E	BC0108C0
3014	EN-PRE-074	0x0590F	$9901	61	$825E	BC0108C0
3014	EN-PRE-045	0x05806	$9801	CB	$8282	BC0108C0
3014	EN-PRE-074	0x0590F	$9901	61	$8282	BC0108C0
3014	EN-PRE-045	0x05806	$9802	DB	$8250	BC0108C0
3014	EN-PRE-074	0x0590F	$9902	70	$8250	BC0108C0
3014	EN-PRE-045	0x05806	$9802	DB	$825E	BC0108C0
3014	EN-PRE-074	0x0590F	$9902	70	$825E	BC0108C0
3014	EN-PRE-045	0x05806	$9802	DB	$8282	BC0108C0
3014	EN-PRE-074	0x0590F	$9902	70	$8282	BC0108C0
3014	EN-PRE-045	0x05806	$9803	D4	$8250	BC0108C0
3014	EN-PRE-074	0x0590F	$9903	71	$8250	BC0108C0
3014	EN-PRE-045	0x05806	$9803	D4	$825E	BC0108C0
3014	EN-PRE-074	0x0590F	$9903	71	$825E	BC0108C0
3014	EN-PRE-045	0x05806	$9803	D4	$8282	BC0108C0
3014	EN-PRE-074	0x0590F	$9903	71	$8282	BC0108C0
3014	EN-PRE-045	0x05806	$9804	D3	$8250	BC0108C0
3014	EN-PRE-075	0x05914	$9904	8E	$8250	BC0108C0
3014	EN-PRE-045	0x05806	$9804	D3	$8469	BC0108C0
3014	EN-PRE-075	0x05914	$9904	8E	$8469	BC0108C0
3014	EN-PRE-045	0x05806	$9805	E4	$8250	BC0108C0
3014	EN-PRE-075	0x05914	$9905	8F	$8250	BC0108C0
3014	EN-PRE-045	0x05806	$9805	E4	$8469	BC0108C0
3014	EN-PRE-075	0x05914	$9905	8F	$8469	BC0108C0
3079	EN-PRE-133	0x05B7F	$9B70	32	$8205	BC0108C0
3079	EN-PRE-169	0x05C7B	$9C6F	02	$8209	BC0108C0
3079	EN-PRE-133	0x05B7F	$9B71	33	$8205	BC0108C0
3079	EN-PRE-169	0x05C7B	$9C70	02	$8209	BC0108C0
3079	EN-PRE-133	0x05B7F	$9B72	34	$8205	BC0108C0
3079	EN-PRE-169	0x05C7B	$9C71	02	$8209	BC0108C0
3079	EN-PRE-133	0x05B7F	$9B73	35	$8205	BC0108C0
3079	EN-PRE-169	0x05C7B	$9C72	02	$8209	BC0108C0
3079	EN-PRE-073	0x05905	$98FE	50	$8250	BC0108C0
3079	EN-PRE-073	0x05905	$98FE	50	$825E	BC0108C0
3079	EN-PRE-073	0x05905	$98FE	50	$8282	BC0108C0
3079	EN-PRE-074	0x0590F	$98FF	51	$8250	BC0108C0
3079	EN-PRE-074	0x0590F	$98FF	51	$825E	BC0108C0
3079	EN-PRE-074	0x0590F	$98FF	51	$8282	BC0108C0
3079	EN-PRE-045	0x05806	$9800	51	$8250	BC0108C0
3079	EN-PRE-074	0x0590F	$9900	60	$8250	BC0108C0
3079	EN-PRE-045	0x05806	$9800	51	$825E	BC0108C0
3079	EN-PRE-074	0x0590F	$9900	60	$825E	BC0108C0
3079	EN-PRE-045	0x05806	$9800	51	$8282	BC0108C0
3079	EN-PRE-074	0x0590F	$9900	60	$8282	BC0108C0
3079	EN-PRE-045	0x05806	$9801	CB	$8250	BC0108C0
3079	EN-PRE-074	0x0590F	$9901	61	$8250	BC0108C0
3079	EN-PRE-045	0x05806	$9801	CB	$825E	BC0108C0
3079	EN-PRE-074	0x0590F	$9901	61	$825E	BC0108C0
3079	EN-PRE-045	0x05806	$9801	CB	$8282	BC0108C0
3079	EN-PRE-074	0x0590F	$9901	61	$8282	BC0108C0
3079	EN-PRE-045	0x05806	$9802	DB	$8250	BC0108C0
3079	EN-PRE-074	0x0590F	$9902	70	$8250	BC0108C0
3079	EN-PRE-045	0x05806	$9802	DB	$825E	BC0108C0
3079	EN-PRE-074	0x0590F	$9902	70	$825E	BC0108C0
3079	EN-PRE-045	0x05806	$9802	DB	$8282	BC0108C0
3079	EN-PRE-074	0x0590F	$9902	70	$8282	BC0108C0
3079	EN-PRE-045	0x05806	$9803	D4	$8250	BC0108C0
3079	EN-PRE-074	0x0590F	$9903	71	$8250	BC0108C0
3079	EN-PRE-045	0x05806	$9803	D4	$825E	BC0108C0
3079	EN-PRE-074	0x0590F	$9903	71	$825E	BC0108C0
3079	EN-PRE-045	0x05806	$9803	D4	$8282	BC0108C0
3079	EN-PRE-074	0x0590F	$9903	71	$8282	BC0108C0
3079	EN-PRE-045	0x05806	$9804	D3	$8250	BC0108C0
3079	EN-PRE-075	0x05914	$9904	8E	$8250	BC0108C0
3079	EN-PRE-045	0x05806	$9804	D3	$8469	BC0108C0
3079	EN-PRE-075	0x05914	$9904	8E	$8469	BC0108C0
3079	EN-PRE-045	0x05806	$9805	E4	$8250	BC0108C0
3079	EN-PRE-075	0x05914	$9905	8F	$8250	BC0108C0
3079	EN-PRE-045	0x05806	$9805	E4	$8469	BC0108C0
3079	EN-PRE-075	0x05914	$9905	8F	$8469	BC0108C0
3079	EN-PRE-096	0x059CD	$99BE	50	$8250	BC0108C0
3079	EN-PRE-096	0x059CD	$99BE	50	$825E	BC0108C0
3079	EN-PRE-096	0x059CD	$99BE	50	$8282	BC0108C0
3079	EN-PRE-096	0x059CD	$99BF	51	$8250	BC0108C0
3079	EN-PRE-096	0x059CD	$99BF	51	$825E	BC0108C0
3079	EN-PRE-096	0x059CD	$99BF	51	$8282	BC0108C0
3079	EN-PRE-096	0x059CD	$99C0	60	$8250	BC0108C0
3079	EN-PRE-096	0x059CD	$99C0	60	$825E	BC0108C0
3079	EN-PRE-096	0x059CD	$99C0	60	$8282	BC0108C0
3079	EN-PRE-096	0x059CD	$99C1	61	$8250	BC0108C0
3079	EN-PRE-096	0x059CD	$99C1	61	$825E	BC0108C0
3079	EN-PRE-096	0x059CD	$99C1	61	$8282	BC0108C0
3079	EN-PRE-096	0x059CD	$99C2	42	$8250	BC0108C0
3079	EN-PRE-096	0x059CD	$99C2	42	$825E	BC0108C0
3079	EN-PRE-096	0x059CD	$99C2	42	$8282	BC0108C0
3079	EN-PRE-096	0x059CD	$99C3	43	$8250	BC0108C0
3079	EN-PRE-096	0x059CD	$99C3	43	$825E	BC0108C0
3079	EN-PRE-096	0x059CD	$99C3	43	$8282	BC0108C0
3079	EN-PRE-096	0x059CD	$99C4	8E	$8250	BC0108C0
3079	EN-PRE-096	0x059CD	$99C4	8E	$8469	BC0108C0
3079	EN-PRE-096	0x059CD	$99C5	8F	$8250	BC0108C0
3079	EN-PRE-096	0x059CD	$99C5	8F	$8469	BC0108C0
3160	EN-PRE-073	0x05905	$98FE	50	$8250	56A7F013
3160	EN-PRE-073	0x05905	$98FE	50	$825E	56A7F013
3160	EN-PRE-073	0x05905	$98FE	50	$8282	56A7F013
3160	EN-PRE-074	0x0590F	$98FF	51	$8250	56A7F013
3160	EN-PRE-074	0x0590F	$98FF	51	$825E	56A7F013
3160	EN-PRE-074	0x0590F	$98FF	51	$8282	56A7F013
3160	EN-PRE-045	0x05806	$9800	51	$8250	56A7F013
3160	EN-PRE-074	0x0590F	$9900	60	$8250	56A7F013
3160	EN-PRE-045	0x05806	$9800	51	$825E	56A7F013
3160	EN-PRE-074	0x0590F	$9900	60	$825E	56A7F013
3160	EN-PRE-045	0x05806	$9800	51	$8282	56A7F013
3160	EN-PRE-074	0x0590F	$9900	60	$8282	56A7F013
3160	EN-PRE-045	0x05806	$9801	CB	$8250	56A7F013
3160	EN-PRE-074	0x0590F	$9901	61	$8250	56A7F013
3160	EN-PRE-045	0x05806	$9801	CB	$825E	56A7F013
3160	EN-PRE-074	0x0590F	$9901	61	$825E	56A7F013
3160	EN-PRE-045	0x05806	$9801	CB	$8282	56A7F013
3160	EN-PRE-074	0x0590F	$9901	61	$8282	56A7F013
3160	EN-PRE-045	0x05806	$9802	DB	$8250	56A7F013
3160	EN-PRE-074	0x0590F	$9902	70	$8250	56A7F013
3160	EN-PRE-045	0x05806	$9802	DB	$825E	56A7F013
3160	EN-PRE-074	0x0590F	$9902	70	$825E	56A7F013
3160	EN-PRE-045	0x05806	$9802	DB	$8282	56A7F013
3160	EN-PRE-074	0x0590F	$9902	70	$8282	56A7F013
3160	EN-PRE-045	0x05806	$9803	D4	$8250	56A7F013
3160	EN-PRE-074	0x0590F	$9903	71	$8250	56A7F013
3160	EN-PRE-045	0x05806	$9803	D4	$825E	56A7F013
3160	EN-PRE-074	0x0590F	$9903	71	$825E	56A7F013
3160	EN-PRE-045	0x05806	$9803	D4	$8282	56A7F013
3160	EN-PRE-074	0x0590F	$9903	71	$8282	56A7F013
3160	EN-PRE-045	0x05806	$9804	D3	$8250	56A7F013
3160	EN-PRE-075	0x05914	$9904	8E	$8250	56A7F013
3160	EN-PRE-045	0x05806	$9804	D3	$8469	56A7F013
3160	EN-PRE-075	0x05914	$9904	8E	$8469	56A7F013
3160	EN-PRE-045	0x05806	$9805	E4	$8250	56A7F013
3160	EN-PRE-075	0x05914	$9905	8F	$8250	56A7F013
3160	EN-PRE-045	0x05806	$9805	E4	$8469	56A7F013
3160	EN-PRE-075	0x05914	$9905	8F	$8469	56A7F013
3160	EN-PRE-073	0x05905	$98FE	50	$8250	56A7F013
3160	EN-PRE-073	0x05905	$98FE	50	$825E	56A7F013
3160	EN-PRE-073	0x05905	$98FE	50	$8282	56A7F013
3160	EN-PRE-074	0x0590F	$98FF	51	$8250	56A7F013
3160	EN-PRE-074	0x0590F	$98FF	51	$825E	56A7F013
3160	EN-PRE-074	0x0590F	$98FF	51	$8282	56A7F013
3160	EN-PRE-045	0x05806	$9800	51	$8250	56A7F013
3160	EN-PRE-074	0x0590F	$9900	60	$8250	56A7F013
3160	EN-PRE-045	0x05806	$9800	51	$825E	56A7F013
3160	EN-PRE-074	0x0590F	$9900	60	$825E	56A7F013
3160	EN-PRE-045	0x05806	$9800	51	$8282	56A7F013
3160	EN-PRE-074	0x0590F	$9900	60	$8282	56A7F013
3160	EN-PRE-045	0x05806	$9801	CB	$8250	56A7F013
3160	EN-PRE-074	0x0590F	$9901	61	$8250	56A7F013
3160	EN-PRE-045	0x05806	$9801	CB	$825E	56A7F013
3160	EN-PRE-074	0x0590F	$9901	61	$825E	56A7F013
3160	EN-PRE-045	0x05806	$9801	CB	$8282	56A7F013
3160	EN-PRE-074	0x0590F	$9901	61	$8282	56A7F013
3160	EN-PRE-045	0x05806	$9802	DB	$8250	56A7F013
3160	EN-PRE-074	0x0590F	$9902	70	$8250	56A7F013
3160	EN-PRE-045	0x05806	$9802	DB	$825E	56A7F013
3160	EN-PRE-074	0x0590F	$9902	70	$825E	56A7F013
3160	EN-PRE-045	0x05806	$9802	DB	$8282	56A7F013
3160	EN-PRE-074	0x0590F	$9902	70	$8282	56A7F013
3160	EN-PRE-045	0x05806	$9803	D4	$8250	56A7F013
3160	EN-PRE-074	0x0590F	$9903	71	$8250	56A7F013
3160	EN-PRE-045	0x05806	$9803	D4	$825E	56A7F013
3160	EN-PRE-074	0x0590F	$9903	71	$825E	56A7F013
3160	EN-PRE-045	0x05806	$9803	D4	$8282	56A7F013
3160	EN-PRE-074	0x0590F	$9903	71	$8282	56A7F013
3160	EN-PRE-045	0x05806	$9804	D3	$8250	56A7F013
3160	EN-PRE-075	0x05914	$9904	8E	$8250	56A7F013
3160	EN-PRE-045	0x05806	$9804	D3	$8469	56A7F013
3160	EN-PRE-075	0x05914	$9904	8E	$8469	56A7F013
3160	EN-PRE-045	0x05806	$9805	E4	$8250	56A7F013
3160	EN-PRE-075	0x05914	$9905	8F	$8250	56A7F013
3160	EN-PRE-045	0x05806	$9805	E4	$8469	56A7F013
3160	EN-PRE-075	0x05914	$9905	8F	$8469	56A7F013
3160	EN-PRE-133	0x05B7F	$9B70	32	$8205	56A7F013
3160	EN-PRE-169	0x05C7B	$9C6F	02	$8209	56A7F013
3160	EN-PRE-133	0x05B7F	$9B71	33	$8205	56A7F013
3160	EN-PRE-169	0x05C7B	$9C70	02	$8209	56A7F013
3160	EN-PRE-133	0x05B7F	$9B72	34	$8205	56A7F013
3160	EN-PRE-169	0x05C7B	$9C71	02	$8209	56A7F013
3160	EN-PRE-133	0x05B7F	$9B73	35	$8205	56A7F013
3160	EN-PRE-169	0x05C7B	$9C72	02	$8209	56A7F013
3276	EN-PRE-073	0x05905	$98FE	50	$8250	56A7F013
3276	EN-PRE-073	0x05905	$98FE	50	$825E	56A7F013
3276	EN-PRE-073	0x05905	$98FE	50	$8282	56A7F013
3276	EN-PRE-074	0x0590F	$98FF	51	$8250	56A7F013
3276	EN-PRE-074	0x0590F	$98FF	51	$825E	56A7F013
3276	EN-PRE-074	0x0590F	$98FF	51	$8282	56A7F013
3276	EN-PRE-045	0x05806	$9800	51	$8250	56A7F013
3276	EN-PRE-074	0x0590F	$9900	60	$8250	56A7F013
3276	EN-PRE-045	0x05806	$9800	51	$825E	56A7F013
3276	EN-PRE-074	0x0590F	$9900	60	$825E	56A7F013
3276	EN-PRE-045	0x05806	$9800	51	$8282	56A7F013
3276	EN-PRE-074	0x0590F	$9900	60	$8282	56A7F013
3276	EN-PRE-045	0x05806	$9801	CB	$8250	56A7F013
3276	EN-PRE-074	0x0590F	$9901	61	$8250	56A7F013
3276	EN-PRE-045	0x05806	$9801	CB	$825E	56A7F013
3276	EN-PRE-074	0x0590F	$9901	61	$825E	56A7F013
3276	EN-PRE-045	0x05806	$9801	CB	$8282	56A7F013
3276	EN-PRE-074	0x0590F	$9901	61	$8282	56A7F013
3276	EN-PRE-045	0x05806	$9802	DB	$8250	56A7F013
3276	EN-PRE-074	0x0590F	$9902	70	$8250	56A7F013
3276	EN-PRE-045	0x05806	$9802	DB	$825E	56A7F013
3276	EN-PRE-074	0x0590F	$9902	70	$825E	56A7F013
3276	EN-PRE-045	0x05806	$9802	DB	$8282	56A7F013
3276	EN-PRE-074	0x0590F	$9902	70	$8282	56A7F013
3276	EN-PRE-045	0x05806	$9803	D4	$8250	56A7F013
3276	EN-PRE-074	0x0590F	$9903	71	$8250	56A7F013
3276	EN-PRE-045	0x05806	$9803	D4	$825E	56A7F013
3276	EN-PRE-074	0x0590F	$9903	71	$825E	56A7F013
3276	EN-PRE-045	0x05806	$9803	D4	$8282	56A7F013
3276	EN-PRE-074	0x0590F	$9903	71	$8282	56A7F013
3276	EN-PRE-045	0x05806	$9804	D3	$8250	56A7F013
3276	EN-PRE-075	0x05914	$9904	8E	$8250	56A7F013
3276	EN-PRE-045	0x05806	$9804	D3	$8469	56A7F013
3276	EN-PRE-075	0x05914	$9904	8E	$8469	56A7F013
3276	EN-PRE-045	0x05806	$9805	E4	$8250	56A7F013
3276	EN-PRE-075	0x05914	$9905	8F	$8250	56A7F013
3276	EN-PRE-045	0x05806	$9805	E4	$8469	56A7F013
3276	EN-PRE-075	0x05914	$9905	8F	$8469	56A7F013
3276	EN-PRE-073	0x05905	$98FE	50	$8250	56A7F013
3276	EN-PRE-073	0x05905	$98FE	50	$825E	56A7F013
3276	EN-PRE-073	0x05905	$98FE	50	$8282	56A7F013
3276	EN-PRE-074	0x0590F	$98FF	51	$8250	56A7F013
3276	EN-PRE-074	0x0590F	$98FF	51	$825E	56A7F013
3276	EN-PRE-074	0x0590F	$98FF	51	$8282	56A7F013
3276	EN-PRE-045	0x05806	$9800	51	$8250	56A7F013
3276	EN-PRE-074	0x0590F	$9900	60	$8250	56A7F013
3276	EN-PRE-045	0x05806	$9800	51	$825E	56A7F013
3276	EN-PRE-074	0x0590F	$9900	60	$825E	56A7F013
3276	EN-PRE-045	0x05806	$9800	51	$8282	56A7F013
3276	EN-PRE-074	0x0590F	$9900	60	$8282	56A7F013
3276	EN-PRE-045	0x05806	$9801	CB	$8250	56A7F013
3276	EN-PRE-074	0x0590F	$9901	61	$8250	56A7F013
3276	EN-PRE-045	0x05806	$9801	CB	$825E	56A7F013
3276	EN-PRE-074	0x0590F	$9901	61	$825E	56A7F013
3276	EN-PRE-045	0x05806	$9801	CB	$8282	56A7F013
3276	EN-PRE-074	0x0590F	$9901	61	$8282	56A7F013
3276	EN-PRE-045	0x05806	$9802	DB	$8250	56A7F013
3276	EN-PRE-074	0x0590F	$9902	70	$8250	56A7F013
3276	EN-PRE-045	0x05806	$9802	DB	$825E	56A7F013
3276	EN-PRE-074	0x0590F	$9902	70	$825E	56A7F013
3276	EN-PRE-045	0x05806	$9802	DB	$8282	56A7F013
3276	EN-PRE-074	0x0590F	$9902	70	$8282	56A7F013
3276	EN-PRE-045	0x05806	$9803	D4	$8250	56A7F013
3276	EN-PRE-074	0x0590F	$9903	71	$8250	56A7F013
3276	EN-PRE-045	0x05806	$9803	D4	$825E	56A7F013
3276	EN-PRE-074	0x0590F	$9903	71	$825E	56A7F013
3276	EN-PRE-045	0x05806	$9803	D4	$8282	56A7F013
3276	EN-PRE-074	0x0590F	$9903	71	$8282	56A7F013
3276	EN-PRE-045	0x05806	$9804	D3	$8250	56A7F013
3276	EN-PRE-075	0x05914	$9904	8E	$8250	56A7F013
3276	EN-PRE-045	0x05806	$9804	D3	$8469	56A7F013
3276	EN-PRE-075	0x05914	$9904	8E	$8469	56A7F013
3276	EN-PRE-045	0x05806	$9805	E4	$8250	56A7F013
3276	EN-PRE-075	0x05914	$9905	8F	$8250	56A7F013
3276	EN-PRE-045	0x05806	$9805	E4	$8469	56A7F013
3276	EN-PRE-075	0x05914	$9905	8F	$8469	56A7F013
3276	EN-PRE-133	0x05B7F	$9B70	32	$8205	56A7F013
3276	EN-PRE-169	0x05C7B	$9C6F	02	$8209	56A7F013
3276	EN-PRE-133	0x05B7F	$9B71	33	$8205	56A7F013
3276	EN-PRE-169	0x05C7B	$9C70	02	$8209	56A7F013
3276	EN-PRE-133	0x05B7F	$9B72	34	$8205	56A7F013
3276	EN-PRE-169	0x05C7B	$9C71	02	$8209	56A7F013
3276	EN-PRE-133	0x05B7F	$9B73	35	$8205	56A7F013
3276	EN-PRE-169	0x05C7B	$9C72	02	$8209	56A7F013
3447	EN-PRE-096	0x059CD	$99BE	50	$8250	56A7F013
3447	EN-PRE-096	0x059CD	$99BE	50	$825E	56A7F013
3447	EN-PRE-096	0x059CD	$99BE	50	$8282	56A7F013
3447	EN-PRE-096	0x059CD	$99BF	51	$8250	56A7F013
3447	EN-PRE-096	0x059CD	$99BF	51	$825E	56A7F013
3447	EN-PRE-096	0x059CD	$99BF	51	$8282	56A7F013
3447	EN-PRE-096	0x059CD	$99C0	60	$8250	56A7F013
3447	EN-PRE-096	0x059CD	$99C0	60	$825E	56A7F013
3447	EN-PRE-096	0x059CD	$99C0	60	$8282	56A7F013
3447	EN-PRE-096	0x059CD	$99C1	61	$8250	56A7F013
3447	EN-PRE-096	0x059CD	$99C1	61	$825E	56A7F013
3447	EN-PRE-096	0x059CD	$99C1	61	$8282	56A7F013
3447	EN-PRE-096	0x059CD	$99C2	42	$8250	56A7F013
3447	EN-PRE-096	0x059CD	$99C2	42	$825E	56A7F013
3447	EN-PRE-096	0x059CD	$99C2	42	$8282	56A7F013
3447	EN-PRE-096	0x059CD	$99C3	43	$8250	56A7F013
3447	EN-PRE-096	0x059CD	$99C3	43	$825E	56A7F013
3447	EN-PRE-096	0x059CD	$99C3	43	$8282	56A7F013
3447	EN-PRE-096	0x059CD	$99C4	8E	$8250	56A7F013
3447	EN-PRE-096	0x059CD	$99C4	8E	$8469	56A7F013
3447	EN-PRE-096	0x059CD	$99C5	8F	$8250	56A7F013
3447	EN-PRE-096	0x059CD	$99C5	8F	$8469	56A7F013
3447	EN-PRE-073	0x05905	$98FE	50	$8250	56A7F013
3447	EN-PRE-073	0x05905	$98FE	50	$825E	56A7F013
3447	EN-PRE-073	0x05905	$98FE	50	$8282	56A7F013
3447	EN-PRE-074	0x0590F	$98FF	51	$8250	56A7F013
3447	EN-PRE-074	0x0590F	$98FF	51	$825E	56A7F013
3447	EN-PRE-074	0x0590F	$98FF	51	$8282	56A7F013
3447	EN-PRE-045	0x05806	$9800	51	$8250	56A7F013
3447	EN-PRE-074	0x0590F	$9900	60	$8250	56A7F013
3447	EN-PRE-045	0x05806	$9800	51	$825E	56A7F013
3447	EN-PRE-074	0x0590F	$9900	60	$825E	56A7F013
3447	EN-PRE-045	0x05806	$9800	51	$8282	56A7F013
3447	EN-PRE-074	0x0590F	$9900	60	$8282	56A7F013
3447	EN-PRE-045	0x05806	$9801	CB	$8250	56A7F013
3447	EN-PRE-074	0x0590F	$9901	61	$8250	56A7F013
3447	EN-PRE-045	0x05806	$9801	CB	$825E	56A7F013
3447	EN-PRE-074	0x0590F	$9901	61	$825E	56A7F013
3447	EN-PRE-045	0x05806	$9801	CB	$8282	56A7F013
3447	EN-PRE-074	0x0590F	$9901	61	$8282	56A7F013
3447	EN-PRE-045	0x05806	$9802	DB	$8250	56A7F013
3447	EN-PRE-074	0x0590F	$9902	70	$8250	56A7F013
3447	EN-PRE-045	0x05806	$9802	DB	$825E	56A7F013
3447	EN-PRE-074	0x0590F	$9902	70	$825E	56A7F013
3447	EN-PRE-045	0x05806	$9802	DB	$8282	56A7F013
3447	EN-PRE-074	0x0590F	$9902	70	$8282	56A7F013
3447	EN-PRE-045	0x05806	$9803	D4	$8250	56A7F013
3447	EN-PRE-074	0x0590F	$9903	71	$8250	56A7F013
3447	EN-PRE-045	0x05806	$9803	D4	$825E	56A7F013
3447	EN-PRE-074	0x0590F	$9903	71	$825E	56A7F013
3447	EN-PRE-045	0x05806	$9803	D4	$8282	56A7F013
3447	EN-PRE-074	0x0590F	$9903	71	$8282	56A7F013
3447	EN-PRE-045	0x05806	$9804	D3	$8250	56A7F013
3447	EN-PRE-075	0x05914	$9904	8E	$8250	56A7F013
3447	EN-PRE-045	0x05806	$9804	D3	$8469	56A7F013
3447	EN-PRE-075	0x05914	$9904	8E	$8469	56A7F013
3447	EN-PRE-045	0x05806	$9805	E4	$8250	56A7F013
3447	EN-PRE-075	0x05914	$9905	8F	$8250	56A7F013
3447	EN-PRE-045	0x05806	$9805	E4	$8469	56A7F013
3447	EN-PRE-075	0x05914	$9905	8F	$8469	56A7F013
3447	EN-PRE-133	0x05B7F	$9B70	32	$8205	56A7F013
3447	EN-PRE-169	0x05C7B	$9C6F	02	$8209	56A7F013
3447	EN-PRE-133	0x05B7F	$9B71	33	$8205	56A7F013
3447	EN-PRE-169	0x05C7B	$9C70	02	$8209	56A7F013
3447	EN-PRE-133	0x05B7F	$9B72	34	$8205	56A7F013
3447	EN-PRE-169	0x05C7B	$9C71	02	$8209	56A7F013
3447	EN-PRE-133	0x05B7F	$9B73	35	$8205	56A7F013
3447	EN-PRE-169	0x05C7B	$9C72	02	$8209	56A7F013
